pair_id,plant_id,field,split,gap_days,n_input_frames,ssim,psnr,structure_ssim
2020_Ref_Plot1_A10::22,2020_Ref_Plot1_A10,Field1,test,7,1,0.29025125035759847,19.063762520050233,0.044823876234273946
2020_Ref_Plot1_A10::28,2020_Ref_Plot1_A10,Field1,test,6,2,0.23670409983207208,8.894496920236485,0.14316402414318505
2020_Ref_Plot1_A10::36,2020_Ref_Plot1_A10,Field1,test,8,3,0.11631648565310941,9.557869238624395,0.02369027482662591
2020_Ref_Plot1_A10::42,2020_Ref_Plot1_A10,Field1,test,6,4,0.2555508550495589,14.787264876048944,0.05698852132085043
2020_Ref_Plot1_A10::51,2020_Ref_Plot1_A10,Field1,test,9,5,0.15531671808112746,12.268092814772977,0.023577913251645027
2020_Ref_Plot1_A10::83,2020_Ref_Plot1_A10,Field1,test,32,6,0.17667736374394752,14.049176815394272,0.02017385518947015
2020_Ref_Plot1_A93::22,2020_Ref_Plot1_A93,Field1,test,7,1,0.28086317613881256,19.413579440886732,0.039934031954968904
2020_Ref_Plot1_A93::28,2020_Ref_Plot1_A93,Field1,test,6,2,0.2269890731273367,8.40163149838142,0.14531319736215428
2020_Ref_Plot1_A93::36,2020_Ref_Plot1_A93,Field1,test,8,3,0.0958999595559213,8.63219477547157,0.027108735099782535
2020_Ref_Plot1_A93::42,2020_Ref_Plot1_A93,Field1,test,6,4,0.23785272117835096,13.445061238260092,0.04219101470065928
2020_Ref_Plot1_A93::51,2020_Ref_Plot1_A93,Field1,test,9,5,0.16117424979336611,11.821606781484393,0.04112075543974916
2020_Ref_Plot1_A94::22,2020_Ref_Plot1_A94,Field1,test,7,1,0.3094684794505711,19.38244532239461,0.040106722048465014
2020_Ref_Plot1_A94::28,2020_Ref_Plot1_A94,Field1,test,6,2,0.23636599516407938,8.526642394291969,0.14891035946652093
2020_Ref_Plot1_A94::36,2020_Ref_Plot1_A94,Field1,test,8,3,0.11155222589655138,9.542424724453817,0.029712607259195844
2020_Ref_Plot1_A94::42,2020_Ref_Plot1_A94,Field1,test,6,4,0.22093035819916826,14.332061116818737,0.03154235078352225
2020_Ref_Plot1_A94::51,2020_Ref_Plot1_A94,Field1,test,9,5,0.16107524306218404,11.473056016140422,0.022998082284862553
2020_Ref_Plot1_B1::22,2020_Ref_Plot1_B1,Field1,test,7,1,0.23166614321576492,17.99479501063945,0.031249138456774683
2020_Ref_Plot1_B1::28,2020_Ref_Plot1_B1,Field1,test,6,2,0.2494717520176486,8.90751631048105,0.1106635837796399
2020_Ref_Plot1_B1::36,2020_Ref_Plot1_B1,Field1,test,8,3,0.12488762187129958,9.78162522115307,0.02454735614067381
2020_Ref_Plot1_B1::42,2020_Ref_Plot1_B1,Field1,test,6,4,0.24797878428762946,15.358808928428084,0.03792673430473288
2020_Ref_Plot1_B1::51,2020_Ref_Plot1_B1,Field1,test,9,5,0.14845839846599118,11.327222112917848,0.03244084221916462
2020_Ref_Plot1_B1::83,2020_Ref_Plot1_B1,Field1,test,32,6,0.26917506174316697,14.702090219480372,0.02992301421295097
2020_Ref_Plot1_B10::22,2020_Ref_Plot1_B10,Field1,test,7,1,0.2663701992181371,18.31435826934596,0.03979774991874224
2020_Ref_Plot1_B10::28,2020_Ref_Plot1_B10,Field1,test,6,2,0.23135110494356406,8.957709727138571,0.10898061095436394
2020_Ref_Plot1_B10::36,2020_Ref_Plot1_B10,Field1,test,8,3,0.10441278414480243,9.472530028685542,0.019856648207109216
2020_Ref_Plot1_B10::42,2020_Ref_Plot1_B10,Field1,test,6,4,0.22331786376231477,14.832506583907763,0.03899057531939561
2020_Ref_Plot1_B10::51,2020_Ref_Plot1_B10,Field1,test,9,5,0.16063953401466566,12.461309443323763,0.031718830211453844
2020_Ref_Plot1_B10::83,2020_Ref_Plot1_B10,Field1,test,32,6,0.24768342546182298,15.413947781209457,0.043887552331795955
2020_Ref_Plot1_B7::22,2020_Ref_Plot1_B7,Field1,test,7,1,0.2819875984130699,18.803389974165786,0.036302788759956746
2020_Ref_Plot1_B7::28,2020_Ref_Plot1_B7,Field1,test,6,2,0.25251173869220755,9.127580450816893,0.12120453783252569
2020_Ref_Plot1_B7::36,2020_Ref_Plot1_B7,Field1,test,8,3,0.11567901501081153,8.76197131650858,0.02103057492592289
2020_Ref_Plot1_B7::42,2020_Ref_Plot1_B7,Field1,test,6,4,0.22437355085007585,14.04915410941906,0.033252454707873656
2020_Ref_Plot1_B7::51,2020_Ref_Plot1_B7,Field1,test,9,5,0.13897607944875762,11.499725980305799,0.0290614324985879
2020_Ref_Plot1_B7::83,2020_Ref_Plot1_B7,Field1,test,32,6,0.24167251516325028,15.222170376427105,0.025826303928582213
2020_Ref_Plot1_B94::22,2020_Ref_Plot1_B94,Field1,test,7,1,0.2568626771926361,17.62284731126613,0.034994888247729186
2020_Ref_Plot1_B94::28,2020_Ref_Plot1_B94,Field1,test,6,2,0.23290146583028581,8.378112813774875,0.144240419409607
2020_Ref_Plot1_B94::36,2020_Ref_Plot1_B94,Field1,test,8,3,0.09269422100852769,9.166960909893385,0.025949115342521277
2020_Ref_Plot1_B94::42,2020_Ref_Plot1_B94,Field1,test,6,4,0.20391465593074246,14.391188474307452,0.03381742907502145
2020_Ref_Plot1_B94::51,2020_Ref_Plot1_B94,Field1,test,9,5,0.14272138441686896,11.29245166706793,0.01692984187111765
2020_Ref_Plot1_C1::22,2020_Ref_Plot1_C1,Field1,test,7,1,0.2425237546009914,18.30958654812556,0.037361815884887226
2020_Ref_Plot1_C1::28,2020_Ref_Plot1_C1,Field1,test,6,2,0.2678946903442349,9.243470170853946,0.12863827289486912
2020_Ref_Plot1_C1::36,2020_Ref_Plot1_C1,Field1,test,8,3,0.14713580844227014,9.98621064142986,0.029122625211099748
2020_Ref_Plot1_C1::42,2020_Ref_Plot1_C1,Field1,test,6,4,0.24124883464504157,15.508063528486652,0.050261665264928757
2020_Ref_Plot1_C1::51,2020_Ref_Plot1_C1,Field1,test,9,5,0.14324461923061346,11.454323965464495,0.0051034391367901855
2020_Ref_Plot1_C1::83,2020_Ref_Plot1_C1,Field1,test,32,6,0.27168698077842995,14.773385491331412,0.021957635758289764
2020_Ref_Plot1_C92::22,2020_Ref_Plot1_C92,Field1,test,7,1,0.23127782670238436,17.287902662279592,0.034284879950525954
2020_Ref_Plot1_C92::28,2020_Ref_Plot1_C92,Field1,test,6,2,0.22112552265194144,7.982792928402221,0.13434070539664428
2020_Ref_Plot1_C92::36,2020_Ref_Plot1_C92,Field1,test,8,3,0.08363638803643468,8.808210870265412,0.024090969754301358
2020_Ref_Plot1_C92::42,2020_Ref_Plot1_C92,Field1,test,6,4,0.20892171229294712,14.561740313470978,0.029288298083546185
2020_Ref_Plot1_C92::51,2020_Ref_Plot1_C92,Field1,test,9,5,0.14599154364931485,11.880322099373544,0.015353593700179302
2020_Ref_Plot1_C98::22,2020_Ref_Plot1_C98,Field1,test,7,1,0.24839274953040066,17.88676506667307,0.04249973334853809
2020_Ref_Plot1_C98::28,2020_Ref_Plot1_C98,Field1,test,6,2,0.2562502599293097,8.603831587708617,0.12423845895765519
2020_Ref_Plot1_C98::36,2020_Ref_Plot1_C98,Field1,test,8,3,0.10726053424137931,9.393143735653949,0.024151780012355347
2020_Ref_Plot1_C98::42,2020_Ref_Plot1_C98,Field1,test,6,4,0.21228203924956457,14.33075559225099,0.029847051056120042
2020_Ref_Plot1_C98::51,2020_Ref_Plot1_C98,Field1,test,9,5,0.1286948842612863,11.512366060011347,0.018586235557228468
2020_Ref_Plot2_A2::22,2020_Ref_Plot2_A2,Field1,test,7,1,0.23995472967727505,19.057247464980964,0.03603383982919615
2020_Ref_Plot2_A2::28,2020_Ref_Plot2_A2,Field1,test,6,2,0.25969005904791403,9.252244122412723,0.12557062943984218
2020_Ref_Plot2_A2::36,2020_Ref_Plot2_A2,Field1,test,8,3,0.1344384553820551,9.352339985687385,0.029425365525885146
2020_Ref_Plot2_A2::42,2020_Ref_Plot2_A2,Field1,test,6,4,0.2518582907036428,15.145853595812138,0.04584202164072818
2020_Ref_Plot2_A2::51,2020_Ref_Plot2_A2,Field1,test,9,5,0.12750526067859655,11.49189600958977,0.016626055939481278
2020_Ref_Plot2_A2::83,2020_Ref_Plot2_A2,Field1,test,32,6,0.2086721715467927,14.504554206531374,0.025587162231784786
2020_Ref_Plot2_A4::22,2020_Ref_Plot2_A4,Field1,test,7,1,0.22652703374229655,18.920956211971426,0.029853928146506503
2020_Ref_Plot2_A4::28,2020_Ref_Plot2_A4,Field1,test,6,2,0.2664123142069524,9.518487083030058,0.15669828256224014
2020_Ref_Plot2_A4::36,2020_Ref_Plot2_A4,Field1,test,8,3,0.12205349974136286,9.265024847041738,0.02337978531357033
2020_Ref_Plot2_A4::42,2020_Ref_Plot2_A4,Field1,test,6,4,0.20763939175227633,14.670413160210948,0.02592312786531042
2020_Ref_Plot2_A4::51,2020_Ref_Plot2_A4,Field1,test,9,5,0.12757257159963334,11.742698276725134,0.03267526486272055
2020_Ref_Plot2_A4::83,2020_Ref_Plot2_A4,Field1,test,32,6,0.1547718447979407,12.176482387966432,0.008981091699522903
2020_Ref_Plot2_A91::22,2020_Ref_Plot2_A91,Field1,test,7,1,0.23856306669641011,17.999749426446236,0.0341411792128801
2020_Ref_Plot2_A91::28,2020_Ref_Plot2_A91,Field1,test,6,2,0.24048836465069198,8.43541636953049,0.10545387908857214
2020_Ref_Plot2_A91::36,2020_Ref_Plot2_A91,Field1,test,8,3,0.11990635200607819,9.529655443330519,0.025835281124480608
2020_Ref_Plot2_A91::42,2020_Ref_Plot2_A91,Field1,test,6,4,0.2638936921929446,15.569310979715832,0.04006332014424653
2020_Ref_Plot2_A91::51,2020_Ref_Plot2_A91,Field1,test,9,5,0.13661421522905912,11.321149677384374,0.03200768854128189
2020_Ref_Plot2_A91::83,2020_Ref_Plot2_A91,Field1,test,32,6,0.2518744260726738,14.827064018016618,0.043736378477953156
2020_Ref_Plot2_B1::22,2020_Ref_Plot2_B1,Field1,test,7,1,0.2162353838750831,18.9569034834814,0.024314432900568925
2020_Ref_Plot2_B1::28,2020_Ref_Plot2_B1,Field1,test,6,2,0.2613038738202423,8.865415219571704,0.13868643459132793
2020_Ref_Plot2_B1::36,2020_Ref_Plot2_B1,Field1,test,8,3,0.10661694466051626,9.003247194573248,0.023521895824363624
2020_Ref_Plot2_B1::42,2020_Ref_Plot2_B1,Field1,test,6,4,0.27465014858837006,14.886507284843319,0.027964466113345566
2020_Ref_Plot2_B1::51,2020_Ref_Plot2_B1,Field1,test,9,5,0.12269382304267963,11.371418617255358,0.007104655504963371
2020_Ref_Plot2_B1::83,2020_Ref_Plot2_B1,Field1,test,32,6,0.1898127541068315,14.174631061307341,0.010933768423391525
2020_Ref_Plot2_B7::22,2020_Ref_Plot2_B7,Field1,test,7,1,0.25740003528303484,18.609381269983054,0.030957418599972305
2020_Ref_Plot2_B7::28,2020_Ref_Plot2_B7,Field1,test,6,2,0.2671499545582545,9.25293022922307,0.12422809311208738
2020_Ref_Plot2_B7::36,2020_Ref_Plot2_B7,Field1,test,8,3,0.1121468714743913,9.22022317962184,0.020499758741212157
2020_Ref_Plot2_B7::42,2020_Ref_Plot2_B7,Field1,test,6,4,0.22369786999422145,14.559462264330856,0.034796659830493314
2020_Ref_Plot2_B7::51,2020_Ref_Plot2_B7,Field1,test,9,5,0.1298732959134854,10.711289889033802,0.03124178514338299
2020_Ref_Plot2_B7::83,2020_Ref_Plot2_B7,Field1,test,32,6,0.1307111231776469,12.261269312153093,0.005033431340679312
2020_Ref_Plot2_B91::22,2020_Ref_Plot2_B91,Field1,test,7,1,0.20572892628469597,17.164161058420877,0.028748712782187238
2020_Ref_Plot2_B91::28,2020_Ref_Plot2_B91,Field1,test,6,2,0.24903623467218802,8.702495672912914,0.1205920156757332
2020_Ref_Plot2_B91::36,2020_Ref_Plot2_B91,Field1,test,8,3,0.11051038535432489,9.818493680311544,0.02261267251362392
2020_Ref_Plot2_B91::42,2020_Ref_Plot2_B91,Field1,test,6,4,0.23079614526071038,15.27228528907282,0.016840965014392452
2020_Ref_Plot2_B91::51,2020_Ref_Plot2_B91,Field1,test,9,5,0.1148218771589774,11.401722845228164,0.01677266220407396
2020_Ref_Plot2_B99::22,2020_Ref_Plot2_B99,Field1,test,7,1,0.24911004271933224,19.00598014502275,0.031314763880453164
2020_Ref_Plot2_B99::28,2020_Ref_Plot2_B99,Field1,test,6,2,0.2518565124531984,8.31345806891689,0.12393439817776819
2020_Ref_Plot2_B99::36,2020_Ref_Plot2_B99,Field1,test,8,3,0.10434083380996657,8.724191217884961,0.02120307395089131
2020_Ref_Plot2_B99::42,2020_Ref_Plot2_B99,Field1,test,6,4,0.2299182291678471,14.684495476398284,0.02125433090667868
2020_Ref_Plot2_B99::51,2020_Ref_Plot2_B99,Field1,test,9,5,0.11697638804041725,11.330622911578176,0.00902752881965713
2020_Ref_Plot2_B99::83,2020_Ref_Plot2_B99,Field1,test,32,6,0.2002686961065708,14.154555889636695,0.020774023831264008
2020_Ref_Plot2_C2::22,2020_Ref_Plot2_C2,Field1,test,7,1,0.2237285028227796,18.627191913692066,0.030156433198977577
2020_Ref_Plot2_C2::28,2020_Ref_Plot2_C2,Field1,test,6,2,0.24661691801067107,8.703226483517636,0.12362203580936178
2020_Ref_Plot2_C2::36,2020_Ref_Plot2_C2,Field1,test,8,3,0.11693497008676006,8.831613620136803,0.025442994147580434
2020_Ref_Plot2_C2::42,2020_Ref_Plot2_C2,Field1,test,6,4,0.2574902952257167,14.994638842092554,0.02907916200315848
2020_Ref_Plot2_C2::51,2020_Ref_Plot2_C2,Field1,test,9,5,0.14734056172881563,12.197758332828974,0.03306319273989028
2020_Ref_Plot2_C2::83,2020_Ref_Plot2_C2,Field1,test,32,6,0.18288141640544545,13.506172529878935,0.001521592650945277
2020_Ref_Plot2_C5::22,2020_Ref_Plot2_C5,Field1,test,7,1,0.23391249415847704,17.938864876825768,0.03189667923012908
2020_Ref_Plot2_C5::28,2020_Ref_Plot2_C5,Field1,test,6,2,0.2456954063374556,8.665729306831482,0.12289924834086563
2020_Ref_Plot2_C5::36,2020_Ref_Plot2_C5,Field1,test,8,3,0.11051011234398052,8.711982235820901,0.025955733347467206
2020_Ref_Plot2_C5::42,2020_Ref_Plot2_C5,Field1,test,6,4,0.22779185993701545,14.275957348641361,0.03194000320558145
2020_Ref_Plot2_C5::51,2020_Ref_Plot2_C5,Field1,test,9,5,0.13553488374276737,11.790875944797659,0.029033559966051014
2020_Ref_Plot2_C5::83,2020_Ref_Plot2_C5,Field1,test,32,6,0.16137420394973437,13.03175100652545,0.024559901987402145
2020_Ref_Plot2_C6::22,2020_Ref_Plot2_C6,Field1,test,7,1,0.22955714037386266,17.32350220438162,0.03677333289905372
2020_Ref_Plot2_C6::28,2020_Ref_Plot2_C6,Field1,test,6,2,0.2532898972020183,8.808785902673078,0.1093267895144824
2020_Ref_Plot2_C6::36,2020_Ref_Plot2_C6,Field1,test,8,3,0.10256043347634525,8.334380973166706,0.025415391042313204
2020_Ref_Plot2_C6::42,2020_Ref_Plot2_C6,Field1,test,6,4,0.2149762684330158,14.072716524379413,0.029367564460695328
2020_Ref_Plot2_C6::51,2020_Ref_Plot2_C6,Field1,test,9,5,0.1473279867128091,11.799218571499928,0.022485742090224446
2020_Ref_Plot2_C6::83,2020_Ref_Plot2_C6,Field1,test,32,6,0.14881039844664434,12.605704441732698,0.01836555947069728
2020_Ref_Plot3_A2::22,2020_Ref_Plot3_A2,Field1,test,7,1,0.2184279116060391,18.50588934211588,0.02907571990481259
2020_Ref_Plot3_A2::28,2020_Ref_Plot3_A2,Field1,test,6,2,0.26946739161349664,9.55662168324282,0.12470343634007348
2020_Ref_Plot3_A2::36,2020_Ref_Plot3_A2,Field1,test,8,3,0.14674660654886257,9.434816099228318,0.030810911343026704
2020_Ref_Plot3_A2::42,2020_Ref_Plot3_A2,Field1,test,6,4,0.20085540155151935,13.669443443345099,0.021400597716301203
2020_Ref_Plot3_A2::51,2020_Ref_Plot3_A2,Field1,test,9,5,0.12483051673097052,11.57513041823291,0.029947811164158195
2020_Ref_Plot3_A2::83,2020_Ref_Plot3_A2,Field1,test,32,6,0.16800569741922491,13.471743847027465,0.003980457849515167
2020_Ref_Plot3_A9::22,2020_Ref_Plot3_A9,Field1,test,7,1,0.22762335710179896,19.622262488307474,0.03277150082699479
2020_Ref_Plot3_A9::28,2020_Ref_Plot3_A9,Field1,test,6,2,0.287082305030799,9.282832807489948,0.13781387707779794
2020_Ref_Plot3_A9::36,2020_Ref_Plot3_A9,Field1,test,8,3,0.09524463514004579,8.738316076195149,0.02385683503242916
2020_Ref_Plot3_A9::42,2020_Ref_Plot3_A9,Field1,test,6,4,0.2802512880185936,16.105685305011704,0.047057949039938894
2020_Ref_Plot3_A9::51,2020_Ref_Plot3_A9,Field1,test,9,5,0.13916426919877786,11.842458193071579,0.03720107171672512
2020_Ref_Plot3_A9::83,2020_Ref_Plot3_A9,Field1,test,32,6,0.22777758537927795,14.174381497024896,0.034089655147936125
2020_Ref_Plot3_A9::97,2020_Ref_Plot3_A9,Field1,test,14,7,0.2778719724914736,16.214956751783657,0.02340917695520474
2020_Ref_Plot3_A91::22,2020_Ref_Plot3_A91,Field1,test,7,1,0.21268715427222237,19.07232758806223,0.027005105680835664
2020_Ref_Plot3_A91::28,2020_Ref_Plot3_A91,Field1,test,6,2,0.2869181194992419,9.493257821774058,0.13326074215247385
2020_Ref_Plot3_A91::36,2020_Ref_Plot3_A91,Field1,test,8,3,0.12742933167840756,9.386522616789033,0.02862413768150651
2020_Ref_Plot3_A91::42,2020_Ref_Plot3_A91,Field1,test,6,4,0.22909127437617496,13.992926168752778,0.021251153506361545
2020_Ref_Plot3_A91::51,2020_Ref_Plot3_A91,Field1,test,9,5,0.1079432808135682,11.50612075050163,0.0040800612770309904
2020_Ref_Plot3_A91::83,2020_Ref_Plot3_A91,Field1,test,32,6,0.2194873484095888,14.844990112546387,0.020153250720347682
2020_Ref_Plot3_A95::22,2020_Ref_Plot3_A95,Field1,test,7,1,0.2515105695549807,19.49127461079444,0.03133289552207754
2020_Ref_Plot3_A95::28,2020_Ref_Plot3_A95,Field1,test,6,2,0.26093732983299706,9.152924200453182,0.12733160419561226
2020_Ref_Plot3_A95::36,2020_Ref_Plot3_A95,Field1,test,8,3,0.13708620897660093,9.715750776949571,0.024890538655286443
2020_Ref_Plot3_A95::42,2020_Ref_Plot3_A95,Field1,test,6,4,0.22592545068512973,14.525669828670608,0.039056582374050554
2020_Ref_Plot3_A95::51,2020_Ref_Plot3_A95,Field1,test,9,5,0.1448010394064955,11.795309281086872,0.03131128775367129
2020_Ref_Plot3_A95::83,2020_Ref_Plot3_A95,Field1,test,32,6,0.19882866344721487,14.11406913797821,0.013165543079466213
2020_Ref_Plot3_A99::22,2020_Ref_Plot3_A99,Field1,test,7,1,0.24570301669767325,18.833377387967552,0.034618233384198976
2020_Ref_Plot3_A99::28,2020_Ref_Plot3_A99,Field1,test,6,2,0.2610376567257955,9.14929486981764,0.13800320708472316
2020_Ref_Plot3_A99::36,2020_Ref_Plot3_A99,Field1,test,8,3,0.1265406350315721,8.882124526918831,0.026911821185006155
2020_Ref_Plot3_A99::42,2020_Ref_Plot3_A99,Field1,test,6,4,0.24942636615140631,14.269788572196354,0.053699302827762
2020_Ref_Plot3_A99::51,2020_Ref_Plot3_A99,Field1,test,9,5,0.1648139508851936,12.269924379723232,0.049355820398143936
2020_Ref_Plot3_A99::83,2020_Ref_Plot3_A99,Field1,test,32,6,0.1646589784787658,13.72882749673703,0.01060342142179493
2020_Ref_Plot3_B97::22,2020_Ref_Plot3_B97,Field1,test,7,1,0.24151985692923347,18.776807337888922,0.03148704051755616
2020_Ref_Plot3_B97::28,2020_Ref_Plot3_B97,Field1,test,6,2,0.25038880776187916,8.881811099832987,0.13960543277416387
2020_Ref_Plot3_B97::36,2020_Ref_Plot3_B97,Field1,test,8,3,0.14356174897685306,9.83171360943415,0.02597013638562141
2020_Ref_Plot3_B97::42,2020_Ref_Plot3_B97,Field1,test,6,4,0.252908185956321,15.550378338920861,0.02905978162274983
2020_Ref_Plot3_B97::51,2020_Ref_Plot3_B97,Field1,test,9,5,0.15240552659500994,11.218590876400654,0.01515731096964649
2020_Ref_Plot3_B97::83,2020_Ref_Plot3_B97,Field1,test,32,6,0.1778636056724483,13.260705796102219,0.022939196962766265
2020_Ref_Plot3_C10::22,2020_Ref_Plot3_C10,Field1,test,7,1,0.22405276736686888,18.565432703522738,0.029504693302540415
2020_Ref_Plot3_C10::28,2020_Ref_Plot3_C10,Field1,test,6,2,0.28913829442660793,9.714815373251861,0.11255724546737893
2020_Ref_Plot3_C10::36,2020_Ref_Plot3_C10,Field1,test,8,3,0.11791624906762353,9.6152227246372,0.025231841332293958
2020_Ref_Plot3_C10::42,2020_Ref_Plot3_C10,Field1,test,6,4,0.2329281670012828,14.905165173211916,0.03480257948130041
2020_Ref_Plot3_C10::51,2020_Ref_Plot3_C10,Field1,test,9,5,0.13628121152635095,11.87355843153062,0.019521184379791574
2020_Ref_Plot3_C10::83,2020_Ref_Plot3_C10,Field1,test,32,6,0.18621703044041416,13.7747840660597,0.011823056902952187
2020_Ref_Plot3_C10::97,2020_Ref_Plot3_C10,Field1,test,14,7,0.26038841908582694,16.178816401527023,0.042561929777388575
2020_Ref_Plot3_C2::22,2020_Ref_Plot3_C2,Field1,test,7,1,0.23950926853378782,18.72228525826418,0.03263208018603297
2020_Ref_Plot3_C2::28,2020_Ref_Plot3_C2,Field1,test,6,2,0.27311242016606724,9.438594259529268,0.09820680036178543
2020_Ref_Plot3_C2::36,2020_Ref_Plot3_C2,Field1,test,8,3,0.1252384701386856,9.62010867140042,0.0251081794979821
2020_Ref_Plot3_C2::42,2020_Ref_Plot3_C2,Field1,test,6,4,0.25348512954325925,14.747059187459538,0.05935716605558166
2020_Ref_Plot3_C2::51,2020_Ref_Plot3_C2,Field1,test,9,5,0.1324719331505385,10.90109948637075,0.0183382309323524
2020_Ref_Plot3_C2::83,2020_Ref_Plot3_C2,Field1,test,32,6,0.14711783811220547,13.445362543391246,0.012919290185430797
2020_Ref_Plot3_C7::22,2020_Ref_Plot3_C7,Field1,test,7,1,0.2572402984807309,18.8846889375809,0.03869682204012532
2020_Ref_Plot3_C7::28,2020_Ref_Plot3_C7,Field1,test,6,2,0.2676505980130553,9.27347948900642,0.11198424233857555
2020_Ref_Plot3_C7::36,2020_Ref_Plot3_C7,Field1,test,8,3,0.1396340725169156,10.016995956019429,0.021609915382902117
2020_Ref_Plot3_C7::42,2020_Ref_Plot3_C7,Field1,test,6,4,0.24570204217969102,15.885392186630398,0.04582207859880273
2020_Ref_Plot3_C7::51,2020_Ref_Plot3_C7,Field1,test,9,5,0.12840081155528055,11.802296901977593,0.008071747634202472
2020_Ref_Plot3_C7::83,2020_Ref_Plot3_C7,Field1,test,32,6,0.17064331215210593,13.943508550679368,0.00030909420904300257
2020_Ref_Plot3_C7::97,2020_Ref_Plot3_C7,Field1,test,14,7,0.23144830008586362,15.91530496963353,0.029171119549647052
2020_Ref_Plot4_A8::22,2020_Ref_Plot4_A8,Field1,test,7,1,0.31437957357631335,20.42511125165685,0.05176865091682611
2020_Ref_Plot4_A8::28,2020_Ref_Plot4_A8,Field1,test,6,2,0.44421956051659867,10.638817016438026,0.1683722987595791
2020_Ref_Plot4_A8::36,2020_Ref_Plot4_A8,Field1,test,8,3,0.08525864162086948,10.076910631178123,0.014073567297864173
2020_Ref_Plot4_A8::42,2020_Ref_Plot4_A8,Field1,test,6,4,0.28047812823428786,14.258767297996844,0.04278097019441979
2020_Ref_Plot4_A8::51,2020_Ref_Plot4_A8,Field1,test,9,5,0.11853869352621006,10.724134291624758,0.018956615231551434
2020_Ref_Plot4_A8::83,2020_Ref_Plot4_A8,Field1,test,32,6,0.16004129281028331,14.375257936752826,0.009259707865968086
2020_Ref_Plot4_A90::22,2020_Ref_Plot4_A90,Field1,test,7,1,0.2559686233658824,19.490231544866973,0.038458775986797075
2020_Ref_Plot4_A90::28,2020_Ref_Plot4_A90,Field1,test,6,2,0.36867244543628575,9.107391906463313,0.15348603516311915
2020_Ref_Plot4_A90::36,2020_Ref_Plot4_A90,Field1,test,8,3,0.07514084995323163,9.332619261632539,0.016295377857577557
2020_Ref_Plot4_A90::42,2020_Ref_Plot4_A90,Field1,test,6,4,0.2702780868297821,13.7802860912561,0.055546512588639844
2020_Ref_Plot4_A90::51,2020_Ref_Plot4_A90,Field1,test,9,5,0.11410293689282201,10.875832733328446,0.023945778274079576
2020_Ref_Plot4_A92::22,2020_Ref_Plot4_A92,Field1,test,7,1,0.2687695692709717,20.040790130681273,0.038644477887128555
2020_Ref_Plot4_A92::28,2020_Ref_Plot4_A92,Field1,test,6,2,0.38633698022310786,9.35874588436067,0.1576409389874498
2020_Ref_Plot4_A92::36,2020_Ref_Plot4_A92,Field1,test,8,3,0.06758054472318244,9.180574464880436,0.01634992524957361
2020_Ref_Plot4_A92::42,2020_Ref_Plot4_A92,Field1,test,6,4,0.25346321668192284,13.574953617395611,0.03478089887923033
2020_Ref_Plot4_A92::51,2020_Ref_Plot4_A92,Field1,test,9,5,0.11871538252984963,11.474158075921439,0.020825704389081292
2020_Ref_Plot4_B2::22,2020_Ref_Plot4_B2,Field1,test,7,1,0.2816878109519873,20.50309088952172,0.043076595428513234
2020_Ref_Plot4_B2::28,2020_Ref_Plot4_B2,Field1,test,6,2,0.4325003853044019,10.424616818981418,0.1794520647394347
2020_Ref_Plot4_B2::36,2020_Ref_Plot4_B2,Field1,test,8,3,0.0692392535713542,9.71937309605116,0.01754953067502837
2020_Ref_Plot4_B2::42,2020_Ref_Plot4_B2,Field1,test,6,4,0.22417383651257894,13.519359004457158,0.020906236675721224
2020_Ref_Plot4_B2::51,2020_Ref_Plot4_B2,Field1,test,9,5,0.10069049062319646,11.353211231464165,3.837031192728136e-05
2020_Ref_Plot4_B2::83,2020_Ref_Plot4_B2,Field1,test,32,6,0.16158696548246254,13.367224411848298,0.006828537079872778
2020_Ref_Plot4_B6::22,2020_Ref_Plot4_B6,Field1,test,7,1,0.35865543964651536,21.739948620134335,0.060483683605839146
2020_Ref_Plot4_B6::28,2020_Ref_Plot4_B6,Field1,test,6,2,0.5188525555225055,11.363571632049581,0.22924086836948923
2020_Ref_Plot4_B6::36,2020_Ref_Plot4_B6,Field1,test,8,3,0.05886139153666,9.31141099057682,0.013101170644354504
2020_Ref_Plot4_B6::42,2020_Ref_Plot4_B6,Field1,test,6,4,0.2262245406121944,13.125486075843124,0.03030185321434023
2020_Ref_Plot4_B6::51,2020_Ref_Plot4_B6,Field1,test,9,5,0.11341817345651899,11.041242278919764,0.023136563868071412
2020_Ref_Plot4_B6::83,2020_Ref_Plot4_B6,Field1,test,32,6,0.170543891586713,14.923285141318887,0.017409207528752
2020_Ref_Plot4_B95::22,2020_Ref_Plot4_B95,Field1,test,7,1,0.29570739702055393,20.373760256422408,0.046929371706161356
2020_Ref_Plot4_B95::28,2020_Ref_Plot4_B95,Field1,test,6,2,0.3761069194048545,9.063348707877903,0.17073713209477245
2020_Ref_Plot4_B95::36,2020_Ref_Plot4_B95,Field1,test,8,3,0.06266071598517714,9.738810133394177,0.013867613353029409
2020_Ref_Plot4_B95::42,2020_Ref_Plot4_B95,Field1,test,6,4,0.23887333245451492,13.81656242136762,0.02413454703809614
2020_Ref_Plot4_B95::51,2020_Ref_Plot4_B95,Field1,test,9,5,0.10899106403857113,10.591032990529587,0.012495914663414834
2020_Ref_Plot4_B95::83,2020_Ref_Plot4_B95,Field1,test,32,6,0.2683008864014291,15.003370503971894,0.028931317270427723
2020_Ref_Plot4_B97::22,2020_Ref_Plot4_B97,Field1,test,7,1,0.2954587494923098,20.673461545072062,0.04871730491005861
2020_Ref_Plot4_B97::28,2020_Ref_Plot4_B97,Field1,test,6,2,0.3983844432644175,9.538439044201583,0.19766447243879798
2020_Ref_Plot4_B97::36,2020_Ref_Plot4_B97,Field1,test,8,3,0.0851558651280858,10.643817541632323,0.015940724046161786
2020_Ref_Plot4_B97::42,2020_Ref_Plot4_B97,Field1,test,6,4,0.2587102502327587,14.86392155076707,0.028996447220006438
2020_Ref_Plot4_B97::51,2020_Ref_Plot4_B97,Field1,test,9,5,0.13895370545737676,11.559826701515846,0.021015139912353063
2020_Ref_Plot4_C91::22,2020_Ref_Plot4_C91,Field1,test,7,1,0.2609110149275545,20.517416185256835,0.03522382523950232
2020_Ref_Plot4_C91::28,2020_Ref_Plot4_C91,Field1,test,6,2,0.3792210696508387,9.412144604076474,0.17455359662466996
2020_Ref_Plot4_C91::36,2020_Ref_Plot4_C91,Field1,test,8,3,0.057566982294028256,8.918243146849662,0.016456575790548187
2020_Ref_Plot4_C91::42,2020_Ref_Plot4_C91,Field1,test,6,4,0.24382448218538336,13.254589985911323,0.02680271428758833
2020_Ref_Plot4_C91::51,2020_Ref_Plot4_C91,Field1,test,9,5,0.11898029403008947,10.967901283254092,0.015975373622286713
2021_Ref_Plot1_A11::8,2021_Ref_Plot1_A11,Field2,test,7,1,0.565956520819494,12.274350247827357,0.11600357972883574
2021_Ref_Plot1_A11::16,2021_Ref_Plot1_A11,Field2,test,8,2,0.7109737266896833,20.413864865935373,0.19744817567659495
2021_Ref_Plot1_A11::22,2021_Ref_Plot1_A11,Field2,test,6,3,0.1411238803934682,8.160050102261886,0.029146330093143755
2021_Ref_Plot1_A11::27,2021_Ref_Plot1_A11,Field2,test,5,4,0.25651738719120826,12.956375539357026,0.042069149404960156
2021_Ref_Plot1_A11::35,2021_Ref_Plot1_A11,Field2,test,8,5,0.11323038835199624,12.011113714879675,0.009723084958164097
2021_Ref_Plot1_A11::44,2021_Ref_Plot1_A11,Field2,test,9,6,0.12153313934411225,12.967594492598645,0.011918267612074476
2021_Ref_Plot1_A11::50,2021_Ref_Plot1_A11,Field2,test,6,7,0.06921303684498602,8.79846520152079,0.04476629559773996
2021_Ref_Plot1_A11::57,2021_Ref_Plot1_A11,Field2,test,7,8,0.08216205818291757,10.943037933630242,0.016391436083635125
2021_Ref_Plot1_A11::65,2021_Ref_Plot1_A11,Field2,test,8,9,0.07519439209701319,11.65748032070153,0.016161902638602774
2021_Ref_Plot1_A11::69,2021_Ref_Plot1_A11,Field2,test,4,10,0.10674940812412399,12.524337833509197,0.04526246028797834
2021_Ref_Plot1_A11::71,2021_Ref_Plot1_A11,Field2,test,2,11,0.06718159095670743,11.032975454279816,0.041297445246677604
2021_Ref_Plot1_A11::76,2021_Ref_Plot1_A11,Field2,test,5,12,0.11710049691411721,10.978781194055635,0.01514658189347
2021_Ref_Plot1_A11::80,2021_Ref_Plot1_A11,Field2,test,4,13,0.0605956933291299,7.609553794152455,0.01159700521986692
2021_Ref_Plot1_A11::85,2021_Ref_Plot1_A11,Field2,test,5,14,0.04880529856531692,9.761002875252677,0.022178894423151563
2021_Ref_Plot1_A13::8,2021_Ref_Plot1_A13,Field2,test,7,1,0.5758841626048594,12.552977626128278,0.1171524685235216
2021_Ref_Plot1_A13::16,2021_Ref_Plot1_A13,Field2,test,8,2,0.6934734620160308,20.19213628992403,0.19222787142523892
2021_Ref_Plot1_A13::22,2021_Ref_Plot1_A13,Field2,test,6,3,0.12166088862959686,7.921785832795333,0.025152380450342203
2021_Ref_Plot1_A13::27,2021_Ref_Plot1_A13,Field2,test,5,4,0.22266971681930878,12.787419660883918,0.03185186451354973
2021_Ref_Plot1_A13::35,2021_Ref_Plot1_A13,Field2,test,8,5,0.098158321559851,11.522733575283361,0.0032944210861389086
2021_Ref_Plot1_A13::44,2021_Ref_Plot1_A13,Field2,test,9,6,0.12094083803830542,12.788002465716158,0.015527866360262198
2021_Ref_Plot1_A13::50,2021_Ref_Plot1_A13,Field2,test,6,7,0.07222339279649252,8.67666560302377,0.03225583744913252
2021_Ref_Plot1_A13::57,2021_Ref_Plot1_A13,Field2,test,7,8,0.09641600797690157,11.47976111314506,0.03131394125529984
2021_Ref_Plot1_A13::65,2021_Ref_Plot1_A13,Field2,test,8,9,0.08949374126917743,12.318162424750923,0.032596106459617545
2021_Ref_Plot1_A13::69,2021_Ref_Plot1_A13,Field2,test,4,10,0.12331393922467988,13.453362452647701,0.033737410581114055
2021_Ref_Plot1_A13::71,2021_Ref_Plot1_A13,Field2,test,2,11,0.07255955042833513,9.616955531110513,0.0233955147081254
2021_Ref_Plot1_A13::76,2021_Ref_Plot1_A13,Field2,test,5,12,0.1068845039183568,11.275122971167075,0.013814933571879559
2021_Ref_Plot1_A13::80,2021_Ref_Plot1_A13,Field2,test,4,13,0.051748564523708546,7.583206220904984,0.013434013796698273
2021_Ref_Plot1_A13::85,2021_Ref_Plot1_A13,Field2,test,5,14,0.04700918068743171,9.277052152715694,0.012928785478741123
2021_Ref_Plot1_A20::8,2021_Ref_Plot1_A20,Field2,test,7,1,0.5574424478938796,12.803849301336435,0.10564505369822684
2021_Ref_Plot1_A20::16,2021_Ref_Plot1_A20,Field2,test,8,2,0.6938752323677054,19.906231402296115,0.1874067775508131
2021_Ref_Plot1_A20::22,2021_Ref_Plot1_A20,Field2,test,6,3,0.14288950906749776,7.707941675907036,0.02695148497948865
2021_Ref_Plot1_A20::27,2021_Ref_Plot1_A20,Field2,test,5,4,0.2209480756442506,12.590328594944417,0.03119433434261616
2021_Ref_Plot1_A20::35,2021_Ref_Plot1_A20,Field2,test,8,5,0.10695983598167746,11.915368745854298,0.027306424988339285
2021_Ref_Plot1_A20::44,2021_Ref_Plot1_A20,Field2,test,9,6,0.1190276517787409,13.018039364404828,0.016030259828681788
2021_Ref_Plot1_A20::50,2021_Ref_Plot1_A20,Field2,test,6,7,0.061593666889750216,8.564018834621814,0.04379046620615165
2021_Ref_Plot1_A20::57,2021_Ref_Plot1_A20,Field2,test,7,8,0.0727332905280149,11.189862935425754,0.011726796614572176
2021_Ref_Plot1_A20::65,2021_Ref_Plot1_A20,Field2,test,8,9,0.06037090638095072,11.792888222022555,0.025071904422545956
2021_Ref_Plot1_A20::69,2021_Ref_Plot1_A20,Field2,test,4,10,0.10007387981206402,13.303000399745244,0.03328860973983235
2021_Ref_Plot1_A20::71,2021_Ref_Plot1_A20,Field2,test,2,11,0.056698053896863415,10.052474749640547,0.015141469836901405
2021_Ref_Plot1_A20::76,2021_Ref_Plot1_A20,Field2,test,5,12,0.08564500156938644,12.274870534748533,0.02603671979300142
2021_Ref_Plot1_A20::80,2021_Ref_Plot1_A20,Field2,test,4,13,0.060520308444327466,9.883649248665122,0.03985474996756478
2021_Ref_Plot1_A20::85,2021_Ref_Plot1_A20,Field2,test,5,14,0.06492331311446,11.09146672033533,0.025420217603786183
2021_Ref_Plot1_A3::8,2021_Ref_Plot1_A3,Field2,test,7,1,0.6023089630283952,13.34836568311119,0.12002308969585611
2021_Ref_Plot1_A3::16,2021_Ref_Plot1_A3,Field2,test,8,2,0.6988359913146565,20.065397104560766,0.1980731066802522
2021_Ref_Plot1_A3::22,2021_Ref_Plot1_A3,Field2,test,6,3,0.14637092862257503,8.910991281955251,0.0277361248952795
2021_Ref_Plot1_A3::27,2021_Ref_Plot1_A3,Field2,test,5,4,0.2390383883048766,13.705220564785066,0.031531671741759214
2021_Ref_Plot1_A3::35,2021_Ref_Plot1_A3,Field2,test,8,5,0.10623997440284187,10.991778253755262,0.02279374491493736
2021_Ref_Plot1_A3::44,2021_Ref_Plot1_A3,Field2,test,9,6,0.11409483538275227,12.60483770305707,0.008749035542084949
2021_Ref_Plot1_A3::50,2021_Ref_Plot1_A3,Field2,test,6,7,0.06712375312087177,8.717292770457687,0.06240163997334498
2021_Ref_Plot1_A3::57,2021_Ref_Plot1_A3,Field2,test,7,8,0.08086668688723181,10.907910498000229,0.035651099249993996
2021_Ref_Plot1_A3::65,2021_Ref_Plot1_A3,Field2,test,8,9,0.07595092588791598,11.269825220365714,0.04945456017339053
2021_Ref_Plot1_A3::69,2021_Ref_Plot1_A3,Field2,test,4,10,0.09830541611283368,12.005177412476254,0.05279594634294471
2021_Ref_Plot1_A3::71,2021_Ref_Plot1_A3,Field2,test,2,11,0.08789318379014603,10.105964357617497,0.037319042779813655
2021_Ref_Plot1_A3::76,2021_Ref_Plot1_A3,Field2,test,5,12,0.16574593518438277,11.449167916212762,0.022165486906334624
2021_Ref_Plot1_A3::80,2021_Ref_Plot1_A3,Field2,test,4,13,0.08602180531370873,8.412403577494242,0.03865768603228057
2021_Ref_Plot1_A3::85,2021_Ref_Plot1_A3,Field2,test,5,14,0.08774113434131314,10.12569879463128,0.02247057492651766
2021_Ref_Plot1_B19::8,2021_Ref_Plot1_B19,Field2,test,7,1,0.5801199732120558,13.008381750009747,0.10929863826994303
2021_Ref_Plot1_B19::16,2021_Ref_Plot1_B19,Field2,test,8,2,0.7154024917761029,20.386912500936425,0.20577659746458826
2021_Ref_Plot1_B19::22,2021_Ref_Plot1_B19,Field2,test,6,3,0.13723510019630825,7.423806357695729,0.031090439792800573
2021_Ref_Plot1_B19::27,2021_Ref_Plot1_B19,Field2,test,5,4,0.212387976769332,12.392565022521921,0.038509892751994214
2021_Ref_Plot1_B19::35,2021_Ref_Plot1_B19,Field2,test,8,5,0.12896850718885813,13.006212178360874,0.024983857279400994
2021_Ref_Plot1_B19::44,2021_Ref_Plot1_B19,Field2,test,9,6,0.1023093850681649,12.23312019832276,0.013894132259659032
2021_Ref_Plot1_B19::50,2021_Ref_Plot1_B19,Field2,test,6,7,0.04749866055875752,8.833403556120581,0.01932856769626472
2021_Ref_Plot1_B19::57,2021_Ref_Plot1_B19,Field2,test,7,8,0.06481649181407957,11.400736737039585,0.01519410227292785
2021_Ref_Plot1_B19::65,2021_Ref_Plot1_B19,Field2,test,8,9,0.055434914679376134,12.26492427851613,0.015943942463100935
2021_Ref_Plot1_B19::69,2021_Ref_Plot1_B19,Field2,test,4,10,0.09806061127384862,12.888565593857225,0.014500870937925608
2021_Ref_Plot1_B19::71,2021_Ref_Plot1_B19,Field2,test,2,11,0.06241691239419984,10.305815776367776,0.0407225859370797
2021_Ref_Plot1_B19::76,2021_Ref_Plot1_B19,Field2,test,5,12,0.11808579150420191,13.324667662335134,0.020863054071484744
2021_Ref_Plot1_B19::80,2021_Ref_Plot1_B19,Field2,test,4,13,0.057863709386652806,10.254374211709845,0.017227473867940393
2021_Ref_Plot1_B19::85,2021_Ref_Plot1_B19,Field2,test,5,14,0.04801012513119283,11.496563196909207,0.01909293380650057
2021_Ref_Plot1_B2::8,2021_Ref_Plot1_B2,Field2,test,7,1,0.6162565724824257,12.845472463259178,0.1293267244259894
2021_Ref_Plot1_B2::16,2021_Ref_Plot1_B2,Field2,test,8,2,0.7347770043025842,20.860502726955893,0.21686078141717258
2021_Ref_Plot1_B2::22,2021_Ref_Plot1_B2,Field2,test,6,3,0.1420885159763045,7.15204277118303,0.029040692492062644
2021_Ref_Plot1_B2::27,2021_Ref_Plot1_B2,Field2,test,5,4,0.2786046158980406,14.09644813027346,0.04206528743574657
2021_Ref_Plot1_B2::35,2021_Ref_Plot1_B2,Field2,test,8,5,0.14849823652715255,11.977773026025492,0.023922068771766718
2021_Ref_Plot1_B2::44,2021_Ref_Plot1_B2,Field2,test,9,6,0.1255424221853613,10.595285258423544,0.017830638340461395
2021_Ref_Plot1_B2::50,2021_Ref_Plot1_B2,Field2,test,6,7,0.07077316869559824,8.57589914570788,0.057457048525218386
2021_Ref_Plot1_B2::57,2021_Ref_Plot1_B2,Field2,test,7,8,0.0920640942014876,10.843242537732532,0.03571885837723981
2021_Ref_Plot1_B2::65,2021_Ref_Plot1_B2,Field2,test,8,9,0.08387526344787348,11.617672030358294,0.010071892914791688
2021_Ref_Plot1_B2::69,2021_Ref_Plot1_B2,Field2,test,4,10,0.11088850980408915,12.393075578167354,0.04859334974834679
2021_Ref_Plot1_B2::71,2021_Ref_Plot1_B2,Field2,test,2,11,0.08415312160649739,10.27864517203907,0.0552845687334071
2021_Ref_Plot1_B2::76,2021_Ref_Plot1_B2,Field2,test,5,12,0.1353365114076904,13.523171357850925,0.02845805083591586
2021_Ref_Plot1_B2::80,2021_Ref_Plot1_B2,Field2,test,4,13,0.09514063967891884,9.235975055391926,0.046846420908156425
2021_Ref_Plot1_B2::85,2021_Ref_Plot1_B2,Field2,test,5,14,0.08226553132101212,8.028685469126668,-0.0036670952475042506
2021_Ref_Plot1_B4::8,2021_Ref_Plot1_B4,Field2,test,7,1,0.6127391119031478,12.80575072929906,0.12745538255795433
2021_Ref_Plot1_B4::16,2021_Ref_Plot1_B4,Field2,test,8,2,0.7396681547863033,20.55129980496592,0.2304091838143877
2021_Ref_Plot1_B4::22,2021_Ref_Plot1_B4,Field2,test,6,3,0.12659124973746874,7.369193960898748,0.02353120256810885
2021_Ref_Plot1_B4::27,2021_Ref_Plot1_B4,Field2,test,5,4,0.2708969203511205,13.819714894381152,0.048682710756583196
2021_Ref_Plot1_B4::35,2021_Ref_Plot1_B4,Field2,test,8,5,0.12210363816990182,11.581871529606557,0.02361660068636607
2021_Ref_Plot1_B4::44,2021_Ref_Plot1_B4,Field2,test,9,6,0.1194239271770894,11.837207757847866,0.016322387862090337
2021_Ref_Plot1_B4::50,2021_Ref_Plot1_B4,Field2,test,6,7,0.07109186167427471,8.322673533727391,0.042636921843709846
2021_Ref_Plot1_B4::57,2021_Ref_Plot1_B4,Field2,test,7,8,0.08639644121184357,10.993932618321177,0.025855248875313038
2021_Ref_Plot1_B4::65,2021_Ref_Plot1_B4,Field2,test,8,9,0.08128694912394828,11.177617215354765,0.029761195418814817
2021_Ref_Plot1_B4::69,2021_Ref_Plot1_B4,Field2,test,4,10,0.1119531352517345,12.977219056335601,0.040384991942335385
2021_Ref_Plot1_B4::71,2021_Ref_Plot1_B4,Field2,test,2,11,0.08157486329195662,10.138440457281352,0.05634411205614218
2021_Ref_Plot1_B4::76,2021_Ref_Plot1_B4,Field2,test,5,12,0.1835246645974822,12.654781475562547,0.03632019360973618
2021_Ref_Plot1_B4::80,2021_Ref_Plot1_B4,Field2,test,4,13,0.11228633360122502,9.001432559153038,0.04426131521901574
2021_Ref_Plot1_B4::85,2021_Ref_Plot1_B4,Field2,test,5,14,0.06588689183697781,7.141863096195934,0.0031763728407256855
2021_Ref_Plot1_B7::8,2021_Ref_Plot1_B7,Field2,test,7,1,0.6037180427550745,13.257927100016884,0.11990620206919204
2021_Ref_Plot1_B7::16,2021_Ref_Plot1_B7,Field2,test,8,2,0.7160661351026594,20.538478524225418,0.2074902654337311
2021_Ref_Plot1_B7::22,2021_Ref_Plot1_B7,Field2,test,6,3,0.11990383344239856,7.1353911896399325,0.030705925239818785
2021_Ref_Plot1_B7::27,2021_Ref_Plot1_B7,Field2,test,5,4,0.2471359544710685,13.600491770738328,0.0431484691004641
2021_Ref_Plot1_B7::35,2021_Ref_Plot1_B7,Field2,test,8,5,0.13298807903149498,12.055413244007951,0.026264015653022835
2021_Ref_Plot1_B7::44,2021_Ref_Plot1_B7,Field2,test,9,6,0.13430463223429823,11.583292988499155,0.021201111717969796
2021_Ref_Plot1_B7::50,2021_Ref_Plot1_B7,Field2,test,6,7,0.07379197112813114,9.321155810320697,0.054067392174594976
2021_Ref_Plot1_B7::57,2021_Ref_Plot1_B7,Field2,test,7,8,0.0924046941150668,11.22521231712655,0.023286803795773144
2021_Ref_Plot1_B7::65,2021_Ref_Plot1_B7,Field2,test,8,9,0.0892778296459708,11.636194862803118,0.01184911619282426
2021_Ref_Plot1_B7::69,2021_Ref_Plot1_B7,Field2,test,4,10,0.0982557521485377,12.288795989397682,0.03220723867348369
2021_Ref_Plot1_B7::71,2021_Ref_Plot1_B7,Field2,test,2,11,0.07111273948226388,10.353906702205247,0.02814168398691298
2021_Ref_Plot1_B7::85,2021_Ref_Plot1_B7,Field2,test,5,13,0.08760461619415731,8.707424748944385,0.03246952245989599
2021_Ref_Plot1_C18::8,2021_Ref_Plot1_C18,Field2,test,7,1,0.6025442251842111,12.762025844168113,0.114264308380789
2021_Ref_Plot1_C18::16,2021_Ref_Plot1_C18,Field2,test,8,2,0.7138772132890147,20.28116164482688,0.20910704925885684
2021_Ref_Plot1_C18::22,2021_Ref_Plot1_C18,Field2,test,6,3,0.12051977143455084,6.409841592152436,0.026354989021600043
2021_Ref_Plot1_C18::27,2021_Ref_Plot1_C18,Field2,test,5,4,0.17702939177384472,10.634575444102106,0.02697255839691742
2021_Ref_Plot1_C18::35,2021_Ref_Plot1_C18,Field2,test,8,5,0.10999250446134122,11.156399842673796,-0.002953170945797959
2021_Ref_Plot1_C18::44,2021_Ref_Plot1_C18,Field2,test,9,6,0.10137084448022143,11.5544625653068,0.004190283663079062
2021_Ref_Plot1_C18::50,2021_Ref_Plot1_C18,Field2,test,6,7,0.058330292021960946,8.286743970938733,0.015482468430622945
2021_Ref_Plot1_C18::57,2021_Ref_Plot1_C18,Field2,test,7,8,0.08375455806296996,11.217906672845226,0.023846467944714966
2021_Ref_Plot1_C18::65,2021_Ref_Plot1_C18,Field2,test,8,9,0.07367095780065554,11.395617351410856,0.023763620159196194
2021_Ref_Plot1_C18::69,2021_Ref_Plot1_C18,Field2,test,4,10,0.1158903754036753,12.428564407884789,0.04301990784858895
2021_Ref_Plot1_C18::71,2021_Ref_Plot1_C18,Field2,test,2,11,0.06752649798205697,10.433316761251003,0.04081518625221486
2021_Ref_Plot1_C18::76,2021_Ref_Plot1_C18,Field2,test,5,12,0.13126449579680274,13.33174934770815,0.012668207721001213
2021_Ref_Plot1_C18::80,2021_Ref_Plot1_C18,Field2,test,4,13,0.045595068800398104,10.794958313159977,0.004041912993458185
2021_Ref_Plot1_C18::85,2021_Ref_Plot1_C18,Field2,test,5,14,0.04467729069506112,11.335431781922372,0.02301255005890082
2021_Ref_Plot1_C6::8,2021_Ref_Plot1_C6,Field2,test,7,1,0.5957267632774944,12.49242516537766,0.1230605873687012
2021_Ref_Plot1_C6::16,2021_Ref_Plot1_C6,Field2,test,8,2,0.7414304472013412,21.109207314605115,0.2149131007582801
2021_Ref_Plot1_C6::22,2021_Ref_Plot1_C6,Field2,test,6,3,0.11749872555714784,6.769179335310163,0.02350634894273214
2021_Ref_Plot1_C6::27,2021_Ref_Plot1_C6,Field2,test,5,4,0.26745423969425414,13.813115105713067,0.041377969657467276
2021_Ref_Plot1_C6::35,2021_Ref_Plot1_C6,Field2,test,8,5,0.16110847304774373,12.718580714776511,0.019151387751245245
2021_Ref_Plot1_C6::44,2021_Ref_Plot1_C6,Field2,test,9,6,0.12699720480177734,12.140834928193335,0.019903717906463666
2021_Ref_Plot1_C6::50,2021_Ref_Plot1_C6,Field2,test,6,7,0.06660745417282303,9.169476128025938,0.03264740804609915
2021_Ref_Plot1_C6::57,2021_Ref_Plot1_C6,Field2,test,7,8,0.11458210897090608,10.742186573658504,0.017109521221588583
2021_Ref_Plot1_C6::65,2021_Ref_Plot1_C6,Field2,test,8,9,0.09286702929443869,11.633480013584386,0.058507041291415825
2021_Ref_Plot1_C6::69,2021_Ref_Plot1_C6,Field2,test,4,10,0.10639740949033305,12.504462730302288,0.05423906889239668
2021_Ref_Plot1_C6::71,2021_Ref_Plot1_C6,Field2,test,2,11,0.0820426212654861,10.522672697569135,0.06946289342363798
2021_Ref_Plot1_C6::76,2021_Ref_Plot1_C6,Field2,test,5,12,0.14964758972388617,12.901160156063264,0.05250144875978968
2021_Ref_Plot1_C6::80,2021_Ref_Plot1_C6,Field2,test,4,13,0.11673849702064969,8.77999405139525,0.04224436130713876
2021_Ref_Plot1_C6::85,2021_Ref_Plot1_C6,Field2,test,5,14,0.12952407891404083,9.648015271051548,0.040877971083038485
2021_Ref_Plot1_D18::8,2021_Ref_Plot1_D18,Field2,test,7,1,0.581111394614858,11.603879706362555,0.1262502811598326
2021_Ref_Plot1_D18::16,2021_Ref_Plot1_D18,Field2,test,8,2,0.6959487021487276,20.288448160512196,0.17432047957431798
2021_Ref_Plot1_D18::22,2021_Ref_Plot1_D18,Field2,test,6,3,0.12019829188588967,6.269931900920119,0.027034662350493295
2021_Ref_Plot1_D18::27,2021_Ref_Plot1_D18,Field2,test,5,4,0.17733333554268824,11.22680950809068,0.022221062822161203
2021_Ref_Plot1_D18::35,2021_Ref_Plot1_D18,Field2,test,8,5,0.1129115592528786,10.84893367781046,0.013280358140847586
2021_Ref_Plot1_D18::44,2021_Ref_Plot1_D18,Field2,test,9,6,0.10275691161926707,9.895702402930354,0.0025697102527863264
2021_Ref_Plot1_D18::50,2021_Ref_Plot1_D18,Field2,test,6,7,0.07720224243601195,8.206590321269418,0.030433274430264445
2021_Ref_Plot1_D18::57,2021_Ref_Plot1_D18,Field2,test,7,8,0.10329271633512425,11.29608333837747,0.03122589269401903
2021_Ref_Plot1_D18::65,2021_Ref_Plot1_D18,Field2,test,8,9,0.070712680503105,11.375671715034121,0.0274596801786997
2021_Ref_Plot1_D18::69,2021_Ref_Plot1_D18,Field2,test,4,10,0.09170415098042624,12.004666724238076,0.021218460350760998
2021_Ref_Plot1_D18::71,2021_Ref_Plot1_D18,Field2,test,2,11,0.0764687590016007,10.516257458487907,0.054021262600653035
2021_Ref_Plot1_D18::76,2021_Ref_Plot1_D18,Field2,test,5,12,0.13640339607532806,13.7481028016493,0.030230492417379188
2021_Ref_Plot1_D18::80,2021_Ref_Plot1_D18,Field2,test,4,13,0.07647682943193435,10.502014669169961,0.03580858689619692
2021_Ref_Plot1_D18::85,2021_Ref_Plot1_D18,Field2,test,5,14,0.05218235515738731,9.939409868721137,0.0233694553509897
2021_Ref_Plot1_D4::8,2021_Ref_Plot1_D4,Field2,test,7,1,0.5723466965553365,10.972126169423495,0.1199810771945857
2021_Ref_Plot1_D4::16,2021_Ref_Plot1_D4,Field2,test,8,2,0.7005483509636576,20.382838264241943,0.18513566032638096
2021_Ref_Plot1_D4::22,2021_Ref_Plot1_D4,Field2,test,6,3,0.11282826115624982,7.097440190024324,0.026799041457012084
2021_Ref_Plot1_D4::27,2021_Ref_Plot1_D4,Field2,test,5,4,0.21424884181969053,13.78466616936432,0.02510136586487483
2021_Ref_Plot1_D4::35,2021_Ref_Plot1_D4,Field2,test,8,5,0.11639510235125561,11.175664498054967,0.015087651835976983
2021_Ref_Plot1_D4::44,2021_Ref_Plot1_D4,Field2,test,9,6,0.12446505893235986,10.76603021085373,0.006873097136823266
2021_Ref_Plot1_D4::50,2021_Ref_Plot1_D4,Field2,test,6,7,0.06598067885148008,8.647622006298286,0.03743398952260327
2021_Ref_Plot1_D4::57,2021_Ref_Plot1_D4,Field2,test,7,8,0.08433378612481139,11.370155592379984,0.019026248199693938
2021_Ref_Plot1_D4::65,2021_Ref_Plot1_D4,Field2,test,8,9,0.07551564840463501,11.70746372630294,0.03424346129991557
2021_Ref_Plot1_D4::69,2021_Ref_Plot1_D4,Field2,test,4,10,0.10855783976727566,13.114827558882476,0.04666295459296244
2021_Ref_Plot1_D4::71,2021_Ref_Plot1_D4,Field2,test,2,11,0.08448869523262055,10.555927516000747,0.056724432579296005
2021_Ref_Plot1_D4::76,2021_Ref_Plot1_D4,Field2,test,5,12,0.1520063285861863,12.02365443981096,0.01603292741338412
2021_Ref_Plot1_D4::80,2021_Ref_Plot1_D4,Field2,test,4,13,0.08174518263241937,7.458387571680147,0.030293199835565915
2021_Ref_Plot1_D4::85,2021_Ref_Plot1_D4,Field2,test,5,14,0.09495179835710166,10.828756484437926,0.030523905728635933
2021_Ref_Plot1_D6::8,2021_Ref_Plot1_D6,Field2,test,7,1,0.5553487722664717,10.99862383015834,0.1198934222835637
2021_Ref_Plot1_D6::16,2021_Ref_Plot1_D6,Field2,test,8,2,0.7036304116975179,20.591887527384163,0.18696800447900933
2021_Ref_Plot1_D6::22,2021_Ref_Plot1_D6,Field2,test,6,3,0.10858581705871,6.615347900099758,0.021788746740475727
2021_Ref_Plot1_D6::27,2021_Ref_Plot1_D6,Field2,test,5,4,0.2357002612145501,13.804659301069064,0.017577824619331116
2021_Ref_Plot1_D6::35,2021_Ref_Plot1_D6,Field2,test,8,5,0.13757151461544567,11.719089265812787,0.017303692160695203
2021_Ref_Plot1_D6::44,2021_Ref_Plot1_D6,Field2,test,9,6,0.11652455672775963,10.420898133820483,0.019501155488886084
2021_Ref_Plot1_D6::50,2021_Ref_Plot1_D6,Field2,test,6,7,0.07683035502431791,8.360910095969071,0.040390207384462584
2021_Ref_Plot1_D6::57,2021_Ref_Plot1_D6,Field2,test,7,8,0.0923166727499302,11.034104138211983,0.02440741472812271
2021_Ref_Plot1_D6::65,2021_Ref_Plot1_D6,Field2,test,8,9,0.09182419196334764,11.734229022015917,0.029743256752598923
2021_Ref_Plot1_D6::69,2021_Ref_Plot1_D6,Field2,test,4,10,0.10380467873771489,12.520842275645656,0.04443872416184133
2021_Ref_Plot1_D6::71,2021_Ref_Plot1_D6,Field2,test,2,11,0.07788057826511059,10.235457469100695,0.06175290104318656
2021_Ref_Plot1_D6::76,2021_Ref_Plot1_D6,Field2,test,5,12,0.1733417054062809,13.266144626471695,0.02626639787124486
2021_Ref_Plot1_D6::80,2021_Ref_Plot1_D6,Field2,test,4,13,0.11964607124631461,9.46292854280055,0.07804294070460992
2021_Ref_Plot1_D6::85,2021_Ref_Plot1_D6,Field2,test,5,14,0.0953976341016327,8.911488623574883,0.03402709412811169
2021_Ref_Plot1_E2::8,2021_Ref_Plot1_E2,Field2,test,7,1,0.5770014534898841,11.513747675464572,0.1068898859030061
2021_Ref_Plot1_E2::16,2021_Ref_Plot1_E2,Field2,test,8,2,0.7066900683794053,20.481840474717178,0.19852331038279303
2021_Ref_Plot1_E2::22,2021_Ref_Plot1_E2,Field2,test,6,3,0.12926318934505696,7.464198573392195,0.025715020734843674
2021_Ref_Plot1_E2::27,2021_Ref_Plot1_E2,Field2,test,5,4,0.22655441552683223,12.52006030244775,0.04670362012819775
2021_Ref_Plot1_E2::35,2021_Ref_Plot1_E2,Field2,test,8,5,0.13088041923572483,11.027828747935416,0.008319578517483179
2021_Ref_Plot1_E2::44,2021_Ref_Plot1_E2,Field2,test,9,6,0.10648394432982065,9.653918333909893,0.014389857923770025
2021_Ref_Plot1_E2::50,2021_Ref_Plot1_E2,Field2,test,6,7,0.07166894446798333,8.469911500108973,0.04893362501321862
2021_Ref_Plot1_E2::57,2021_Ref_Plot1_E2,Field2,test,7,8,0.08961730132310973,10.963579580632114,0.04416311521657677
2021_Ref_Plot1_E2::65,2021_Ref_Plot1_E2,Field2,test,8,9,0.08082804797946253,11.584640598707828,0.01708415859403774
2021_Ref_Plot1_E2::69,2021_Ref_Plot1_E2,Field2,test,4,10,0.1228605262245408,12.40185241814264,0.047968625286022346
2021_Ref_Plot1_E2::71,2021_Ref_Plot1_E2,Field2,test,2,11,0.08610896426192989,10.198390277620215,0.07045994223184175
2021_Ref_Plot1_E2::76,2021_Ref_Plot1_E2,Field2,test,5,12,0.12287010692119295,12.189837614645224,0.0006613580616084759
2021_Ref_Plot1_E2::80,2021_Ref_Plot1_E2,Field2,test,4,13,0.097589712991432,8.783468153382296,0.0343188583586027
2021_Ref_Plot1_E2::85,2021_Ref_Plot1_E2,Field2,test,5,14,0.09368041233316249,9.010961731831955,0.022766737342895263
2021_Ref_Plot1_E8::8,2021_Ref_Plot1_E8,Field2,test,7,1,0.5608971385587244,11.784503878287389,0.10445606701767955
2021_Ref_Plot1_E8::16,2021_Ref_Plot1_E8,Field2,test,8,2,0.6938032350909831,20.825279164032974,0.1750161956444106
2021_Ref_Plot1_E8::22,2021_Ref_Plot1_E8,Field2,test,6,3,0.12460021801980076,7.795462615728641,0.02457784893553304
2021_Ref_Plot1_E8::27,2021_Ref_Plot1_E8,Field2,test,5,4,0.19605227895528476,13.563133816893826,0.03195081376509441
2021_Ref_Plot1_E8::35,2021_Ref_Plot1_E8,Field2,test,8,5,0.1289508099203653,11.22668467780831,0.014576994005709857
2021_Ref_Plot1_E8::44,2021_Ref_Plot1_E8,Field2,test,9,6,0.10551432190222605,9.54439130898219,0.00916500079688454
2021_Ref_Plot1_E8::50,2021_Ref_Plot1_E8,Field2,test,6,7,0.07504620677691176,8.725614960160183,0.03231975295883648
2021_Ref_Plot1_E8::57,2021_Ref_Plot1_E8,Field2,test,7,8,0.08827239662309738,11.256106412781984,0.025430725702099678
2021_Ref_Plot1_E8::65,2021_Ref_Plot1_E8,Field2,test,8,9,0.08276495539402091,11.473707887374722,0.017118817694821205
2021_Ref_Plot1_E8::69,2021_Ref_Plot1_E8,Field2,test,4,10,0.10291514589011476,12.481440424701463,0.037491492501115956
2021_Ref_Plot1_E8::71,2021_Ref_Plot1_E8,Field2,test,2,11,0.08743331816881066,10.401966947961006,0.06987846634127048
2021_Ref_Plot1_E8::76,2021_Ref_Plot1_E8,Field2,test,5,12,0.15810624248882432,13.303491527111873,0.011194807444910025
2021_Ref_Plot1_E8::80,2021_Ref_Plot1_E8,Field2,test,4,13,0.09123367758480994,8.824101672322179,0.029546714695143323
2021_Ref_Plot1_E8::85,2021_Ref_Plot1_E8,Field2,test,5,14,0.06781931512321655,9.286483319173781,0.023896076538608743
2021_Ref_Plot2_A1::8,2021_Ref_Plot2_A1,Field2,test,7,1,0.4935826208028821,12.079322389173866,0.061937148868535526
2021_Ref_Plot2_A1::16,2021_Ref_Plot2_A1,Field2,test,8,2,0.6459652792998661,18.554181096072636,0.1674920314857457
2021_Ref_Plot2_A1::22,2021_Ref_Plot2_A1,Field2,test,6,3,0.17099556341218056,9.241627734564663,0.030299703766366343
2021_Ref_Plot2_A1::27,2021_Ref_Plot2_A1,Field2,test,5,4,0.32746041236798007,15.63038860818444,0.04886525128853141
2021_Ref_Plot2_A1::35,2021_Ref_Plot2_A1,Field2,test,8,5,0.12588557820712956,12.905641319672105,0.01823234694594633
2021_Ref_Plot2_A1::44,2021_Ref_Plot2_A1,Field2,test,9,6,0.08928924716895782,11.492549124681123,0.011996956412360501
2021_Ref_Plot2_A1::50,2021_Ref_Plot2_A1,Field2,test,6,7,0.08291602928698123,9.973098996368135,0.049307363659289574
2021_Ref_Plot2_A1::57,2021_Ref_Plot2_A1,Field2,test,7,8,0.13310457330775197,11.084955988548478,0.02969105897002498
2021_Ref_Plot2_A1::65,2021_Ref_Plot2_A1,Field2,test,8,9,0.1079481274293486,11.748887185635157,0.050520760831881326
2021_Ref_Plot2_A1::69,2021_Ref_Plot2_A1,Field2,test,4,10,0.1072277735950165,11.640809198971244,0.05594193682784539
2021_Ref_Plot2_A1::71,2021_Ref_Plot2_A1,Field2,test,2,11,0.07734184493110464,8.77149555709589,0.029800235763590758
2021_Ref_Plot2_A1::76,2021_Ref_Plot2_A1,Field2,test,5,12,0.16810492393270296,10.378228597904924,0.012347535249873176
2021_Ref_Plot2_A1::80,2021_Ref_Plot2_A1,Field2,test,4,13,0.0804129972383996,8.177329746318055,0.013542700861754
2021_Ref_Plot2_A1::85,2021_Ref_Plot2_A1,Field2,test,5,14,0.08885246964673034,10.335729333529358,0.04244749375862638
2021_Ref_Plot2_A13::8,2021_Ref_Plot2_A13,Field2,test,7,1,0.4987849542992748,11.769209284051009,0.07237746164163607
2021_Ref_Plot2_A13::16,2021_Ref_Plot2_A13,Field2,test,8,2,0.6913609297644235,18.662786423840114,0.18811661364586163
2021_Ref_Plot2_A13::22,2021_Ref_Plot2_A13,Field2,test,6,3,0.18771604397198557,8.58368879851351,0.03783427234277921
2021_Ref_Plot2_A13::27,2021_Ref_Plot2_A13,Field2,test,5,4,0.3399411059724163,15.69741410422254,0.05352163713088658
2021_Ref_Plot2_A13::35,2021_Ref_Plot2_A13,Field2,test,8,5,0.1197450585017767,12.083749206997114,0.020980542148477062
2021_Ref_Plot2_A13::44,2021_Ref_Plot2_A13,Field2,test,9,6,0.07693627313314412,9.522666550287497,0.008136810440591485
2021_Ref_Plot2_A13::50,2021_Ref_Plot2_A13,Field2,test,6,7,0.07661316859410727,9.543080872274759,0.03829399558935364
2021_Ref_Plot2_A13::57,2021_Ref_Plot2_A13,Field2,test,7,8,0.09612723141754777,10.562583537791186,0.015629589567875902
2021_Ref_Plot2_A13::65,2021_Ref_Plot2_A13,Field2,test,8,9,0.09363148586623656,11.469351815830054,0.036680256375953145
2021_Ref_Plot2_A13::69,2021_Ref_Plot2_A13,Field2,test,4,10,0.09249118616971973,11.69576557552144,0.037719730224043506
2021_Ref_Plot2_A13::71,2021_Ref_Plot2_A13,Field2,test,2,11,0.08315501930274054,10.184404177471862,0.06043451646691837
2021_Ref_Plot2_A13::76,2021_Ref_Plot2_A13,Field2,test,5,12,0.09775330334941934,11.667729414672605,0.025464770095311316
2021_Ref_Plot2_A13::80,2021_Ref_Plot2_A13,Field2,test,4,13,0.1175208858616046,8.581920295893449,0.039686052852712046
2021_Ref_Plot2_A13::85,2021_Ref_Plot2_A13,Field2,test,5,14,0.0794101586807939,9.287441250910117,0.027946380051564055
2021_Ref_Plot2_A15::8,2021_Ref_Plot2_A15,Field2,test,7,1,0.5195186502571875,12.066045439443121,0.06839077727459776
2021_Ref_Plot2_A15::16,2021_Ref_Plot2_A15,Field2,test,8,2,0.649674273321569,18.4234702189391,0.1615211587441637
2021_Ref_Plot2_A15::22,2021_Ref_Plot2_A15,Field2,test,6,3,0.20603865837388527,9.550117783757534,0.0417313423129475
2021_Ref_Plot2_A15::27,2021_Ref_Plot2_A15,Field2,test,5,4,0.3106200382528739,15.012741598041256,0.045183435610613894
2021_Ref_Plot2_A15::35,2021_Ref_Plot2_A15,Field2,test,8,5,0.11849033757609718,11.533018428325946,0.025169241452696167
2021_Ref_Plot2_A15::44,2021_Ref_Plot2_A15,Field2,test,9,6,0.079550354231311,9.450525706857032,0.007216336248908589
2021_Ref_Plot2_A15::50,2021_Ref_Plot2_A15,Field2,test,6,7,0.08936578773882015,9.478677542179906,0.06302305122152592
2021_Ref_Plot2_A15::57,2021_Ref_Plot2_A15,Field2,test,7,8,0.0903485120833103,10.619095141132057,0.03151274214860978
2021_Ref_Plot2_A15::65,2021_Ref_Plot2_A15,Field2,test,8,9,0.08429760054101336,11.569943662016769,0.044794538293551185
2021_Ref_Plot2_A15::69,2021_Ref_Plot2_A15,Field2,test,4,10,0.08989019843284611,11.851144317724403,0.04781502683830533
2021_Ref_Plot2_A15::71,2021_Ref_Plot2_A15,Field2,test,2,11,0.07944676775053519,9.679417430179257,0.05370938555866441
2021_Ref_Plot2_A15::76,2021_Ref_Plot2_A15,Field2,test,5,12,0.11076022194061415,11.248202897032492,0.024439418681464445
2021_Ref_Plot2_A15::80,2021_Ref_Plot2_A15,Field2,test,4,13,0.1010350593643109,7.224391024857145,0.007517105053519308
2021_Ref_Plot2_A15::85,2021_Ref_Plot2_A15,Field2,test,5,14,0.11214112749611423,9.866930692526632,0.04136150578418953
2021_Ref_Plot2_B17::8,2021_Ref_Plot2_B17,Field2,test,7,1,0.5520049235240111,12.678099319097866,0.11403196859809243
2021_Ref_Plot2_B17::16,2021_Ref_Plot2_B17,Field2,test,8,2,0.6706333212055666,18.991556394393058,0.17317962329680214
2021_Ref_Plot2_B17::22,2021_Ref_Plot2_B17,Field2,test,6,3,0.17120584208388534,9.111958835194002,0.02858598460141061
2021_Ref_Plot2_B17::27,2021_Ref_Plot2_B17,Field2,test,5,4,0.2800764110786089,15.712217510046047,0.0437690111120845
2021_Ref_Plot2_B17::35,2021_Ref_Plot2_B17,Field2,test,8,5,0.11774791567350902,11.769490111725624,0.022391180264086402
2021_Ref_Plot2_B17::44,2021_Ref_Plot2_B17,Field2,test,9,6,0.07899104916014436,9.41111584526758,0.014856186029815435
2021_Ref_Plot2_B17::50,2021_Ref_Plot2_B17,Field2,test,6,7,0.0701597765524523,8.936153953565901,0.03820101164678498
2021_Ref_Plot2_B17::57,2021_Ref_Plot2_B17,Field2,test,7,8,0.09050330086861236,10.87797630558682,0.029666407763068586
2021_Ref_Plot2_B17::65,2021_Ref_Plot2_B17,Field2,test,8,9,0.07474427784495317,10.653458280377869,0.032747151604475354
2021_Ref_Plot2_B17::69,2021_Ref_Plot2_B17,Field2,test,4,10,0.10966901675352914,11.934115866410892,0.047270251736832934
2021_Ref_Plot2_B17::71,2021_Ref_Plot2_B17,Field2,test,2,11,0.08438282615547804,10.121663963858525,0.05479730356483619
2021_Ref_Plot2_B17::76,2021_Ref_Plot2_B17,Field2,test,5,12,0.1174788315253506,9.79799141514369,0.005749052939994737
2021_Ref_Plot2_B17::80,2021_Ref_Plot2_B17,Field2,test,4,13,0.12861847316356967,8.392586168392132,0.025894548016763545
2021_Ref_Plot2_B17::85,2021_Ref_Plot2_B17,Field2,test,5,14,0.1376569954048429,11.149997266690367,0.06571328577904259
2021_Ref_Plot2_B4::8,2021_Ref_Plot2_B4,Field2,test,7,1,0.5729144807499865,13.302640934833024,0.10014952776077679
2021_Ref_Plot2_B4::16,2021_Ref_Plot2_B4,Field2,test,8,2,0.6656898890323916,18.751589516405918,0.16718330961265657
2021_Ref_Plot2_B4::22,2021_Ref_Plot2_B4,Field2,test,6,3,0.17295280442546934,8.441698336771475,0.02949835280042795
2021_Ref_Plot2_B4::27,2021_Ref_Plot2_B4,Field2,test,5,4,0.3401060005551347,15.329781926676535,0.0441773833814654
2021_Ref_Plot2_B4::35,2021_Ref_Plot2_B4,Field2,test,8,5,0.1162576373367785,12.27555316496594,0.021806282272812668
2021_Ref_Plot2_B4::44,2021_Ref_Plot2_B4,Field2,test,9,6,0.10552121215688322,12.097830031385218,0.015316060093065452
2021_Ref_Plot2_B4::50,2021_Ref_Plot2_B4,Field2,test,6,7,0.07654296978120595,9.875263146934385,0.06480215900248014
2021_Ref_Plot2_B4::57,2021_Ref_Plot2_B4,Field2,test,7,8,0.10520204332583323,10.824299692580029,0.04246772397895605
2021_Ref_Plot2_B4::65,2021_Ref_Plot2_B4,Field2,test,8,9,0.08800239914111845,10.361721935032788,0.0580253848284801
2021_Ref_Plot2_B4::69,2021_Ref_Plot2_B4,Field2,test,4,10,0.098144386421971,11.342089109680828,0.049782202166922314
2021_Ref_Plot2_B4::71,2021_Ref_Plot2_B4,Field2,test,2,11,0.08145961695930287,10.552103870626446,0.06893116789591261
2021_Ref_Plot2_B4::76,2021_Ref_Plot2_B4,Field2,test,5,12,0.18339630264953755,13.028913452025643,0.03621351165633629
2021_Ref_Plot2_B4::80,2021_Ref_Plot2_B4,Field2,test,4,13,0.08723696126505238,7.334406762851634,0.017973971567791888
2021_Ref_Plot2_B4::85,2021_Ref_Plot2_B4,Field2,test,5,14,0.1112949003972442,9.88017731127472,0.05541400426581964
2021_Ref_Plot2_C1::8,2021_Ref_Plot2_C1,Field2,test,7,1,0.5439717818037644,11.567386648740941,0.107843735516304
2021_Ref_Plot2_C1::16,2021_Ref_Plot2_C1,Field2,test,8,2,0.6545595705336776,18.92163170214135,0.16517970073214766
2021_Ref_Plot2_C1::22,2021_Ref_Plot2_C1,Field2,test,6,3,0.16124739666196367,8.165091971470602,0.03701472092588963
2021_Ref_Plot2_C1::27,2021_Ref_Plot2_C1,Field2,test,5,4,0.27307907974348633,13.683360460859841,0.04537433745596847
2021_Ref_Plot2_C1::35,2021_Ref_Plot2_C1,Field2,test,8,5,0.11246341084541504,12.132142674075268,0.028569141963085933
2021_Ref_Plot2_C1::44,2021_Ref_Plot2_C1,Field2,test,9,6,0.0910203631949057,12.471935742305604,0.013597832590211394
2021_Ref_Plot2_C1::50,2021_Ref_Plot2_C1,Field2,test,6,7,0.08016201000026892,9.568488797961782,0.04844839632159769
2021_Ref_Plot2_C1::57,2021_Ref_Plot2_C1,Field2,test,7,8,0.10572916214710038,10.984459187835915,0.03041028870384486
2021_Ref_Plot2_C1::65,2021_Ref_Plot2_C1,Field2,test,8,9,0.07617857140023415,10.253007680522284,0.02280151095629606
2021_Ref_Plot2_C1::69,2021_Ref_Plot2_C1,Field2,test,4,10,0.09891433092773612,11.543295572503652,0.05467266034950182
2021_Ref_Plot2_C1::71,2021_Ref_Plot2_C1,Field2,test,2,11,0.10054833178014973,9.211775236898083,0.051941445019375546
2021_Ref_Plot2_C1::76,2021_Ref_Plot2_C1,Field2,test,5,12,0.1936886224383055,12.789634983415262,0.04118081198629501
2021_Ref_Plot2_C1::80,2021_Ref_Plot2_C1,Field2,test,4,13,0.08922436636975112,7.874043550651878,0.021042734299031633
2021_Ref_Plot2_C1::85,2021_Ref_Plot2_C1,Field2,test,5,14,0.06970788543922109,8.942941225314843,0.03694854306275071
2021_Ref_Plot2_C10::8,2021_Ref_Plot2_C10,Field2,test,7,1,0.5488692986489303,12.051618149041651,0.11961862204652068
2021_Ref_Plot2_C10::16,2021_Ref_Plot2_C10,Field2,test,8,2,0.6743094567135866,19.195795629753537,0.17512225550254737
2021_Ref_Plot2_C10::22,2021_Ref_Plot2_C10,Field2,test,6,3,0.14903778315199856,8.209016706166759,0.0318422106553696
2021_Ref_Plot2_C10::27,2021_Ref_Plot2_C10,Field2,test,5,4,0.2546695735817255,12.688424238821355,0.0381391238823105
2021_Ref_Plot2_C10::35,2021_Ref_Plot2_C10,Field2,test,8,5,0.10893511307096583,11.475662122432201,0.02336091917500381
2021_Ref_Plot2_C10::44,2021_Ref_Plot2_C10,Field2,test,9,6,0.0909842726355718,10.753345214007602,0.008381389200075251
2021_Ref_Plot2_C10::50,2021_Ref_Plot2_C10,Field2,test,6,7,0.06969905189922367,9.417065424077654,0.04605241971298446
2021_Ref_Plot2_C10::57,2021_Ref_Plot2_C10,Field2,test,7,8,0.07876913722822715,10.587021732689,0.023773101623667147
2021_Ref_Plot2_C10::65,2021_Ref_Plot2_C10,Field2,test,8,9,0.0673545289474116,9.85005816008346,0.04323827284211622
2021_Ref_Plot2_C10::69,2021_Ref_Plot2_C10,Field2,test,4,10,0.08445909632053789,11.037834952814283,0.046315254167918596
2021_Ref_Plot2_C10::71,2021_Ref_Plot2_C10,Field2,test,2,11,0.08805610306396404,9.654013610685782,0.01904575839016815
2021_Ref_Plot2_C10::76,2021_Ref_Plot2_C10,Field2,test,5,12,0.11014505832692756,11.59874089099582,0.013957671878633102
2021_Ref_Plot2_C10::80,2021_Ref_Plot2_C10,Field2,test,4,13,0.08990379750500792,9.191502907592886,0.036476641176813776
2021_Ref_Plot2_C10::85,2021_Ref_Plot2_C10,Field2,test,5,14,0.09609232641401148,9.999714211646305,0.06679778319146946
2021_Ref_Plot2_C16::8,2021_Ref_Plot2_C16,Field2,test,7,1,0.5414148570916545,11.822704035464435,0.11926773312980146
2021_Ref_Plot2_C16::16,2021_Ref_Plot2_C16,Field2,test,8,2,0.6874974765389571,19.256118601465975,0.17826543396166883
2021_Ref_Plot2_C16::22,2021_Ref_Plot2_C16,Field2,test,6,3,0.17684578720523922,8.483203496769235,0.03516937253685855
2021_Ref_Plot2_C16::27,2021_Ref_Plot2_C16,Field2,test,5,4,0.26822141683073253,14.794870505458528,0.03873232900905127
2021_Ref_Plot2_C16::35,2021_Ref_Plot2_C16,Field2,test,8,5,0.12056519434991787,11.618758583935163,0.018280719082784766
2021_Ref_Plot2_C16::44,2021_Ref_Plot2_C16,Field2,test,9,6,0.08261570267056385,9.584746291022961,0.01670945608766142
2021_Ref_Plot2_C16::50,2021_Ref_Plot2_C16,Field2,test,6,7,0.07564439378352938,9.484493976064556,0.03833895175810701
2021_Ref_Plot2_C16::57,2021_Ref_Plot2_C16,Field2,test,7,8,0.08365575186642434,10.605429196826488,0.025251879265043447
2021_Ref_Plot2_C16::65,2021_Ref_Plot2_C16,Field2,test,8,9,0.07248299697948908,10.702346635616228,0.03331753623599371
2021_Ref_Plot2_C16::69,2021_Ref_Plot2_C16,Field2,test,4,10,0.10272880322085737,11.178627213382875,0.043063657774157216
2021_Ref_Plot2_C16::71,2021_Ref_Plot2_C16,Field2,test,2,11,0.10921465821087152,8.672636995469693,0.04612043259388647
2021_Ref_Plot2_C16::76,2021_Ref_Plot2_C16,Field2,test,5,12,0.14856393877461405,10.711240729873403,0.014462155464933043
2021_Ref_Plot2_C16::80,2021_Ref_Plot2_C16,Field2,test,4,13,0.10004276354676232,9.393634040306361,0.05041459749000833
2021_Ref_Plot2_C16::85,2021_Ref_Plot2_C16,Field2,test,5,14,0.09422799811594666,10.392028793359794,0.06951521600838984
2021_Ref_Plot2_C18::8,2021_Ref_Plot2_C18,Field2,test,7,1,0.5353212448131128,10.724267800580021,0.11960455672737855
2021_Ref_Plot2_C18::16,2021_Ref_Plot2_C18,Field2,test,8,2,0.6891889198027773,19.551668521084892,0.2018991993555204
2021_Ref_Plot2_C18::22,2021_Ref_Plot2_C18,Field2,test,6,3,0.16972928372008297,8.59338048329101,0.03178199095555523
2021_Ref_Plot2_C18::27,2021_Ref_Plot2_C18,Field2,test,5,4,0.2367855718348034,13.639228726469138,0.032632390662369504
2021_Ref_Plot2_C18::35,2021_Ref_Plot2_C18,Field2,test,8,5,0.1350151546677554,11.421130797902912,0.012690179117108225
2021_Ref_Plot2_C18::44,2021_Ref_Plot2_C18,Field2,test,9,6,0.08460354950236493,9.757427828262834,0.01693393384580872
2021_Ref_Plot2_C18::50,2021_Ref_Plot2_C18,Field2,test,6,7,0.06616097437828168,9.285229028412365,0.03584444542836591
2021_Ref_Plot2_C18::57,2021_Ref_Plot2_C18,Field2,test,7,8,0.07434902199932755,10.968656696722885,0.024166049486922827
2021_Ref_Plot2_C18::65,2021_Ref_Plot2_C18,Field2,test,8,9,0.06819039577138146,10.441152028823042,0.03589801036006072
2021_Ref_Plot2_C18::69,2021_Ref_Plot2_C18,Field2,test,4,10,0.09850467096984743,11.551642569960062,0.03639053016335562
2021_Ref_Plot2_C18::71,2021_Ref_Plot2_C18,Field2,test,2,11,0.08760344981834887,8.815943936292447,0.024485768976012994
2021_Ref_Plot2_C18::76,2021_Ref_Plot2_C18,Field2,test,5,12,0.15047775449599218,11.464680918345483,0.03494652750862724
2021_Ref_Plot2_C18::80,2021_Ref_Plot2_C18,Field2,test,4,13,0.10088584076069194,8.368630507137839,0.03854802765011478
2021_Ref_Plot2_C18::85,2021_Ref_Plot2_C18,Field2,test,5,14,0.09010830315110262,9.730163078171458,0.030559154837973553
2021_Ref_Plot2_C2::8,2021_Ref_Plot2_C2,Field2,test,7,1,0.5579316886550937,11.957336126993052,0.09134939010068903
2021_Ref_Plot2_C2::16,2021_Ref_Plot2_C2,Field2,test,8,2,0.6469707264425504,18.610852896892002,0.14712228562427773
2021_Ref_Plot2_C2::22,2021_Ref_Plot2_C2,Field2,test,6,3,0.16717311589107808,7.8024912756637885,0.03678865986975538
2021_Ref_Plot2_C2::27,2021_Ref_Plot2_C2,Field2,test,5,4,0.31932589235574005,14.504237075239839,0.05227101968311324
2021_Ref_Plot2_C2::35,2021_Ref_Plot2_C2,Field2,test,8,5,0.12312976002466919,12.157151619111184,0.02159732949738755
2021_Ref_Plot2_C2::44,2021_Ref_Plot2_C2,Field2,test,9,6,0.09105017281605964,11.738629227676087,0.006449358537915785
2021_Ref_Plot2_C2::50,2021_Ref_Plot2_C2,Field2,test,6,7,0.08307422303628804,9.672265627793731,0.04904661738740578
2021_Ref_Plot2_C2::57,2021_Ref_Plot2_C2,Field2,test,7,8,0.10486256898087491,11.206051113517761,0.03865254968979819
2021_Ref_Plot2_C2::65,2021_Ref_Plot2_C2,Field2,test,8,9,0.08695655342591184,9.955884138713163,0.030407676636935676
2021_Ref_Plot2_C2::69,2021_Ref_Plot2_C2,Field2,test,4,10,0.09215014386061378,10.950218851949904,0.05397243176951713
2021_Ref_Plot2_C2::71,2021_Ref_Plot2_C2,Field2,test,2,11,0.09178869719737683,8.253429497150504,0.029969604920389626
2021_Ref_Plot2_C2::76,2021_Ref_Plot2_C2,Field2,test,5,12,0.1851202821269915,11.766173935569972,0.024803197246447244
2021_Ref_Plot2_C2::80,2021_Ref_Plot2_C2,Field2,test,4,13,0.11240642702337422,8.523971927353859,0.032693005975099304
2021_Ref_Plot2_C2::85,2021_Ref_Plot2_C2,Field2,test,5,14,0.0727534159897908,8.283654459204744,0.010583389744493438
2021_Ref_Plot2_C3::8,2021_Ref_Plot2_C3,Field2,test,7,1,0.5546333180653563,11.956422292857296,0.09025542969714381
2021_Ref_Plot2_C3::16,2021_Ref_Plot2_C3,Field2,test,8,2,0.6757911844228287,19.26082129519006,0.15944825802152837
2021_Ref_Plot2_C3::22,2021_Ref_Plot2_C3,Field2,test,6,3,0.1467165697848836,6.994089991187505,0.029372031924693096
2021_Ref_Plot2_C3::27,2021_Ref_Plot2_C3,Field2,test,5,4,0.3091725692405347,14.440361395978963,0.0495499091765262
2021_Ref_Plot2_C3::35,2021_Ref_Plot2_C3,Field2,test,8,5,0.13119475911239273,12.699079872946195,0.017211107705733596
2021_Ref_Plot2_C3::44,2021_Ref_Plot2_C3,Field2,test,9,6,0.10674487117489861,11.644699724181605,0.010715396806936497
2021_Ref_Plot2_C3::50,2021_Ref_Plot2_C3,Field2,test,6,7,0.07566268011920389,9.998628332368986,0.06804354560097726
2021_Ref_Plot2_C3::57,2021_Ref_Plot2_C3,Field2,test,7,8,0.09474448705873396,11.037587557102757,0.02837469521016132
2021_Ref_Plot2_C3::65,2021_Ref_Plot2_C3,Field2,test,8,9,0.08943366312285249,9.997036301780959,0.033647405603604144
2021_Ref_Plot2_C3::69,2021_Ref_Plot2_C3,Field2,test,4,10,0.08952011690334627,10.754030269552722,0.02724175992257035
2021_Ref_Plot2_C3::71,2021_Ref_Plot2_C3,Field2,test,2,11,0.07219632779582656,9.781990104788449,0.0537697110383339
2021_Ref_Plot2_C3::76,2021_Ref_Plot2_C3,Field2,test,5,12,0.151448320937807,12.251045892155418,0.04522547789341934
2021_Ref_Plot2_C3::80,2021_Ref_Plot2_C3,Field2,test,4,13,0.0812552756412974,9.013403682919407,0.02263513679460703
2021_Ref_Plot2_C3::85,2021_Ref_Plot2_C3,Field2,test,5,14,0.07357880749867281,9.576346395820748,0.01305728807659509
2021_Ref_Plot2_D12::8,2021_Ref_Plot2_D12,Field2,test,7,1,0.5368683277607736,10.420737575905697,0.1161826707907917
2021_Ref_Plot2_D12::16,2021_Ref_Plot2_D12,Field2,test,8,2,0.6750173859869061,19.766458703503282,0.1727761071178707
2021_Ref_Plot2_D12::22,2021_Ref_Plot2_D12,Field2,test,6,3,0.10238510279123743,7.42645153145722,0.023587469758938013
2021_Ref_Plot2_D12::27,2021_Ref_Plot2_D12,Field2,test,5,4,0.17497073847729605,11.265204088670187,0.014735082743405297
2021_Ref_Plot2_D12::35,2021_Ref_Plot2_D12,Field2,test,8,5,0.1013414210015929,11.15536103444729,0.018444813690249768
2021_Ref_Plot2_D12::44,2021_Ref_Plot2_D12,Field2,test,9,6,0.08591683592011834,11.452257057045323,0.022353660695162106
2021_Ref_Plot2_D12::50,2021_Ref_Plot2_D12,Field2,test,6,7,0.06412311104088511,9.620010658917263,0.043772443773327716
2021_Ref_Plot2_D12::57,2021_Ref_Plot2_D12,Field2,test,7,8,0.07283931045698985,11.403686919689067,0.017236016673360326
2021_Ref_Plot2_D12::65,2021_Ref_Plot2_D12,Field2,test,8,9,0.05425429744519524,10.079376694471778,0.015391718286906431
2021_Ref_Plot2_D12::69,2021_Ref_Plot2_D12,Field2,test,4,10,0.07817034957636916,11.112292886523232,0.023736078544164454
2021_Ref_Plot2_D12::71,2021_Ref_Plot2_D12,Field2,test,2,11,0.07560739753657711,8.956625840482022,0.019214435364379688
2021_Ref_Plot2_D12::76,2021_Ref_Plot2_D12,Field2,test,5,12,0.10701502130043317,11.768917360967013,0.0167594207357032
2021_Ref_Plot2_D12::80,2021_Ref_Plot2_D12,Field2,test,4,13,0.05370486301300643,9.251068526336812,0.02545209255486615
2021_Ref_Plot2_D12::85,2021_Ref_Plot2_D12,Field2,test,5,14,0.04180883130713775,10.524654872278873,0.019745098726983414
2021_Ref_Plot2_D5::8,2021_Ref_Plot2_D5,Field2,test,7,1,0.5308556082367774,9.95677651565955,0.12245385035043688
2021_Ref_Plot2_D5::16,2021_Ref_Plot2_D5,Field2,test,8,2,0.7033980145531586,20.39052197647269,0.18616088129799935
2021_Ref_Plot2_D5::22,2021_Ref_Plot2_D5,Field2,test,6,3,0.10867266966280852,7.442667182822975,0.022978405344213193
2021_Ref_Plot2_D5::27,2021_Ref_Plot2_D5,Field2,test,5,4,0.1873737600621311,12.090058040199485,0.027432980776880455
2021_Ref_Plot2_D5::35,2021_Ref_Plot2_D5,Field2,test,8,5,0.10033006023404296,11.221241316774965,0.00957326307342115
2021_Ref_Plot2_D5::44,2021_Ref_Plot2_D5,Field2,test,9,6,0.08492154255367414,11.687325526279093,0.0007803095443246316
2021_Ref_Plot2_D5::50,2021_Ref_Plot2_D5,Field2,test,6,7,0.05245470023302292,9.315186468084933,0.02743187040134896
2021_Ref_Plot2_D5::57,2021_Ref_Plot2_D5,Field2,test,7,8,0.08291616409305132,11.11785480879983,0.020017649930846617
2021_Ref_Plot2_D5::65,2021_Ref_Plot2_D5,Field2,test,8,9,0.07490988943137249,9.647312179360831,0.013838500248559673
2021_Ref_Plot2_D5::69,2021_Ref_Plot2_D5,Field2,test,4,10,0.09179284735859784,10.424070495937661,0.031827340152883715
2021_Ref_Plot2_D5::71,2021_Ref_Plot2_D5,Field2,test,2,11,0.07807557387847124,10.391314593260997,0.059759361368985804
2021_Ref_Plot2_D5::76,2021_Ref_Plot2_D5,Field2,test,5,12,0.13098417604551907,12.74981623877425,0.017847815324255892
2021_Ref_Plot2_D5::80,2021_Ref_Plot2_D5,Field2,test,4,13,0.05991426660768123,9.375556408918374,0.024667527867606676
2021_Ref_Plot2_D5::85,2021_Ref_Plot2_D5,Field2,test,5,14,0.055023681796486555,11.126255640018947,0.03484370272600995
2021_Ref_Plot2_E1::8,2021_Ref_Plot2_E1,Field2,test,7,1,0.5138227140023667,10.98080103501186,0.09297848746358423
2021_Ref_Plot2_E1::16,2021_Ref_Plot2_E1,Field2,test,8,2,0.6347829500475395,19.271296344087446,0.15670593635600946
2021_Ref_Plot2_E1::22,2021_Ref_Plot2_E1,Field2,test,6,3,0.13647307165265007,9.329668892616125,0.03565560803469192
2021_Ref_Plot2_E1::27,2021_Ref_Plot2_E1,Field2,test,5,4,0.1628966977443351,12.949094917588672,0.012412034377809451
2021_Ref_Plot2_E1::35,2021_Ref_Plot2_E1,Field2,test,8,5,0.09366720060000633,11.58991151759846,0.007665282630238729
2021_Ref_Plot2_E1::44,2021_Ref_Plot2_E1,Field2,test,9,6,0.10755331277499007,12.395899634992507,0.016048404062133523
2021_Ref_Plot2_E1::50,2021_Ref_Plot2_E1,Field2,test,6,7,0.0593269886808934,9.559712413106494,0.015377130933587894
2021_Ref_Plot2_E1::57,2021_Ref_Plot2_E1,Field2,test,7,8,0.0745261663105221,11.43335747739888,0.016417932336005595
2021_Ref_Plot2_E1::65,2021_Ref_Plot2_E1,Field2,test,8,9,0.04970937214655883,9.982487007015694,0.004024516719278686
2021_Ref_Plot2_E1::69,2021_Ref_Plot2_E1,Field2,test,4,10,0.07498362983050452,10.974535525177531,0.028448430287641716
2021_Ref_Plot2_E1::71,2021_Ref_Plot2_E1,Field2,test,2,11,0.0659892033679043,8.321335295367573,0.02724749148729843
2021_Ref_Plot2_E1::76,2021_Ref_Plot2_E1,Field2,test,5,12,0.10853707231114551,10.334294293556542,-0.0004961093685527803
2021_Ref_Plot2_E1::80,2021_Ref_Plot2_E1,Field2,test,4,13,0.045071239970913085,8.520015556947696,0.008160718695297345
2021_Ref_Plot2_E1::85,2021_Ref_Plot2_E1,Field2,test,5,14,0.03293191194823544,10.233197534305582,0.007574768042856989
2021_Ref_Plot2_E18::8,2021_Ref_Plot2_E18,Field2,test,7,1,0.4994282691320577,10.185958400110497,0.0900222699047389
2021_Ref_Plot2_E18::16,2021_Ref_Plot2_E18,Field2,test,8,2,0.6687506123602954,19.683135855948137,0.16903123050965863
2021_Ref_Plot2_E18::22,2021_Ref_Plot2_E18,Field2,test,6,3,0.17817939422356055,9.623575144548933,0.03438293052199063
2021_Ref_Plot2_E18::27,2021_Ref_Plot2_E18,Field2,test,5,4,0.20888675875344145,13.703261349177014,0.04473944725035584
2021_Ref_Plot2_E18::35,2021_Ref_Plot2_E18,Field2,test,8,5,0.11176741127130256,12.775679562174268,0.027897084335383127
2021_Ref_Plot2_E18::44,2021_Ref_Plot2_E18,Field2,test,9,6,0.08295002253417451,12.551882153953597,0.015403617820039468
2021_Ref_Plot2_E18::50,2021_Ref_Plot2_E18,Field2,test,6,7,0.05214252120765484,10.267455803297254,0.027047341600102023
2021_Ref_Plot2_E18::57,2021_Ref_Plot2_E18,Field2,test,7,8,0.06333366111617916,11.650277037422534,0.02405135578762959
2021_Ref_Plot2_E18::65,2021_Ref_Plot2_E18,Field2,test,8,9,0.057339525331287756,10.078522329025034,0.009387430582377837
2021_Ref_Plot2_E18::69,2021_Ref_Plot2_E18,Field2,test,4,10,0.08671017559699518,11.128599782726756,0.024729830231499033
2021_Ref_Plot2_E18::71,2021_Ref_Plot2_E18,Field2,test,2,11,0.0728533284166763,9.530624833982458,0.04047295057378501
2021_Ref_Plot2_E18::76,2021_Ref_Plot2_E18,Field2,test,5,12,0.09086843634825215,11.305449889311394,0.005601168121904308
2021_Ref_Plot2_E18::80,2021_Ref_Plot2_E18,Field2,test,4,13,0.04235266187752008,9.789361315718361,0.016933540200921488
2021_Ref_Plot2_E18::85,2021_Ref_Plot2_E18,Field2,test,5,14,0.04080724112178953,10.92656803973034,0.012256248678239075
2021_Ref_Plot2_E7::8,2021_Ref_Plot2_E7,Field2,test,7,1,0.5060506995905086,10.835421833523444,0.08943215207283334
2021_Ref_Plot2_E7::16,2021_Ref_Plot2_E7,Field2,test,8,2,0.6176249844833004,19.19282224828377,0.14164631999220342
2021_Ref_Plot2_E7::22,2021_Ref_Plot2_E7,Field2,test,6,3,0.11236222835430482,8.018661065635138,0.02767114069614745
2021_Ref_Plot2_E7::27,2021_Ref_Plot2_E7,Field2,test,5,4,0.15268830191831875,13.151225308174862,0.02839535867275857
2021_Ref_Plot2_E7::35,2021_Ref_Plot2_E7,Field2,test,8,5,0.09970099311987628,12.809692895555393,0.014382391306310714
2021_Ref_Plot2_E7::44,2021_Ref_Plot2_E7,Field2,test,9,6,0.09410665806374724,12.25423475909043,0.01184308356140647
2021_Ref_Plot2_E7::50,2021_Ref_Plot2_E7,Field2,test,6,7,0.04503166986328302,10.125232680231463,0.01627702307802342
2021_Ref_Plot2_E7::57,2021_Ref_Plot2_E7,Field2,test,7,8,0.07017262604756665,11.711026050399838,0.01566012835589281
2021_Ref_Plot2_E7::65,2021_Ref_Plot2_E7,Field2,test,8,9,0.0498300180902664,9.566416338684014,0.004754471921679966
2021_Ref_Plot2_E7::69,2021_Ref_Plot2_E7,Field2,test,4,10,0.06779107107312639,9.85053984282065,0.023086048358867066
2021_Ref_Plot2_E7::71,2021_Ref_Plot2_E7,Field2,test,2,11,0.06413520113292705,9.62834580978668,0.02691486189145301
2021_Ref_Plot2_E7::76,2021_Ref_Plot2_E7,Field2,test,5,12,0.09684454701356054,11.98844408305849,0.011789826547570471
2021_Ref_Plot2_E7::80,2021_Ref_Plot2_E7,Field2,test,4,13,0.04339651477019132,9.626106664498641,0.01619684327042856
2021_Ref_Plot2_E7::85,2021_Ref_Plot2_E7,Field2,test,5,14,0.046760299929459154,11.393474846192477,0.02289946871903495
2021_Ref_Plot3_A6::8,2021_Ref_Plot3_A6,Field2,test,7,1,0.5563334209497467,11.153084379814171,0.11100726122016262
2021_Ref_Plot3_A6::16,2021_Ref_Plot3_A6,Field2,test,8,2,0.6961630556265971,19.525972164205058,0.19794946982601455
2021_Ref_Plot3_A6::22,2021_Ref_Plot3_A6,Field2,test,6,3,0.15873223642554957,9.31233408333698,0.03029625915988153
2021_Ref_Plot3_A6::27,2021_Ref_Plot3_A6,Field2,test,5,4,0.23023328549999167,14.560707970971436,0.027884324848915776
2021_Ref_Plot3_A6::35,2021_Ref_Plot3_A6,Field2,test,8,5,0.13748444743642263,12.037750673163842,0.019285597730912967
2021_Ref_Plot3_A6::44,2021_Ref_Plot3_A6,Field2,test,9,6,0.08981567811587071,8.338163978100145,0.012429274465316003
2021_Ref_Plot3_A6::50,2021_Ref_Plot3_A6,Field2,test,6,7,0.06721209279467806,8.41031413209027,0.04924243558951183
2021_Ref_Plot3_A6::57,2021_Ref_Plot3_A6,Field2,test,7,8,0.10124639719201528,9.876186869601346,0.03477941881611473
2021_Ref_Plot3_A6::65,2021_Ref_Plot3_A6,Field2,test,8,9,0.08580382290169748,10.968552983678784,0.028947108152918063
2021_Ref_Plot3_A6::69,2021_Ref_Plot3_A6,Field2,test,4,10,0.13897223628407454,12.403023555811192,0.039631527935556146
2021_Ref_Plot3_A6::71,2021_Ref_Plot3_A6,Field2,test,2,11,0.06757488530325413,10.320795219299132,0.058194203013318194
2021_Ref_Plot3_A6::76,2021_Ref_Plot3_A6,Field2,test,5,12,0.15594774656465046,12.297645878824781,0.027846456921501873
2021_Ref_Plot3_A6::80,2021_Ref_Plot3_A6,Field2,test,4,13,0.08519119380240499,7.619911128461703,0.02088938810396312
2021_Ref_Plot3_A6::85,2021_Ref_Plot3_A6,Field2,test,5,14,0.08759748605835789,9.552448464233454,0.03275397104682568
2021_Ref_Plot3_A7::8,2021_Ref_Plot3_A7,Field2,test,7,1,0.5588405940791524,11.552961051290023,0.10388480017297083
2021_Ref_Plot3_A7::16,2021_Ref_Plot3_A7,Field2,test,8,2,0.6940029278395351,19.328106467600833,0.18816708239584376
2021_Ref_Plot3_A7::22,2021_Ref_Plot3_A7,Field2,test,6,3,0.16881997987452788,9.276966171765743,0.03196790632272337
2021_Ref_Plot3_A7::27,2021_Ref_Plot3_A7,Field2,test,5,4,0.2676584396736272,14.630992571003866,0.0359585946261093
2021_Ref_Plot3_A7::35,2021_Ref_Plot3_A7,Field2,test,8,5,0.1256385966132326,11.580256122296397,0.013084566992579991
2021_Ref_Plot3_A7::44,2021_Ref_Plot3_A7,Field2,test,9,6,0.09322852158518093,7.767737402914649,0.006199259022011776
2021_Ref_Plot3_A7::50,2021_Ref_Plot3_A7,Field2,test,6,7,0.0725227657376135,8.558936196064026,0.046853668269318416
2021_Ref_Plot3_A7::57,2021_Ref_Plot3_A7,Field2,test,7,8,0.09501242629083072,10.143957409284175,0.03768092020064017
2021_Ref_Plot3_A7::65,2021_Ref_Plot3_A7,Field2,test,8,9,0.07082080647936169,10.65956166305234,0.029250191883468644
2021_Ref_Plot3_A7::69,2021_Ref_Plot3_A7,Field2,test,4,10,0.12128337439608528,12.494257909660785,0.041152689418938265
2021_Ref_Plot3_A7::71,2021_Ref_Plot3_A7,Field2,test,2,11,0.06462894085517605,10.313966697298403,0.042213013516104986
2021_Ref_Plot3_A7::76,2021_Ref_Plot3_A7,Field2,test,5,12,0.12158802530019042,10.781016939225063,0.012259780115167925
2021_Ref_Plot3_A7::80,2021_Ref_Plot3_A7,Field2,test,4,13,0.07616204372001326,8.895700114793177,0.02399643380478384
2021_Ref_Plot3_A7::85,2021_Ref_Plot3_A7,Field2,test,5,14,0.06801897886202918,10.063306147579517,0.04866362911480917
2021_Ref_Plot3_B1::8,2021_Ref_Plot3_B1,Field2,test,7,1,0.5435786467872807,11.275691196215922,0.11005325198484874
2021_Ref_Plot3_B1::16,2021_Ref_Plot3_B1,Field2,test,8,2,0.7003175613888284,19.51161516199267,0.2007333906730529
2021_Ref_Plot3_B1::22,2021_Ref_Plot3_B1,Field2,test,6,3,0.1520613150078812,8.64313274432048,0.02714336561736165
2021_Ref_Plot3_B1::27,2021_Ref_Plot3_B1,Field2,test,5,4,0.2607577228454316,14.269496799037123,0.040665161427114495
2021_Ref_Plot3_B1::35,2021_Ref_Plot3_B1,Field2,test,8,5,0.15740559119243788,12.299625182030809,0.03164524575875161
2021_Ref_Plot3_B1::44,2021_Ref_Plot3_B1,Field2,test,9,6,0.11052806929679078,7.55358409479454,0.013137866705841434
2021_Ref_Plot3_B1::50,2021_Ref_Plot3_B1,Field2,test,6,7,0.07535683469534234,8.46850630647756,0.052533062013907006
2021_Ref_Plot3_B1::57,2021_Ref_Plot3_B1,Field2,test,7,8,0.11168615971386602,10.797657709721841,0.027463405406355945
2021_Ref_Plot3_B1::65,2021_Ref_Plot3_B1,Field2,test,8,9,0.09377846710939586,10.618662878930854,0.03204820726783587
2021_Ref_Plot3_B1::69,2021_Ref_Plot3_B1,Field2,test,4,10,0.10954877350041187,11.546577686429467,0.037444430013769806
2021_Ref_Plot3_B1::71,2021_Ref_Plot3_B1,Field2,test,2,11,0.07366995834870711,10.717132958865838,0.08242776244558371
2021_Ref_Plot3_B1::76,2021_Ref_Plot3_B1,Field2,test,5,12,0.1474159002095248,11.607653859238912,0.03138726140884479
2021_Ref_Plot3_B1::80,2021_Ref_Plot3_B1,Field2,test,4,13,0.09082026530204822,7.521312215073755,0.01676792516996401
2021_Ref_Plot3_B1::85,2021_Ref_Plot3_B1,Field2,test,5,14,0.06583601039736209,8.973791335834362,0.013604327187351438
2021_Ref_Plot3_B10::8,2021_Ref_Plot3_B10,Field2,test,7,1,0.6065969185701924,12.758919194544724,0.11509854903175494
2021_Ref_Plot3_B10::16,2021_Ref_Plot3_B10,Field2,test,8,2,0.7137405503253674,19.53901861577527,0.21129989669240481
2021_Ref_Plot3_B10::22,2021_Ref_Plot3_B10,Field2,test,6,3,0.13163501755940032,7.653219097573995,0.026288576384923722
2021_Ref_Plot3_B10::27,2021_Ref_Plot3_B10,Field2,test,5,4,0.2762172406366234,14.890971561541907,0.045725752895196946
2021_Ref_Plot3_B10::35,2021_Ref_Plot3_B10,Field2,test,8,5,0.16273534035413545,12.46505551513765,0.02507958453539839
2021_Ref_Plot3_B10::44,2021_Ref_Plot3_B10,Field2,test,9,6,0.14037073176861564,7.757953200789409,0.014486197731965914
2021_Ref_Plot3_B10::50,2021_Ref_Plot3_B10,Field2,test,6,7,0.08317058956590344,8.46047499204245,0.06517721082326022
2021_Ref_Plot3_B10::57,2021_Ref_Plot3_B10,Field2,test,7,8,0.09405508117885254,10.017125040698318,0.022654132701316117
2021_Ref_Plot3_B10::65,2021_Ref_Plot3_B10,Field2,test,8,9,0.08037943391737841,10.259394668535686,0.023250408900939247
2021_Ref_Plot3_B10::69,2021_Ref_Plot3_B10,Field2,test,4,10,0.10007699636806518,11.91684995231146,0.05436668249616351
2021_Ref_Plot3_B10::71,2021_Ref_Plot3_B10,Field2,test,2,11,0.09182007534148422,10.560610019432291,0.10003521369783588
2021_Ref_Plot3_B10::76,2021_Ref_Plot3_B10,Field2,test,5,12,0.12133877565333395,11.881134243947336,0.034079646688367646
2021_Ref_Plot3_B10::80,2021_Ref_Plot3_B10,Field2,test,4,13,0.07322349880462603,7.7263964696412994,0.011393133160488875
2021_Ref_Plot3_B10::85,2021_Ref_Plot3_B10,Field2,test,5,14,0.08051681272631993,10.224445443649167,0.04078844926485451
2021_Ref_Plot3_B12::8,2021_Ref_Plot3_B12,Field2,test,7,1,0.5942662530154156,12.237953744838386,0.12693231470314342
2021_Ref_Plot3_B12::16,2021_Ref_Plot3_B12,Field2,test,8,2,0.7255995347075507,19.99229657105779,0.2204385630499863
2021_Ref_Plot3_B12::22,2021_Ref_Plot3_B12,Field2,test,6,3,0.13504632422463614,7.8260870998691745,0.026469674624560582
2021_Ref_Plot3_B12::27,2021_Ref_Plot3_B12,Field2,test,5,4,0.25021222531918125,14.070657061424889,0.03881235604783757
2021_Ref_Plot3_B12::35,2021_Ref_Plot3_B12,Field2,test,8,5,0.14270128413407282,12.196399042721415,0.030641099848528985
2021_Ref_Plot3_B12::44,2021_Ref_Plot3_B12,Field2,test,9,6,0.1143517826325624,7.65690509321248,0.012112083734381952
2021_Ref_Plot3_B12::50,2021_Ref_Plot3_B12,Field2,test,6,7,0.08615782326424115,8.456188504858721,0.04368884852043882
2021_Ref_Plot3_B12::57,2021_Ref_Plot3_B12,Field2,test,7,8,0.08777174785395118,10.471485633100329,0.03350242625916307
2021_Ref_Plot3_B12::65,2021_Ref_Plot3_B12,Field2,test,8,9,0.07684749922170842,9.953740484275965,0.022253065724984967
2021_Ref_Plot3_B12::69,2021_Ref_Plot3_B12,Field2,test,4,10,0.09844497758223357,11.647521840546753,0.042125034995657756
2021_Ref_Plot3_B12::71,2021_Ref_Plot3_B12,Field2,test,2,11,0.08047658996485016,10.311194756480859,0.059980783527031886
2021_Ref_Plot3_B12::76,2021_Ref_Plot3_B12,Field2,test,5,12,0.11805616120634149,11.599719141883929,0.006160694458644884
2021_Ref_Plot3_B12::80,2021_Ref_Plot3_B12,Field2,test,4,13,0.0613483527352055,8.94788435207338,0.01845950068478357
2021_Ref_Plot3_B12::85,2021_Ref_Plot3_B12,Field2,test,5,14,0.06853442504604965,9.832060158927304,0.015476791972239142
2021_Ref_Plot3_B17::8,2021_Ref_Plot3_B17,Field2,test,7,1,0.6191804707190313,13.583990843826202,0.12179440071621082
2021_Ref_Plot3_B17::16,2021_Ref_Plot3_B17,Field2,test,8,2,0.7189330105993639,19.767439899255066,0.21667523015083698
2021_Ref_Plot3_B17::22,2021_Ref_Plot3_B17,Field2,test,6,3,0.12747131189540584,7.092317055218325,0.024799820266000732
2021_Ref_Plot3_B17::27,2021_Ref_Plot3_B17,Field2,test,5,4,0.21204940814756823,13.574424237526552,0.036268205604448454
2021_Ref_Plot3_B17::35,2021_Ref_Plot3_B17,Field2,test,8,5,0.12252954755548605,11.8173364259653,0.021445043130548746
2021_Ref_Plot3_B17::44,2021_Ref_Plot3_B17,Field2,test,9,6,0.1074413829183808,8.136331223128103,0.010108063531634378
2021_Ref_Plot3_B17::50,2021_Ref_Plot3_B17,Field2,test,6,7,0.0711503415594219,8.16027929060054,0.016273040484662812
2021_Ref_Plot3_B17::57,2021_Ref_Plot3_B17,Field2,test,7,8,0.08275129957256086,9.960886820702138,0.021188280007783892
2021_Ref_Plot3_B17::65,2021_Ref_Plot3_B17,Field2,test,8,9,0.06995230320212854,10.083041380464667,0.016239891801304394
2021_Ref_Plot3_B17::69,2021_Ref_Plot3_B17,Field2,test,4,10,0.09797440943988349,11.577658587297165,0.061250257643788025
2021_Ref_Plot3_B17::71,2021_Ref_Plot3_B17,Field2,test,2,11,0.08310947819257387,9.739912897746377,0.054854413056183764
2021_Ref_Plot3_B17::76,2021_Ref_Plot3_B17,Field2,test,5,12,0.10862375024061986,10.21127015007194,0.003638019092737527
2021_Ref_Plot3_B17::80,2021_Ref_Plot3_B17,Field2,test,4,13,0.0656939362982406,9.015602858563225,0.029361815399231914
2021_Ref_Plot3_B17::85,2021_Ref_Plot3_B17,Field2,test,5,14,0.07349278360596564,9.740080648984076,0.046708230671929904
2021_Ref_Plot3_B3::8,2021_Ref_Plot3_B3,Field2,test,7,1,0.5617832680148013,11.58318684179753,0.11198525291247403
2021_Ref_Plot3_B3::16,2021_Ref_Plot3_B3,Field2,test,8,2,0.7108643378683049,19.487537077808472,0.21210421252698936
2021_Ref_Plot3_B3::22,2021_Ref_Plot3_B3,Field2,test,6,3,0.1474866731654251,8.554748901560913,0.028158590315485177
2021_Ref_Plot3_B3::27,2021_Ref_Plot3_B3,Field2,test,5,4,0.25073606252068126,14.067898948930523,0.03560230071481968
2021_Ref_Plot3_B3::35,2021_Ref_Plot3_B3,Field2,test,8,5,0.1578705698756702,12.650186080864675,0.033269690460996496
2021_Ref_Plot3_B3::44,2021_Ref_Plot3_B3,Field2,test,9,6,0.11221609261829164,8.620085018999427,0.026724729834959975
2021_Ref_Plot3_B3::50,2021_Ref_Plot3_B3,Field2,test,6,7,0.0762335602057605,8.6217260002446,0.047517828445938194
2021_Ref_Plot3_B3::57,2021_Ref_Plot3_B3,Field2,test,7,8,0.10322586794958587,10.956312966650131,0.05058117709342285
2021_Ref_Plot3_B3::65,2021_Ref_Plot3_B3,Field2,test,8,9,0.08811481193421156,11.084109882223432,0.04883932265664858
2021_Ref_Plot3_B3::69,2021_Ref_Plot3_B3,Field2,test,4,10,0.12262769900863317,12.4443950212405,0.06645094754545172
2021_Ref_Plot3_B3::71,2021_Ref_Plot3_B3,Field2,test,2,11,0.09330974695959059,9.214668379588623,0.03428435892594559
2021_Ref_Plot3_B3::76,2021_Ref_Plot3_B3,Field2,test,5,12,0.17219475112497593,11.561973863019034,0.016780859366401345
2021_Ref_Plot3_B3::80,2021_Ref_Plot3_B3,Field2,test,4,13,0.09754711370151396,8.601957657199838,0.027602684433209387
2021_Ref_Plot3_B3::85,2021_Ref_Plot3_B3,Field2,test,5,14,0.07381762739389117,8.888740265725463,0.026069515842803256
2021_Ref_Plot3_B6::8,2021_Ref_Plot3_B6,Field2,test,7,1,0.5866199232933514,12.365844776789498,0.12014644111895913
2021_Ref_Plot3_B6::16,2021_Ref_Plot3_B6,Field2,test,8,2,0.7206214994263345,19.875739793034274,0.2020541886691497
2021_Ref_Plot3_B6::22,2021_Ref_Plot3_B6,Field2,test,6,3,0.15509016827673217,8.416729991114718,0.028080698731966218
2021_Ref_Plot3_B6::27,2021_Ref_Plot3_B6,Field2,test,5,4,0.2584857450334872,14.460720008965836,0.04108949901825306
2021_Ref_Plot3_B6::35,2021_Ref_Plot3_B6,Field2,test,8,5,0.16159927187443313,12.70151605341771,0.034411411684579174
2021_Ref_Plot3_B6::44,2021_Ref_Plot3_B6,Field2,test,9,6,0.11104179996479342,7.663920455152137,0.013873052808470674
2021_Ref_Plot3_B6::50,2021_Ref_Plot3_B6,Field2,test,6,7,0.07890745833303033,8.11216522504671,0.06316395657271995
2021_Ref_Plot3_B6::57,2021_Ref_Plot3_B6,Field2,test,7,8,0.09375328507429666,10.181181514974309,0.020254244850397445
2021_Ref_Plot3_B6::65,2021_Ref_Plot3_B6,Field2,test,8,9,0.08436130055550095,11.069728565805939,0.04465751295068691
2021_Ref_Plot3_B6::69,2021_Ref_Plot3_B6,Field2,test,4,10,0.14208810914835582,12.718478062121875,0.0667499008863578
2021_Ref_Plot3_B6::71,2021_Ref_Plot3_B6,Field2,test,2,11,0.08446613939384795,10.517026290023193,0.07259288821644912
2021_Ref_Plot3_B6::76,2021_Ref_Plot3_B6,Field2,test,5,12,0.19752303036080723,12.809894886092586,0.03535822204469387
2021_Ref_Plot3_B6::80,2021_Ref_Plot3_B6,Field2,test,4,13,0.08368914255677988,7.509338507137112,0.01678683068637697
2021_Ref_Plot3_B6::85,2021_Ref_Plot3_B6,Field2,test,5,14,0.08378821379177782,9.26823686174339,0.0353071649574134
2021_Ref_Plot3_B7::8,2021_Ref_Plot3_B7,Field2,test,7,1,0.5976098672990618,12.497521957665416,0.13209910791453092
2021_Ref_Plot3_B7::16,2021_Ref_Plot3_B7,Field2,test,8,2,0.7030592303448829,19.487955192852226,0.20181559628018111
2021_Ref_Plot3_B7::22,2021_Ref_Plot3_B7,Field2,test,6,3,0.145520161331845,8.358578005124556,0.02864203087524181
2021_Ref_Plot3_B7::27,2021_Ref_Plot3_B7,Field2,test,5,4,0.24176379794565353,14.329654035415809,0.03613487885559044
2021_Ref_Plot3_B7::35,2021_Ref_Plot3_B7,Field2,test,8,5,0.1497972178753161,12.371986603520293,0.025374597334043406
2021_Ref_Plot3_B7::44,2021_Ref_Plot3_B7,Field2,test,9,6,0.10856791341980594,8.320716921635544,0.01894041220781284
2021_Ref_Plot3_B7::50,2021_Ref_Plot3_B7,Field2,test,6,7,0.06850903890385744,8.766912151354369,0.06718699138629074
2021_Ref_Plot3_B7::57,2021_Ref_Plot3_B7,Field2,test,7,8,0.09167212235712836,10.330858084569801,0.029107882057948523
2021_Ref_Plot3_B7::65,2021_Ref_Plot3_B7,Field2,test,8,9,0.07456154412062464,10.543567698941303,0.034308673805334124
2021_Ref_Plot3_B7::69,2021_Ref_Plot3_B7,Field2,test,4,10,0.132690843045044,12.6935390498393,0.058715398913262974
2021_Ref_Plot3_B7::71,2021_Ref_Plot3_B7,Field2,test,2,11,0.08342665691402029,10.51731795811601,0.07114424664325299
2021_Ref_Plot3_B7::76,2021_Ref_Plot3_B7,Field2,test,5,12,0.1374985353938262,11.749943629844623,0.015628784160893843
2021_Ref_Plot3_B7::80,2021_Ref_Plot3_B7,Field2,test,4,13,0.07014384272114643,8.573412784545395,0.02000312580771985
2021_Ref_Plot3_B7::85,2021_Ref_Plot3_B7,Field2,test,5,14,0.07096538411499745,10.0617453033116,0.04068623052510577
2021_Ref_Plot3_B8::8,2021_Ref_Plot3_B8,Field2,test,7,1,0.6033167906062995,12.616899579952662,0.1271204631704153
2021_Ref_Plot3_B8::16,2021_Ref_Plot3_B8,Field2,test,8,2,0.7125888676130204,19.322744098288776,0.22006749279783092
2021_Ref_Plot3_B8::22,2021_Ref_Plot3_B8,Field2,test,6,3,0.15018261677929232,8.527925515271486,0.02866309112783958
2021_Ref_Plot3_B8::27,2021_Ref_Plot3_B8,Field2,test,5,4,0.2202123825984609,13.666562268623403,0.03421505479427267
2021_Ref_Plot3_B8::35,2021_Ref_Plot3_B8,Field2,test,8,5,0.15846616601212374,12.777199752259493,0.0252282768178422
2021_Ref_Plot3_B8::44,2021_Ref_Plot3_B8,Field2,test,9,6,0.09212728185898479,7.981175129513134,0.006886480548586693
2021_Ref_Plot3_B8::50,2021_Ref_Plot3_B8,Field2,test,6,7,0.06348243988665804,8.522651003357272,0.05534170669106107
2021_Ref_Plot3_B8::57,2021_Ref_Plot3_B8,Field2,test,7,8,0.0803247683162443,10.464398019063278,0.00884914747507161
2021_Ref_Plot3_B8::65,2021_Ref_Plot3_B8,Field2,test,8,9,0.08614772997043041,10.67034175582923,0.027589276061026864
2021_Ref_Plot3_B8::69,2021_Ref_Plot3_B8,Field2,test,4,10,0.10494016425851731,12.091428642858924,0.05455283722384765
2021_Ref_Plot3_B8::71,2021_Ref_Plot3_B8,Field2,test,2,11,0.08573730836674952,10.208679952490918,0.051668080809242886
2021_Ref_Plot3_B8::76,2021_Ref_Plot3_B8,Field2,test,5,12,0.12334235875859262,10.599854764335744,0.021587204255730123
2021_Ref_Plot3_B8::80,2021_Ref_Plot3_B8,Field2,test,4,13,0.08477393361878244,9.048047974378408,0.02896115166408007
2021_Ref_Plot3_B8::85,2021_Ref_Plot3_B8,Field2,test,5,14,0.08413997318501781,9.62244079765202,0.0320551177342355
2021_Ref_Plot3_C15::8,2021_Ref_Plot3_C15,Field2,test,7,1,0.5719843684450435,11.260970927993228,0.1089041000789484
2021_Ref_Plot3_C15::16,2021_Ref_Plot3_C15,Field2,test,8,2,0.6939215385353936,19.73472389314785,0.19099560610038083
2021_Ref_Plot3_C15::22,2021_Ref_Plot3_C15,Field2,test,6,3,0.14283483981787634,7.742719193564297,0.02952413035521727
2021_Ref_Plot3_C15::27,2021_Ref_Plot3_C15,Field2,test,5,4,0.21666367743602702,12.81043875995779,0.025645881128262535
2021_Ref_Plot3_C15::35,2021_Ref_Plot3_C15,Field2,test,8,5,0.12586620476800217,11.327032882425605,0.04367283452003134
2021_Ref_Plot3_C15::44,2021_Ref_Plot3_C15,Field2,test,9,6,0.07812990577657457,8.080193835278676,-0.010749501958459914
2021_Ref_Plot3_C15::50,2021_Ref_Plot3_C15,Field2,test,6,7,0.07670362271464341,8.814001168387389,0.05358502003623596
2021_Ref_Plot3_C15::57,2021_Ref_Plot3_C15,Field2,test,7,8,0.07936737735130445,10.078588020061822,0.021141728550492254
2021_Ref_Plot3_C15::65,2021_Ref_Plot3_C15,Field2,test,8,9,0.06468861749800282,9.635566618849463,0.015896191857264225
2021_Ref_Plot3_C15::69,2021_Ref_Plot3_C15,Field2,test,4,10,0.08288630744583501,10.924333883513615,0.03551060576388137
2021_Ref_Plot3_C15::71,2021_Ref_Plot3_C15,Field2,test,2,11,0.07675118996241888,9.728886428321417,0.032395284648797734
2021_Ref_Plot3_C15::76,2021_Ref_Plot3_C15,Field2,test,5,12,0.10214352353349308,10.402056671484205,0.017154998835754696
2021_Ref_Plot3_C15::80,2021_Ref_Plot3_C15,Field2,test,4,13,0.09562572228332743,9.697260122819777,0.05509353674332446
2021_Ref_Plot3_C15::85,2021_Ref_Plot3_C15,Field2,test,5,14,0.09346690583386069,10.54124607912652,0.06110549611763403
2021_Ref_Plot3_C2::8,2021_Ref_Plot3_C2,Field2,test,7,1,0.5483109329249152,11.154016040605965,0.10023132725260792
2021_Ref_Plot3_C2::16,2021_Ref_Plot3_C2,Field2,test,8,2,0.706282672622181,19.623494092589354,0.1984351042467942
2021_Ref_Plot3_C2::22,2021_Ref_Plot3_C2,Field2,test,6,3,0.14110814771482277,8.29155588753559,0.0290408421354852
2021_Ref_Plot3_C2::27,2021_Ref_Plot3_C2,Field2,test,5,4,0.2179929148295149,13.666184913822953,0.030043957006813404
2021_Ref_Plot3_C2::35,2021_Ref_Plot3_C2,Field2,test,8,5,0.1486901582371509,11.623129959809969,0.02680357120679796
2021_Ref_Plot3_C2::44,2021_Ref_Plot3_C2,Field2,test,9,6,0.09315273097408809,8.709590483791182,0.022332703182098176
2021_Ref_Plot3_C2::50,2021_Ref_Plot3_C2,Field2,test,6,7,0.06866911687000647,8.93417387361135,0.05935860340004485
2021_Ref_Plot3_C2::57,2021_Ref_Plot3_C2,Field2,test,7,8,0.09304089474788907,11.071521224443792,0.03782170489043054
2021_Ref_Plot3_C2::65,2021_Ref_Plot3_C2,Field2,test,8,9,0.08924320639350913,9.726357703920833,0.0372543997554918
2021_Ref_Plot3_C2::69,2021_Ref_Plot3_C2,Field2,test,4,10,0.1238800669006962,11.44859543272619,0.03187818721962585
2021_Ref_Plot3_C2::71,2021_Ref_Plot3_C2,Field2,test,2,11,0.09084278046102932,10.44836750360684,0.049546664964843945
2021_Ref_Plot3_C2::76,2021_Ref_Plot3_C2,Field2,test,5,12,0.18204273823560269,13.389036029620353,0.036896083788632225
2021_Ref_Plot3_C2::80,2021_Ref_Plot3_C2,Field2,test,4,13,0.07511988660012194,7.549135818178328,0.030416803515604662
2021_Ref_Plot3_C2::85,2021_Ref_Plot3_C2,Field2,test,5,14,0.07282728286508737,9.579531979996807,0.02514684200196039
2021_Ref_Plot3_C3::8,2021_Ref_Plot3_C3,Field2,test,7,1,0.5601163298855482,11.520630494015586,0.09884848321812587
2021_Ref_Plot3_C3::16,2021_Ref_Plot3_C3,Field2,test,8,2,0.6802884045216969,19.37960982786841,0.18482560682532417
2021_Ref_Plot3_C3::22,2021_Ref_Plot3_C3,Field2,test,6,3,0.14855034935104247,8.606978920403698,0.02741917794810223
2021_Ref_Plot3_C3::27,2021_Ref_Plot3_C3,Field2,test,5,4,0.23195676482392072,13.564101016431607,0.03195426190945584
2021_Ref_Plot3_C3::35,2021_Ref_Plot3_C3,Field2,test,8,5,0.131572257367612,11.699835114731735,0.02577643913873213
2021_Ref_Plot3_C3::44,2021_Ref_Plot3_C3,Field2,test,9,6,0.08104991783530152,8.098735134479506,0.012584866325151501
2021_Ref_Plot3_C3::50,2021_Ref_Plot3_C3,Field2,test,6,7,0.07182293948372208,8.830695361558524,0.04899636780102363
2021_Ref_Plot3_C3::57,2021_Ref_Plot3_C3,Field2,test,7,8,0.08758976848368553,10.705861651043909,0.02655958541764368
2021_Ref_Plot3_C3::65,2021_Ref_Plot3_C3,Field2,test,8,9,0.07773190927191374,10.273600290532904,0.0271176805631168
2021_Ref_Plot3_C3::69,2021_Ref_Plot3_C3,Field2,test,4,10,0.11842127996766649,12.075439489411186,0.03497480313109111
2021_Ref_Plot3_C3::71,2021_Ref_Plot3_C3,Field2,test,2,11,0.09803007378733884,10.144206918900604,0.028546445546013637
2021_Ref_Plot3_C3::76,2021_Ref_Plot3_C3,Field2,test,5,12,0.19355043293104324,12.48016818326917,0.01420168782674965
2021_Ref_Plot3_C3::80,2021_Ref_Plot3_C3,Field2,test,4,13,0.08191083936032244,8.234612053751938,0.016973186670963685
2021_Ref_Plot3_C3::85,2021_Ref_Plot3_C3,Field2,test,5,14,0.084012846294422,10.153699298646819,0.04565292443371572
2021_Ref_Plot3_C4::8,2021_Ref_Plot3_C4,Field2,test,7,1,0.5480757117631014,11.280151676175898,0.10107205391845445
2021_Ref_Plot3_C4::16,2021_Ref_Plot3_C4,Field2,test,8,2,0.6694834023538131,19.62013351257832,0.18737500478523877
2021_Ref_Plot3_C4::22,2021_Ref_Plot3_C4,Field2,test,6,3,0.15277826526925453,9.061298796009531,0.03044264734802661
2021_Ref_Plot3_C4::27,2021_Ref_Plot3_C4,Field2,test,5,4,0.22216726495364533,13.705266394153515,0.036391592601247164
2021_Ref_Plot3_C4::35,2021_Ref_Plot3_C4,Field2,test,8,5,0.10955717142477417,10.920344954026572,0.019578660609188284
2021_Ref_Plot3_C4::44,2021_Ref_Plot3_C4,Field2,test,9,6,0.07945882403074182,7.7485456709013345,-0.012168756913919243
2021_Ref_Plot3_C4::50,2021_Ref_Plot3_C4,Field2,test,6,7,0.0706388381064202,9.184451963035446,0.0710315690091135
2021_Ref_Plot3_C4::57,2021_Ref_Plot3_C4,Field2,test,7,8,0.08054326082402415,10.86554140646726,0.03352337287853452
2021_Ref_Plot3_C4::65,2021_Ref_Plot3_C4,Field2,test,8,9,0.08040633135126052,9.895743188781829,0.03208549086747521
2021_Ref_Plot3_C4::69,2021_Ref_Plot3_C4,Field2,test,4,10,0.12440875393427213,11.47412403254969,0.05429481799855682
2021_Ref_Plot3_C4::71,2021_Ref_Plot3_C4,Field2,test,2,11,0.09313555891463553,9.310400132693937,0.015242705203729801
2021_Ref_Plot3_C4::76,2021_Ref_Plot3_C4,Field2,test,5,12,0.1643320082253886,11.117658665518134,0.010760189254309075
2021_Ref_Plot3_C4::80,2021_Ref_Plot3_C4,Field2,test,4,13,0.09083098990723361,8.141775030211013,0.023003788758032665
2021_Ref_Plot3_C4::85,2021_Ref_Plot3_C4,Field2,test,5,14,0.08688143037818025,10.306599833667986,0.0375803949053624
2021_Ref_Plot3_D1::8,2021_Ref_Plot3_D1,Field2,test,7,1,0.5206531182098403,9.743105829755741,0.0965615156913954
2021_Ref_Plot3_D1::16,2021_Ref_Plot3_D1,Field2,test,8,2,0.6890026392305888,20.105817439167023,0.19192056427633056
2021_Ref_Plot3_D1::22,2021_Ref_Plot3_D1,Field2,test,6,3,0.13266029203947408,8.077789100265683,0.028649015158842852
2021_Ref_Plot3_D1::27,2021_Ref_Plot3_D1,Field2,test,5,4,0.21852151299100056,13.908862920054295,0.03546697034292539
2021_Ref_Plot3_D1::35,2021_Ref_Plot3_D1,Field2,test,8,5,0.1396086841867792,12.070299334860708,0.017299922190652683
2021_Ref_Plot3_D1::44,2021_Ref_Plot3_D1,Field2,test,9,6,0.11106672153874951,9.609588237695862,0.024720428843938335
2021_Ref_Plot3_D1::50,2021_Ref_Plot3_D1,Field2,test,6,7,0.07395863419545294,8.946070819963351,0.05227861637994168
2021_Ref_Plot3_D1::57,2021_Ref_Plot3_D1,Field2,test,7,8,0.10887369586518943,11.112667628525967,0.028503130187835082
2021_Ref_Plot3_D1::65,2021_Ref_Plot3_D1,Field2,test,8,9,0.08090006805021556,9.400353986998775,0.024205750455494418
2021_Ref_Plot3_D1::69,2021_Ref_Plot3_D1,Field2,test,4,10,0.09902807568975559,10.704602158419856,0.04817987917763055
2021_Ref_Plot3_D1::71,2021_Ref_Plot3_D1,Field2,test,2,11,0.1012024750205713,9.412331116530627,0.09788200724814955
2021_Ref_Plot3_D1::76,2021_Ref_Plot3_D1,Field2,test,5,12,0.13621052077831738,12.544257368776844,0.03649406621770306
2021_Ref_Plot3_D1::80,2021_Ref_Plot3_D1,Field2,test,4,13,0.08625549116773705,8.377039115882939,0.036104336415091705
2021_Ref_Plot3_D1::85,2021_Ref_Plot3_D1,Field2,test,5,14,0.09215671210092176,9.643977350759672,0.0297137884224295
2021_Ref_Plot3_D15::8,2021_Ref_Plot3_D15,Field2,test,7,1,0.5084751961462618,9.366478086805618,0.10016110240405877
2021_Ref_Plot3_D15::16,2021_Ref_Plot3_D15,Field2,test,8,2,0.6801142336843328,19.949948446555318,0.18709185824703997
2021_Ref_Plot3_D15::22,2021_Ref_Plot3_D15,Field2,test,6,3,0.13483078023481385,7.98190589049511,0.031221009525141355
2021_Ref_Plot3_D15::27,2021_Ref_Plot3_D15,Field2,test,5,4,0.20295085937052115,12.970712119493342,0.030566979615144905
2021_Ref_Plot3_D15::35,2021_Ref_Plot3_D15,Field2,test,8,5,0.13228438543583235,11.709180512044776,0.02611385349822999
2021_Ref_Plot3_D15::44,2021_Ref_Plot3_D15,Field2,test,9,6,0.07796468910430165,9.306370950419199,0.003192643760165519
2021_Ref_Plot3_D15::50,2021_Ref_Plot3_D15,Field2,test,6,7,0.06858803075498066,9.029609479127082,0.04565496775340515
2021_Ref_Plot3_D15::57,2021_Ref_Plot3_D15,Field2,test,7,8,0.0855522574913734,10.734605651108257,0.01427427650893132
2021_Ref_Plot3_D15::65,2021_Ref_Plot3_D15,Field2,test,8,9,0.05337294150191882,9.232430612789948,0.017159415590405576
2021_Ref_Plot3_D15::69,2021_Ref_Plot3_D15,Field2,test,4,10,0.07524252819228879,10.329525838167296,0.03745439409662156
2021_Ref_Plot3_D15::71,2021_Ref_Plot3_D15,Field2,test,2,11,0.08321141545863092,10.443898101543244,0.03945774582194165
2021_Ref_Plot3_D15::76,2021_Ref_Plot3_D15,Field2,test,5,12,0.11525402930303365,11.963078880425439,0.008004438489836688
2021_Ref_Plot3_D15::80,2021_Ref_Plot3_D15,Field2,test,4,13,0.07901389709825989,8.30942620306876,0.0213901564923923
2021_Ref_Plot3_D15::85,2021_Ref_Plot3_D15,Field2,test,5,14,0.1167862403945521,10.714528988970265,0.06971349138370449
2021_Ref_Plot3_D19::8,2021_Ref_Plot3_D19,Field2,test,7,1,0.4934620554628215,9.351964050541204,0.09889924292184515
2021_Ref_Plot3_D19::16,2021_Ref_Plot3_D19,Field2,test,8,2,0.6685321102555347,19.93895967994893,0.17348886155590101
2021_Ref_Plot3_D19::22,2021_Ref_Plot3_D19,Field2,test,6,3,0.12008588957481782,7.808487410115095,0.02701549958780108
2021_Ref_Plot3_D19::27,2021_Ref_Plot3_D19,Field2,test,5,4,0.18672750699335627,12.65496717272572,0.026196886830072305
2021_Ref_Plot3_D19::35,2021_Ref_Plot3_D19,Field2,test,8,5,0.1381123844046767,11.45263421969812,0.010068105973713175
2021_Ref_Plot3_D19::44,2021_Ref_Plot3_D19,Field2,test,9,6,0.09130000290985452,9.226228077460409,0.008208971517382863
2021_Ref_Plot3_D19::50,2021_Ref_Plot3_D19,Field2,test,6,7,0.06863994664623614,9.019910114448997,0.04778088211003126
2021_Ref_Plot3_D19::57,2021_Ref_Plot3_D19,Field2,test,7,8,0.08702685770312447,10.64599474466496,0.02641811539963366
2021_Ref_Plot3_D19::65,2021_Ref_Plot3_D19,Field2,test,8,9,0.08100064552144771,9.484508568540287,0.036543501127251896
2021_Ref_Plot3_D19::69,2021_Ref_Plot3_D19,Field2,test,4,10,0.09142771842515446,10.987040782206975,0.04812416235581492
2021_Ref_Plot3_D19::71,2021_Ref_Plot3_D19,Field2,test,2,11,0.09041271239505473,9.447792682215454,0.02494586181125796
2021_Ref_Plot3_D19::76,2021_Ref_Plot3_D19,Field2,test,5,12,0.09248904153651029,10.498951400826563,0.019182937441955844
2021_Ref_Plot3_D19::80,2021_Ref_Plot3_D19,Field2,test,4,13,0.06985085203847982,9.00146740414463,0.025355921328999102
2021_Ref_Plot3_D19::85,2021_Ref_Plot3_D19,Field2,test,5,14,0.0685152072053503,10.303530667566417,0.04484121028685815
2021_Ref_Plot3_D20::8,2021_Ref_Plot3_D20,Field2,test,7,1,0.5140295438941194,9.386935611069775,0.10754547432520897
2021_Ref_Plot3_D20::16,2021_Ref_Plot3_D20,Field2,test,8,2,0.6916573953094222,19.988116486281097,0.19643924830842777
2021_Ref_Plot3_D20::22,2021_Ref_Plot3_D20,Field2,test,6,3,0.11857892317227155,7.829505774919188,0.027643798500330958
2021_Ref_Plot3_D20::27,2021_Ref_Plot3_D20,Field2,test,5,4,0.1774707623697687,12.693924551657751,0.021174505589868272
2021_Ref_Plot3_D20::35,2021_Ref_Plot3_D20,Field2,test,8,5,0.13158649489772567,11.681523622239835,0.01988284092344333
2021_Ref_Plot3_D20::44,2021_Ref_Plot3_D20,Field2,test,9,6,0.08896352362808503,9.007026471299472,0.006357959459990035
2021_Ref_Plot3_D20::50,2021_Ref_Plot3_D20,Field2,test,6,7,0.060426529232905396,8.790019294220375,0.04778177366375298
2021_Ref_Plot3_D20::57,2021_Ref_Plot3_D20,Field2,test,7,8,0.09145149693441716,10.816263543033413,0.0228688784641674
2021_Ref_Plot3_D20::65,2021_Ref_Plot3_D20,Field2,test,8,9,0.08051848415892754,9.196360808089224,0.03887260617552012
2021_Ref_Plot3_D20::69,2021_Ref_Plot3_D20,Field2,test,4,10,0.09803338558161745,10.881826556435605,0.05405237510226162
2021_Ref_Plot3_D20::71,2021_Ref_Plot3_D20,Field2,test,2,11,0.07860007495425281,9.442201146342878,0.049565101317293934
2021_Ref_Plot3_D20::76,2021_Ref_Plot3_D20,Field2,test,5,12,0.12309136582919995,10.98157205905461,0.041753210865880984
2021_Ref_Plot3_D20::80,2021_Ref_Plot3_D20,Field2,test,4,13,0.0686613900435761,8.19843996027582,0.02289006737626231
2021_Ref_Plot3_D20::85,2021_Ref_Plot3_D20,Field2,test,5,14,0.08069743150690722,10.384513597369908,0.04648554446561359
2021_Ref_Plot3_E11::8,2021_Ref_Plot3_E11,Field2,test,7,1,0.4926252766096373,9.785982747735568,0.09142118037096411
2021_Ref_Plot3_E11::16,2021_Ref_Plot3_E11,Field2,test,8,2,0.6444144928436683,19.96955677998869,0.16521058969076513
2021_Ref_Plot3_E11::22,2021_Ref_Plot3_E11,Field2,test,6,3,0.1425956772597603,9.182192112826723,0.030856465827199198
2021_Ref_Plot3_E11::27,2021_Ref_Plot3_E11,Field2,test,5,4,0.18371844108503643,13.470442308532133,0.02542536548846263
2021_Ref_Plot3_E11::35,2021_Ref_Plot3_E11,Field2,test,8,5,0.12791718322505585,11.736747342893493,0.024923692408070106
2021_Ref_Plot3_E11::44,2021_Ref_Plot3_E11,Field2,test,9,6,0.08100182941920427,10.079049369249303,0.011961082570480994
2021_Ref_Plot3_E11::50,2021_Ref_Plot3_E11,Field2,test,6,7,0.07127823398471937,9.026139532155913,0.03780049425328122
2021_Ref_Plot3_E11::57,2021_Ref_Plot3_E11,Field2,test,7,8,0.08208414737558914,10.967862448808663,0.018370396018950134
2021_Ref_Plot3_E11::65,2021_Ref_Plot3_E11,Field2,test,8,9,0.057228873365522404,9.251008688504252,0.022399505644543755
2021_Ref_Plot3_E11::69,2021_Ref_Plot3_E11,Field2,test,4,10,0.09078823316175778,11.165495256787572,0.04087875514376829
2021_Ref_Plot3_E11::71,2021_Ref_Plot3_E11,Field2,test,2,11,0.09653260317839941,7.062630961185662,0.018431257791825764
2021_Ref_Plot3_E11::76,2021_Ref_Plot3_E11,Field2,test,5,12,0.10306781101919348,9.867191898733088,0.02157135605222512
2021_Ref_Plot3_E11::80,2021_Ref_Plot3_E11,Field2,test,4,13,0.053718055085643444,10.03161721262543,0.019322724644596005
2021_Ref_Plot3_E11::85,2021_Ref_Plot3_E11,Field2,test,5,14,0.053177610351260084,10.248857761322185,0.018136655205415415
2021_Ref_Plot4_A7::8,2021_Ref_Plot4_A7,Field2,test,7,1,0.5618205771561071,11.518076915219222,0.10390664372213554
2021_Ref_Plot4_A7::16,2021_Ref_Plot4_A7,Field2,test,8,2,0.7009978139161638,20.478910078673216,0.20796119116088407
2021_Ref_Plot4_A7::22,2021_Ref_Plot4_A7,Field2,test,6,3,0.14050587915617818,8.8364040477332,0.02767444857721633
2021_Ref_Plot4_A7::27,2021_Ref_Plot4_A7,Field2,test,5,4,0.33188625114039266,17.492556800001783,0.04376236408635366
2021_Ref_Plot4_A7::35,2021_Ref_Plot4_A7,Field2,test,8,5,0.16624883180183084,12.43853631216281,0.0264226928701588
2021_Ref_Plot4_A7::44,2021_Ref_Plot4_A7,Field2,test,9,6,0.14061607770715542,7.995694226809601,0.018298413745702492
2021_Ref_Plot4_A7::50,2021_Ref_Plot4_A7,Field2,test,6,7,0.0938303911106404,8.62788461986481,0.05885666618763561
2021_Ref_Plot4_A7::57,2021_Ref_Plot4_A7,Field2,test,7,8,0.10577782235944976,8.885807249257688,0.02738145946813825
2021_Ref_Plot4_A7::65,2021_Ref_Plot4_A7,Field2,test,8,9,0.1103797512828466,9.502786477268026,0.044513144586948404
2021_Ref_Plot4_A7::69,2021_Ref_Plot4_A7,Field2,test,4,10,0.10307088710635769,12.233852097957671,0.06644769648410873
2021_Ref_Plot4_A7::71,2021_Ref_Plot4_A7,Field2,test,2,11,0.0768848435278035,10.028873401703045,0.05693400074689012
2021_Ref_Plot4_A7::76,2021_Ref_Plot4_A7,Field2,test,5,12,0.11562925713988009,9.929310096650246,0.01735643258506174
2021_Ref_Plot4_A7::80,2021_Ref_Plot4_A7,Field2,test,4,13,0.10675665426140558,8.573704451937514,0.05648104800513758
2021_Ref_Plot4_A7::85,2021_Ref_Plot4_A7,Field2,test,5,14,0.08079609587423732,9.552091376479076,0.028511950892187908
2021_Ref_Plot4_B11::8,2021_Ref_Plot4_B11,Field2,test,7,1,0.5939008653479866,11.978271154332049,0.12584495826668599
2021_Ref_Plot4_B11::16,2021_Ref_Plot4_B11,Field2,test,8,2,0.7457137494395912,20.26729847071681,0.23694484039033115
2021_Ref_Plot4_B11::22,2021_Ref_Plot4_B11,Field2,test,6,3,0.11731230862175884,7.390767801430601,0.023752336143473367
2021_Ref_Plot4_B11::27,2021_Ref_Plot4_B11,Field2,test,5,4,0.2657886551033826,16.613087917185815,0.041244482223548644
2021_Ref_Plot4_B11::35,2021_Ref_Plot4_B11,Field2,test,8,5,0.18120106182555773,13.22797328475266,0.025553583875515356
2021_Ref_Plot4_B11::44,2021_Ref_Plot4_B11,Field2,test,9,6,0.1407831692466692,9.371596003779155,0.02749487180652669
2021_Ref_Plot4_B11::50,2021_Ref_Plot4_B11,Field2,test,6,7,0.09171006223657034,8.177627102227616,0.04187618266699138
2021_Ref_Plot4_B11::57,2021_Ref_Plot4_B11,Field2,test,7,8,0.1156876625047909,9.92607321611344,0.028846039479217954
2021_Ref_Plot4_B11::65,2021_Ref_Plot4_B11,Field2,test,8,9,0.10783937191767996,10.424431311206185,0.04729949189309594
2021_Ref_Plot4_B11::69,2021_Ref_Plot4_B11,Field2,test,4,10,0.14355832819863504,12.537607423860422,0.054478230713712356
2021_Ref_Plot4_B11::71,2021_Ref_Plot4_B11,Field2,test,2,11,0.07910707575795094,9.873764930267143,0.05446065127575301
2021_Ref_Plot4_B11::76,2021_Ref_Plot4_B11,Field2,test,5,12,0.11197404221763547,12.05996096962853,0.022007640136263152
2021_Ref_Plot4_B11::80,2021_Ref_Plot4_B11,Field2,test,4,13,0.0729846432327847,9.829685950025414,0.039460233742643014
2021_Ref_Plot4_B11::85,2021_Ref_Plot4_B11,Field2,test,5,14,0.11312151613154187,8.911013369602202,0.04377678359290535
2021_Ref_Plot4_B12::8,2021_Ref_Plot4_B12,Field2,test,7,1,0.5839297496335564,12.266742221484899,0.1285976875031673
2021_Ref_Plot4_B12::16,2021_Ref_Plot4_B12,Field2,test,8,2,0.7213491330448775,20.131668549372115,0.21533789981997115
2021_Ref_Plot4_B12::22,2021_Ref_Plot4_B12,Field2,test,6,3,0.11636636605395934,7.560086252910297,0.02405622531390295
2021_Ref_Plot4_B12::27,2021_Ref_Plot4_B12,Field2,test,5,4,0.2558354030622255,17.23044002793707,0.03963915994749467
2021_Ref_Plot4_B12::35,2021_Ref_Plot4_B12,Field2,test,8,5,0.1707091428034113,13.015218907020998,0.024475786471545836
2021_Ref_Plot4_B12::44,2021_Ref_Plot4_B12,Field2,test,9,6,0.14666453049228945,9.875814877024636,0.025885739812907833
2021_Ref_Plot4_B12::50,2021_Ref_Plot4_B12,Field2,test,6,7,0.08692000602097809,8.628199214789142,0.059684675076395355
2021_Ref_Plot4_B12::57,2021_Ref_Plot4_B12,Field2,test,7,8,0.11694796039189932,10.361275330497989,0.036989256217718834
2021_Ref_Plot4_B12::65,2021_Ref_Plot4_B12,Field2,test,8,9,0.08499844669360629,10.18926551625039,0.03655754619577577
2021_Ref_Plot4_B12::69,2021_Ref_Plot4_B12,Field2,test,4,10,0.1489957393090066,12.849483197227059,0.05155753982360765
2021_Ref_Plot4_B12::71,2021_Ref_Plot4_B12,Field2,test,2,11,0.0793400072297399,10.840624321369493,0.062204018128701716
2021_Ref_Plot4_B12::76,2021_Ref_Plot4_B12,Field2,test,5,12,0.11319830731460424,12.993051139652243,0.014867234691897838
2021_Ref_Plot4_B12::80,2021_Ref_Plot4_B12,Field2,test,4,13,0.08304435504260001,10.702772275754846,0.039781752100148955
2021_Ref_Plot4_B12::85,2021_Ref_Plot4_B12,Field2,test,5,14,0.1094171068132595,7.648937347367251,0.031807885111609105
2021_Ref_Plot4_B13::8,2021_Ref_Plot4_B13,Field2,test,7,1,0.5948890454643861,12.655005573959162,0.1389461608945739
2021_Ref_Plot4_B13::16,2021_Ref_Plot4_B13,Field2,test,8,2,0.7152199996850875,19.99488344725622,0.21632538120567735
2021_Ref_Plot4_B13::22,2021_Ref_Plot4_B13,Field2,test,6,3,0.11955202462314812,7.985894175195234,0.02421544107113878
2021_Ref_Plot4_B13::27,2021_Ref_Plot4_B13,Field2,test,5,4,0.2479059877835347,16.564704372413356,0.04272903470655913
2021_Ref_Plot4_B13::35,2021_Ref_Plot4_B13,Field2,test,8,5,0.16418960000397204,13.5942697284087,0.027124663078073565
2021_Ref_Plot4_B13::44,2021_Ref_Plot4_B13,Field2,test,9,6,0.12267452179727162,9.029815154053283,0.009253451671672656
2021_Ref_Plot4_B13::50,2021_Ref_Plot4_B13,Field2,test,6,7,0.08424324867053494,8.92475283106732,0.051338161046670855
2021_Ref_Plot4_B13::57,2021_Ref_Plot4_B13,Field2,test,7,8,0.1022533532561931,9.818476481321893,0.04506013079736975
2021_Ref_Plot4_B13::65,2021_Ref_Plot4_B13,Field2,test,8,9,0.08610699931050421,10.069562634427411,0.03327394296422775
2021_Ref_Plot4_B13::69,2021_Ref_Plot4_B13,Field2,test,4,10,0.14822216236442523,12.555786746063562,0.04642330481859494
2021_Ref_Plot4_B13::71,2021_Ref_Plot4_B13,Field2,test,2,11,0.08098482886592046,11.172964071954965,0.08303108141807769
2021_Ref_Plot4_B13::76,2021_Ref_Plot4_B13,Field2,test,5,12,0.10018086993163473,11.272599138514309,0.006754610506694753
2021_Ref_Plot4_B13::80,2021_Ref_Plot4_B13,Field2,test,4,13,0.08414945703086558,9.763200542065341,0.030670563257486964
2021_Ref_Plot4_B13::85,2021_Ref_Plot4_B13,Field2,test,5,14,0.10985368405186574,9.02134494337423,0.0459926766294355
2021_Ref_Plot4_B15::8,2021_Ref_Plot4_B15,Field2,test,7,1,0.6398009440678024,13.349423466967549,0.15192438620655094
2021_Ref_Plot4_B15::16,2021_Ref_Plot4_B15,Field2,test,8,2,0.7328076267301649,20.14074583689109,0.23596250506160188
2021_Ref_Plot4_B15::22,2021_Ref_Plot4_B15,Field2,test,6,3,0.1281003405933371,7.984725625248572,0.023594402188068315
2021_Ref_Plot4_B15::27,2021_Ref_Plot4_B15,Field2,test,5,4,0.24396970936737164,16.367814746550874,0.03356940975896422
2021_Ref_Plot4_B15::35,2021_Ref_Plot4_B15,Field2,test,8,5,0.1587813702403943,12.689211342714417,0.017792592105431833
2021_Ref_Plot4_B15::44,2021_Ref_Plot4_B15,Field2,test,9,6,0.11672137827391627,9.37229424092089,0.013308599384466994
2021_Ref_Plot4_B15::50,2021_Ref_Plot4_B15,Field2,test,6,7,0.08851573465217698,9.078682493639135,0.06882480111723263
2021_Ref_Plot4_B15::57,2021_Ref_Plot4_B15,Field2,test,7,8,0.09443939112174321,9.89011168160321,0.04387355204916279
2021_Ref_Plot4_B15::65,2021_Ref_Plot4_B15,Field2,test,8,9,0.08591665218779505,10.650615717213723,0.04099764243063676
2021_Ref_Plot4_B15::69,2021_Ref_Plot4_B15,Field2,test,4,10,0.15801084519160244,12.757855846781831,0.065047093186529
2021_Ref_Plot4_B15::71,2021_Ref_Plot4_B15,Field2,test,2,11,0.08317036899381235,10.84738766150922,0.06539981249815856
2021_Ref_Plot4_B15::76,2021_Ref_Plot4_B15,Field2,test,5,12,0.11377580119544728,11.309923839609453,0.018055418288645084
2021_Ref_Plot4_B15::80,2021_Ref_Plot4_B15,Field2,test,4,13,0.07919483971154911,7.805631897569566,0.029184233757168658
2021_Ref_Plot4_B15::85,2021_Ref_Plot4_B15,Field2,test,5,14,0.0948261861600115,9.464028495668806,0.006052111040095415
2021_Ref_Plot4_B16::8,2021_Ref_Plot4_B16,Field2,test,7,1,0.6241350124614652,13.152635990489081,0.13417225074094238
2021_Ref_Plot4_B16::16,2021_Ref_Plot4_B16,Field2,test,8,2,0.7397326524506679,20.283052939941356,0.2260797765304482
2021_Ref_Plot4_B16::22,2021_Ref_Plot4_B16,Field2,test,6,3,0.126442176247372,8.097676424638546,0.023366032819917292
2021_Ref_Plot4_B16::27,2021_Ref_Plot4_B16,Field2,test,5,4,0.2704535525850658,16.822041008673523,0.03988399715224724
2021_Ref_Plot4_B16::35,2021_Ref_Plot4_B16,Field2,test,8,5,0.17647321537748942,12.886472840782808,0.01705654833139772
2021_Ref_Plot4_B16::44,2021_Ref_Plot4_B16,Field2,test,9,6,0.1054130292385463,8.829561047925521,0.002607701422452292
2021_Ref_Plot4_B16::50,2021_Ref_Plot4_B16,Field2,test,6,7,0.0832111051541657,8.5859555016165,0.02766626691308541
2021_Ref_Plot4_B16::57,2021_Ref_Plot4_B16,Field2,test,7,8,0.09839708029181161,10.149937690020023,0.034188944537114886
2021_Ref_Plot4_B16::65,2021_Ref_Plot4_B16,Field2,test,8,9,0.08461124934677161,10.666394531861147,0.019515161970589993
2021_Ref_Plot4_B16::69,2021_Ref_Plot4_B16,Field2,test,4,10,0.1338653306679077,12.621884621586602,0.04111323792270515
2021_Ref_Plot4_B16::71,2021_Ref_Plot4_B16,Field2,test,2,11,0.07622349026800422,10.858471917136466,0.06204672946671659
2021_Ref_Plot4_B16::76,2021_Ref_Plot4_B16,Field2,test,5,12,0.1146795214034682,13.327650078447789,0.024465734925088287
2021_Ref_Plot4_B16::80,2021_Ref_Plot4_B16,Field2,test,4,13,0.08130200291375554,8.14164683113067,0.02074470890389288
2021_Ref_Plot4_B16::85,2021_Ref_Plot4_B16,Field2,test,5,14,0.0895364135309843,9.410672664835818,0.03773508253717132
2021_Ref_Plot4_B17::8,2021_Ref_Plot4_B17,Field2,test,7,1,0.6065215083495508,13.086488869743038,0.12020455969109235
2021_Ref_Plot4_B17::16,2021_Ref_Plot4_B17,Field2,test,8,2,0.7335207513156381,20.054353781799282,0.22914155511898146
2021_Ref_Plot4_B17::22,2021_Ref_Plot4_B17,Field2,test,6,3,0.1265632327982699,8.324575526980219,0.02383307850349941
2021_Ref_Plot4_B17::27,2021_Ref_Plot4_B17,Field2,test,5,4,0.25623145572066347,16.410988552251368,0.03657250297529689
2021_Ref_Plot4_B17::35,2021_Ref_Plot4_B17,Field2,test,8,5,0.15229543286076946,12.485246466845112,0.022624976493499538
2021_Ref_Plot4_B17::44,2021_Ref_Plot4_B17,Field2,test,9,6,0.10947599048271117,8.683505005751949,0.012801037910096005
2021_Ref_Plot4_B17::50,2021_Ref_Plot4_B17,Field2,test,6,7,0.06937024695707882,8.539932610276052,0.05984197128150311
2021_Ref_Plot4_B17::57,2021_Ref_Plot4_B17,Field2,test,7,8,0.08969517728895292,9.495333092600289,0.026354461219028704
2021_Ref_Plot4_B17::65,2021_Ref_Plot4_B17,Field2,test,8,9,0.0712562017204734,10.14851468706675,0.015145244405107573
2021_Ref_Plot4_B17::69,2021_Ref_Plot4_B17,Field2,test,4,10,0.1055322796478958,12.084788059860882,0.041786814458601225
2021_Ref_Plot4_B17::71,2021_Ref_Plot4_B17,Field2,test,2,11,0.06952249697338288,10.682334700899041,0.07938264857154619
2021_Ref_Plot4_B17::76,2021_Ref_Plot4_B17,Field2,test,5,12,0.12891812758525664,12.988788452470281,0.02401803183156649
2021_Ref_Plot4_B17::80,2021_Ref_Plot4_B17,Field2,test,4,13,0.07310226557571757,8.24852922138177,0.017547046228406145
2021_Ref_Plot4_B17::85,2021_Ref_Plot4_B17,Field2,test,5,14,0.06927111229332576,9.5563612414045,0.02676269278479264
2021_Ref_Plot4_C4::8,2021_Ref_Plot4_C4,Field2,test,7,1,0.550062663025653,10.27053104021931,0.1244896876430024
2021_Ref_Plot4_C4::16,2021_Ref_Plot4_C4,Field2,test,8,2,0.7204552334453744,20.601586823418955,0.2308942512769299
2021_Ref_Plot4_C4::22,2021_Ref_Plot4_C4,Field2,test,6,3,0.1206571511154451,7.59411931695979,0.0266394499846584
2021_Ref_Plot4_C4::27,2021_Ref_Plot4_C4,Field2,test,5,4,0.22796932685459437,14.490961005911636,0.02795316298675294
2021_Ref_Plot4_C4::35,2021_Ref_Plot4_C4,Field2,test,8,5,0.17559267592479325,11.987942075265867,0.025180885444058262
2021_Ref_Plot4_C4::44,2021_Ref_Plot4_C4,Field2,test,9,6,0.09961539809866275,7.870460458837107,0.014555468660392193
2021_Ref_Plot4_C4::50,2021_Ref_Plot4_C4,Field2,test,6,7,0.08103068144830078,9.230888475823841,0.06968748359706829
2021_Ref_Plot4_C4::57,2021_Ref_Plot4_C4,Field2,test,7,8,0.12135709317305536,9.588960534411969,0.029727611227643235
2021_Ref_Plot4_C4::65,2021_Ref_Plot4_C4,Field2,test,8,9,0.09969592699833975,10.251625711714855,0.03043430995930141
2021_Ref_Plot4_C4::69,2021_Ref_Plot4_C4,Field2,test,4,10,0.11797839215338472,12.611680138449683,0.04707518232623741
2021_Ref_Plot4_C4::71,2021_Ref_Plot4_C4,Field2,test,2,11,0.08983248529032621,9.779335075206905,0.04237741261245695
2021_Ref_Plot4_C4::76,2021_Ref_Plot4_C4,Field2,test,5,12,0.12664246608839613,12.114057595895058,0.01515830190053998
2021_Ref_Plot4_C4::80,2021_Ref_Plot4_C4,Field2,test,4,13,0.06824608252768706,7.399467676826946,0.00841910448496766
2021_Ref_Plot4_C4::85,2021_Ref_Plot4_C4,Field2,test,5,14,0.06480883084246943,9.375660999125712,0.02786139545339247
2021_Ref_Plot4_D11::8,2021_Ref_Plot4_D11,Field2,test,7,1,0.516625664444354,9.576069301169122,0.11187703193887634
2021_Ref_Plot4_D11::16,2021_Ref_Plot4_D11,Field2,test,8,2,0.7080931768869253,20.33289622095011,0.21520065110604786
2021_Ref_Plot4_D11::22,2021_Ref_Plot4_D11,Field2,test,6,3,0.09916398607550521,6.552052960292121,0.026474940607316862
2021_Ref_Plot4_D11::27,2021_Ref_Plot4_D11,Field2,test,5,4,0.19345801022407752,14.930890270185053,0.03472407124715518
2021_Ref_Plot4_D11::35,2021_Ref_Plot4_D11,Field2,test,8,5,0.16412205101292002,12.585122217948651,0.016595484593082067
2021_Ref_Plot4_D11::44,2021_Ref_Plot4_D11,Field2,test,9,6,0.11887607623256817,9.032993110545393,0.015393406970197032
2021_Ref_Plot4_D11::50,2021_Ref_Plot4_D11,Field2,test,6,7,0.06870277527755067,8.427754041770495,0.02686808064504786
2021_Ref_Plot4_D11::57,2021_Ref_Plot4_D11,Field2,test,7,8,0.091824179148711,10.37386748182996,0.014228697811653286
2021_Ref_Plot4_D11::65,2021_Ref_Plot4_D11,Field2,test,8,9,0.06491036860174504,9.287112501629572,0.012661119779033114
2021_Ref_Plot4_D11::69,2021_Ref_Plot4_D11,Field2,test,4,10,0.1130965139995183,11.36693830729758,0.04053965937473499
2021_Ref_Plot4_D11::71,2021_Ref_Plot4_D11,Field2,test,2,11,0.08413484418533412,9.648555667962919,0.05040384154220694
2021_Ref_Plot4_D11::76,2021_Ref_Plot4_D11,Field2,test,5,12,0.11035425002988825,11.29149661160627,0.0448386473144233
2021_Ref_Plot4_D11::80,2021_Ref_Plot4_D11,Field2,test,4,13,0.069056737562972,9.074622692770834,0.013589246860693871
2021_Ref_Plot4_D11::85,2021_Ref_Plot4_D11,Field2,test,5,14,0.1129616066189643,11.19643330928118,0.06771019885440763
2021_Ref_Plot4_D6::8,2021_Ref_Plot4_D6,Field2,test,7,1,0.5016083522747278,9.598104944352174,0.09750442875985373
2021_Ref_Plot4_D6::16,2021_Ref_Plot4_D6,Field2,test,8,2,0.6796153555138343,20.34088551778521,0.19023807254210304
2021_Ref_Plot4_D6::22,2021_Ref_Plot4_D6,Field2,test,6,3,0.09229125075054316,7.169694395576922,0.023439167274623463
2021_Ref_Plot4_D6::27,2021_Ref_Plot4_D6,Field2,test,5,4,0.1893139874535531,13.696182096762811,0.03555725341558369
2021_Ref_Plot4_D6::35,2021_Ref_Plot4_D6,Field2,test,8,5,0.15459954673211793,12.596073105922178,0.013868288048737963
2021_Ref_Plot4_D6::44,2021_Ref_Plot4_D6,Field2,test,9,6,0.0822914192676456,8.03214233673748,-0.0007077208375963711
2021_Ref_Plot4_D6::50,2021_Ref_Plot4_D6,Field2,test,6,7,0.07858039092603678,9.134598423941224,0.05104414855427014
2021_Ref_Plot4_D6::57,2021_Ref_Plot4_D6,Field2,test,7,8,0.13394980281485006,10.801466241815303,0.017617339440336475
2021_Ref_Plot4_D6::65,2021_Ref_Plot4_D6,Field2,test,8,9,0.07407774216895957,10.741425264081101,0.015595083468826248
2021_Ref_Plot4_D6::69,2021_Ref_Plot4_D6,Field2,test,4,10,0.0930150265525566,11.874239943928757,0.03758485334117792
2021_Ref_Plot4_D6::71,2021_Ref_Plot4_D6,Field2,test,2,11,0.07773085496121807,10.378364653627184,0.05163158078127634
2021_Ref_Plot4_D6::76,2021_Ref_Plot4_D6,Field2,test,5,12,0.12340553577937376,12.916865769634951,0.041364435556521216
2021_Ref_Plot4_D6::80,2021_Ref_Plot4_D6,Field2,test,4,13,0.07215485635203765,7.098480722446546,0.0075385526196680664
2021_Ref_Plot4_D6::85,2021_Ref_Plot4_D6,Field2,test,5,14,0.06446188274324689,9.857353131541275,0.031925218787887566
2021_Ref_Plot5_A17::8,2021_Ref_Plot5_A17,Field2,test,7,1,0.6451899937490216,16.228990716754154,0.11312606939008539
2021_Ref_Plot5_A17::16,2021_Ref_Plot5_A17,Field2,test,8,2,0.6879983880024128,19.468379150923777,0.2243523947110792
2021_Ref_Plot5_A17::22,2021_Ref_Plot5_A17,Field2,test,6,3,0.15021094185804126,9.865670140931465,0.028176087203115888
2021_Ref_Plot5_A17::27,2021_Ref_Plot5_A17,Field2,test,5,4,0.25008057654241567,16.427328173894658,0.02913832548396918
2021_Ref_Plot5_A17::35,2021_Ref_Plot5_A17,Field2,test,8,5,0.10736665887505716,11.348339772766213,0.013351656502465862
2021_Ref_Plot5_A17::44,2021_Ref_Plot5_A17,Field2,test,9,6,0.09507032265582425,10.117838292244627,0.012438636143492943
2021_Ref_Plot5_A17::50,2021_Ref_Plot5_A17,Field2,test,6,7,0.07025338100520843,9.051465981475399,0.04512251879137778
2021_Ref_Plot5_A17::69,2021_Ref_Plot5_A17,Field2,test,4,9,0.0964959439924072,12.230677560595634,0.050624746198557814
2021_Ref_Plot5_A17::71,2021_Ref_Plot5_A17,Field2,test,2,10,0.06910216349814681,10.423809959273754,0.04409056986301946
2021_Ref_Plot5_A17::76,2021_Ref_Plot5_A17,Field2,test,5,11,0.1270044997319071,12.762332222228224,0.025874585835390592
2021_Ref_Plot5_A17::80,2021_Ref_Plot5_A17,Field2,test,4,12,0.10027816833124203,8.145245895057288,0.04325291323559461
2021_Ref_Plot5_A17::85,2021_Ref_Plot5_A17,Field2,test,5,13,0.07410695167789125,8.651998054688693,0.040865055324641644
2021_Ref_Plot5_A19::8,2021_Ref_Plot5_A19,Field2,test,7,1,0.6089072918047252,13.583790286798498,0.11024404049287898
2021_Ref_Plot5_A19::16,2021_Ref_Plot5_A19,Field2,test,8,2,0.7092632744153611,19.53420847601282,0.24030530276942083
2021_Ref_Plot5_A19::22,2021_Ref_Plot5_A19,Field2,test,6,3,0.17496542801986195,9.667117479993442,0.03204856307174957
2021_Ref_Plot5_A19::27,2021_Ref_Plot5_A19,Field2,test,5,4,0.28438923276839406,17.2205544205151,0.03565033528282169
2021_Ref_Plot5_A19::35,2021_Ref_Plot5_A19,Field2,test,8,5,0.12076061316538811,11.801580797412928,0.020545933915256873
2021_Ref_Plot5_A19::44,2021_Ref_Plot5_A19,Field2,test,9,6,0.09992996256600982,9.830521471554572,0.007704948174477577
2021_Ref_Plot5_A19::50,2021_Ref_Plot5_A19,Field2,test,6,7,0.09354961423083911,9.568463607606828,0.09517486318967107
2021_Ref_Plot5_A19::57,2021_Ref_Plot5_A19,Field2,test,7,8,0.14349665880859322,10.476045529622935,0.036320967114302966
2021_Ref_Plot5_A19::65,2021_Ref_Plot5_A19,Field2,test,8,9,0.10232118196640637,11.382988121633923,0.04372807018030273
2021_Ref_Plot5_A19::69,2021_Ref_Plot5_A19,Field2,test,4,10,0.1260885054435654,12.529958287926279,0.047775559103139915
2021_Ref_Plot5_A19::71,2021_Ref_Plot5_A19,Field2,test,2,11,0.07435184819749109,11.296396226449845,0.09962426157621831
2021_Ref_Plot5_A19::76,2021_Ref_Plot5_A19,Field2,test,5,12,0.1293437183362218,13.71381183652133,0.03780174363890197
2021_Ref_Plot5_A19::80,2021_Ref_Plot5_A19,Field2,test,4,13,0.07391147522763337,8.762391758314646,0.022156501043309074
2021_Ref_Plot5_A19::85,2021_Ref_Plot5_A19,Field2,test,5,14,0.06289433675875554,9.71287963843129,0.033316631060315655
2021_Ref_Plot5_B12::8,2021_Ref_Plot5_B12,Field2,test,7,1,0.6135182937804373,13.842519809829508,0.12753349969764688
2021_Ref_Plot5_B12::16,2021_Ref_Plot5_B12,Field2,test,8,2,0.7006584882274643,19.76803466149479,0.2189692584455731
2021_Ref_Plot5_B12::22,2021_Ref_Plot5_B12,Field2,test,6,3,0.16477589768888326,10.04496181827172,0.028276273001349557
2021_Ref_Plot5_B12::27,2021_Ref_Plot5_B12,Field2,test,5,4,0.23985528143713153,15.524215942603538,0.032044494655112596
2021_Ref_Plot5_B12::35,2021_Ref_Plot5_B12,Field2,test,8,5,0.12070008292040592,12.366331247202943,0.027531307805249747
2021_Ref_Plot5_B12::44,2021_Ref_Plot5_B12,Field2,test,9,6,0.10439686820090156,8.683216223336718,0.028668106356307697
2021_Ref_Plot5_B12::50,2021_Ref_Plot5_B12,Field2,test,6,7,0.085137423604028,8.656620758781315,0.02321187654639969
2021_Ref_Plot5_B12::57,2021_Ref_Plot5_B12,Field2,test,7,8,0.08790339183014136,10.506507884991269,0.029056401244101332
2021_Ref_Plot5_B12::65,2021_Ref_Plot5_B12,Field2,test,8,9,0.08648370295249436,10.984464041532798,0.04094917569327036
2021_Ref_Plot5_B12::69,2021_Ref_Plot5_B12,Field2,test,4,10,0.10746587739406799,12.645797478244905,0.056573651929452164
2021_Ref_Plot5_B12::71,2021_Ref_Plot5_B12,Field2,test,2,11,0.06836057919386677,10.094340549474124,0.03960660806150767
2021_Ref_Plot5_B12::76,2021_Ref_Plot5_B12,Field2,test,5,12,0.12203755913138575,12.6003632980038,0.04372006644316289
2021_Ref_Plot5_B12::80,2021_Ref_Plot5_B12,Field2,test,4,13,0.06486326049726625,7.104208692050671,0.0026676663870014807
2021_Ref_Plot5_B12::85,2021_Ref_Plot5_B12,Field2,test,5,14,0.1104664306163926,9.67954061277508,0.033189528862158924
2021_Ref_Plot5_B14::8,2021_Ref_Plot5_B14,Field2,test,7,1,0.6035477341958679,14.338160668624758,0.11449760129534754
2021_Ref_Plot5_B14::16,2021_Ref_Plot5_B14,Field2,test,8,2,0.7034009527593126,19.73297964211533,0.22133284287412025
2021_Ref_Plot5_B14::22,2021_Ref_Plot5_B14,Field2,test,6,3,0.13504821606925585,9.45381608047161,0.027480042628763853
2021_Ref_Plot5_B14::27,2021_Ref_Plot5_B14,Field2,test,5,4,0.23653004791310486,16.33292761154592,0.03379467948549164
2021_Ref_Plot5_B14::35,2021_Ref_Plot5_B14,Field2,test,8,5,0.12445940876636856,12.459857631038462,0.016559400286039045
2021_Ref_Plot5_B14::44,2021_Ref_Plot5_B14,Field2,test,9,6,0.11641535313035756,10.706577010542965,0.02163483016703776
2021_Ref_Plot5_B14::50,2021_Ref_Plot5_B14,Field2,test,6,7,0.0798388394989488,8.849514720493147,0.055939498681906966
2021_Ref_Plot5_B14::57,2021_Ref_Plot5_B14,Field2,test,7,8,0.10830781028490306,10.076854896032941,0.025145452207764683
2021_Ref_Plot5_B14::65,2021_Ref_Plot5_B14,Field2,test,8,9,0.09054926712987277,11.128956607402573,0.03260934388833486
2021_Ref_Plot5_B14::69,2021_Ref_Plot5_B14,Field2,test,4,10,0.12119584771664203,12.786871414735398,0.039051291734536205
2021_Ref_Plot5_B14::71,2021_Ref_Plot5_B14,Field2,test,2,11,0.07074607995786036,11.069542406238146,0.06379682711603622
2021_Ref_Plot5_B14::76,2021_Ref_Plot5_B14,Field2,test,5,12,0.13811422924764166,13.621721278810613,0.015983170557860003
2021_Ref_Plot5_B14::80,2021_Ref_Plot5_B14,Field2,test,4,13,0.09798594814065024,7.785415195973324,0.05233420197708652
2021_Ref_Plot5_B14::85,2021_Ref_Plot5_B14,Field2,test,5,14,0.0663209473031961,9.408494876409026,0.028480977423851063
2021_Ref_Plot5_C12::8,2021_Ref_Plot5_C12,Field2,test,7,1,0.5661884635809605,11.344241003548811,0.12818283950149478
2021_Ref_Plot5_C12::16,2021_Ref_Plot5_C12,Field2,test,8,2,0.7074334318160288,20.049003381975087,0.21567305424198532
2021_Ref_Plot5_C12::22,2021_Ref_Plot5_C12,Field2,test,6,3,0.12848994168595562,9.368894375238558,0.02329043816986459
2021_Ref_Plot5_C12::27,2021_Ref_Plot5_C12,Field2,test,5,4,0.20157869217207383,15.379394301665046,0.03473911211267181
2021_Ref_Plot5_C12::35,2021_Ref_Plot5_C12,Field2,test,8,5,0.10289872743524053,11.112559619986413,0.014456128158832562
2021_Ref_Plot5_C12::44,2021_Ref_Plot5_C12,Field2,test,9,6,0.09476595269992227,8.382950058319887,0.012828560869184148
2021_Ref_Plot5_C12::50,2021_Ref_Plot5_C12,Field2,test,6,7,0.0898793200528367,8.76231307389912,0.07083171446049175
2021_Ref_Plot5_C12::57,2021_Ref_Plot5_C12,Field2,test,7,8,0.08271090687039022,9.951208647070056,0.012834468521956136
2021_Ref_Plot5_C12::65,2021_Ref_Plot5_C12,Field2,test,8,9,0.0927677659049181,11.422212881332394,0.026873598995169973
2021_Ref_Plot5_C12::69,2021_Ref_Plot5_C12,Field2,test,4,10,0.1252514231996347,12.929110938121477,0.04832643046345695
2021_Ref_Plot5_C12::71,2021_Ref_Plot5_C12,Field2,test,2,11,0.07117821164957502,10.167450667789804,0.03921260306345278
2021_Ref_Plot5_C12::76,2021_Ref_Plot5_C12,Field2,test,5,12,0.11814150308022309,12.43400016234176,0.011848985759078444
2021_Ref_Plot5_C12::80,2021_Ref_Plot5_C12,Field2,test,4,13,0.08818238361332731,7.368390310350832,0.0169133990057994
2021_Ref_Plot5_C12::85,2021_Ref_Plot5_C12,Field2,test,5,14,0.09197564260804009,9.593744024162152,0.043163312112971655
2021_Ref_Plot5_C17::8,2021_Ref_Plot5_C17,Field2,test,7,1,0.5915790854413828,12.400737699548152,0.13400114558738446
2021_Ref_Plot5_C17::16,2021_Ref_Plot5_C17,Field2,test,8,2,0.6957432363216949,19.7674830787633,0.22043746444246168
2021_Ref_Plot5_C17::22,2021_Ref_Plot5_C17,Field2,test,6,3,0.13996631787306804,9.414318156320029,0.028305537158572557
2021_Ref_Plot5_C17::27,2021_Ref_Plot5_C17,Field2,test,5,4,0.21561184607282405,15.851231995266264,0.030354452752130143
2021_Ref_Plot5_C17::35,2021_Ref_Plot5_C17,Field2,test,8,5,0.11394093114200902,12.063825191762202,0.021673358638154505
2021_Ref_Plot5_C17::44,2021_Ref_Plot5_C17,Field2,test,9,6,0.09695507447736679,9.015044770669284,0.012182265508988412
2021_Ref_Plot5_C17::50,2021_Ref_Plot5_C17,Field2,test,6,7,0.0785718538647977,9.420927645508678,0.05684228848829789
2021_Ref_Plot5_C17::57,2021_Ref_Plot5_C17,Field2,test,7,8,0.12727402518063324,11.153122350163851,0.04318792792907921
2021_Ref_Plot5_C17::65,2021_Ref_Plot5_C17,Field2,test,8,9,0.08182394797167819,11.474071138732837,0.02434420765742391
2021_Ref_Plot5_C17::69,2021_Ref_Plot5_C17,Field2,test,4,10,0.10743204227340185,12.187764641968483,0.025863011969768725
2021_Ref_Plot5_C17::71,2021_Ref_Plot5_C17,Field2,test,2,11,0.07752125149513167,9.868382859042168,0.017592088840478103
2021_Ref_Plot5_C17::76,2021_Ref_Plot5_C17,Field2,test,5,12,0.10968789356133164,12.632657612110131,0.03794488491195314
2021_Ref_Plot5_C17::80,2021_Ref_Plot5_C17,Field2,test,4,13,0.0885830512040836,7.847120428332125,0.022525712381476087
2021_Ref_Plot5_C17::85,2021_Ref_Plot5_C17,Field2,test,5,14,0.05899097047348897,9.416732946419433,0.01971334354238474
2021_Ref_Plot5_C18::8,2021_Ref_Plot5_C18,Field2,test,7,1,0.5800550117976006,12.06240552257321,0.12795478305926275
2021_Ref_Plot5_C18::16,2021_Ref_Plot5_C18,Field2,test,8,2,0.7044776487134522,19.868223111949575,0.21665891665272974
2021_Ref_Plot5_C18::22,2021_Ref_Plot5_C18,Field2,test,6,3,0.13564363996059417,9.453743887020025,0.027199030985688506
2021_Ref_Plot5_C18::27,2021_Ref_Plot5_C18,Field2,test,5,4,0.21963863225150412,15.943865315838348,0.032410166131296915
2021_Ref_Plot5_C18::35,2021_Ref_Plot5_C18,Field2,test,8,5,0.11417149391627972,11.779733856815573,0.011025453607449663
2021_Ref_Plot5_C18::44,2021_Ref_Plot5_C18,Field2,test,9,6,0.09699183685934869,8.991001417462508,0.011289042328357627
2021_Ref_Plot5_C18::50,2021_Ref_Plot5_C18,Field2,test,6,7,0.07728056921343275,9.217398686816052,0.07005701522569122
2021_Ref_Plot5_C18::57,2021_Ref_Plot5_C18,Field2,test,7,8,0.12202489377397448,11.29615069133365,0.04788505963906283
2021_Ref_Plot5_C18::65,2021_Ref_Plot5_C18,Field2,test,8,9,0.08654282881135322,11.480522733875882,0.01859245180613141
2021_Ref_Plot5_C18::69,2021_Ref_Plot5_C18,Field2,test,4,10,0.104661211353685,12.49529262071996,0.03531993208226257
2021_Ref_Plot5_C18::71,2021_Ref_Plot5_C18,Field2,test,2,11,0.06872049053813302,9.751872162934083,0.049749115628423865
2021_Ref_Plot5_C18::76,2021_Ref_Plot5_C18,Field2,test,5,12,0.10865683581367534,12.820280071188176,0.047362675472990466
2021_Ref_Plot5_C18::80,2021_Ref_Plot5_C18,Field2,test,4,13,0.08720071991582357,7.062947559512151,0.02266520398001331
2021_Ref_Plot5_C18::85,2021_Ref_Plot5_C18,Field2,test,5,14,0.0712060022995331,9.69724815293052,0.05330293441631714
2021_Ref_Plot5_D10::8,2021_Ref_Plot5_D10,Field2,test,7,1,0.5464837033706579,9.5721021682675,0.1337674783378616
2021_Ref_Plot5_D10::16,2021_Ref_Plot5_D10,Field2,test,8,2,0.7151927425529472,20.058638012505163,0.20448769055716734
2021_Ref_Plot5_D10::22,2021_Ref_Plot5_D10,Field2,test,6,3,0.12272386603590868,7.722636342784495,0.02554930844177837
2021_Ref_Plot5_D10::27,2021_Ref_Plot5_D10,Field2,test,5,4,0.1789132078038083,15.388363023356815,0.03551324989131522
2021_Ref_Plot5_D10::35,2021_Ref_Plot5_D10,Field2,test,8,5,0.09155760750057775,9.960401666956354,-0.004259391349519289
2021_Ref_Plot5_D10::44,2021_Ref_Plot5_D10,Field2,test,9,6,0.10063254711561324,8.901125159213807,0.021323605715071026
2021_Ref_Plot5_D10::50,2021_Ref_Plot5_D10,Field2,test,6,7,0.08121715864043462,9.129002204067154,0.04013014366761861
2021_Ref_Plot5_D10::57,2021_Ref_Plot5_D10,Field2,test,7,8,0.08279871916919418,10.764567765294778,0.02986152911934872
2021_Ref_Plot5_D10::65,2021_Ref_Plot5_D10,Field2,test,8,9,0.08454043324994553,11.449055412920133,0.041336914641039516
2021_Ref_Plot5_D10::69,2021_Ref_Plot5_D10,Field2,test,4,10,0.10116920976796835,12.416995430898146,0.04448022292222655
2021_Ref_Plot5_D10::71,2021_Ref_Plot5_D10,Field2,test,2,11,0.08724634631843159,10.402333530378025,0.0383057622035271
2021_Ref_Plot5_D10::76,2021_Ref_Plot5_D10,Field2,test,5,12,0.11388449296931835,12.437848070765973,0.03498241437897819
2021_Ref_Plot5_D10::80,2021_Ref_Plot5_D10,Field2,test,4,13,0.07301714444399875,9.603573303652439,0.026766095698644438
2021_Ref_Plot5_D10::85,2021_Ref_Plot5_D10,Field2,test,5,14,0.07658089565450484,9.572677574139288,0.03658212665299833
2021_Ref_Plot5_D11::8,2021_Ref_Plot5_D11,Field2,test,7,1,0.5463935571391562,9.778285892466497,0.12962977692922226
2021_Ref_Plot5_D11::16,2021_Ref_Plot5_D11,Field2,test,8,2,0.7115306265403426,20.165749865148065,0.2150047561725893
2021_Ref_Plot5_D11::22,2021_Ref_Plot5_D11,Field2,test,6,3,0.12300155968732918,8.145729794384364,0.023182306014232795
2021_Ref_Plot5_D11::27,2021_Ref_Plot5_D11,Field2,test,5,4,0.1668885608378908,14.73827622659214,0.02737795132936053
2021_Ref_Plot5_D11::35,2021_Ref_Plot5_D11,Field2,test,8,5,0.10939056092432181,11.031347910793832,0.012769511150572555
2021_Ref_Plot5_D11::44,2021_Ref_Plot5_D11,Field2,test,9,6,0.08954075098392378,8.993918804619586,0.0016418942383756557
2021_Ref_Plot5_D11::50,2021_Ref_Plot5_D11,Field2,test,6,7,0.08772226677265564,9.482491799456955,0.045883176529385006
2021_Ref_Plot5_D11::57,2021_Ref_Plot5_D11,Field2,test,7,8,0.0885852735347311,11.401924079482093,0.01677277441835687
2021_Ref_Plot5_D11::65,2021_Ref_Plot5_D11,Field2,test,8,9,0.08240711428035216,11.055525650576268,0.018796276749865774
2021_Ref_Plot5_D11::69,2021_Ref_Plot5_D11,Field2,test,4,10,0.09671544453670484,12.03735205243589,0.025703370875306233
2021_Ref_Plot5_D11::71,2021_Ref_Plot5_D11,Field2,test,2,11,0.07936189179139269,10.296892627091054,0.03240143252901994
2021_Ref_Plot5_D11::76,2021_Ref_Plot5_D11,Field2,test,5,12,0.11942818976092733,12.197319178627657,0.03850686592581829
2021_Ref_Plot5_D11::80,2021_Ref_Plot5_D11,Field2,test,4,13,0.07547711553150738,10.466110465838963,0.024284489363156934
2021_Ref_Plot5_D11::85,2021_Ref_Plot5_D11,Field2,test,5,14,0.0754133872786616,9.871671534300697,0.015022646006409728
2021_Ref_Plot5_D9::8,2021_Ref_Plot5_D9,Field2,test,7,1,0.5474294448356813,9.490166884536677,0.13870595371928898
2021_Ref_Plot5_D9::16,2021_Ref_Plot5_D9,Field2,test,8,2,0.7207229037538615,20.160000210203698,0.2227237208893753
2021_Ref_Plot5_D9::22,2021_Ref_Plot5_D9,Field2,test,6,3,0.11526482981780757,7.657247199103054,0.0237006587099
2021_Ref_Plot5_D9::27,2021_Ref_Plot5_D9,Field2,test,5,4,0.14914487751168817,13.79781076029989,0.032723882021442635
2021_Ref_Plot5_D9::35,2021_Ref_Plot5_D9,Field2,test,8,5,0.11130621851171076,10.742932796219847,0.017946172785603676
2021_Ref_Plot5_D9::44,2021_Ref_Plot5_D9,Field2,test,9,6,0.08376801257359301,8.416576137072632,-0.004452835783952308
2021_Ref_Plot5_D9::50,2021_Ref_Plot5_D9,Field2,test,6,7,0.07768338848336025,9.396880206894187,0.028691658154503325
2021_Ref_Plot5_D9::57,2021_Ref_Plot5_D9,Field2,test,7,8,0.08814501295918349,10.764871720570465,0.03803392114968933
2021_Ref_Plot5_D9::65,2021_Ref_Plot5_D9,Field2,test,8,9,0.0868765663295572,11.3600412751674,0.03123790171846297
2021_Ref_Plot5_D9::69,2021_Ref_Plot5_D9,Field2,test,4,10,0.09652756826089935,12.318781600449523,0.02467362373219288
2021_Ref_Plot5_D9::71,2021_Ref_Plot5_D9,Field2,test,2,11,0.0712315987787245,10.348768796527716,0.027542829388977123
2021_Ref_Plot5_D9::76,2021_Ref_Plot5_D9,Field2,test,5,12,0.1320287964638947,12.469809458496119,0.019440440531337106
2021_Ref_Plot5_D9::80,2021_Ref_Plot5_D9,Field2,test,4,13,0.08202531617114313,10.075588902655621,0.03700454537168471
2021_Ref_Plot5_D9::85,2021_Ref_Plot5_D9,Field2,test,5,14,0.08279948993956193,9.320022854588647,0.035798293393681145
2021_Ref_Plot5_E11::8,2021_Ref_Plot5_E11,Field2,test,7,1,0.5465691783781342,10.11876428224221,0.13465724044561192
2021_Ref_Plot5_E11::16,2021_Ref_Plot5_E11,Field2,test,8,2,0.6793812376649879,20.014571974092732,0.20819726586030388
2021_Ref_Plot5_E11::22,2021_Ref_Plot5_E11,Field2,test,6,3,0.13135566149346786,10.09575334443614,0.02565792097291466
2021_Ref_Plot5_E11::27,2021_Ref_Plot5_E11,Field2,test,5,4,0.1486982906602878,14.488551955569577,0.023046926656195788
2021_Ref_Plot5_E11::35,2021_Ref_Plot5_E11,Field2,test,8,5,0.10632487487107217,11.494298385592385,0.015017818371676808
2021_Ref_Plot5_E11::44,2021_Ref_Plot5_E11,Field2,test,9,6,0.08307909722350172,9.35992146085781,0.005082230974732384
2021_Ref_Plot5_E11::50,2021_Ref_Plot5_E11,Field2,test,6,7,0.06459844177189808,9.228915104048234,0.03177743824052193
2021_Ref_Plot5_E11::57,2021_Ref_Plot5_E11,Field2,test,7,8,0.10013786753408528,11.335429157739188,0.03124198320819318
2021_Ref_Plot5_E11::65,2021_Ref_Plot5_E11,Field2,test,8,9,0.06935102231129263,10.615202184361516,0.03134679038341418
2021_Ref_Plot5_E11::69,2021_Ref_Plot5_E11,Field2,test,4,10,0.09888659478507084,11.897501036848668,0.031937950110126984
2021_Ref_Plot5_E11::71,2021_Ref_Plot5_E11,Field2,test,2,11,0.07113625632200848,10.424287946390569,0.04058152349816006
2021_Ref_Plot5_E11::76,2021_Ref_Plot5_E11,Field2,test,5,12,0.11047525215156177,11.516651590891069,0.01210503271765315
2021_Ref_Plot5_E11::80,2021_Ref_Plot5_E11,Field2,test,4,13,0.06787078440016307,9.60911292548414,0.038235716006454354
2021_Ref_Plot5_E11::85,2021_Ref_Plot5_E11,Field2,test,5,14,0.08083363284851532,9.65208842981064,0.03657867443292412
2021_Ref_Plot5_E3::8,2021_Ref_Plot5_E3,Field2,test,7,1,0.5211797883945427,9.811352209137542,0.1056843658593524
2021_Ref_Plot5_E3::16,2021_Ref_Plot5_E3,Field2,test,8,2,0.7088106993737648,20.24323750020892,0.21412705939970905
2021_Ref_Plot5_E3::22,2021_Ref_Plot5_E3,Field2,test,6,3,0.14613572532580757,9.046632780830143,0.03051960412013468
2021_Ref_Plot5_E3::27,2021_Ref_Plot5_E3,Field2,test,5,4,0.1827617684599617,14.68820208645062,0.03277700559521366
2021_Ref_Plot5_E3::35,2021_Ref_Plot5_E3,Field2,test,8,5,0.11350436414478571,11.5911229020703,0.022509993820288364
2021_Ref_Plot5_E3::44,2021_Ref_Plot5_E3,Field2,test,9,6,0.0881269976040065,9.475215920701414,0.017870076026358424
2021_Ref_Plot5_E3::50,2021_Ref_Plot5_E3,Field2,test,6,7,0.09416293136828124,10.163723483262403,0.0881942282723877
2021_Ref_Plot5_E3::57,2021_Ref_Plot5_E3,Field2,test,7,8,0.09043535743350717,10.541610251122238,0.012469266536184142
2021_Ref_Plot5_E3::65,2021_Ref_Plot5_E3,Field2,test,8,9,0.06294202619098414,10.766342150862954,0.020491817743573115
2021_Ref_Plot5_E3::69,2021_Ref_Plot5_E3,Field2,test,4,10,0.12098726977688623,12.490315662990783,0.03202922204312354
2021_Ref_Plot5_E3::71,2021_Ref_Plot5_E3,Field2,test,2,11,0.08014596296240128,9.969355265481974,0.02689156498148984
2021_Ref_Plot5_E3::76,2021_Ref_Plot5_E3,Field2,test,5,12,0.11986266031826813,11.8904559775775,0.006418799096103996
2021_Ref_Plot5_E3::80,2021_Ref_Plot5_E3,Field2,test,4,13,0.05817265060768348,7.403531835812141,0.012028613090038444
2021_Ref_Plot5_E3::85,2021_Ref_Plot5_E3,Field2,test,5,14,0.05615518944463116,9.635037074221444,0.01909601057987822
2021_Ref_Plot5_E7::8,2021_Ref_Plot5_E7,Field2,test,7,1,0.5293335904980903,9.223449531582732,0.12874287735303028
2021_Ref_Plot5_E7::16,2021_Ref_Plot5_E7,Field2,test,8,2,0.7182398614849954,20.28123253586311,0.22588136584456184
2021_Ref_Plot5_E7::22,2021_Ref_Plot5_E7,Field2,test,6,3,0.13749997271201445,7.324326719807926,0.026261280975834744
2021_Ref_Plot5_E7::27,2021_Ref_Plot5_E7,Field2,test,5,4,0.18804910642086456,14.315684087546972,0.034149354487619986
2021_Ref_Plot5_E7::35,2021_Ref_Plot5_E7,Field2,test,8,5,0.11862712577796791,11.346155571548744,0.027053962447130455
2021_Ref_Plot5_E7::44,2021_Ref_Plot5_E7,Field2,test,9,6,0.0981034010237487,8.952364801572827,0.01034522487147581
2021_Ref_Plot5_E7::50,2021_Ref_Plot5_E7,Field2,test,6,7,0.09901931063142733,9.681128715488008,0.06291729318397947
2021_Ref_Plot5_E7::57,2021_Ref_Plot5_E7,Field2,test,7,8,0.08902133011624909,10.91333377732185,0.029573897429891104
2021_Ref_Plot5_E7::65,2021_Ref_Plot5_E7,Field2,test,8,9,0.07110355251811436,11.31525845561837,0.03450540115370207
2021_Ref_Plot5_E7::69,2021_Ref_Plot5_E7,Field2,test,4,10,0.11349642086541978,12.62873273853329,0.0457246259184531
2021_Ref_Plot5_E7::71,2021_Ref_Plot5_E7,Field2,test,2,11,0.07978693827595025,10.664314877970185,0.03517366241303767
2021_Ref_Plot5_E7::76,2021_Ref_Plot5_E7,Field2,test,5,12,0.12199135450185361,11.799253590279974,0.008932080962044738
2021_Ref_Plot5_E7::80,2021_Ref_Plot5_E7,Field2,test,4,13,0.07672365703386165,9.65246990317057,0.03452557243992973
2021_Ref_Plot5_E7::85,2021_Ref_Plot5_E7,Field2,test,5,14,0.07086571533991957,10.670837593122751,0.03176656657371497
