pair_id,plant_id,field,split,gap_days,n_input_frames,ssim,psnr,structure_ssim
2020_Ref_Plot1_A10::22,2020_Ref_Plot1_A10,Field1,test,7,1,0.3213308903232444,17.934927448649482,0.08699235540272232
2020_Ref_Plot1_A10::28,2020_Ref_Plot1_A10,Field1,test,6,2,0.6438424607940694,26.30193824420619,0.16398437087375373
2020_Ref_Plot1_A10::36,2020_Ref_Plot1_A10,Field1,test,8,3,0.16004158194244442,13.257999107318541,0.04591273846349787
2020_Ref_Plot1_A10::42,2020_Ref_Plot1_A10,Field1,test,6,4,0.22956594674196706,16.060920911795865,0.036620263537223634
2020_Ref_Plot1_A10::51,2020_Ref_Plot1_A10,Field1,test,9,5,0.11970813808120384,10.254190860859314,0.047184637242918395
2020_Ref_Plot1_A10::83,2020_Ref_Plot1_A10,Field1,test,32,6,0.13121353934163385,12.847455074802278,0.023423937507916093
2020_Ref_Plot1_A93::22,2020_Ref_Plot1_A93,Field1,test,7,1,0.32571731321320885,19.5857522681425,0.06890127777674658
2020_Ref_Plot1_A93::28,2020_Ref_Plot1_A93,Field1,test,6,2,0.6949495598335901,27.55224268131428,0.17109398156927638
2020_Ref_Plot1_A93::36,2020_Ref_Plot1_A93,Field1,test,8,3,0.1763735903430931,14.021707556252359,0.04577571513790476
2020_Ref_Plot1_A93::42,2020_Ref_Plot1_A93,Field1,test,6,4,0.23597500242630406,16.01473236559754,0.039460584109649186
2020_Ref_Plot1_A93::51,2020_Ref_Plot1_A93,Field1,test,9,5,0.1515272181851661,9.92250454519052,0.05025882995886533
2020_Ref_Plot1_A94::22,2020_Ref_Plot1_A94,Field1,test,7,1,0.34775086423746604,19.753818204901904,0.07349089944791573
2020_Ref_Plot1_A94::28,2020_Ref_Plot1_A94,Field1,test,6,2,0.6862365246974832,27.269058306430274,0.18693053527020145
2020_Ref_Plot1_A94::36,2020_Ref_Plot1_A94,Field1,test,8,3,0.19060584451154042,14.69265275717165,0.04985270483516555
2020_Ref_Plot1_A94::42,2020_Ref_Plot1_A94,Field1,test,6,4,0.19616068221140856,15.207338114529595,0.02986724114227399
2020_Ref_Plot1_A94::51,2020_Ref_Plot1_A94,Field1,test,9,5,0.13780903800996547,9.497325610635608,0.041964653400393646
2020_Ref_Plot1_B10::22,2020_Ref_Plot1_B10,Field1,test,7,1,0.3257840474117016,17.673831545863564,0.10599169699089561
2020_Ref_Plot1_B10::28,2020_Ref_Plot1_B10,Field1,test,6,2,0.6154218961168703,26.082460990164,0.13049668433350645
2020_Ref_Plot1_B10::36,2020_Ref_Plot1_B10,Field1,test,8,3,0.12121422657584945,11.641885062653781,0.02495749819456028
2020_Ref_Plot1_B10::42,2020_Ref_Plot1_B10,Field1,test,6,4,0.22862091057217715,15.333755683974053,0.0508965165889619
2020_Ref_Plot1_B10::51,2020_Ref_Plot1_B10,Field1,test,9,5,0.11809479257962811,10.4217938025071,0.02409834286253648
2020_Ref_Plot1_B10::83,2020_Ref_Plot1_B10,Field1,test,32,6,0.20826639433967675,14.576377993504423,0.030853495319181724
2020_Ref_Plot1_B1::22,2020_Ref_Plot1_B1,Field1,test,7,1,0.2914251577030768,17.837702151179123,0.07436033692156827
2020_Ref_Plot1_B1::28,2020_Ref_Plot1_B1,Field1,test,6,2,0.6595237279668852,27.13922073112738,0.1647298470314693
2020_Ref_Plot1_B1::36,2020_Ref_Plot1_B1,Field1,test,8,3,0.12822418165728433,11.98603327882001,0.025693441284553864
2020_Ref_Plot1_B1::42,2020_Ref_Plot1_B1,Field1,test,6,4,0.24006302500198984,15.984409858485101,0.04284697119601245
2020_Ref_Plot1_B1::51,2020_Ref_Plot1_B1,Field1,test,9,5,0.13348380725265588,9.718524133133124,0.06019358203012916
2020_Ref_Plot1_B1::83,2020_Ref_Plot1_B1,Field1,test,32,6,0.24274570761733782,14.109182790306003,0.026118571240192658
2020_Ref_Plot1_B7::22,2020_Ref_Plot1_B7,Field1,test,7,1,0.39395731343679113,18.929843285378457,0.14822359254888473
2020_Ref_Plot1_B7::28,2020_Ref_Plot1_B7,Field1,test,6,2,0.614461364448949,25.919266433226902,0.1294638939393232
2020_Ref_Plot1_B7::36,2020_Ref_Plot1_B7,Field1,test,8,3,0.13517183401518218,12.006778158533237,0.035359441500995716
2020_Ref_Plot1_B7::42,2020_Ref_Plot1_B7,Field1,test,6,4,0.23197043936435127,16.263973789082577,0.03896185715513609
2020_Ref_Plot1_B7::51,2020_Ref_Plot1_B7,Field1,test,9,5,0.12726874896306226,9.875220430520956,0.049010603320987736
2020_Ref_Plot1_B7::83,2020_Ref_Plot1_B7,Field1,test,32,6,0.1966606310327084,13.758821202876772,0.019391110285283515
2020_Ref_Plot1_B94::22,2020_Ref_Plot1_B94,Field1,test,7,1,0.2815803713993583,17.893688883048927,0.0591848712441191
2020_Ref_Plot1_B94::28,2020_Ref_Plot1_B94,Field1,test,6,2,0.6911381329250333,27.973154206664823,0.18386657429533
2020_Ref_Plot1_B94::36,2020_Ref_Plot1_B94,Field1,test,8,3,0.17341513112817156,14.029136482315362,0.04539395425993476
2020_Ref_Plot1_B94::42,2020_Ref_Plot1_B94,Field1,test,6,4,0.19747104500951093,14.945670089613976,0.04207492464116677
2020_Ref_Plot1_B94::51,2020_Ref_Plot1_B94,Field1,test,9,5,0.12386995917425996,10.202669412854043,0.04973589471814758
2020_Ref_Plot1_C1::22,2020_Ref_Plot1_C1,Field1,test,7,1,0.31708739019244175,17.827908220835123,0.10498067146353278
2020_Ref_Plot1_C1::28,2020_Ref_Plot1_C1,Field1,test,6,2,0.6836805315395383,27.758239032183866,0.16529729719934677
2020_Ref_Plot1_C1::36,2020_Ref_Plot1_C1,Field1,test,8,3,0.18963259131040608,13.869111816161482,0.05103555757313104
2020_Ref_Plot1_C1::42,2020_Ref_Plot1_C1,Field1,test,6,4,0.21874129881535012,16.24622911754694,0.04561587196530148
2020_Ref_Plot1_C1::51,2020_Ref_Plot1_C1,Field1,test,9,5,0.12542217859825053,10.053470816679004,0.05018075288911808
2020_Ref_Plot1_C1::83,2020_Ref_Plot1_C1,Field1,test,32,6,0.2523789356577966,14.926704923584103,0.022489882563577285
2020_Ref_Plot1_C92::22,2020_Ref_Plot1_C92,Field1,test,7,1,0.2657579465692987,18.160301715039317,0.05297374903558123
2020_Ref_Plot1_C92::28,2020_Ref_Plot1_C92,Field1,test,6,2,0.7039335515722001,28.543702167690476,0.18601779446472474
2020_Ref_Plot1_C92::36,2020_Ref_Plot1_C92,Field1,test,8,3,0.14092778659476723,12.31576107473533,0.02132741364768237
2020_Ref_Plot1_C92::42,2020_Ref_Plot1_C92,Field1,test,6,4,0.19291398632839085,15.084360511052575,0.02786806876134114
2020_Ref_Plot1_C92::51,2020_Ref_Plot1_C92,Field1,test,9,5,0.12661104005212542,10.707758244323657,0.06443651474253509
2020_Ref_Plot1_C98::22,2020_Ref_Plot1_C98,Field1,test,7,1,0.30112598268136187,18.248421537697116,0.0896366492399752
2020_Ref_Plot1_C98::28,2020_Ref_Plot1_C98,Field1,test,6,2,0.6774439060682519,27.121799243911887,0.15435588261938543
2020_Ref_Plot1_C98::36,2020_Ref_Plot1_C98,Field1,test,8,3,0.16372957761999485,13.642134039925509,0.030922526964783138
2020_Ref_Plot1_C98::42,2020_Ref_Plot1_C98,Field1,test,6,4,0.21270292259082768,15.545545341162232,0.03883902805619514
2020_Ref_Plot1_C98::51,2020_Ref_Plot1_C98,Field1,test,9,5,0.11884208691807341,10.120280532290156,0.04901167526435222
2020_Ref_Plot2_A2::22,2020_Ref_Plot2_A2,Field1,test,7,1,0.2619828011713265,18.917299906003954,0.05072665353064485
2020_Ref_Plot2_A2::28,2020_Ref_Plot2_A2,Field1,test,6,2,0.664321114134666,26.67386092755386,0.14188972584905865
2020_Ref_Plot2_A2::36,2020_Ref_Plot2_A2,Field1,test,8,3,0.16692500948552744,13.513299876686407,0.05554151008412764
2020_Ref_Plot2_A2::42,2020_Ref_Plot2_A2,Field1,test,6,4,0.2463863493049423,16.589662926664353,0.04905660654144972
2020_Ref_Plot2_A2::51,2020_Ref_Plot2_A2,Field1,test,9,5,0.12756980460269782,10.090564487058195,0.04845786642107085
2020_Ref_Plot2_A2::83,2020_Ref_Plot2_A2,Field1,test,32,6,0.16150230339543958,13.009519716068766,0.007594323336950013
2020_Ref_Plot2_A4::22,2020_Ref_Plot2_A4,Field1,test,7,1,0.23692395972889777,18.332435102115575,0.03601221962515914
2020_Ref_Plot2_A4::28,2020_Ref_Plot2_A4,Field1,test,6,2,0.6756976037854022,27.18368722073375,0.1777115879588653
2020_Ref_Plot2_A4::36,2020_Ref_Plot2_A4,Field1,test,8,3,0.18326046090938727,13.987527058586092,0.06126108132173051
2020_Ref_Plot2_A4::42,2020_Ref_Plot2_A4,Field1,test,6,4,0.20160937310807348,14.361087887458154,0.03395367676740241
2020_Ref_Plot2_A4::51,2020_Ref_Plot2_A4,Field1,test,9,5,0.11314024833749586,9.819506918410744,0.02618753291360187
2020_Ref_Plot2_A4::83,2020_Ref_Plot2_A4,Field1,test,32,6,0.12127601056764607,11.134528919386577,0.028447524502077694
2020_Ref_Plot2_A91::22,2020_Ref_Plot2_A91,Field1,test,7,1,0.2753575211250845,18.608793079389876,0.05176895359124225
2020_Ref_Plot2_A91::28,2020_Ref_Plot2_A91,Field1,test,6,2,0.6635371998833066,27.121302517573373,0.1470790878504021
2020_Ref_Plot2_A91::36,2020_Ref_Plot2_A91,Field1,test,8,3,0.18209334716326708,14.199878260912557,0.04783481117755509
2020_Ref_Plot2_A91::42,2020_Ref_Plot2_A91,Field1,test,6,4,0.2608407557241827,17.11043237265053,0.052753453230376786
2020_Ref_Plot2_A91::51,2020_Ref_Plot2_A91,Field1,test,9,5,0.14040907853204,10.22531797923514,0.06284267688437374
2020_Ref_Plot2_A91::83,2020_Ref_Plot2_A91,Field1,test,32,6,0.22466630417912126,14.57738617392653,0.013437476800041809
2020_Ref_Plot2_B1::22,2020_Ref_Plot2_B1,Field1,test,7,1,0.2642006091870319,18.520789283304026,0.05708515977263999
2020_Ref_Plot2_B1::28,2020_Ref_Plot2_B1,Field1,test,6,2,0.6707973750744826,27.154622810555274,0.14825756478209987
2020_Ref_Plot2_B1::36,2020_Ref_Plot2_B1,Field1,test,8,3,0.1396344355733277,12.597567686739321,0.03920724147075225
2020_Ref_Plot2_B1::42,2020_Ref_Plot2_B1,Field1,test,6,4,0.2797938095678451,16.76494391975083,0.04714285221536952
2020_Ref_Plot2_B1::51,2020_Ref_Plot2_B1,Field1,test,9,5,0.1024868127822891,9.807877253263799,0.025874020666554327
2020_Ref_Plot2_B1::83,2020_Ref_Plot2_B1,Field1,test,32,6,0.17220638141602987,13.194114434992926,0.025917015839579085
2020_Ref_Plot2_B7::22,2020_Ref_Plot2_B7,Field1,test,7,1,0.29456715561880326,18.74819570641721,0.057222942614213235
2020_Ref_Plot2_B7::28,2020_Ref_Plot2_B7,Field1,test,6,2,0.639846244074024,26.943004727024306,0.14748908948135014
2020_Ref_Plot2_B7::36,2020_Ref_Plot2_B7,Field1,test,8,3,0.16231314147587503,13.315360617688894,0.03598446806944675
2020_Ref_Plot2_B7::42,2020_Ref_Plot2_B7,Field1,test,6,4,0.22843752455216795,15.91294834275133,0.05096754002142202
2020_Ref_Plot2_B7::51,2020_Ref_Plot2_B7,Field1,test,9,5,0.11529390436496002,9.000129888014166,0.05685982474933983
2020_Ref_Plot2_B7::83,2020_Ref_Plot2_B7,Field1,test,32,6,0.14542514386977903,12.577717930497617,0.022027696334964156
2020_Ref_Plot2_B91::22,2020_Ref_Plot2_B91,Field1,test,7,1,0.28004504999557334,17.71574117110913,0.07854786652791977
2020_Ref_Plot2_B91::28,2020_Ref_Plot2_B91,Field1,test,6,2,0.667151008989145,27.36676602605394,0.1568436858416855
2020_Ref_Plot2_B91::36,2020_Ref_Plot2_B91,Field1,test,8,3,0.17561032715061783,14.491248810066955,0.055772939568333575
2020_Ref_Plot2_B91::42,2020_Ref_Plot2_B91,Field1,test,6,4,0.23525127559694325,16.10665470112614,0.030177393797989623
2020_Ref_Plot2_B91::51,2020_Ref_Plot2_B91,Field1,test,9,5,0.11740001073992921,9.678457584515131,0.05570235320767992
2020_Ref_Plot2_B99::22,2020_Ref_Plot2_B99,Field1,test,7,1,0.290522280448048,18.29133829609614,0.05588016920702673
2020_Ref_Plot2_B99::28,2020_Ref_Plot2_B99,Field1,test,6,2,0.6608694265603235,26.89058930762487,0.15156472345570896
2020_Ref_Plot2_B99::36,2020_Ref_Plot2_B99,Field1,test,8,3,0.13532767397293352,11.936426789835258,0.0228562042857816
2020_Ref_Plot2_B99::42,2020_Ref_Plot2_B99,Field1,test,6,4,0.2242666554791836,16.573852973126847,0.04221628959076574
2020_Ref_Plot2_B99::51,2020_Ref_Plot2_B99,Field1,test,9,5,0.10724135029410287,9.90404169287983,0.03688735276405254
2020_Ref_Plot2_B99::83,2020_Ref_Plot2_B99,Field1,test,32,6,0.1930828404721373,14.312310354938337,0.02257573232002995
2020_Ref_Plot2_C2::22,2020_Ref_Plot2_C2,Field1,test,7,1,0.2763783755858113,18.47154906953746,0.061277499769846505
2020_Ref_Plot2_C2::28,2020_Ref_Plot2_C2,Field1,test,6,2,0.6854839644708797,27.50268593349012,0.17385528447452472
2020_Ref_Plot2_C2::36,2020_Ref_Plot2_C2,Field1,test,8,3,0.19706025917459966,14.210931773525104,0.06123221764170177
2020_Ref_Plot2_C2::42,2020_Ref_Plot2_C2,Field1,test,6,4,0.2769393962561395,16.11831678792605,0.052707776282218836
2020_Ref_Plot2_C2::51,2020_Ref_Plot2_C2,Field1,test,9,5,0.14750160713688817,10.705899442905322,0.06810171121116894
2020_Ref_Plot2_C2::83,2020_Ref_Plot2_C2,Field1,test,32,6,0.16990509442374244,12.94869174817319,0.024079173931509358
2020_Ref_Plot2_C5::22,2020_Ref_Plot2_C5,Field1,test,7,1,0.29448211405652197,19.275386323541323,0.06784379555296079
2020_Ref_Plot2_C5::28,2020_Ref_Plot2_C5,Field1,test,6,2,0.6836376877246152,27.57914551566784,0.17571663998342266
2020_Ref_Plot2_C5::36,2020_Ref_Plot2_C5,Field1,test,8,3,0.19598867834692613,14.40332497878191,0.04904389008827602
2020_Ref_Plot2_C5::42,2020_Ref_Plot2_C5,Field1,test,6,4,0.23987346934842976,15.264995129441154,0.036344870387560305
2020_Ref_Plot2_C5::51,2020_Ref_Plot2_C5,Field1,test,9,5,0.11516171262309588,9.477178335694147,0.04216399069989173
2020_Ref_Plot2_C5::83,2020_Ref_Plot2_C5,Field1,test,32,6,0.13020808170124495,11.657233962802602,0.02559554910140995
2020_Ref_Plot2_C6::22,2020_Ref_Plot2_C6,Field1,test,7,1,0.27607399156665885,19.082710325893274,0.058373005497312565
2020_Ref_Plot2_C6::28,2020_Ref_Plot2_C6,Field1,test,6,2,0.6588773340989924,27.04868983092004,0.15838019452078966
2020_Ref_Plot2_C6::36,2020_Ref_Plot2_C6,Field1,test,8,3,0.19601455567246961,14.560133586922056,0.04273949118315789
2020_Ref_Plot2_C6::42,2020_Ref_Plot2_C6,Field1,test,6,4,0.21706122323150967,14.924906380167522,0.04851819712025665
2020_Ref_Plot2_C6::51,2020_Ref_Plot2_C6,Field1,test,9,5,0.1310674404508289,10.241511525175195,0.054548509592129354
2020_Ref_Plot2_C6::83,2020_Ref_Plot2_C6,Field1,test,32,6,0.11909924857127195,11.284305998180441,0.013385108209054045
2020_Ref_Plot3_A2::22,2020_Ref_Plot3_A2,Field1,test,7,1,0.22604889542490414,17.54698152402551,0.027885368056376623
2020_Ref_Plot3_A2::28,2020_Ref_Plot3_A2,Field1,test,6,2,0.6445127697099664,26.255643161158684,0.14550969536367062
2020_Ref_Plot3_A2::36,2020_Ref_Plot3_A2,Field1,test,8,3,0.1927481027373735,14.020473865734006,0.04854562115718543
2020_Ref_Plot3_A2::42,2020_Ref_Plot3_A2,Field1,test,6,4,0.2089993300818315,15.087736782642915,0.042394467029569935
2020_Ref_Plot3_A2::51,2020_Ref_Plot3_A2,Field1,test,9,5,0.09952371783286372,9.973353843830221,0.0437123148628776
2020_Ref_Plot3_A2::83,2020_Ref_Plot3_A2,Field1,test,32,6,0.14402129822618906,12.487852059002467,0.010388485600633842
2020_Ref_Plot3_A91::22,2020_Ref_Plot3_A91,Field1,test,7,1,0.2071151500709801,18.436557455830417,0.02511471145640526
2020_Ref_Plot3_A91::28,2020_Ref_Plot3_A91,Field1,test,6,2,0.6828328352049201,27.621307937847522,0.15428804037707117
2020_Ref_Plot3_A91::36,2020_Ref_Plot3_A91,Field1,test,8,3,0.17694303927148414,13.829094364253951,0.03928817320735904
2020_Ref_Plot3_A91::42,2020_Ref_Plot3_A91,Field1,test,6,4,0.24382702797100406,15.404767980361502,0.040580316871342434
2020_Ref_Plot3_A91::51,2020_Ref_Plot3_A91,Field1,test,9,5,0.10280086802332518,10.2389582594693,0.03315461396499382
2020_Ref_Plot3_A91::83,2020_Ref_Plot3_A91,Field1,test,32,6,0.17898921686230676,13.349015715107013,0.024193716745941365
2020_Ref_Plot3_A95::22,2020_Ref_Plot3_A95,Field1,test,7,1,0.28809632825895287,18.816555944411046,0.05880416430166484
2020_Ref_Plot3_A95::28,2020_Ref_Plot3_A95,Field1,test,6,2,0.6326924289164554,25.602255528705427,0.1318444934853636
2020_Ref_Plot3_A95::36,2020_Ref_Plot3_A95,Field1,test,8,3,0.1467082964257098,12.774189322926407,0.0382963426095526
2020_Ref_Plot3_A95::42,2020_Ref_Plot3_A95,Field1,test,6,4,0.23115702595060347,15.310615334875553,0.04580210888376551
2020_Ref_Plot3_A95::51,2020_Ref_Plot3_A95,Field1,test,9,5,0.1337696463135011,10.097742432092378,0.04314742620542028
2020_Ref_Plot3_A95::83,2020_Ref_Plot3_A95,Field1,test,32,6,0.18295841195268406,13.37946468289836,0.029192561415859235
2020_Ref_Plot3_A99::22,2020_Ref_Plot3_A99,Field1,test,7,1,0.26854914064885965,18.05363088085628,0.05010940114867056
2020_Ref_Plot3_A99::28,2020_Ref_Plot3_A99,Field1,test,6,2,0.6659323349442432,26.743893367401498,0.1610423330709993
2020_Ref_Plot3_A99::36,2020_Ref_Plot3_A99,Field1,test,8,3,0.18687630399786528,13.090962921756015,0.048973410946877155
2020_Ref_Plot3_A99::42,2020_Ref_Plot3_A99,Field1,test,6,4,0.24304673437546007,16.997985787640285,0.06736472382489561
2020_Ref_Plot3_A99::51,2020_Ref_Plot3_A99,Field1,test,9,5,0.07940342801282656,9.384850089690984,0.030895742160243177
2020_Ref_Plot3_A99::83,2020_Ref_Plot3_A99,Field1,test,32,6,0.14738480744083116,12.65910056515339,0.018450226332048993
2020_Ref_Plot3_A9::22,2020_Ref_Plot3_A9,Field1,test,7,1,0.2512732916058553,18.874829905959597,0.04249699759696681
2020_Ref_Plot3_A9::28,2020_Ref_Plot3_A9,Field1,test,6,2,0.6783473524334448,26.657536136569977,0.14844408290784178
2020_Ref_Plot3_A9::36,2020_Ref_Plot3_A9,Field1,test,8,3,0.13687110789794246,13.450524766533192,0.023982671290569347
2020_Ref_Plot3_A9::42,2020_Ref_Plot3_A9,Field1,test,6,4,0.28782535419225025,17.973945963661986,0.0492879770402117
2020_Ref_Plot3_A9::51,2020_Ref_Plot3_A9,Field1,test,9,5,0.14111510124261853,10.27855041019893,0.04724709266825128
2020_Ref_Plot3_A9::83,2020_Ref_Plot3_A9,Field1,test,32,6,0.1918786803878416,14.065872601754583,0.02097771982868423
2020_Ref_Plot3_A9::97,2020_Ref_Plot3_A9,Field1,test,14,7,0.2567382903945155,15.735268889242704,0.028420253745884486
2020_Ref_Plot3_B97::22,2020_Ref_Plot3_B97,Field1,test,7,1,0.2908625606248653,18.668524707529677,0.06857428805256452
2020_Ref_Plot3_B97::28,2020_Ref_Plot3_B97,Field1,test,6,2,0.668514594171595,26.654718507524397,0.1627309628974506
2020_Ref_Plot3_B97::36,2020_Ref_Plot3_B97,Field1,test,8,3,0.17681999753563515,13.484830604426161,0.04604038659935261
2020_Ref_Plot3_B97::42,2020_Ref_Plot3_B97,Field1,test,6,4,0.23969905171492797,16.11589812773212,0.040768837129347944
2020_Ref_Plot3_B97::51,2020_Ref_Plot3_B97,Field1,test,9,5,0.1396116037556568,9.989214355239701,0.043845377985619174
2020_Ref_Plot3_B97::83,2020_Ref_Plot3_B97,Field1,test,32,6,0.14990371395755778,11.91409969233925,0.02556657268510668
2020_Ref_Plot3_C10::22,2020_Ref_Plot3_C10,Field1,test,7,1,0.234086499362907,17.757488555352094,0.031991826706520905
2020_Ref_Plot3_C10::28,2020_Ref_Plot3_C10,Field1,test,6,2,0.6509680107414736,26.207818684956315,0.1511166606179793
2020_Ref_Plot3_C10::36,2020_Ref_Plot3_C10,Field1,test,8,3,0.12300507683682628,11.211385436934647,0.01998756337882202
2020_Ref_Plot3_C10::42,2020_Ref_Plot3_C10,Field1,test,6,4,0.21236154416272676,15.567900904154717,0.04061142276967402
2020_Ref_Plot3_C10::51,2020_Ref_Plot3_C10,Field1,test,9,5,0.1093791897119135,9.866896709397363,0.03753481999757482
2020_Ref_Plot3_C10::83,2020_Ref_Plot3_C10,Field1,test,32,6,0.13979870653449622,11.824489265645788,0.017761055308109012
2020_Ref_Plot3_C10::97,2020_Ref_Plot3_C10,Field1,test,14,7,0.22147028376081612,15.061489914135489,0.020716020338262635
2020_Ref_Plot3_C2::22,2020_Ref_Plot3_C2,Field1,test,7,1,0.27171064611871126,18.514589974974758,0.048462152520231165
2020_Ref_Plot3_C2::28,2020_Ref_Plot3_C2,Field1,test,6,2,0.6410199272575985,25.753332820452933,0.14340613655307638
2020_Ref_Plot3_C2::36,2020_Ref_Plot3_C2,Field1,test,8,3,0.16918893370305152,13.510850901326672,0.04144307261477161
2020_Ref_Plot3_C2::42,2020_Ref_Plot3_C2,Field1,test,6,4,0.22679878735894618,15.483750917269125,0.05054396264855722
2020_Ref_Plot3_C2::51,2020_Ref_Plot3_C2,Field1,test,9,5,0.12365568438960779,10.25564855620042,0.029623707348612353
2020_Ref_Plot3_C2::83,2020_Ref_Plot3_C2,Field1,test,32,6,0.12689599233011223,11.951485149882364,0.01139166677103049
2020_Ref_Plot3_C7::22,2020_Ref_Plot3_C7,Field1,test,7,1,0.29175260596218117,18.841374981904394,0.06171765410452099
2020_Ref_Plot3_C7::28,2020_Ref_Plot3_C7,Field1,test,6,2,0.6339047720321171,25.62404085926257,0.1509710069934178
2020_Ref_Plot3_C7::36,2020_Ref_Plot3_C7,Field1,test,8,3,0.17690404909681776,13.46792353856392,0.062314510532476185
2020_Ref_Plot3_C7::42,2020_Ref_Plot3_C7,Field1,test,6,4,0.22260497705785698,16.337944977148283,0.04880689432870169
2020_Ref_Plot3_C7::51,2020_Ref_Plot3_C7,Field1,test,9,5,0.12716867125736467,11.209676674444749,0.04492684517544651
2020_Ref_Plot3_C7::83,2020_Ref_Plot3_C7,Field1,test,32,6,0.1486861912431975,13.266294226314299,0.02680884992539172
2020_Ref_Plot3_C7::97,2020_Ref_Plot3_C7,Field1,test,14,7,0.18409320516226726,13.984838355925833,0.013464191423983803
2020_Ref_Plot4_A8::22,2020_Ref_Plot4_A8,Field1,test,7,1,0.3404448444621461,20.87454929888787,0.07404062862737323
2020_Ref_Plot4_A8::28,2020_Ref_Plot4_A8,Field1,test,6,2,0.6852251701391415,25.67945522655004,0.14283885559675788
2020_Ref_Plot4_A8::36,2020_Ref_Plot4_A8,Field1,test,8,3,0.08868218157220963,12.646521246854757,0.022165323752427003
2020_Ref_Plot4_A8::42,2020_Ref_Plot4_A8,Field1,test,6,4,0.31614454607139003,17.92335426134102,0.06432046350821422
2020_Ref_Plot4_A8::51,2020_Ref_Plot4_A8,Field1,test,9,5,0.08820120520325757,9.399303670671353,0.018676716255789896
2020_Ref_Plot4_A8::83,2020_Ref_Plot4_A8,Field1,test,32,6,0.1522928614793657,13.124395318738442,0.02446541155789957
2020_Ref_Plot4_A90::22,2020_Ref_Plot4_A90,Field1,test,7,1,0.2558845167851735,18.6582374898114,0.030992736955168187
2020_Ref_Plot4_A90::28,2020_Ref_Plot4_A90,Field1,test,6,2,0.7219031464321941,27.11192056821148,0.17914253878944836
2020_Ref_Plot4_A90::36,2020_Ref_Plot4_A90,Field1,test,8,3,0.09946369645501422,12.97878320680278,0.019899368615380282
2020_Ref_Plot4_A90::42,2020_Ref_Plot4_A90,Field1,test,6,4,0.2948865138407904,17.017028695323148,0.04334549425222332
2020_Ref_Plot4_A90::51,2020_Ref_Plot4_A90,Field1,test,9,5,0.09470459496325377,9.296993125657627,0.03718665222048102
2020_Ref_Plot4_A92::22,2020_Ref_Plot4_A92,Field1,test,7,1,0.26640529291095627,18.9998312059066,0.03402535692168431
2020_Ref_Plot4_A92::28,2020_Ref_Plot4_A92,Field1,test,6,2,0.7125304891828529,27.377923491047845,0.14887695234589507
2020_Ref_Plot4_A92::36,2020_Ref_Plot4_A92,Field1,test,8,3,0.09464050009068638,13.63893409080797,0.025501445992707435
2020_Ref_Plot4_A92::42,2020_Ref_Plot4_A92,Field1,test,6,4,0.2765369249018686,17.06652950457108,0.04529301728352041
2020_Ref_Plot4_A92::51,2020_Ref_Plot4_A92,Field1,test,9,5,0.11030692766974647,10.455947133642347,0.03707154047801643
2020_Ref_Plot4_B2::22,2020_Ref_Plot4_B2,Field1,test,7,1,0.272900836122298,19.202742172453497,0.03339230878301898
2020_Ref_Plot4_B2::28,2020_Ref_Plot4_B2,Field1,test,6,2,0.7336892159426042,28.033401217008112,0.17496211537172665
2020_Ref_Plot4_B2::36,2020_Ref_Plot4_B2,Field1,test,8,3,0.10311809855683807,14.36998082427326,0.01692117992808458
2020_Ref_Plot4_B2::42,2020_Ref_Plot4_B2,Field1,test,6,4,0.231419708681369,15.200307278032849,0.023799434854756874
2020_Ref_Plot4_B2::51,2020_Ref_Plot4_B2,Field1,test,9,5,0.09743116433771137,9.91150321316501,0.023668338055588944
2020_Ref_Plot4_B2::83,2020_Ref_Plot4_B2,Field1,test,32,6,0.1147817629292253,11.131433046464625,0.012496953801669071
2020_Ref_Plot4_B6::22,2020_Ref_Plot4_B6,Field1,test,7,1,0.3685889366854187,21.46902108495646,0.05547934531168967
2020_Ref_Plot4_B6::28,2020_Ref_Plot4_B6,Field1,test,6,2,0.7503393272252911,27.71686390512481,0.18707018445186033
2020_Ref_Plot4_B6::36,2020_Ref_Plot4_B6,Field1,test,8,3,0.06873403607047263,12.046505550662642,0.01848138781838423
2020_Ref_Plot4_B6::42,2020_Ref_Plot4_B6,Field1,test,6,4,0.28673731487765847,17.577502106921855,0.05806920286350149
2020_Ref_Plot4_B6::51,2020_Ref_Plot4_B6,Field1,test,9,5,0.10143304055352216,10.04802280294998,0.0361018852732488
2020_Ref_Plot4_B6::83,2020_Ref_Plot4_B6,Field1,test,32,6,0.15260367721927076,13.190548409879428,0.0225266692036921
2020_Ref_Plot4_B95::22,2020_Ref_Plot4_B95,Field1,test,7,1,0.2966216438165137,19.620440794228923,0.04005391237887312
2020_Ref_Plot4_B95::28,2020_Ref_Plot4_B95,Field1,test,6,2,0.7007542975467583,26.97530315619321,0.16395726731046353
2020_Ref_Plot4_B95::36,2020_Ref_Plot4_B95,Field1,test,8,3,0.06832374655277135,12.359006970653184,0.0046645893696802745
2020_Ref_Plot4_B95::42,2020_Ref_Plot4_B95,Field1,test,6,4,0.2796840484071176,17.155112899481082,0.043136061357303745
2020_Ref_Plot4_B95::51,2020_Ref_Plot4_B95,Field1,test,9,5,0.09308749958764288,9.515204322309355,0.015016507689841183
2020_Ref_Plot4_B95::83,2020_Ref_Plot4_B95,Field1,test,32,6,0.22157802990650008,14.029799269685544,0.02368644005454805
2020_Ref_Plot4_B97::22,2020_Ref_Plot4_B97,Field1,test,7,1,0.2882067755262714,19.64163278314363,0.032297869134883
2020_Ref_Plot4_B97::28,2020_Ref_Plot4_B97,Field1,test,6,2,0.7250780110990819,27.433191035136485,0.17985178281942812
2020_Ref_Plot4_B97::36,2020_Ref_Plot4_B97,Field1,test,8,3,0.09198385558763329,13.250959054710254,0.01879277741887832
2020_Ref_Plot4_B97::42,2020_Ref_Plot4_B97,Field1,test,6,4,0.28048382462769,17.157129344045057,0.0394501040991829
2020_Ref_Plot4_B97::51,2020_Ref_Plot4_B97,Field1,test,9,5,0.10750790339643368,10.021319795126066,0.03256582537915686
2020_Ref_Plot4_C91::22,2020_Ref_Plot4_C91,Field1,test,7,1,0.263690983965927,19.556997675194367,0.030165370775596632
2020_Ref_Plot4_C91::28,2020_Ref_Plot4_C91,Field1,test,6,2,0.7290202363107693,27.619274260860116,0.15603663455121694
2020_Ref_Plot4_C91::36,2020_Ref_Plot4_C91,Field1,test,8,3,0.09356475387608591,13.658454164530216,0.022407517100404912
2020_Ref_Plot4_C91::42,2020_Ref_Plot4_C91,Field1,test,6,4,0.2586193000106219,16.073208416843272,0.030424298312160546
2020_Ref_Plot4_C91::51,2020_Ref_Plot4_C91,Field1,test,9,5,0.10884153275534429,9.960002488237858,0.04455347536259795
2021_Ref_Plot1_A11::16,2021_Ref_Plot1_A11,Field2,test,8,2,0.8026483891026163,30.393823641437567,0.37764594166876436
2021_Ref_Plot1_A11::22,2021_Ref_Plot1_A11,Field2,test,6,3,0.300533270495457,16.885349144688306,0.06783641010437107
2021_Ref_Plot1_A11::27,2021_Ref_Plot1_A11,Field2,test,5,4,0.34821604097606346,15.93647281085602,0.11736640227768008
2021_Ref_Plot1_A11::35,2021_Ref_Plot1_A11,Field2,test,8,5,0.09770024189243919,11.433027042796617,0.01890400848569162
2021_Ref_Plot1_A11::44,2021_Ref_Plot1_A11,Field2,test,9,6,0.11492125025322834,13.527655608794868,0.012835603927681287
2021_Ref_Plot1_A11::50,2021_Ref_Plot1_A11,Field2,test,6,7,0.1036027164114975,8.60631190352413,0.05978426144985734
2021_Ref_Plot1_A11::57,2021_Ref_Plot1_A11,Field2,test,7,8,0.08607811941386001,10.133898932212395,0.024571599464407033
2021_Ref_Plot1_A11::65,2021_Ref_Plot1_A11,Field2,test,8,9,0.09760714388327056,10.586782541175833,0.030362641008287942
2021_Ref_Plot1_A11::69,2021_Ref_Plot1_A11,Field2,test,4,10,0.20338449500209732,12.09367083527525,0.11430017124840532
2021_Ref_Plot1_A11::71,2021_Ref_Plot1_A11,Field2,test,2,11,0.11403131608383969,9.326113713927475,0.08877913361964129
2021_Ref_Plot1_A11::76,2021_Ref_Plot1_A11,Field2,test,5,12,0.07983687330408534,9.9311845519584,0.011454918123168295
2021_Ref_Plot1_A11::8,2021_Ref_Plot1_A11,Field2,test,7,1,0.6832141021116561,25.856769239158098,0.17621297826159826
2021_Ref_Plot1_A11::80,2021_Ref_Plot1_A11,Field2,test,4,13,0.05132753091349256,6.642750174442668,0.016781950867116695
2021_Ref_Plot1_A11::85,2021_Ref_Plot1_A11,Field2,test,5,14,0.0699071085401574,8.89183872454957,0.03486450329608943
2021_Ref_Plot1_A13::16,2021_Ref_Plot1_A13,Field2,test,8,2,0.7902600700466342,29.439476067731295,0.36989972203732285
2021_Ref_Plot1_A13::22,2021_Ref_Plot1_A13,Field2,test,6,3,0.27331119172391355,16.300020676514997,0.07227182166736149
2021_Ref_Plot1_A13::27,2021_Ref_Plot1_A13,Field2,test,5,4,0.3074744637940954,16.333514906350327,0.0989042907575559
2021_Ref_Plot1_A13::35,2021_Ref_Plot1_A13,Field2,test,8,5,0.1348768893494995,11.643989549827033,0.05193433204565255
2021_Ref_Plot1_A13::44,2021_Ref_Plot1_A13,Field2,test,9,6,0.10816148577180788,12.44518017172301,0.016619035892169693
2021_Ref_Plot1_A13::50,2021_Ref_Plot1_A13,Field2,test,6,7,0.10140717051691645,8.10655236115669,0.042440302917825294
2021_Ref_Plot1_A13::57,2021_Ref_Plot1_A13,Field2,test,7,8,0.12914012648533754,11.041448860709096,0.059839189724929194
2021_Ref_Plot1_A13::65,2021_Ref_Plot1_A13,Field2,test,8,9,0.11333701397464431,11.55430318739332,0.04190283016282713
2021_Ref_Plot1_A13::69,2021_Ref_Plot1_A13,Field2,test,4,10,0.16586065362568905,12.2401125776061,0.07883520297884604
2021_Ref_Plot1_A13::71,2021_Ref_Plot1_A13,Field2,test,2,11,0.07153951603083776,7.976104568492801,0.06241144544449319
2021_Ref_Plot1_A13::76,2021_Ref_Plot1_A13,Field2,test,5,12,0.0833275440220455,10.602178090774089,0.006336087464376474
2021_Ref_Plot1_A13::8,2021_Ref_Plot1_A13,Field2,test,7,1,0.6861946959587651,26.558903394758644,0.16966931649572808
2021_Ref_Plot1_A13::80,2021_Ref_Plot1_A13,Field2,test,4,13,0.057529550870506214,7.052617199084969,0.015483939921707584
2021_Ref_Plot1_A13::85,2021_Ref_Plot1_A13,Field2,test,5,14,0.04720749722036494,8.333469306549937,0.01412342755434656
2021_Ref_Plot1_A20::16,2021_Ref_Plot1_A20,Field2,test,8,2,0.8101798082387335,30.724139083668355,0.4160231689205905
2021_Ref_Plot1_A20::22,2021_Ref_Plot1_A20,Field2,test,6,3,0.30811298424468475,16.457244571056705,0.08446097911258506
2021_Ref_Plot1_A20::27,2021_Ref_Plot1_A20,Field2,test,5,4,0.32638369734888384,16.554859902923237,0.11033499626843932
2021_Ref_Plot1_A20::35,2021_Ref_Plot1_A20,Field2,test,8,5,0.12365510111961293,11.845578829724479,0.021116324817043213
2021_Ref_Plot1_A20::44,2021_Ref_Plot1_A20,Field2,test,9,6,0.11685923099397755,13.463465902395042,0.01985217123202505
2021_Ref_Plot1_A20::50,2021_Ref_Plot1_A20,Field2,test,6,7,0.10534167273641415,8.342367639532744,0.05606355896898701
2021_Ref_Plot1_A20::57,2021_Ref_Plot1_A20,Field2,test,7,8,0.08211669196524791,9.889310638500948,0.027856731512243948
2021_Ref_Plot1_A20::65,2021_Ref_Plot1_A20,Field2,test,8,9,0.07799767048638968,10.7795237486077,0.03982734171334427
2021_Ref_Plot1_A20::69,2021_Ref_Plot1_A20,Field2,test,4,10,0.1369799152301693,11.720438335027016,0.04995563242870245
2021_Ref_Plot1_A20::71,2021_Ref_Plot1_A20,Field2,test,2,11,0.05564843099143899,8.463665260452878,0.050333379215538744
2021_Ref_Plot1_A20::76,2021_Ref_Plot1_A20,Field2,test,5,12,0.0976861645758451,12.575341756311273,0.018377631396811846
2021_Ref_Plot1_A20::8,2021_Ref_Plot1_A20,Field2,test,7,1,0.6389990444376394,24.610576518570998,0.15085140673179717
2021_Ref_Plot1_A20::80,2021_Ref_Plot1_A20,Field2,test,4,13,0.07537180325095166,7.793949933893963,0.03531120042103986
2021_Ref_Plot1_A20::85,2021_Ref_Plot1_A20,Field2,test,5,14,0.06806653815706044,9.0653778403766,0.03047480397112804
2021_Ref_Plot1_A3::16,2021_Ref_Plot1_A3,Field2,test,8,2,0.7866862486062226,30.09888426264021,0.33902549762285217
2021_Ref_Plot1_A3::22,2021_Ref_Plot1_A3,Field2,test,6,3,0.2495008386318497,14.690233471227053,0.061931338658345526
2021_Ref_Plot1_A3::27,2021_Ref_Plot1_A3,Field2,test,5,4,0.29749382668747776,15.138745208307123,0.07445024000305814
2021_Ref_Plot1_A3::35,2021_Ref_Plot1_A3,Field2,test,8,5,0.11369253821751614,10.40150537643186,0.029087782771221333
2021_Ref_Plot1_A3::44,2021_Ref_Plot1_A3,Field2,test,9,6,0.11912148212900232,13.61424785875894,0.02178383810998385
2021_Ref_Plot1_A3::50,2021_Ref_Plot1_A3,Field2,test,6,7,0.15052078157301577,8.31463939355041,0.09642982125218523
2021_Ref_Plot1_A3::57,2021_Ref_Plot1_A3,Field2,test,7,8,0.11156654009622509,10.334235683771203,0.04789559718096471
2021_Ref_Plot1_A3::65,2021_Ref_Plot1_A3,Field2,test,8,9,0.1437603956525005,10.767874607221415,0.06580035907224349
2021_Ref_Plot1_A3::69,2021_Ref_Plot1_A3,Field2,test,4,10,0.20593535247230088,11.6475396821515,0.12302289055576839
2021_Ref_Plot1_A3::71,2021_Ref_Plot1_A3,Field2,test,2,11,0.1091810229776824,8.34586270602591,0.06895884041937857
2021_Ref_Plot1_A3::76,2021_Ref_Plot1_A3,Field2,test,5,12,0.14965974145779168,11.454560008247727,0.033896743337220675
2021_Ref_Plot1_A3::8,2021_Ref_Plot1_A3,Field2,test,7,1,0.7040367962933894,25.701345040195225,0.19129261189485178
2021_Ref_Plot1_A3::80,2021_Ref_Plot1_A3,Field2,test,4,13,0.058503783460591464,6.797701798202336,0.008587606839842029
2021_Ref_Plot1_A3::85,2021_Ref_Plot1_A3,Field2,test,5,14,0.08474181026909777,8.535835978163846,0.035342955913115474
2021_Ref_Plot1_B19::16,2021_Ref_Plot1_B19,Field2,test,8,2,0.7990394391057537,29.93085868840413,0.3554336634278311
2021_Ref_Plot1_B19::22,2021_Ref_Plot1_B19,Field2,test,6,3,0.3127909511915236,16.26372679424786,0.07581526406747455
2021_Ref_Plot1_B19::27,2021_Ref_Plot1_B19,Field2,test,5,4,0.32485068842676734,16.09876988812859,0.12588274369568056
2021_Ref_Plot1_B19::35,2021_Ref_Plot1_B19,Field2,test,8,5,0.12639188424763967,12.295295519766281,0.01864929839232803
2021_Ref_Plot1_B19::44,2021_Ref_Plot1_B19,Field2,test,9,6,0.10791223818266975,13.313882511366215,0.021581244616879016
2021_Ref_Plot1_B19::50,2021_Ref_Plot1_B19,Field2,test,6,7,0.08153816197679066,8.409410844446981,0.04591024120553186
2021_Ref_Plot1_B19::57,2021_Ref_Plot1_B19,Field2,test,7,8,0.07200563385177154,11.01628149962278,0.020078162401264265
2021_Ref_Plot1_B19::65,2021_Ref_Plot1_B19,Field2,test,8,9,0.06300354840462397,10.574876422895379,0.0242139777700786
2021_Ref_Plot1_B19::69,2021_Ref_Plot1_B19,Field2,test,4,10,0.14053010403085653,12.033186914198764,0.05204404185018098
2021_Ref_Plot1_B19::71,2021_Ref_Plot1_B19,Field2,test,2,11,0.06516801648393077,8.64520999401131,0.05948977776449466
2021_Ref_Plot1_B19::76,2021_Ref_Plot1_B19,Field2,test,5,12,0.09796677312084533,12.940308394091405,0.021226963360778728
2021_Ref_Plot1_B19::8,2021_Ref_Plot1_B19,Field2,test,7,1,0.6904407214745181,26.23956090851213,0.18101227398786707
2021_Ref_Plot1_B19::80,2021_Ref_Plot1_B19,Field2,test,4,13,0.048805153848959254,9.307639913303804,0.007396468656844536
2021_Ref_Plot1_B19::85,2021_Ref_Plot1_B19,Field2,test,5,14,0.047993539416150414,10.152416876424057,0.03270128343767402
2021_Ref_Plot1_B2::16,2021_Ref_Plot1_B2,Field2,test,8,2,0.7906274727079942,30.583082718120643,0.3089820257070429
2021_Ref_Plot1_B2::22,2021_Ref_Plot1_B2,Field2,test,6,3,0.3226662518735541,17.030328768698794,0.10014797224507331
2021_Ref_Plot1_B2::27,2021_Ref_Plot1_B2,Field2,test,5,4,0.38729370130155977,17.693520515293596,0.12791317129703125
2021_Ref_Plot1_B2::35,2021_Ref_Plot1_B2,Field2,test,8,5,0.17028668097357436,13.392587297318503,0.04485265277498412
2021_Ref_Plot1_B2::44,2021_Ref_Plot1_B2,Field2,test,9,6,0.13032406352838286,13.435964833800384,0.022454114669109727
2021_Ref_Plot1_B2::50,2021_Ref_Plot1_B2,Field2,test,6,7,0.12754398019622268,7.59606575472033,0.052117612984929756
2021_Ref_Plot1_B2::57,2021_Ref_Plot1_B2,Field2,test,7,8,0.11203750948179843,10.481717679399583,0.03841888971598526
2021_Ref_Plot1_B2::65,2021_Ref_Plot1_B2,Field2,test,8,9,0.09481334394550704,10.400845897454845,0.026802736857671577
2021_Ref_Plot1_B2::69,2021_Ref_Plot1_B2,Field2,test,4,10,0.15718910482415563,11.202841210334217,0.06540579234913718
2021_Ref_Plot1_B2::71,2021_Ref_Plot1_B2,Field2,test,2,11,0.1111612552118072,8.805290516560769,0.09190785058066675
2021_Ref_Plot1_B2::76,2021_Ref_Plot1_B2,Field2,test,5,12,0.1475464693175804,13.220462852833414,0.027681149505396036
2021_Ref_Plot1_B2::8,2021_Ref_Plot1_B2,Field2,test,7,1,0.7196455130159042,26.791668421347236,0.19341702001752012
2021_Ref_Plot1_B2::80,2021_Ref_Plot1_B2,Field2,test,4,13,0.10467495457815233,7.35341515573542,0.0386024013963456
2021_Ref_Plot1_B2::85,2021_Ref_Plot1_B2,Field2,test,5,14,0.06716197255856537,7.486990993346351,0.012803036031385552
2021_Ref_Plot1_B4::16,2021_Ref_Plot1_B4,Field2,test,8,2,0.7932173755898134,30.309314627990197,0.32342876710167306
2021_Ref_Plot1_B4::22,2021_Ref_Plot1_B4,Field2,test,6,3,0.28030272341463774,16.53469390382073,0.07956426687900305
2021_Ref_Plot1_B4::27,2021_Ref_Plot1_B4,Field2,test,5,4,0.3497819619793218,16.582796760574652,0.10450382516256006
2021_Ref_Plot1_B4::35,2021_Ref_Plot1_B4,Field2,test,8,5,0.1543656733022025,12.128541235696346,0.036193379069580894
2021_Ref_Plot1_B4::44,2021_Ref_Plot1_B4,Field2,test,9,6,0.13429089078320108,13.680352546102162,0.017427303917965837
2021_Ref_Plot1_B4::50,2021_Ref_Plot1_B4,Field2,test,6,7,0.11648469736999274,7.572767636505171,0.05758379461353024
2021_Ref_Plot1_B4::57,2021_Ref_Plot1_B4,Field2,test,7,8,0.10810429605109002,10.105621043969828,0.028414852705458182
2021_Ref_Plot1_B4::65,2021_Ref_Plot1_B4,Field2,test,8,9,0.09444102437212516,9.880613644440764,0.03766075101856141
2021_Ref_Plot1_B4::69,2021_Ref_Plot1_B4,Field2,test,4,10,0.13334694843476677,12.27344927770285,0.05420199197732311
2021_Ref_Plot1_B4::71,2021_Ref_Plot1_B4,Field2,test,2,11,0.1017356739261895,9.12896856387622,0.08876962242188946
2021_Ref_Plot1_B4::76,2021_Ref_Plot1_B4,Field2,test,5,12,0.19892112302453246,12.788171528090185,0.043678687962169616
2021_Ref_Plot1_B4::8,2021_Ref_Plot1_B4,Field2,test,7,1,0.7316697566576514,27.78708310313807,0.2030721087039309
2021_Ref_Plot1_B4::80,2021_Ref_Plot1_B4,Field2,test,4,13,0.09090413714599942,6.3438189869961406,0.04288799851889398
2021_Ref_Plot1_B4::85,2021_Ref_Plot1_B4,Field2,test,5,14,0.07479888101090532,7.062340165700903,0.0225082258222179
2021_Ref_Plot1_B7::16,2021_Ref_Plot1_B7,Field2,test,8,2,0.7790399930103327,30.34295056701557,0.3111185138371358
2021_Ref_Plot1_B7::22,2021_Ref_Plot1_B7,Field2,test,6,3,0.2923434156711849,16.257779779416897,0.08402431835951985
2021_Ref_Plot1_B7::27,2021_Ref_Plot1_B7,Field2,test,5,4,0.32105807194443625,16.959718605765634,0.09898081528724206
2021_Ref_Plot1_B7::35,2021_Ref_Plot1_B7,Field2,test,8,5,0.1397437920559997,12.345715997068645,0.02463202236708698
2021_Ref_Plot1_B7::44,2021_Ref_Plot1_B7,Field2,test,9,6,0.14598794836262385,14.28221745337877,0.025564534933197592
2021_Ref_Plot1_B7::50,2021_Ref_Plot1_B7,Field2,test,6,7,0.1374667370983926,9.013852596479548,0.0757685435616696
2021_Ref_Plot1_B7::57,2021_Ref_Plot1_B7,Field2,test,7,8,0.11917368503911936,10.66534348994221,0.03388624378827871
2021_Ref_Plot1_B7::65,2021_Ref_Plot1_B7,Field2,test,8,9,0.10169819654897583,10.442198180404926,0.033589074638540536
2021_Ref_Plot1_B7::69,2021_Ref_Plot1_B7,Field2,test,4,10,0.1448124508208596,11.30843612305779,0.06901317640341273
2021_Ref_Plot1_B7::71,2021_Ref_Plot1_B7,Field2,test,2,11,0.1038927939950106,9.539640719158394,0.08775680912934203
2021_Ref_Plot1_B7::8,2021_Ref_Plot1_B7,Field2,test,7,1,0.6960119945574662,25.83652647859062,0.17602584249497868
2021_Ref_Plot1_B7::85,2021_Ref_Plot1_B7,Field2,test,5,13,0.05981467313830296,7.597107624953546,0.0012979340414564107
2021_Ref_Plot1_C18::16,2021_Ref_Plot1_C18,Field2,test,8,2,0.8002311652805535,29.605206605000006,0.35423943966196264
2021_Ref_Plot1_C18::22,2021_Ref_Plot1_C18,Field2,test,6,3,0.3083621840344724,15.773435623966286,0.09526172846631055
2021_Ref_Plot1_C18::27,2021_Ref_Plot1_C18,Field2,test,5,4,0.26315336941048945,15.078199817758316,0.087758951701252
2021_Ref_Plot1_C18::35,2021_Ref_Plot1_C18,Field2,test,8,5,0.13244932161399903,11.76022947414939,0.03798405048895654
2021_Ref_Plot1_C18::44,2021_Ref_Plot1_C18,Field2,test,9,6,0.11987867614947456,14.1808362079058,0.028773262745024692
2021_Ref_Plot1_C18::50,2021_Ref_Plot1_C18,Field2,test,6,7,0.07560451837551675,7.682518316714254,0.045159427584424525
2021_Ref_Plot1_C18::57,2021_Ref_Plot1_C18,Field2,test,7,8,0.0904209680576135,10.323538319688161,0.03168890786660448
2021_Ref_Plot1_C18::65,2021_Ref_Plot1_C18,Field2,test,8,9,0.08925256845352443,10.115976838585096,0.0381615809263761
2021_Ref_Plot1_C18::69,2021_Ref_Plot1_C18,Field2,test,4,10,0.15733402343120542,12.081422456939986,0.06365172740734176
2021_Ref_Plot1_C18::71,2021_Ref_Plot1_C18,Field2,test,2,11,0.09072402736542391,9.37779368927839,0.08580036582332794
2021_Ref_Plot1_C18::76,2021_Ref_Plot1_C18,Field2,test,5,12,0.10730274246202127,12.174512447849859,0.017269282637364446
2021_Ref_Plot1_C18::8,2021_Ref_Plot1_C18,Field2,test,7,1,0.7080048409741817,26.398339512964913,0.16507820668143247
2021_Ref_Plot1_C18::80,2021_Ref_Plot1_C18,Field2,test,4,13,0.029732276451731487,9.320206457434505,0.014466488996907662
2021_Ref_Plot1_C18::85,2021_Ref_Plot1_C18,Field2,test,5,14,0.04900116878823585,10.118888093705358,0.017611681300113303
2021_Ref_Plot1_C6::16,2021_Ref_Plot1_C6,Field2,test,8,2,0.8102941696302897,30.929503847067437,0.3568460609346077
2021_Ref_Plot1_C6::22,2021_Ref_Plot1_C6,Field2,test,6,3,0.3140582638091538,16.492590839166073,0.09374313692506374
2021_Ref_Plot1_C6::27,2021_Ref_Plot1_C6,Field2,test,5,4,0.3440866187372709,16.760420747072335,0.10251506236837732
2021_Ref_Plot1_C6::35,2021_Ref_Plot1_C6,Field2,test,8,5,0.15196355068033326,12.80545761179252,0.02808625243634999
2021_Ref_Plot1_C6::44,2021_Ref_Plot1_C6,Field2,test,9,6,0.12826131310852906,13.801955239516735,0.01629444404447288
2021_Ref_Plot1_C6::50,2021_Ref_Plot1_C6,Field2,test,6,7,0.12142974080823359,8.540261564217355,0.06553336309124436
2021_Ref_Plot1_C6::57,2021_Ref_Plot1_C6,Field2,test,7,8,0.09785238054245692,9.929179017139987,0.030551170456164713
2021_Ref_Plot1_C6::65,2021_Ref_Plot1_C6,Field2,test,8,9,0.12157630187590061,10.494101195558285,0.05213648563242111
2021_Ref_Plot1_C6::69,2021_Ref_Plot1_C6,Field2,test,4,10,0.17206065320403374,11.405331568452386,0.0889125564315564
2021_Ref_Plot1_C6::71,2021_Ref_Plot1_C6,Field2,test,2,11,0.10476137775456007,8.485100780907613,0.0773847595402866
2021_Ref_Plot1_C6::76,2021_Ref_Plot1_C6,Field2,test,5,12,0.19337925183503946,13.458357845050335,0.06395567673937981
2021_Ref_Plot1_C6::8,2021_Ref_Plot1_C6,Field2,test,7,1,0.7093534988607614,26.83806226147106,0.18495117912410242
2021_Ref_Plot1_C6::80,2021_Ref_Plot1_C6,Field2,test,4,13,0.09406846321862113,7.563082287301931,0.052731926411648075
2021_Ref_Plot1_C6::85,2021_Ref_Plot1_C6,Field2,test,5,14,0.09995815549743227,8.016035184892745,0.02569672948312729
2021_Ref_Plot1_D18::16,2021_Ref_Plot1_D18,Field2,test,8,2,0.7904015746834311,29.443163515058806,0.35270663121016743
2021_Ref_Plot1_D18::22,2021_Ref_Plot1_D18,Field2,test,6,3,0.30872329233418405,15.942148479725857,0.09292061134731773
2021_Ref_Plot1_D18::27,2021_Ref_Plot1_D18,Field2,test,5,4,0.310896031543542,15.195188283015197,0.12818387240342483
2021_Ref_Plot1_D18::35,2021_Ref_Plot1_D18,Field2,test,8,5,0.110784975109887,10.961473279887821,0.030448737100775267
2021_Ref_Plot1_D18::44,2021_Ref_Plot1_D18,Field2,test,9,6,0.1321906824140485,14.535875299257672,0.024506790999443705
2021_Ref_Plot1_D18::50,2021_Ref_Plot1_D18,Field2,test,6,7,0.1013689113844245,7.82997616190821,0.047875445270026976
2021_Ref_Plot1_D18::57,2021_Ref_Plot1_D18,Field2,test,7,8,0.10628609502343327,10.618808759577984,0.01971529163653616
2021_Ref_Plot1_D18::65,2021_Ref_Plot1_D18,Field2,test,8,9,0.08718867498247701,9.95082956841679,0.026128887308775925
2021_Ref_Plot1_D18::69,2021_Ref_Plot1_D18,Field2,test,4,10,0.14089264281783379,10.927315577998684,0.07062929940806369
2021_Ref_Plot1_D18::71,2021_Ref_Plot1_D18,Field2,test,2,11,0.10463361447961202,9.490413197062349,0.09377138386054158
2021_Ref_Plot1_D18::76,2021_Ref_Plot1_D18,Field2,test,5,12,0.13633987390196606,13.456904573812283,0.03966168857431563
2021_Ref_Plot1_D18::8,2021_Ref_Plot1_D18,Field2,test,7,1,0.708985963583738,27.001887831045224,0.17089939573323767
2021_Ref_Plot1_D18::80,2021_Ref_Plot1_D18,Field2,test,4,13,0.0746423203823426,8.506049543036402,0.03068104719622907
2021_Ref_Plot1_D18::85,2021_Ref_Plot1_D18,Field2,test,5,14,0.05448045322407583,8.37649590442916,0.023124482857303858
2021_Ref_Plot1_D4::16,2021_Ref_Plot1_D4,Field2,test,8,2,0.7601405064720982,29.12946219352261,0.29395088305062744
2021_Ref_Plot1_D4::22,2021_Ref_Plot1_D4,Field2,test,6,3,0.2590840138321045,16.182305935348825,0.06716136043808539
2021_Ref_Plot1_D4::27,2021_Ref_Plot1_D4,Field2,test,5,4,0.3002346132596312,15.15428148984057,0.0888780014096489
2021_Ref_Plot1_D4::35,2021_Ref_Plot1_D4,Field2,test,8,5,0.12715422404062243,11.81716265367059,0.03328162041505525
2021_Ref_Plot1_D4::44,2021_Ref_Plot1_D4,Field2,test,9,6,0.13037098212754528,13.572153863155902,0.015829788130607758
2021_Ref_Plot1_D4::50,2021_Ref_Plot1_D4,Field2,test,6,7,0.09352393720311065,7.912166459667446,0.03601502851439566
2021_Ref_Plot1_D4::57,2021_Ref_Plot1_D4,Field2,test,7,8,0.11209563644707332,11.275506612775922,0.0359187795354156
2021_Ref_Plot1_D4::65,2021_Ref_Plot1_D4,Field2,test,8,9,0.09214720228031674,10.621942712049723,0.04081838911553325
2021_Ref_Plot1_D4::69,2021_Ref_Plot1_D4,Field2,test,4,10,0.1922649310069701,12.591258569640653,0.10405437708558475
2021_Ref_Plot1_D4::71,2021_Ref_Plot1_D4,Field2,test,2,11,0.14215991422764876,9.446117845950134,0.11577102924613253
2021_Ref_Plot1_D4::76,2021_Ref_Plot1_D4,Field2,test,5,12,0.11745985377171157,10.071156451175725,0.021200807488655687
2021_Ref_Plot1_D4::8,2021_Ref_Plot1_D4,Field2,test,7,1,0.7016703021351222,26.042636038675795,0.1574225909146972
2021_Ref_Plot1_D4::80,2021_Ref_Plot1_D4,Field2,test,4,13,0.07969738693580794,7.0324063031543815,0.024637960538783286
2021_Ref_Plot1_D4::85,2021_Ref_Plot1_D4,Field2,test,5,14,0.12655755580533262,9.599660358755168,0.05858711514094979
2021_Ref_Plot1_D6::16,2021_Ref_Plot1_D6,Field2,test,8,2,0.7688308877628712,29.251308915198045,0.30437366138843325
2021_Ref_Plot1_D6::22,2021_Ref_Plot1_D6,Field2,test,6,3,0.27671971224057607,15.478494796478486,0.07883847389028872
2021_Ref_Plot1_D6::27,2021_Ref_Plot1_D6,Field2,test,5,4,0.350088473770108,16.20184467418313,0.11749964579975479
2021_Ref_Plot1_D6::35,2021_Ref_Plot1_D6,Field2,test,8,5,0.14104354736436223,11.727119471604384,0.023260888384892122
2021_Ref_Plot1_D6::44,2021_Ref_Plot1_D6,Field2,test,9,6,0.13027165281649203,13.670808825707535,0.022193707521735027
2021_Ref_Plot1_D6::50,2021_Ref_Plot1_D6,Field2,test,6,7,0.11090956311406391,8.382268959015107,0.06210753415991259
2021_Ref_Plot1_D6::57,2021_Ref_Plot1_D6,Field2,test,7,8,0.13420592178637414,10.969518879939962,0.049118758345605945
2021_Ref_Plot1_D6::65,2021_Ref_Plot1_D6,Field2,test,8,9,0.1229743178602201,10.872549749095882,0.06252756800791488
2021_Ref_Plot1_D6::69,2021_Ref_Plot1_D6,Field2,test,4,10,0.17813325505284017,12.0721475490857,0.0916517296580683
2021_Ref_Plot1_D6::71,2021_Ref_Plot1_D6,Field2,test,2,11,0.10546318214553001,8.802221986060895,0.09142386339402009
2021_Ref_Plot1_D6::76,2021_Ref_Plot1_D6,Field2,test,5,12,0.18691766355069547,14.364293894170517,0.027346758004008695
2021_Ref_Plot1_D6::8,2021_Ref_Plot1_D6,Field2,test,7,1,0.6771115809552625,26.14872815254422,0.1479691208061743
2021_Ref_Plot1_D6::80,2021_Ref_Plot1_D6,Field2,test,4,13,0.1244293720393012,8.934500333869622,0.08569268848490025
2021_Ref_Plot1_D6::85,2021_Ref_Plot1_D6,Field2,test,5,14,0.07659057522078101,7.6173766789986495,0.0207285922988377
2021_Ref_Plot1_E2::16,2021_Ref_Plot1_E2,Field2,test,8,2,0.7602364169478317,28.977830774826753,0.26809891651388373
2021_Ref_Plot1_E2::22,2021_Ref_Plot1_E2,Field2,test,6,3,0.26606039939330456,14.80060627967702,0.05630996862696471
2021_Ref_Plot1_E2::27,2021_Ref_Plot1_E2,Field2,test,5,4,0.2819416236831092,13.847341456596936,0.10080032235564805
2021_Ref_Plot1_E2::35,2021_Ref_Plot1_E2,Field2,test,8,5,0.10420941480618451,9.683286746119247,0.020189548414329715
2021_Ref_Plot1_E2::44,2021_Ref_Plot1_E2,Field2,test,9,6,0.10611856814207148,12.696171952099347,0.010269955676934363
2021_Ref_Plot1_E2::50,2021_Ref_Plot1_E2,Field2,test,6,7,0.109760164642054,8.048280163931716,0.05358116878627929
2021_Ref_Plot1_E2::57,2021_Ref_Plot1_E2,Field2,test,7,8,0.10651746610992785,10.70298317840324,0.03104589219888814
2021_Ref_Plot1_E2::65,2021_Ref_Plot1_E2,Field2,test,8,9,0.07743011007454306,10.05074996133623,0.01919822065425491
2021_Ref_Plot1_E2::69,2021_Ref_Plot1_E2,Field2,test,4,10,0.17497023789739521,11.55210920040053,0.0734549521926258
2021_Ref_Plot1_E2::71,2021_Ref_Plot1_E2,Field2,test,2,11,0.13088003791967792,8.867782464699946,0.10046424354356116
2021_Ref_Plot1_E2::76,2021_Ref_Plot1_E2,Field2,test,5,12,0.08589437398239474,10.620542976202811,0.007335637601989943
2021_Ref_Plot1_E2::8,2021_Ref_Plot1_E2,Field2,test,7,1,0.7016780820858711,26.917749343852257,0.15252279693095394
2021_Ref_Plot1_E2::80,2021_Ref_Plot1_E2,Field2,test,4,13,0.09016087514712884,8.031940552975197,0.03752389214168613
2021_Ref_Plot1_E2::85,2021_Ref_Plot1_E2,Field2,test,5,14,0.11146197058520078,8.063747436679837,0.0447253992835943
2021_Ref_Plot1_E8::16,2021_Ref_Plot1_E8,Field2,test,8,2,0.7370142891397586,28.516632984300756,0.2565478054490344
2021_Ref_Plot1_E8::22,2021_Ref_Plot1_E8,Field2,test,6,3,0.29092862973959316,15.015665158330112,0.10112049359800207
2021_Ref_Plot1_E8::27,2021_Ref_Plot1_E8,Field2,test,5,4,0.2820248773978873,15.163341659926923,0.09673053537492442
2021_Ref_Plot1_E8::35,2021_Ref_Plot1_E8,Field2,test,8,5,0.14507013794693258,11.946704017527468,0.042376167395840894
2021_Ref_Plot1_E8::44,2021_Ref_Plot1_E8,Field2,test,9,6,0.1324975531309656,14.168284593572924,0.028160224803240312
2021_Ref_Plot1_E8::50,2021_Ref_Plot1_E8,Field2,test,6,7,0.10603541600585746,8.762289328346602,0.06274871958592974
2021_Ref_Plot1_E8::57,2021_Ref_Plot1_E8,Field2,test,7,8,0.09390700736503314,10.181773941970267,0.022221192767727115
2021_Ref_Plot1_E8::65,2021_Ref_Plot1_E8,Field2,test,8,9,0.09120209775148397,10.520931261181774,0.03430192571256915
2021_Ref_Plot1_E8::69,2021_Ref_Plot1_E8,Field2,test,4,10,0.15012385410302712,11.956329532059211,0.05980541412401577
2021_Ref_Plot1_E8::71,2021_Ref_Plot1_E8,Field2,test,2,11,0.1213350376257691,9.074661407700626,0.11589322030873908
2021_Ref_Plot1_E8::76,2021_Ref_Plot1_E8,Field2,test,5,12,0.15440131006910607,12.59567746214006,0.017924653758791566
2021_Ref_Plot1_E8::8,2021_Ref_Plot1_E8,Field2,test,7,1,0.6647145065015115,26.277217954313656,0.12531336319767905
2021_Ref_Plot1_E8::80,2021_Ref_Plot1_E8,Field2,test,4,13,0.07455589599103223,7.7537232601261605,0.023292104618971514
2021_Ref_Plot1_E8::85,2021_Ref_Plot1_E8,Field2,test,5,14,0.0666787172858755,7.591762871498754,0.03053968380579241
2021_Ref_Plot2_A13::16,2021_Ref_Plot2_A13,Field2,test,8,2,0.8109905677037444,30.823337416836306,0.3813383382393099
2021_Ref_Plot2_A13::22,2021_Ref_Plot2_A13,Field2,test,6,3,0.3220294286830852,18.230784814439513,0.06811916306096416
2021_Ref_Plot2_A13::27,2021_Ref_Plot2_A13,Field2,test,5,4,0.397890167607626,18.005115919695665,0.10776168469341525
2021_Ref_Plot2_A13::35,2021_Ref_Plot2_A13,Field2,test,8,5,0.12647645940453223,12.371081254057989,0.016259906354333813
2021_Ref_Plot2_A13::44,2021_Ref_Plot2_A13,Field2,test,9,6,0.09032275056638961,9.87301550928571,0.028127407435444906
2021_Ref_Plot2_A13::50,2021_Ref_Plot2_A13,Field2,test,6,7,0.13135241334664682,8.847159209207831,0.07597916149262013
2021_Ref_Plot2_A13::57,2021_Ref_Plot2_A13,Field2,test,7,8,0.11987099718359413,9.816394056490742,0.04602464960974461
2021_Ref_Plot2_A13::65,2021_Ref_Plot2_A13,Field2,test,8,9,0.11749136030717695,10.852228700012654,0.04329958473896334
2021_Ref_Plot2_A13::69,2021_Ref_Plot2_A13,Field2,test,4,10,0.13853028643416304,11.001418902265844,0.06259704534002256
2021_Ref_Plot2_A13::71,2021_Ref_Plot2_A13,Field2,test,2,11,0.11566546391459058,8.833115959194618,0.07980364499467862
2021_Ref_Plot2_A13::76,2021_Ref_Plot2_A13,Field2,test,5,12,0.10069537628111265,11.185891392425027,0.028717671729594413
2021_Ref_Plot2_A13::8,2021_Ref_Plot2_A13,Field2,test,7,1,0.6239329686687135,24.643327873056464,0.14488854370891038
2021_Ref_Plot2_A13::80,2021_Ref_Plot2_A13,Field2,test,4,13,0.11476250393337295,7.9251185843961505,0.03273024629789236
2021_Ref_Plot2_A13::85,2021_Ref_Plot2_A13,Field2,test,5,14,0.08866848715805513,8.672448166741226,0.042223024427277184
2021_Ref_Plot2_A15::16,2021_Ref_Plot2_A15,Field2,test,8,2,0.7590758049468037,29.246508233826404,0.29717735052300337
2021_Ref_Plot2_A15::22,2021_Ref_Plot2_A15,Field2,test,6,3,0.3107643813555561,17.68511685908085,0.05079387980113154
2021_Ref_Plot2_A15::27,2021_Ref_Plot2_A15,Field2,test,5,4,0.37635526707065825,16.962886555342862,0.09169593790632882
2021_Ref_Plot2_A15::35,2021_Ref_Plot2_A15,Field2,test,8,5,0.13237043234042684,11.540350273859978,0.03374383771524621
2021_Ref_Plot2_A15::44,2021_Ref_Plot2_A15,Field2,test,9,6,0.08545485916170026,9.34090025596721,0.02544141089390059
2021_Ref_Plot2_A15::50,2021_Ref_Plot2_A15,Field2,test,6,7,0.13189833729678396,8.783728317725448,0.07614769851994875
2021_Ref_Plot2_A15::57,2021_Ref_Plot2_A15,Field2,test,7,8,0.1163057676158849,9.782744030691472,0.043353216863523586
2021_Ref_Plot2_A15::65,2021_Ref_Plot2_A15,Field2,test,8,9,0.12041745359104018,10.957680346901773,0.05624417301291325
2021_Ref_Plot2_A15::69,2021_Ref_Plot2_A15,Field2,test,4,10,0.1657399240986448,11.48017988794802,0.09192326864834406
2021_Ref_Plot2_A15::71,2021_Ref_Plot2_A15,Field2,test,2,11,0.10331050671650892,8.276125270566753,0.09579240252828528
2021_Ref_Plot2_A15::76,2021_Ref_Plot2_A15,Field2,test,5,12,0.09612434647471897,9.966335449182363,0.020096871260854902
2021_Ref_Plot2_A15::8,2021_Ref_Plot2_A15,Field2,test,7,1,0.6504252085138038,26.161407859053977,0.1714367775379196
2021_Ref_Plot2_A15::80,2021_Ref_Plot2_A15,Field2,test,4,13,0.10722685544921733,7.88273443565444,0.03468527081551181
2021_Ref_Plot2_A15::85,2021_Ref_Plot2_A15,Field2,test,5,14,0.1328434399957098,9.158168520891634,0.06935353205700394
2021_Ref_Plot2_A1::16,2021_Ref_Plot2_A1,Field2,test,8,2,0.7468541873144011,28.61329448980506,0.3078676777071368
2021_Ref_Plot2_A1::22,2021_Ref_Plot2_A1,Field2,test,6,3,0.29017081831276276,17.021053621996607,0.0568719221251175
2021_Ref_Plot2_A1::27,2021_Ref_Plot2_A1,Field2,test,5,4,0.4012349997233218,16.354510779266278,0.1415445484502154
2021_Ref_Plot2_A1::35,2021_Ref_Plot2_A1,Field2,test,8,5,0.12989879635358467,12.279968122751434,0.016121730543618724
2021_Ref_Plot2_A1::44,2021_Ref_Plot2_A1,Field2,test,9,6,0.0957455666410608,11.585715027711645,0.015252877509111452
2021_Ref_Plot2_A1::50,2021_Ref_Plot2_A1,Field2,test,6,7,0.13161186820683482,9.917687768207305,0.0722028007843966
2021_Ref_Plot2_A1::57,2021_Ref_Plot2_A1,Field2,test,7,8,0.12052503267920896,10.593832961068648,0.05556615897114852
2021_Ref_Plot2_A1::65,2021_Ref_Plot2_A1,Field2,test,8,9,0.14184801574222605,10.655373623972723,0.06337516339509747
2021_Ref_Plot2_A1::69,2021_Ref_Plot2_A1,Field2,test,4,10,0.1666689225324133,11.285712340157197,0.10017525393212083
2021_Ref_Plot2_A1::71,2021_Ref_Plot2_A1,Field2,test,2,11,0.08179637027681776,7.772037274081402,0.04897744578917452
2021_Ref_Plot2_A1::76,2021_Ref_Plot2_A1,Field2,test,5,12,0.14985954676430055,9.560513067218196,0.020001137794598705
2021_Ref_Plot2_A1::8,2021_Ref_Plot2_A1,Field2,test,7,1,0.592078890855735,24.56757420708525,0.13705643141654225
2021_Ref_Plot2_A1::80,2021_Ref_Plot2_A1,Field2,test,4,13,0.08117039024059304,7.192821444967349,0.016612724197506007
2021_Ref_Plot2_A1::85,2021_Ref_Plot2_A1,Field2,test,5,14,0.11632873053843508,8.945357336047369,0.059964810658537274
2021_Ref_Plot2_B17::16,2021_Ref_Plot2_B17,Field2,test,8,2,0.7636961939271275,29.059654868972025,0.28917470659214317
2021_Ref_Plot2_B17::22,2021_Ref_Plot2_B17,Field2,test,6,3,0.3208139816984766,17.427132376119523,0.07168527988812728
2021_Ref_Plot2_B17::27,2021_Ref_Plot2_B17,Field2,test,5,4,0.34206001095428196,17.03797199530004,0.0996680438176205
2021_Ref_Plot2_B17::35,2021_Ref_Plot2_B17,Field2,test,8,5,0.16081960307774648,12.305088220348594,0.024282274268667796
2021_Ref_Plot2_B17::44,2021_Ref_Plot2_B17,Field2,test,9,6,0.10221158344939467,10.122496980150355,0.03720690898630226
2021_Ref_Plot2_B17::50,2021_Ref_Plot2_B17,Field2,test,6,7,0.1259241712453397,8.310582901830966,0.08211219431331712
2021_Ref_Plot2_B17::57,2021_Ref_Plot2_B17,Field2,test,7,8,0.11693975023525612,10.819628587181725,0.057111866754537284
2021_Ref_Plot2_B17::65,2021_Ref_Plot2_B17,Field2,test,8,9,0.09384541752115537,9.47167376833675,0.03582316938803882
2021_Ref_Plot2_B17::69,2021_Ref_Plot2_B17,Field2,test,4,10,0.15025716961349425,11.393927718442722,0.06375149048214497
2021_Ref_Plot2_B17::71,2021_Ref_Plot2_B17,Field2,test,2,11,0.11414500175115964,8.21279713201651,0.075237057252591
2021_Ref_Plot2_B17::76,2021_Ref_Plot2_B17,Field2,test,5,12,0.11639057729990321,10.037354986997471,0.016693966191282765
2021_Ref_Plot2_B17::8,2021_Ref_Plot2_B17,Field2,test,7,1,0.6744857046486933,26.501929257121258,0.18644855293363358
2021_Ref_Plot2_B17::80,2021_Ref_Plot2_B17,Field2,test,4,13,0.13671261758539296,8.231519556243216,0.04975347037617972
2021_Ref_Plot2_B17::85,2021_Ref_Plot2_B17,Field2,test,5,14,0.18165843857506683,10.370143748584084,0.09287232895341781
2021_Ref_Plot2_B4::16,2021_Ref_Plot2_B4,Field2,test,8,2,0.7595459050029992,29.39169147741579,0.28542103068764524
2021_Ref_Plot2_B4::22,2021_Ref_Plot2_B4,Field2,test,6,3,0.28483458885020596,17.66370528318791,0.05395318828922328
2021_Ref_Plot2_B4::27,2021_Ref_Plot2_B4,Field2,test,5,4,0.4407576646743026,18.311908201683615,0.15255740400075257
2021_Ref_Plot2_B4::35,2021_Ref_Plot2_B4,Field2,test,8,5,0.14128248227955767,12.943198485729466,0.034978597794903844
2021_Ref_Plot2_B4::44,2021_Ref_Plot2_B4,Field2,test,9,6,0.11310721158015669,12.214936838572303,0.02564908130263332
2021_Ref_Plot2_B4::50,2021_Ref_Plot2_B4,Field2,test,6,7,0.1418290168764302,9.092518248640376,0.08702448240288936
2021_Ref_Plot2_B4::57,2021_Ref_Plot2_B4,Field2,test,7,8,0.12078386755903221,10.114531675316169,0.05694000668407469
2021_Ref_Plot2_B4::65,2021_Ref_Plot2_B4,Field2,test,8,9,0.11952179136410002,9.287823924573575,0.048651407976989344
2021_Ref_Plot2_B4::69,2021_Ref_Plot2_B4,Field2,test,4,10,0.15591526516664864,11.505443015053629,0.07760678976109571
2021_Ref_Plot2_B4::71,2021_Ref_Plot2_B4,Field2,test,2,11,0.1530316465991615,9.363056213975923,0.11140404530367354
2021_Ref_Plot2_B4::76,2021_Ref_Plot2_B4,Field2,test,5,12,0.16821042095604288,12.202487896842625,0.04451013129802793
2021_Ref_Plot2_B4::8,2021_Ref_Plot2_B4,Field2,test,7,1,0.6526138098222524,25.902474005063407,0.13807729123665496
2021_Ref_Plot2_B4::80,2021_Ref_Plot2_B4,Field2,test,4,13,0.08355760398698114,7.586955542343494,0.030956770268079123
2021_Ref_Plot2_B4::85,2021_Ref_Plot2_B4,Field2,test,5,14,0.0995902294657186,8.070092480449171,0.037287543643335176
2021_Ref_Plot2_C10::16,2021_Ref_Plot2_C10,Field2,test,8,2,0.756744414215249,28.582216520370682,0.28734735230713854
2021_Ref_Plot2_C10::22,2021_Ref_Plot2_C10,Field2,test,6,3,0.31671504029284087,16.210361435295614,0.08899052274139828
2021_Ref_Plot2_C10::27,2021_Ref_Plot2_C10,Field2,test,5,4,0.30719821461044333,15.531657664555079,0.08838343359114204
2021_Ref_Plot2_C10::35,2021_Ref_Plot2_C10,Field2,test,8,5,0.14557225242793012,11.602129645107937,0.039384240857696
2021_Ref_Plot2_C10::44,2021_Ref_Plot2_C10,Field2,test,9,6,0.08462279603351815,10.470572374498715,0.017756615329309555
2021_Ref_Plot2_C10::50,2021_Ref_Plot2_C10,Field2,test,6,7,0.11571629253430904,8.428535505171471,0.074299817043333
2021_Ref_Plot2_C10::57,2021_Ref_Plot2_C10,Field2,test,7,8,0.09362268220327445,9.371397946907669,0.02068086514049311
2021_Ref_Plot2_C10::65,2021_Ref_Plot2_C10,Field2,test,8,9,0.1164905296660797,8.847834187297382,0.06764226661510009
2021_Ref_Plot2_C10::69,2021_Ref_Plot2_C10,Field2,test,4,10,0.17435593186858414,11.559237746983804,0.09624607975434343
2021_Ref_Plot2_C10::71,2021_Ref_Plot2_C10,Field2,test,2,11,0.08980941890284759,8.233345721958576,0.0499028722931804
2021_Ref_Plot2_C10::76,2021_Ref_Plot2_C10,Field2,test,5,12,0.11149711807134566,11.358286797870448,0.02605277856964602
2021_Ref_Plot2_C10::8,2021_Ref_Plot2_C10,Field2,test,7,1,0.6675260845742876,26.025521774837532,0.16459055990368873
2021_Ref_Plot2_C10::80,2021_Ref_Plot2_C10,Field2,test,4,13,0.10246564727096145,8.240828034001655,0.031688428550038186
2021_Ref_Plot2_C10::85,2021_Ref_Plot2_C10,Field2,test,5,14,0.11750744147429065,8.894005744386112,0.06230083932459123
2021_Ref_Plot2_C16::16,2021_Ref_Plot2_C16,Field2,test,8,2,0.7674317293593598,28.892524055223955,0.290924512277424
2021_Ref_Plot2_C16::22,2021_Ref_Plot2_C16,Field2,test,6,3,0.3009943482606081,15.870290940490278,0.06442414836334617
2021_Ref_Plot2_C16::27,2021_Ref_Plot2_C16,Field2,test,5,4,0.32226773436944983,16.59723101976648,0.0881965431242997
2021_Ref_Plot2_C16::35,2021_Ref_Plot2_C16,Field2,test,8,5,0.14695624500310553,11.892242097828959,0.02425008525948782
2021_Ref_Plot2_C16::44,2021_Ref_Plot2_C16,Field2,test,9,6,0.09824540871922875,10.639231775961955,0.039029802853961446
2021_Ref_Plot2_C16::50,2021_Ref_Plot2_C16,Field2,test,6,7,0.1134465830989654,8.589244520701559,0.05501350347765582
2021_Ref_Plot2_C16::57,2021_Ref_Plot2_C16,Field2,test,7,8,0.09982250838705518,10.862227588226098,0.04427918257820172
2021_Ref_Plot2_C16::65,2021_Ref_Plot2_C16,Field2,test,8,9,0.10478355980100436,9.763227621094796,0.057366587091536816
2021_Ref_Plot2_C16::69,2021_Ref_Plot2_C16,Field2,test,4,10,0.1548805077983795,11.53073458405721,0.06501394498251954
2021_Ref_Plot2_C16::71,2021_Ref_Plot2_C16,Field2,test,2,11,0.10430638334522718,7.49544235525693,0.05594421415479418
2021_Ref_Plot2_C16::76,2021_Ref_Plot2_C16,Field2,test,5,12,0.1261085302548625,9.973100866716582,0.011677242377632754
2021_Ref_Plot2_C16::8,2021_Ref_Plot2_C16,Field2,test,7,1,0.6640870279270279,25.859331680577125,0.1589553260109745
2021_Ref_Plot2_C16::80,2021_Ref_Plot2_C16,Field2,test,4,13,0.08476483198043494,8.343728809921682,0.025498205893231853
2021_Ref_Plot2_C16::85,2021_Ref_Plot2_C16,Field2,test,5,14,0.16558657980026045,10.232142350260062,0.08927171349382795
2021_Ref_Plot2_C18::16,2021_Ref_Plot2_C18,Field2,test,8,2,0.7601787469714409,29.21058687506938,0.27267856130515605
2021_Ref_Plot2_C18::22,2021_Ref_Plot2_C18,Field2,test,6,3,0.31165684010993827,16.616593495639762,0.058327215052681694
2021_Ref_Plot2_C18::27,2021_Ref_Plot2_C18,Field2,test,5,4,0.30582397803434774,16.499356412233105,0.08278501408080044
2021_Ref_Plot2_C18::35,2021_Ref_Plot2_C18,Field2,test,8,5,0.1666193696061354,11.912266224174534,0.05216484883919868
2021_Ref_Plot2_C18::44,2021_Ref_Plot2_C18,Field2,test,9,6,0.0801377643804006,9.187149521178823,0.028741351649322042
2021_Ref_Plot2_C18::50,2021_Ref_Plot2_C18,Field2,test,6,7,0.1237361930300261,8.509632023085297,0.06758053552204835
2021_Ref_Plot2_C18::57,2021_Ref_Plot2_C18,Field2,test,7,8,0.10853711724189029,10.538710335978688,0.04823245101250798
2021_Ref_Plot2_C18::65,2021_Ref_Plot2_C18,Field2,test,8,9,0.10481453628892783,9.53077986594748,0.05525847085703564
2021_Ref_Plot2_C18::69,2021_Ref_Plot2_C18,Field2,test,4,10,0.15091828117134076,11.293889835711928,0.07541574762529202
2021_Ref_Plot2_C18::71,2021_Ref_Plot2_C18,Field2,test,2,11,0.07062018882229465,7.631970447599965,0.04062150248013329
2021_Ref_Plot2_C18::76,2021_Ref_Plot2_C18,Field2,test,5,12,0.11895548480903624,10.364256582606918,0.01499491537628678
2021_Ref_Plot2_C18::8,2021_Ref_Plot2_C18,Field2,test,7,1,0.6654691694659255,25.687504427833687,0.1519607079875125
2021_Ref_Plot2_C18::80,2021_Ref_Plot2_C18,Field2,test,4,13,0.08071526789976623,7.629988181214489,0.015872189386546366
2021_Ref_Plot2_C18::85,2021_Ref_Plot2_C18,Field2,test,5,14,0.07905956572633446,7.662791470620922,0.031701728020222406
2021_Ref_Plot2_C1::16,2021_Ref_Plot2_C1,Field2,test,8,2,0.728984831889397,27.82164264902631,0.27148762413300564
2021_Ref_Plot2_C1::22,2021_Ref_Plot2_C1,Field2,test,6,3,0.30282573004921437,16.089044391308832,0.07584875259010412
2021_Ref_Plot2_C1::27,2021_Ref_Plot2_C1,Field2,test,5,4,0.38721147131423245,16.758065643034577,0.14879837755218922
2021_Ref_Plot2_C1::35,2021_Ref_Plot2_C1,Field2,test,8,5,0.14002096615903867,12.540401451876733,0.03564291452222404
2021_Ref_Plot2_C1::44,2021_Ref_Plot2_C1,Field2,test,9,6,0.09218716895158656,11.73572062957362,0.01904435220518281
2021_Ref_Plot2_C1::50,2021_Ref_Plot2_C1,Field2,test,6,7,0.14765609179065367,9.337845343669269,0.10177105507103913
2021_Ref_Plot2_C1::57,2021_Ref_Plot2_C1,Field2,test,7,8,0.10616914406695886,10.05265099966337,0.04722954003602923
2021_Ref_Plot2_C1::65,2021_Ref_Plot2_C1,Field2,test,8,9,0.0848155244014513,8.756972483748914,0.03791995576451311
2021_Ref_Plot2_C1::69,2021_Ref_Plot2_C1,Field2,test,4,10,0.17314547116065757,11.879796477205026,0.09471052902309737
2021_Ref_Plot2_C1::71,2021_Ref_Plot2_C1,Field2,test,2,11,0.1339340041963212,7.961093399111794,0.09322650033636729
2021_Ref_Plot2_C1::76,2021_Ref_Plot2_C1,Field2,test,5,12,0.15367859012125265,12.420859473306116,0.012865343666132595
2021_Ref_Plot2_C1::8,2021_Ref_Plot2_C1,Field2,test,7,1,0.6167878901016065,23.8303302949599,0.10909051628388054
2021_Ref_Plot2_C1::80,2021_Ref_Plot2_C1,Field2,test,4,13,0.06706174589804931,7.093643344784723,0.02393375875458854
2021_Ref_Plot2_C1::85,2021_Ref_Plot2_C1,Field2,test,5,14,0.07598805555642235,8.760797468754005,0.03425666557254411
2021_Ref_Plot2_C2::16,2021_Ref_Plot2_C2,Field2,test,8,2,0.7436567119945869,28.810267759176597,0.2745805868248788
2021_Ref_Plot2_C2::22,2021_Ref_Plot2_C2,Field2,test,6,3,0.27833828248650055,16.20467365856408,0.048655549298434304
2021_Ref_Plot2_C2::27,2021_Ref_Plot2_C2,Field2,test,5,4,0.43479691543179216,18.44668438975709,0.16031642757306108
2021_Ref_Plot2_C2::35,2021_Ref_Plot2_C2,Field2,test,8,5,0.13205894850339783,12.364740719083095,0.01823374698801447
2021_Ref_Plot2_C2::44,2021_Ref_Plot2_C2,Field2,test,9,6,0.08754563916381337,11.339257678848565,0.007345294292982294
2021_Ref_Plot2_C2::50,2021_Ref_Plot2_C2,Field2,test,6,7,0.1355848549040593,9.479055400079266,0.08066889120566202
2021_Ref_Plot2_C2::57,2021_Ref_Plot2_C2,Field2,test,7,8,0.1146667571429062,10.727340820698032,0.04593392564629793
2021_Ref_Plot2_C2::65,2021_Ref_Plot2_C2,Field2,test,8,9,0.10934643320614602,8.928834877509033,0.03978502411085827
2021_Ref_Plot2_C2::69,2021_Ref_Plot2_C2,Field2,test,4,10,0.1445627902891005,10.930727099296185,0.06289634225219015
2021_Ref_Plot2_C2::71,2021_Ref_Plot2_C2,Field2,test,2,11,0.08277379719500857,6.777655892749554,0.046347542750445905
2021_Ref_Plot2_C2::76,2021_Ref_Plot2_C2,Field2,test,5,12,0.16586951630445224,12.8890005490385,0.016540985730167372
2021_Ref_Plot2_C2::8,2021_Ref_Plot2_C2,Field2,test,7,1,0.6620211282731557,25.436339273415744,0.13947954346867905
2021_Ref_Plot2_C2::80,2021_Ref_Plot2_C2,Field2,test,4,13,0.08322890359931896,6.867386997618915,0.023807356985065753
2021_Ref_Plot2_C2::85,2021_Ref_Plot2_C2,Field2,test,5,14,0.07672410378923353,8.722995672638527,0.039189180382267104
2021_Ref_Plot2_C3::16,2021_Ref_Plot2_C3,Field2,test,8,2,0.7638483744693588,29.698185411452897,0.29593615276819235
2021_Ref_Plot2_C3::22,2021_Ref_Plot2_C3,Field2,test,6,3,0.30523691057312685,17.499434144307024,0.07223517997915738
2021_Ref_Plot2_C3::27,2021_Ref_Plot2_C3,Field2,test,5,4,0.4188497997817923,18.961835764855216,0.1421905677084578
2021_Ref_Plot2_C3::35,2021_Ref_Plot2_C3,Field2,test,8,5,0.1428334207560202,12.554239902332702,0.028694127195786196
2021_Ref_Plot2_C3::44,2021_Ref_Plot2_C3,Field2,test,9,6,0.11307466366973047,12.062200231191992,0.02594650020855217
2021_Ref_Plot2_C3::50,2021_Ref_Plot2_C3,Field2,test,6,7,0.13884867306293258,9.25962089388774,0.09009686654565904
2021_Ref_Plot2_C3::57,2021_Ref_Plot2_C3,Field2,test,7,8,0.10012261837651705,10.745332807345783,0.04831922502998456
2021_Ref_Plot2_C3::65,2021_Ref_Plot2_C3,Field2,test,8,9,0.11053860478486065,9.326985793369643,0.05111877379014405
2021_Ref_Plot2_C3::69,2021_Ref_Plot2_C3,Field2,test,4,10,0.12947140108726032,11.271294618105124,0.056075497201078975
2021_Ref_Plot2_C3::71,2021_Ref_Plot2_C3,Field2,test,2,11,0.10735359024880371,8.842373795758933,0.08938239788432424
2021_Ref_Plot2_C3::76,2021_Ref_Plot2_C3,Field2,test,5,12,0.16610161042503213,13.201344750460546,0.03099346421263682
2021_Ref_Plot2_C3::8,2021_Ref_Plot2_C3,Field2,test,7,1,0.6572130351304621,25.957842569897103,0.15332634872580686
2021_Ref_Plot2_C3::80,2021_Ref_Plot2_C3,Field2,test,4,13,0.04144267582227412,6.972640804664774,0.004198871954574619
2021_Ref_Plot2_C3::85,2021_Ref_Plot2_C3,Field2,test,5,14,0.061860694077622534,8.243787770942678,0.015752093312944946
2021_Ref_Plot2_D12::16,2021_Ref_Plot2_D12,Field2,test,8,2,0.7477111953642842,29.00052927824584,0.29285451589328376
2021_Ref_Plot2_D12::22,2021_Ref_Plot2_D12,Field2,test,6,3,0.2560185867809679,15.887770725688748,0.07734707987461235
2021_Ref_Plot2_D12::27,2021_Ref_Plot2_D12,Field2,test,5,4,0.2626431019990167,15.376261614671607,0.08570542085067832
2021_Ref_Plot2_D12::35,2021_Ref_Plot2_D12,Field2,test,8,5,0.14227227592692335,11.363184400393804,0.03840078600168772
2021_Ref_Plot2_D12::44,2021_Ref_Plot2_D12,Field2,test,9,6,0.07476439974060158,10.0452304949118,0.014735760496786609
2021_Ref_Plot2_D12::50,2021_Ref_Plot2_D12,Field2,test,6,7,0.10476767399120794,8.57436176479228,0.06108914214479133
2021_Ref_Plot2_D12::57,2021_Ref_Plot2_D12,Field2,test,7,8,0.0747302974861314,10.103435660331684,0.020376959406375128
2021_Ref_Plot2_D12::65,2021_Ref_Plot2_D12,Field2,test,8,9,0.06726399202070658,8.571751699331184,0.03414229633581075
2021_Ref_Plot2_D12::69,2021_Ref_Plot2_D12,Field2,test,4,10,0.1306544703732592,11.704003512567365,0.057456746270725244
2021_Ref_Plot2_D12::71,2021_Ref_Plot2_D12,Field2,test,2,11,0.06266132996307565,7.41254602142576,0.02959546422870551
2021_Ref_Plot2_D12::76,2021_Ref_Plot2_D12,Field2,test,5,12,0.08871061715566154,10.025887606874754,0.018109051318212648
2021_Ref_Plot2_D12::8,2021_Ref_Plot2_D12,Field2,test,7,1,0.7068526620965478,26.86276081745474,0.19876433789340772
2021_Ref_Plot2_D12::80,2021_Ref_Plot2_D12,Field2,test,4,13,0.0588153585350339,7.679782669647355,0.02356773702288457
2021_Ref_Plot2_D12::85,2021_Ref_Plot2_D12,Field2,test,5,14,0.04849703565143079,9.256475424285917,0.02387258250119241
2021_Ref_Plot2_D5::16,2021_Ref_Plot2_D5,Field2,test,8,2,0.769631198172002,30.302880981181012,0.29106418139031875
2021_Ref_Plot2_D5::22,2021_Ref_Plot2_D5,Field2,test,6,3,0.2879613808372461,16.225850526931442,0.099759011117599
2021_Ref_Plot2_D5::27,2021_Ref_Plot2_D5,Field2,test,5,4,0.3096135678594541,15.795999782013997,0.12599567755625105
2021_Ref_Plot2_D5::35,2021_Ref_Plot2_D5,Field2,test,8,5,0.12612133541680884,11.592580337957685,0.028315614394231234
2021_Ref_Plot2_D5::44,2021_Ref_Plot2_D5,Field2,test,9,6,0.09460900125968148,12.011848413114091,0.025156471251753135
2021_Ref_Plot2_D5::50,2021_Ref_Plot2_D5,Field2,test,6,7,0.0868223086330178,8.5608635508134,0.045792059086677286
2021_Ref_Plot2_D5::57,2021_Ref_Plot2_D5,Field2,test,7,8,0.10625222456651227,10.779995552257446,0.04116654892315489
2021_Ref_Plot2_D5::65,2021_Ref_Plot2_D5,Field2,test,8,9,0.08585511414408552,8.419171579277839,0.040052866864934034
2021_Ref_Plot2_D5::69,2021_Ref_Plot2_D5,Field2,test,4,10,0.11966967790628795,11.616534762983555,0.04333346369840289
2021_Ref_Plot2_D5::71,2021_Ref_Plot2_D5,Field2,test,2,11,0.126229429766303,8.91767202002237,0.09375905472145445
2021_Ref_Plot2_D5::76,2021_Ref_Plot2_D5,Field2,test,5,12,0.12066021341539555,12.655393762257141,0.019160499175024673
2021_Ref_Plot2_D5::8,2021_Ref_Plot2_D5,Field2,test,7,1,0.6999269184989269,26.831708989220733,0.1842778326132033
2021_Ref_Plot2_D5::80,2021_Ref_Plot2_D5,Field2,test,4,13,0.07400251348060798,8.972074106223113,0.023463711424223776
2021_Ref_Plot2_D5::85,2021_Ref_Plot2_D5,Field2,test,5,14,0.09259545181621043,10.159546533607,0.04095894407322055
2021_Ref_Plot2_E18::16,2021_Ref_Plot2_E18,Field2,test,8,2,0.7256423594741364,28.510631185913024,0.23905826571748062
2021_Ref_Plot2_E18::22,2021_Ref_Plot2_E18,Field2,test,6,3,0.279311552804764,15.76138582315349,0.06267985780578414
2021_Ref_Plot2_E18::27,2021_Ref_Plot2_E18,Field2,test,5,4,0.23636057194448487,15.215612158484488,0.05621038132781622
2021_Ref_Plot2_E18::35,2021_Ref_Plot2_E18,Field2,test,8,5,0.0983885306577396,11.113574569083784,0.029029286472349026
2021_Ref_Plot2_E18::44,2021_Ref_Plot2_E18,Field2,test,9,6,0.0778404900362089,11.899193648299072,0.023379431350943808
2021_Ref_Plot2_E18::50,2021_Ref_Plot2_E18,Field2,test,6,7,0.07674646945443686,9.370205129003805,0.05025118663088277
2021_Ref_Plot2_E18::57,2021_Ref_Plot2_E18,Field2,test,7,8,0.06568126681591192,10.749141261744509,0.027283483696848444
2021_Ref_Plot2_E18::65,2021_Ref_Plot2_E18,Field2,test,8,9,0.05956312227669891,8.87487979751442,0.023137346763117912
2021_Ref_Plot2_E18::69,2021_Ref_Plot2_E18,Field2,test,4,10,0.10265149993090723,11.363937864122892,0.034562045966241774
2021_Ref_Plot2_E18::71,2021_Ref_Plot2_E18,Field2,test,2,11,0.08935873187117858,8.355056564103291,0.0528549261142324
2021_Ref_Plot2_E18::76,2021_Ref_Plot2_E18,Field2,test,5,12,0.07980055392486085,10.401734015312664,0.011158720476512328
2021_Ref_Plot2_E18::8,2021_Ref_Plot2_E18,Field2,test,7,1,0.6386588179269985,25.97710391008752,0.14468521311115112
2021_Ref_Plot2_E18::80,2021_Ref_Plot2_E18,Field2,test,4,13,0.04701692474734878,8.512279286173385,0.021795976691708154
2021_Ref_Plot2_E18::85,2021_Ref_Plot2_E18,Field2,test,5,14,0.042652740863186524,10.051545748050753,0.01799915982774532
2021_Ref_Plot2_E1::16,2021_Ref_Plot2_E1,Field2,test,8,2,0.7102972121164445,28.48083121892829,0.26149966309261996
2021_Ref_Plot2_E1::22,2021_Ref_Plot2_E1,Field2,test,6,3,0.2424824275360584,15.869227695339516,0.05463613617550473
2021_Ref_Plot2_E1::27,2021_Ref_Plot2_E1,Field2,test,5,4,0.21173135528725426,14.689502130451684,0.06699873494619926
2021_Ref_Plot2_E1::35,2021_Ref_Plot2_E1,Field2,test,8,5,0.09869871430295189,10.713284815800023,0.02770418419639683
2021_Ref_Plot2_E1::44,2021_Ref_Plot2_E1,Field2,test,9,6,0.10714848846043279,13.319258396230593,0.019907311855394242
2021_Ref_Plot2_E1::50,2021_Ref_Plot2_E1,Field2,test,6,7,0.060089818479067934,8.788080710771586,0.028012774447191365
2021_Ref_Plot2_E1::57,2021_Ref_Plot2_E1,Field2,test,7,8,0.07950811030935905,11.077714235229934,0.030334275535457023
2021_Ref_Plot2_E1::65,2021_Ref_Plot2_E1,Field2,test,8,9,0.05493334661100629,8.829663322948635,0.028321429533841574
2021_Ref_Plot2_E1::69,2021_Ref_Plot2_E1,Field2,test,4,10,0.10264206563503821,11.139814016513736,0.04196065461840895
2021_Ref_Plot2_E1::71,2021_Ref_Plot2_E1,Field2,test,2,11,0.09305295909292664,8.31287971725348,0.05331129796865948
2021_Ref_Plot2_E1::76,2021_Ref_Plot2_E1,Field2,test,5,12,0.1068605808627056,13.30163263400671,0.014703957120143397
2021_Ref_Plot2_E1::8,2021_Ref_Plot2_E1,Field2,test,7,1,0.6276265452835145,24.61042792777288,0.14627882286244856
2021_Ref_Plot2_E1::80,2021_Ref_Plot2_E1,Field2,test,4,13,0.05508132242209424,8.964800544104998,0.028702692386347598
2021_Ref_Plot2_E1::85,2021_Ref_Plot2_E1,Field2,test,5,14,0.03582363417986191,9.199987711037608,0.018744705219957324
2021_Ref_Plot2_E7::16,2021_Ref_Plot2_E7,Field2,test,8,2,0.6445069456599364,25.958854952160348,0.15329299774998684
2021_Ref_Plot2_E7::22,2021_Ref_Plot2_E7,Field2,test,6,3,0.20136045300594663,13.599607172785198,0.05151729771730221
2021_Ref_Plot2_E7::27,2021_Ref_Plot2_E7,Field2,test,5,4,0.2110360650073306,14.88630080852154,0.07213963935742929
2021_Ref_Plot2_E7::35,2021_Ref_Plot2_E7,Field2,test,8,5,0.07600415377928199,10.627387515167221,0.013358035399172038
2021_Ref_Plot2_E7::44,2021_Ref_Plot2_E7,Field2,test,9,6,0.0946875684678581,12.81556045417963,0.02265923007283974
2021_Ref_Plot2_E7::50,2021_Ref_Plot2_E7,Field2,test,6,7,0.050108284715577676,9.43638934201434,0.021275540047574933
2021_Ref_Plot2_E7::57,2021_Ref_Plot2_E7,Field2,test,7,8,0.059596723273829394,10.567010749889828,0.01729462161932721
2021_Ref_Plot2_E7::65,2021_Ref_Plot2_E7,Field2,test,8,9,0.047599741697466245,8.422927189113858,0.020576945176953736
2021_Ref_Plot2_E7::69,2021_Ref_Plot2_E7,Field2,test,4,10,0.10329293786296817,11.544191689492372,0.039375981129423136
2021_Ref_Plot2_E7::71,2021_Ref_Plot2_E7,Field2,test,2,11,0.07688963914462787,8.493753424208105,0.04373130857169328
2021_Ref_Plot2_E7::76,2021_Ref_Plot2_E7,Field2,test,5,12,0.07555641348934437,11.718289076571713,0.02004494956616696
2021_Ref_Plot2_E7::8,2021_Ref_Plot2_E7,Field2,test,7,1,0.6015826468669462,24.628695804792567,0.0944973742608381
2021_Ref_Plot2_E7::80,2021_Ref_Plot2_E7,Field2,test,4,13,0.0461677346849472,9.419018774991969,0.017416245195248564
2021_Ref_Plot2_E7::85,2021_Ref_Plot2_E7,Field2,test,5,14,0.052806889903453225,10.034923563351377,0.023313615729425755
2021_Ref_Plot3_A6::16,2021_Ref_Plot3_A6,Field2,test,8,2,0.7858155008976465,30.214609175076575,0.3330670770602143
2021_Ref_Plot3_A6::22,2021_Ref_Plot3_A6,Field2,test,6,3,0.30303286674481,16.97965224404765,0.08661910844451391
2021_Ref_Plot3_A6::27,2021_Ref_Plot3_A6,Field2,test,5,4,0.2716000554187298,15.768368488047086,0.08568388201390972
2021_Ref_Plot3_A6::35,2021_Ref_Plot3_A6,Field2,test,8,5,0.13671367549565502,12.266080488246548,0.029230735636050036
2021_Ref_Plot3_A6::44,2021_Ref_Plot3_A6,Field2,test,9,6,0.09843429888812948,9.02267480208359,0.0303056960313428
2021_Ref_Plot3_A6::50,2021_Ref_Plot3_A6,Field2,test,6,7,0.10085117117556913,8.328435446064718,0.06246425510015143
2021_Ref_Plot3_A6::57,2021_Ref_Plot3_A6,Field2,test,7,8,0.10633877861042473,9.031338585231413,0.03864055886444087
2021_Ref_Plot3_A6::65,2021_Ref_Plot3_A6,Field2,test,8,9,0.12924713437858112,10.867307435245914,0.05300182074722704
2021_Ref_Plot3_A6::69,2021_Ref_Plot3_A6,Field2,test,4,10,0.20193876921716644,11.686766589627682,0.08480389317779892
2021_Ref_Plot3_A6::71,2021_Ref_Plot3_A6,Field2,test,2,11,0.12221420663859743,8.52156942181243,0.09694770162662493
2021_Ref_Plot3_A6::76,2021_Ref_Plot3_A6,Field2,test,5,12,0.1261956146265623,11.682017194200858,0.01911037517694735
2021_Ref_Plot3_A6::8,2021_Ref_Plot3_A6,Field2,test,7,1,0.7191958473933558,27.06516623145253,0.20671198837297952
2021_Ref_Plot3_A6::80,2021_Ref_Plot3_A6,Field2,test,4,13,0.08683845761600135,7.588289825492307,0.012423462184774118
2021_Ref_Plot3_A6::85,2021_Ref_Plot3_A6,Field2,test,5,14,0.10659311212705813,8.51580285330656,0.04722471095806612
2021_Ref_Plot3_A7::16,2021_Ref_Plot3_A7,Field2,test,8,2,0.8023301956806069,30.566658913645774,0.3654346586533716
2021_Ref_Plot3_A7::22,2021_Ref_Plot3_A7,Field2,test,6,3,0.33001628265352423,17.919633652385606,0.09306888899733394
2021_Ref_Plot3_A7::27,2021_Ref_Plot3_A7,Field2,test,5,4,0.33239755340439675,16.76354934079573,0.09439945658559042
2021_Ref_Plot3_A7::35,2021_Ref_Plot3_A7,Field2,test,8,5,0.1350499246344449,11.662054201678664,0.026331982711471136
2021_Ref_Plot3_A7::44,2021_Ref_Plot3_A7,Field2,test,9,6,0.09698349543146549,8.615216230813425,0.027791592986233744
2021_Ref_Plot3_A7::50,2021_Ref_Plot3_A7,Field2,test,6,7,0.12632111509023636,8.898359407808417,0.06872406740940253
2021_Ref_Plot3_A7::57,2021_Ref_Plot3_A7,Field2,test,7,8,0.1211849947790667,9.923106063610243,0.06665932521531194
2021_Ref_Plot3_A7::65,2021_Ref_Plot3_A7,Field2,test,8,9,0.08535153427361848,10.182906443152786,0.03112314790006873
2021_Ref_Plot3_A7::69,2021_Ref_Plot3_A7,Field2,test,4,10,0.1918334237241913,11.80923678611311,0.1067816229555483
2021_Ref_Plot3_A7::71,2021_Ref_Plot3_A7,Field2,test,2,11,0.13966730258913734,8.963920608648513,0.11778487105846959
2021_Ref_Plot3_A7::76,2021_Ref_Plot3_A7,Field2,test,5,12,0.10230396069005122,10.366877799194047,0.009132016418598106
2021_Ref_Plot3_A7::8,2021_Ref_Plot3_A7,Field2,test,7,1,0.7168961096543244,26.50554091308554,0.21209665958368137
2021_Ref_Plot3_A7::80,2021_Ref_Plot3_A7,Field2,test,4,13,0.06965428524906157,7.80087939379682,0.015868666433369292
2021_Ref_Plot3_A7::85,2021_Ref_Plot3_A7,Field2,test,5,14,0.09394090461688454,8.765289589420089,0.06457431386901495
2021_Ref_Plot3_B10::16,2021_Ref_Plot3_B10,Field2,test,8,2,0.8058390156798098,30.4991531026778,0.3439903526998555
2021_Ref_Plot3_B10::22,2021_Ref_Plot3_B10,Field2,test,6,3,0.3241297389810218,18.11252391285842,0.09478278068378643
2021_Ref_Plot3_B10::27,2021_Ref_Plot3_B10,Field2,test,5,4,0.367546566807265,17.383774721435255,0.12263631239008832
2021_Ref_Plot3_B10::35,2021_Ref_Plot3_B10,Field2,test,8,5,0.17619453775831315,12.299410822914696,0.02615924019800194
2021_Ref_Plot3_B10::44,2021_Ref_Plot3_B10,Field2,test,9,6,0.14649403925510077,8.92083008759479,0.041246590703560876
2021_Ref_Plot3_B10::50,2021_Ref_Plot3_B10,Field2,test,6,7,0.10730959832310356,8.555682511400528,0.07033689738844907
2021_Ref_Plot3_B10::57,2021_Ref_Plot3_B10,Field2,test,7,8,0.09950236346568582,8.975339420009226,0.04734558363576565
2021_Ref_Plot3_B10::65,2021_Ref_Plot3_B10,Field2,test,8,9,0.09597426429376314,9.439848084585181,0.029063232232745522
2021_Ref_Plot3_B10::69,2021_Ref_Plot3_B10,Field2,test,4,10,0.1523467153512767,10.775023235279768,0.08632666027848453
2021_Ref_Plot3_B10::71,2021_Ref_Plot3_B10,Field2,test,2,11,0.1463656948581645,9.534434917708678,0.11206421951778257
2021_Ref_Plot3_B10::76,2021_Ref_Plot3_B10,Field2,test,5,12,0.11055715993815755,10.407550538181722,0.03688981292415446
2021_Ref_Plot3_B10::8,2021_Ref_Plot3_B10,Field2,test,7,1,0.7371201071018875,26.629614833606098,0.2247306263898844
2021_Ref_Plot3_B10::80,2021_Ref_Plot3_B10,Field2,test,4,13,0.05433771686048195,6.639288577250372,0.0124942348874466
2021_Ref_Plot3_B10::85,2021_Ref_Plot3_B10,Field2,test,5,14,0.1206341490980215,9.154801716157419,0.061889189173722006
2021_Ref_Plot3_B12::16,2021_Ref_Plot3_B12,Field2,test,8,2,0.8132745641787477,31.091479897604163,0.3395430884809634
2021_Ref_Plot3_B12::22,2021_Ref_Plot3_B12,Field2,test,6,3,0.3236435764207166,16.72952149144612,0.08228166584452098
2021_Ref_Plot3_B12::27,2021_Ref_Plot3_B12,Field2,test,5,4,0.33188425669100935,16.61397712003286,0.10613232375107712
2021_Ref_Plot3_B12::35,2021_Ref_Plot3_B12,Field2,test,8,5,0.15835984021769414,11.75254390992285,0.02247799354883534
2021_Ref_Plot3_B12::44,2021_Ref_Plot3_B12,Field2,test,9,6,0.1296141998654565,9.574862129078074,0.05110706594634741
2021_Ref_Plot3_B12::50,2021_Ref_Plot3_B12,Field2,test,6,7,0.11862165881711612,8.358658573794335,0.06601676916713799
2021_Ref_Plot3_B12::57,2021_Ref_Plot3_B12,Field2,test,7,8,0.10176364347293272,8.70491620101667,0.030708168356919998
2021_Ref_Plot3_B12::65,2021_Ref_Plot3_B12,Field2,test,8,9,0.07749460853314079,9.40495489761396,0.029404120106149335
2021_Ref_Plot3_B12::69,2021_Ref_Plot3_B12,Field2,test,4,10,0.14937061078923863,10.884603362375778,0.07389716337404414
2021_Ref_Plot3_B12::71,2021_Ref_Plot3_B12,Field2,test,2,11,0.11117139894653312,9.281692073760638,0.08590992161876485
2021_Ref_Plot3_B12::76,2021_Ref_Plot3_B12,Field2,test,5,12,0.09428783067114303,10.807437409777208,0.012612481164684377
2021_Ref_Plot3_B12::8,2021_Ref_Plot3_B12,Field2,test,7,1,0.7268859822556206,26.727779573882565,0.19984629973214535
2021_Ref_Plot3_B12::80,2021_Ref_Plot3_B12,Field2,test,4,13,0.04696729399702392,7.2330397835456015,0.012155825935276225
2021_Ref_Plot3_B12::85,2021_Ref_Plot3_B12,Field2,test,5,14,0.06891480132356424,8.296338726975083,0.02550368924206699
2021_Ref_Plot3_B17::16,2021_Ref_Plot3_B17,Field2,test,8,2,0.8054569259355314,30.674128507928774,0.32909390096719315
2021_Ref_Plot3_B17::22,2021_Ref_Plot3_B17,Field2,test,6,3,0.3529841346744566,17.32734927212338,0.10866885930972743
2021_Ref_Plot3_B17::27,2021_Ref_Plot3_B17,Field2,test,5,4,0.26704462196300244,16.22067045666851,0.07258953132346478
2021_Ref_Plot3_B17::35,2021_Ref_Plot3_B17,Field2,test,8,5,0.13359518269500048,11.613218920533392,0.03685791588241186
2021_Ref_Plot3_B17::44,2021_Ref_Plot3_B17,Field2,test,9,6,0.1397048092854653,8.974246994111986,0.06312402992864816
2021_Ref_Plot3_B17::50,2021_Ref_Plot3_B17,Field2,test,6,7,0.10551675910557042,8.228784008243945,0.05296008408648189
2021_Ref_Plot3_B17::57,2021_Ref_Plot3_B17,Field2,test,7,8,0.09656758734505204,8.740268347651192,0.04459388128432022
2021_Ref_Plot3_B17::65,2021_Ref_Plot3_B17,Field2,test,8,9,0.10923914259887814,9.508146829337464,0.045346643944839636
2021_Ref_Plot3_B17::69,2021_Ref_Plot3_B17,Field2,test,4,10,0.18467673208167967,11.194136896725777,0.09868244619848883
2021_Ref_Plot3_B17::71,2021_Ref_Plot3_B17,Field2,test,2,11,0.1158906979485244,7.884022270533953,0.08636160469014552
2021_Ref_Plot3_B17::76,2021_Ref_Plot3_B17,Field2,test,5,12,0.0858728349735533,9.305788219326088,0.018774710313230223
2021_Ref_Plot3_B17::8,2021_Ref_Plot3_B17,Field2,test,7,1,0.7276037562549976,27.704618213678135,0.21386022746227218
2021_Ref_Plot3_B17::80,2021_Ref_Plot3_B17,Field2,test,4,13,0.07072393882017768,8.132813867620422,0.02425590618125252
2021_Ref_Plot3_B17::85,2021_Ref_Plot3_B17,Field2,test,5,14,0.09039703218665296,8.401595828064702,0.04135003562557943
2021_Ref_Plot3_B1::16,2021_Ref_Plot3_B1,Field2,test,8,2,0.7884760586484263,30.47518075370556,0.30777629752616
2021_Ref_Plot3_B1::22,2021_Ref_Plot3_B1,Field2,test,6,3,0.3304913168772547,17.524830752362103,0.0952953465907605
2021_Ref_Plot3_B1::27,2021_Ref_Plot3_B1,Field2,test,5,4,0.3284367471383422,17.237473615785646,0.1054219054462445
2021_Ref_Plot3_B1::35,2021_Ref_Plot3_B1,Field2,test,8,5,0.17792020934183117,12.3838953176689,0.03128665623357715
2021_Ref_Plot3_B1::44,2021_Ref_Plot3_B1,Field2,test,9,6,0.13735729925141593,9.897927671825533,0.05423741308225586
2021_Ref_Plot3_B1::50,2021_Ref_Plot3_B1,Field2,test,6,7,0.1567864499031669,9.168927869610595,0.10048582995211469
2021_Ref_Plot3_B1::57,2021_Ref_Plot3_B1,Field2,test,7,8,0.1123012588959779,10.100835232260328,0.04763663815255564
2021_Ref_Plot3_B1::65,2021_Ref_Plot3_B1,Field2,test,8,9,0.12527496445229513,9.871427181514369,0.05343891283777784
2021_Ref_Plot3_B1::69,2021_Ref_Plot3_B1,Field2,test,4,10,0.16522535008420547,10.83211889509046,0.08338020142737722
2021_Ref_Plot3_B1::71,2021_Ref_Plot3_B1,Field2,test,2,11,0.1748617534313881,9.821222852118291,0.125704237151169
2021_Ref_Plot3_B1::76,2021_Ref_Plot3_B1,Field2,test,5,12,0.10819976008109693,10.761367754851978,0.036263918720088516
2021_Ref_Plot3_B1::8,2021_Ref_Plot3_B1,Field2,test,7,1,0.6798963795686052,25.380917245987757,0.18161896040194114
2021_Ref_Plot3_B1::80,2021_Ref_Plot3_B1,Field2,test,4,13,0.07940210250145481,6.159288241864383,0.021571190208154144
2021_Ref_Plot3_B1::85,2021_Ref_Plot3_B1,Field2,test,5,14,0.069368269179095,7.584099517841461,0.022125232487537217
2021_Ref_Plot3_B3::16,2021_Ref_Plot3_B3,Field2,test,8,2,0.8069603234006705,30.231169040980703,0.3350556709235439
2021_Ref_Plot3_B3::22,2021_Ref_Plot3_B3,Field2,test,6,3,0.29759508680268515,17.092703766670347,0.08076141200004272
2021_Ref_Plot3_B3::27,2021_Ref_Plot3_B3,Field2,test,5,4,0.3344281836168094,16.988558969144776,0.09425891453818146
2021_Ref_Plot3_B3::35,2021_Ref_Plot3_B3,Field2,test,8,5,0.17649113663756166,12.891243509834627,0.046135196672595385
2021_Ref_Plot3_B3::44,2021_Ref_Plot3_B3,Field2,test,9,6,0.11239036404409015,9.557169527051466,0.05278788278263832
2021_Ref_Plot3_B3::50,2021_Ref_Plot3_B3,Field2,test,6,7,0.1383593381390606,8.808683973524257,0.08030854691911857
2021_Ref_Plot3_B3::57,2021_Ref_Plot3_B3,Field2,test,7,8,0.13476880481389492,10.494729013035105,0.06651266379148836
2021_Ref_Plot3_B3::65,2021_Ref_Plot3_B3,Field2,test,8,9,0.11411975170102395,10.532773783685466,0.06236101257763838
2021_Ref_Plot3_B3::69,2021_Ref_Plot3_B3,Field2,test,4,10,0.20358718696599765,11.72256226720637,0.11177630969392678
2021_Ref_Plot3_B3::71,2021_Ref_Plot3_B3,Field2,test,2,11,0.10405535933871375,8.14289610018781,0.06337379963848691
2021_Ref_Plot3_B3::76,2021_Ref_Plot3_B3,Field2,test,5,12,0.1494462705624853,10.629557190089319,0.024151937503449093
2021_Ref_Plot3_B3::8,2021_Ref_Plot3_B3,Field2,test,7,1,0.7118837016951169,26.998573449229095,0.2109269906695956
2021_Ref_Plot3_B3::80,2021_Ref_Plot3_B3,Field2,test,4,13,0.08905820141840604,7.67927193695725,0.025934542124522668
2021_Ref_Plot3_B3::85,2021_Ref_Plot3_B3,Field2,test,5,14,0.07969977036017432,7.542091871405665,0.04323902267382829
2021_Ref_Plot3_B6::16,2021_Ref_Plot3_B6,Field2,test,8,2,0.7981760675752368,30.255782825109307,0.3214760661628775
2021_Ref_Plot3_B6::22,2021_Ref_Plot3_B6,Field2,test,6,3,0.32561136104612437,17.29591085986174,0.09992040832680894
2021_Ref_Plot3_B6::27,2021_Ref_Plot3_B6,Field2,test,5,4,0.34184507682141985,16.97287945448163,0.11687510938450903
2021_Ref_Plot3_B6::35,2021_Ref_Plot3_B6,Field2,test,8,5,0.17644047383453743,12.705498877552246,0.0405533362431672
2021_Ref_Plot3_B6::44,2021_Ref_Plot3_B6,Field2,test,9,6,0.14029108472446136,9.141849809270113,0.061903907607141526
2021_Ref_Plot3_B6::50,2021_Ref_Plot3_B6,Field2,test,6,7,0.16874805061375098,9.324627893259072,0.10788489986904534
2021_Ref_Plot3_B6::57,2021_Ref_Plot3_B6,Field2,test,7,8,0.120845601232897,9.872483950317717,0.04097929673564128
2021_Ref_Plot3_B6::65,2021_Ref_Plot3_B6,Field2,test,8,9,0.13089323810399497,9.979487487778778,0.06125371113873999
2021_Ref_Plot3_B6::69,2021_Ref_Plot3_B6,Field2,test,4,10,0.24709741095697932,12.363747324042615,0.1188944097293124
2021_Ref_Plot3_B6::71,2021_Ref_Plot3_B6,Field2,test,2,11,0.12104313246021714,8.643486462138059,0.08722278563537104
2021_Ref_Plot3_B6::76,2021_Ref_Plot3_B6,Field2,test,5,12,0.16325167584409336,12.109130831761766,0.04380336182485097
2021_Ref_Plot3_B6::8,2021_Ref_Plot3_B6,Field2,test,7,1,0.7218315007898872,25.96063703957267,0.2110731575412005
2021_Ref_Plot3_B6::80,2021_Ref_Plot3_B6,Field2,test,4,13,0.05814980169024553,6.529958218494965,0.004631462803972607
2021_Ref_Plot3_B6::85,2021_Ref_Plot3_B6,Field2,test,5,14,0.11860901741602471,8.710076201238719,0.06320279980124334
2021_Ref_Plot3_B7::16,2021_Ref_Plot3_B7,Field2,test,8,2,0.7782767394273148,29.19761130474484,0.3017940152781999
2021_Ref_Plot3_B7::22,2021_Ref_Plot3_B7,Field2,test,6,3,0.3019752836368141,17.667693294364767,0.08234305606164577
2021_Ref_Plot3_B7::27,2021_Ref_Plot3_B7,Field2,test,5,4,0.32392177420745666,17.003873176161267,0.10718716860798193
2021_Ref_Plot3_B7::35,2021_Ref_Plot3_B7,Field2,test,8,5,0.15054340218737683,12.134609703667296,0.019359387400309486
2021_Ref_Plot3_B7::44,2021_Ref_Plot3_B7,Field2,test,9,6,0.11713624856605905,8.994076129118717,0.045603426125212274
2021_Ref_Plot3_B7::50,2021_Ref_Plot3_B7,Field2,test,6,7,0.14617212300220883,9.527984926244992,0.09941569135338922
2021_Ref_Plot3_B7::57,2021_Ref_Plot3_B7,Field2,test,7,8,0.1043933115984807,9.63979310791668,0.043949273747597675
2021_Ref_Plot3_B7::65,2021_Ref_Plot3_B7,Field2,test,8,9,0.11579070362355155,9.639835305662842,0.05848068785837607
2021_Ref_Plot3_B7::69,2021_Ref_Plot3_B7,Field2,test,4,10,0.22182413014893498,12.17157501507942,0.10754790136708274
2021_Ref_Plot3_B7::71,2021_Ref_Plot3_B7,Field2,test,2,11,0.13569384491987527,8.801924845221865,0.1182950502894172
2021_Ref_Plot3_B7::76,2021_Ref_Plot3_B7,Field2,test,5,12,0.13030775325383018,11.396885386051467,0.017236277561349867
2021_Ref_Plot3_B7::8,2021_Ref_Plot3_B7,Field2,test,7,1,0.726872166499934,25.816948348084438,0.21344514962283717
2021_Ref_Plot3_B7::80,2021_Ref_Plot3_B7,Field2,test,4,13,0.07185976697103787,7.153138753815018,0.02995668146076293
2021_Ref_Plot3_B7::85,2021_Ref_Plot3_B7,Field2,test,5,14,0.10005337792781376,9.080534243662402,0.052353208113522225
2021_Ref_Plot3_B8::16,2021_Ref_Plot3_B8,Field2,test,8,2,0.793548103142124,29.880827767138175,0.30319322680473465
2021_Ref_Plot3_B8::22,2021_Ref_Plot3_B8,Field2,test,6,3,0.3078204965929731,17.58957779950798,0.09240842470602384
2021_Ref_Plot3_B8::27,2021_Ref_Plot3_B8,Field2,test,5,4,0.2645178255159653,15.936627719634513,0.06784226864906498
2021_Ref_Plot3_B8::35,2021_Ref_Plot3_B8,Field2,test,8,5,0.17333481139050214,12.995119046704538,0.03565028390219672
2021_Ref_Plot3_B8::44,2021_Ref_Plot3_B8,Field2,test,9,6,0.1112434680726483,8.95122884797595,0.04660534150530175
2021_Ref_Plot3_B8::50,2021_Ref_Plot3_B8,Field2,test,6,7,0.14883772570161277,8.833257484426994,0.09170040378404945
2021_Ref_Plot3_B8::57,2021_Ref_Plot3_B8,Field2,test,7,8,0.09364797270546749,9.561378313742352,0.02092083307628686
2021_Ref_Plot3_B8::65,2021_Ref_Plot3_B8,Field2,test,8,9,0.09198655886625962,9.245068121446737,0.031943156283944035
2021_Ref_Plot3_B8::69,2021_Ref_Plot3_B8,Field2,test,4,10,0.16398845063492287,11.02944395880163,0.09305279435962925
2021_Ref_Plot3_B8::71,2021_Ref_Plot3_B8,Field2,test,2,11,0.11503086893576524,8.122620738160576,0.09027366865208439
2021_Ref_Plot3_B8::76,2021_Ref_Plot3_B8,Field2,test,5,12,0.09929481762650098,9.448588466384113,0.022030873610521876
2021_Ref_Plot3_B8::8,2021_Ref_Plot3_B8,Field2,test,7,1,0.7200752806036076,25.921369943263937,0.1917784895475327
2021_Ref_Plot3_B8::80,2021_Ref_Plot3_B8,Field2,test,4,13,0.1003372341122485,8.511636573363932,0.04079740711378349
2021_Ref_Plot3_B8::85,2021_Ref_Plot3_B8,Field2,test,5,14,0.12408117295719541,8.681840967890457,0.06609917293956571
2021_Ref_Plot3_C15::16,2021_Ref_Plot3_C15,Field2,test,8,2,0.78921136235147,30.233327841768848,0.32582703480490444
2021_Ref_Plot3_C15::22,2021_Ref_Plot3_C15,Field2,test,6,3,0.32637395425990023,16.140964799654476,0.08986278278301464
2021_Ref_Plot3_C15::27,2021_Ref_Plot3_C15,Field2,test,5,4,0.2723427424216195,15.26602085564212,0.07718624661773617
2021_Ref_Plot3_C15::35,2021_Ref_Plot3_C15,Field2,test,8,5,0.14502863316567058,11.392924385094146,0.03213202909040051
2021_Ref_Plot3_C15::44,2021_Ref_Plot3_C15,Field2,test,9,6,0.08312701571621565,7.9301764137418065,0.03491263633845103
2021_Ref_Plot3_C15::50,2021_Ref_Plot3_C15,Field2,test,6,7,0.15340573682879258,8.304476545452587,0.09722751882143107
2021_Ref_Plot3_C15::57,2021_Ref_Plot3_C15,Field2,test,7,8,0.09887101926469717,9.03297327581139,0.04376728728221682
2021_Ref_Plot3_C15::65,2021_Ref_Plot3_C15,Field2,test,8,9,0.06962935383901193,8.182338600921948,0.03714533828785784
2021_Ref_Plot3_C15::69,2021_Ref_Plot3_C15,Field2,test,4,10,0.1390038008586332,10.749142694741625,0.07149816995261549
2021_Ref_Plot3_C15::71,2021_Ref_Plot3_C15,Field2,test,2,11,0.09693870413355586,8.178620461345368,0.07403019433234817
2021_Ref_Plot3_C15::76,2021_Ref_Plot3_C15,Field2,test,5,12,0.07929914558420487,9.89103661030628,0.010640300699984295
2021_Ref_Plot3_C15::8,2021_Ref_Plot3_C15,Field2,test,7,1,0.7219345270637647,25.809602854364275,0.22041184194085403
2021_Ref_Plot3_C15::80,2021_Ref_Plot3_C15,Field2,test,4,13,0.09988877891891106,8.492256722569628,0.041260746505536516
2021_Ref_Plot3_C15::85,2021_Ref_Plot3_C15,Field2,test,5,14,0.11011079219011431,8.993330106295389,0.036069105712090856
2021_Ref_Plot3_C2::16,2021_Ref_Plot3_C2,Field2,test,8,2,0.8087411518111981,30.787281385188443,0.36173886942212824
2021_Ref_Plot3_C2::22,2021_Ref_Plot3_C2,Field2,test,6,3,0.3059761307570707,16.614970274265502,0.08458942957439697
2021_Ref_Plot3_C2::27,2021_Ref_Plot3_C2,Field2,test,5,4,0.28011328614875425,15.686300210335942,0.0806907199544357
2021_Ref_Plot3_C2::35,2021_Ref_Plot3_C2,Field2,test,8,5,0.17216461704748176,11.946729029583686,0.04190828397351028
2021_Ref_Plot3_C2::44,2021_Ref_Plot3_C2,Field2,test,9,6,0.1035829251060857,9.409750291704114,0.053381456801247465
2021_Ref_Plot3_C2::50,2021_Ref_Plot3_C2,Field2,test,6,7,0.13314256242741493,8.228467276451479,0.0762298471085525
2021_Ref_Plot3_C2::57,2021_Ref_Plot3_C2,Field2,test,7,8,0.14195708335699966,10.476087180874064,0.07358681241600326
2021_Ref_Plot3_C2::65,2021_Ref_Plot3_C2,Field2,test,8,9,0.12155786638670268,8.897561146624035,0.052671953975208165
2021_Ref_Plot3_C2::69,2021_Ref_Plot3_C2,Field2,test,4,10,0.17657159056712524,11.005025617772509,0.08453969335063963
2021_Ref_Plot3_C2::71,2021_Ref_Plot3_C2,Field2,test,2,11,0.1327456866330428,8.671124246488036,0.0980188587435675
2021_Ref_Plot3_C2::76,2021_Ref_Plot3_C2,Field2,test,5,12,0.1886737808751808,12.911395363480164,0.038772836713293374
2021_Ref_Plot3_C2::8,2021_Ref_Plot3_C2,Field2,test,7,1,0.689832259403904,26.37117121154816,0.1817098598630074
2021_Ref_Plot3_C2::80,2021_Ref_Plot3_C2,Field2,test,4,13,0.059302242213825296,6.828725445288311,0.01670944693986818
2021_Ref_Plot3_C2::85,2021_Ref_Plot3_C2,Field2,test,5,14,0.1358529303308547,9.154195272943644,0.07333981649690867
2021_Ref_Plot3_C3::16,2021_Ref_Plot3_C3,Field2,test,8,2,0.778816521521704,29.33929847925934,0.32453941209653286
2021_Ref_Plot3_C3::22,2021_Ref_Plot3_C3,Field2,test,6,3,0.32122260624973414,16.719012385291855,0.09156731132622493
2021_Ref_Plot3_C3::27,2021_Ref_Plot3_C3,Field2,test,5,4,0.28968553952133136,15.24237912413353,0.08861875645347657
2021_Ref_Plot3_C3::35,2021_Ref_Plot3_C3,Field2,test,8,5,0.15470934484281676,11.523255651408984,0.03549162358932641
2021_Ref_Plot3_C3::44,2021_Ref_Plot3_C3,Field2,test,9,6,0.09370913853493901,8.886952283940198,0.04057758705178799
2021_Ref_Plot3_C3::50,2021_Ref_Plot3_C3,Field2,test,6,7,0.14037416047225773,8.471280306381196,0.07771732276275976
2021_Ref_Plot3_C3::57,2021_Ref_Plot3_C3,Field2,test,7,8,0.10910160426513026,9.934222192772067,0.04019421386597254
2021_Ref_Plot3_C3::65,2021_Ref_Plot3_C3,Field2,test,8,9,0.09335596273199735,9.311183079460655,0.045343503568214635
2021_Ref_Plot3_C3::69,2021_Ref_Plot3_C3,Field2,test,4,10,0.16710559876183506,11.343775577041455,0.06868665376008151
2021_Ref_Plot3_C3::71,2021_Ref_Plot3_C3,Field2,test,2,11,0.11457321412564474,8.7134249273605,0.07209075580826706
2021_Ref_Plot3_C3::76,2021_Ref_Plot3_C3,Field2,test,5,12,0.15838885336171274,10.730929493501698,0.01678885249379903
2021_Ref_Plot3_C3::8,2021_Ref_Plot3_C3,Field2,test,7,1,0.6959816183601607,25.875952545090225,0.18895195912987373
2021_Ref_Plot3_C3::80,2021_Ref_Plot3_C3,Field2,test,4,13,0.0865039091500518,8.233649613977658,0.033560229462945186
2021_Ref_Plot3_C3::85,2021_Ref_Plot3_C3,Field2,test,5,14,0.11236656690745384,9.652376660858025,0.06131091174291356
2021_Ref_Plot3_C4::16,2021_Ref_Plot3_C4,Field2,test,8,2,0.762956598427652,28.63379303503301,0.31055449397416296
2021_Ref_Plot3_C4::22,2021_Ref_Plot3_C4,Field2,test,6,3,0.33698160821932105,16.901612369349174,0.11251075412859807
2021_Ref_Plot3_C4::27,2021_Ref_Plot3_C4,Field2,test,5,4,0.2845310190609846,14.952844191919734,0.07964625585722646
2021_Ref_Plot3_C4::35,2021_Ref_Plot3_C4,Field2,test,8,5,0.1438435647231466,10.941486100444788,0.030943749715504263
2021_Ref_Plot3_C4::44,2021_Ref_Plot3_C4,Field2,test,9,6,0.11027919254762071,8.397456706425011,0.0550604191921186
2021_Ref_Plot3_C4::50,2021_Ref_Plot3_C4,Field2,test,6,7,0.1457995010826306,8.926942117120255,0.08093709545837773
2021_Ref_Plot3_C4::57,2021_Ref_Plot3_C4,Field2,test,7,8,0.12161075154671246,10.725166208053844,0.05088402128062064
2021_Ref_Plot3_C4::65,2021_Ref_Plot3_C4,Field2,test,8,9,0.09143234518967087,8.64128553112896,0.03417495558558986
2021_Ref_Plot3_C4::69,2021_Ref_Plot3_C4,Field2,test,4,10,0.17145859345567482,11.049764675025187,0.08011563926414506
2021_Ref_Plot3_C4::71,2021_Ref_Plot3_C4,Field2,test,2,11,0.11143589241454754,8.051047522690506,0.059899562400722556
2021_Ref_Plot3_C4::76,2021_Ref_Plot3_C4,Field2,test,5,12,0.14934808445506853,11.029920715798783,0.018620913466199002
2021_Ref_Plot3_C4::8,2021_Ref_Plot3_C4,Field2,test,7,1,0.6982679928773089,26.18054031240423,0.21002627321520234
2021_Ref_Plot3_C4::80,2021_Ref_Plot3_C4,Field2,test,4,13,0.11260212608646857,8.95801523783803,0.05154193539395526
2021_Ref_Plot3_C4::85,2021_Ref_Plot3_C4,Field2,test,5,14,0.11784166884815372,9.395178589376771,0.05127167866310868
2021_Ref_Plot3_D15::16,2021_Ref_Plot3_D15,Field2,test,8,2,0.7705436206665569,29.820363615720993,0.3310336153491995
2021_Ref_Plot3_D15::22,2021_Ref_Plot3_D15,Field2,test,6,3,0.31331271041982917,16.535816959475135,0.10225780603262732
2021_Ref_Plot3_D15::27,2021_Ref_Plot3_D15,Field2,test,5,4,0.3057020605369391,16.194144971671445,0.11152101268175084
2021_Ref_Plot3_D15::35,2021_Ref_Plot3_D15,Field2,test,8,5,0.1447600446134466,12.046169567731717,0.045924981175379194
2021_Ref_Plot3_D15::44,2021_Ref_Plot3_D15,Field2,test,9,6,0.08751110823510701,8.908918149938271,0.03527100904971131
2021_Ref_Plot3_D15::50,2021_Ref_Plot3_D15,Field2,test,6,7,0.13096833957315532,8.105898867326786,0.08455897398403413
2021_Ref_Plot3_D15::57,2021_Ref_Plot3_D15,Field2,test,7,8,0.09085853689406902,9.672921359238751,0.03187151846020622
2021_Ref_Plot3_D15::65,2021_Ref_Plot3_D15,Field2,test,8,9,0.09036382823632018,8.04102268857636,0.04832902116681345
2021_Ref_Plot3_D15::69,2021_Ref_Plot3_D15,Field2,test,4,10,0.13954110228220037,11.004828090996448,0.0797462100842433
2021_Ref_Plot3_D15::71,2021_Ref_Plot3_D15,Field2,test,2,11,0.08405002054697742,8.641245901751342,0.06364787221542177
2021_Ref_Plot3_D15::76,2021_Ref_Plot3_D15,Field2,test,5,12,0.07807101216477297,10.00480060385713,0.012426093183006881
2021_Ref_Plot3_D15::8,2021_Ref_Plot3_D15,Field2,test,7,1,0.7009179455775157,26.462919900776495,0.19427165209894764
2021_Ref_Plot3_D15::80,2021_Ref_Plot3_D15,Field2,test,4,13,0.07203699591599476,7.884343225048447,0.022805303009100546
2021_Ref_Plot3_D15::85,2021_Ref_Plot3_D15,Field2,test,5,14,0.1534537593957457,10.09284788932224,0.0863055251899591
2021_Ref_Plot3_D19::16,2021_Ref_Plot3_D19,Field2,test,8,2,0.7733604650257022,29.785061066870917,0.37290173304948643
2021_Ref_Plot3_D19::22,2021_Ref_Plot3_D19,Field2,test,6,3,0.28040387107474424,15.526815390590292,0.08787422351726429
2021_Ref_Plot3_D19::27,2021_Ref_Plot3_D19,Field2,test,5,4,0.23565902456172813,15.504542741762027,0.07326449006278092
2021_Ref_Plot3_D19::35,2021_Ref_Plot3_D19,Field2,test,8,5,0.12711403241439378,11.12671916445036,0.023526832553079677
2021_Ref_Plot3_D19::44,2021_Ref_Plot3_D19,Field2,test,9,6,0.08946120918935586,8.640778654657543,0.02946589274826853
2021_Ref_Plot3_D19::50,2021_Ref_Plot3_D19,Field2,test,6,7,0.1159897558423238,8.17739836527728,0.06245280808851229
2021_Ref_Plot3_D19::57,2021_Ref_Plot3_D19,Field2,test,7,8,0.09257132679049358,9.818900813545717,0.020945458299364197
2021_Ref_Plot3_D19::65,2021_Ref_Plot3_D19,Field2,test,8,9,0.10412926489697949,8.41430514151909,0.05174283392082775
2021_Ref_Plot3_D19::69,2021_Ref_Plot3_D19,Field2,test,4,10,0.20303899389183702,11.89800277942463,0.12395690793209514
2021_Ref_Plot3_D19::71,2021_Ref_Plot3_D19,Field2,test,2,11,0.10467468569039155,8.078888378746777,0.06455366533385302
2021_Ref_Plot3_D19::76,2021_Ref_Plot3_D19,Field2,test,5,12,0.07284400453022032,8.454218283854063,0.02069979401762455
2021_Ref_Plot3_D19::8,2021_Ref_Plot3_D19,Field2,test,7,1,0.6733228417073797,24.74333793060954,0.19341948672648568
2021_Ref_Plot3_D19::80,2021_Ref_Plot3_D19,Field2,test,4,13,0.08198391731537619,8.0679731081779,0.037067383096331265
2021_Ref_Plot3_D19::85,2021_Ref_Plot3_D19,Field2,test,5,14,0.096814912094192,8.391340079666683,0.04924827045462234
2021_Ref_Plot3_D1::16,2021_Ref_Plot3_D1,Field2,test,8,2,0.7825883504051699,30.0297625369333,0.3491968921413053
2021_Ref_Plot3_D1::22,2021_Ref_Plot3_D1,Field2,test,6,3,0.27769902450733636,16.45263896672897,0.08096805899725242
2021_Ref_Plot3_D1::27,2021_Ref_Plot3_D1,Field2,test,5,4,0.3069699917149628,16.351120914250508,0.10585038188255019
2021_Ref_Plot3_D1::35,2021_Ref_Plot3_D1,Field2,test,8,5,0.1326605272908636,12.014567375397192,0.019176445884781134
2021_Ref_Plot3_D1::44,2021_Ref_Plot3_D1,Field2,test,9,6,0.11025850914090636,9.658210289806561,0.02989064952050219
2021_Ref_Plot3_D1::50,2021_Ref_Plot3_D1,Field2,test,6,7,0.12782153414625363,8.813557755675847,0.061354264596791615
2021_Ref_Plot3_D1::57,2021_Ref_Plot3_D1,Field2,test,7,8,0.13077442823929028,11.138804163750002,0.043995064574385526
2021_Ref_Plot3_D1::65,2021_Ref_Plot3_D1,Field2,test,8,9,0.09018841854416236,8.470683736601528,0.042914171043184526
2021_Ref_Plot3_D1::69,2021_Ref_Plot3_D1,Field2,test,4,10,0.15603683571345803,11.548036738825084,0.05981612029597153
2021_Ref_Plot3_D1::71,2021_Ref_Plot3_D1,Field2,test,2,11,0.13753188934744864,8.276269182730733,0.12091354363720516
2021_Ref_Plot3_D1::76,2021_Ref_Plot3_D1,Field2,test,5,12,0.1562496463594172,12.974573381495645,0.03520226850229279
2021_Ref_Plot3_D1::8,2021_Ref_Plot3_D1,Field2,test,7,1,0.68411285712307,25.656852469597556,0.1806615623423304
2021_Ref_Plot3_D1::80,2021_Ref_Plot3_D1,Field2,test,4,13,0.06737023624978515,6.810747656337776,0.03147854455909462
2021_Ref_Plot3_D1::85,2021_Ref_Plot3_D1,Field2,test,5,14,0.08230951554499118,8.681238952885082,0.03561878614971663
2021_Ref_Plot3_D20::16,2021_Ref_Plot3_D20,Field2,test,8,2,0.7915888592549948,29.644394460656407,0.3907938288649479
2021_Ref_Plot3_D20::22,2021_Ref_Plot3_D20,Field2,test,6,3,0.2871038859363156,15.857818915172764,0.09762289441676682
2021_Ref_Plot3_D20::27,2021_Ref_Plot3_D20,Field2,test,5,4,0.23002193805190688,15.80304922394345,0.07287621895363867
2021_Ref_Plot3_D20::35,2021_Ref_Plot3_D20,Field2,test,8,5,0.12437480164281639,11.46382930395875,0.030100629740119202
2021_Ref_Plot3_D20::44,2021_Ref_Plot3_D20,Field2,test,9,6,0.09425472418638763,8.422075344174726,0.02532460100687501
2021_Ref_Plot3_D20::50,2021_Ref_Plot3_D20,Field2,test,6,7,0.10634145114625031,7.493166054293873,0.041751553709794685
2021_Ref_Plot3_D20::57,2021_Ref_Plot3_D20,Field2,test,7,8,0.08044811475762038,9.727271982654917,0.023710251886772216
2021_Ref_Plot3_D20::65,2021_Ref_Plot3_D20,Field2,test,8,9,0.09644813621444097,7.895044720413721,0.04749389812398499
2021_Ref_Plot3_D20::69,2021_Ref_Plot3_D20,Field2,test,4,10,0.19473193419771828,11.963197816141989,0.10101824823744647
2021_Ref_Plot3_D20::71,2021_Ref_Plot3_D20,Field2,test,2,11,0.09880759478857622,7.939777876013431,0.07886751176480324
2021_Ref_Plot3_D20::76,2021_Ref_Plot3_D20,Field2,test,5,12,0.09962542012708558,10.326314076720642,0.02604596219382807
2021_Ref_Plot3_D20::8,2021_Ref_Plot3_D20,Field2,test,7,1,0.7012109236883983,25.05808103374264,0.19952389894000444
2021_Ref_Plot3_D20::80,2021_Ref_Plot3_D20,Field2,test,4,13,0.0492528860529279,7.478688184829673,0.016563371235555714
2021_Ref_Plot3_D20::85,2021_Ref_Plot3_D20,Field2,test,5,14,0.1057554011483185,8.873945785307354,0.05225289438007787
2021_Ref_Plot3_E11::16,2021_Ref_Plot3_E11,Field2,test,8,2,0.7160345962432527,28.460445121819706,0.2601746607692277
2021_Ref_Plot3_E11::22,2021_Ref_Plot3_E11,Field2,test,6,3,0.26929891182495574,15.720098639982238,0.071566783635054
2021_Ref_Plot3_E11::27,2021_Ref_Plot3_E11,Field2,test,5,4,0.24310671014726928,15.2184982696401,0.07656624933145517
2021_Ref_Plot3_E11::35,2021_Ref_Plot3_E11,Field2,test,8,5,0.11840971990479841,11.401874487808339,0.04117619120340346
2021_Ref_Plot3_E11::44,2021_Ref_Plot3_E11,Field2,test,9,6,0.08689956275260703,9.38669871999424,0.03378633245871632
2021_Ref_Plot3_E11::50,2021_Ref_Plot3_E11,Field2,test,6,7,0.11704984713560483,8.022606630125958,0.060609768027849155
2021_Ref_Plot3_E11::57,2021_Ref_Plot3_E11,Field2,test,7,8,0.09196050432905956,9.985037099202916,0.020695092516422153
2021_Ref_Plot3_E11::65,2021_Ref_Plot3_E11,Field2,test,8,9,0.07850541983534662,8.03331378111564,0.04083084875166867
2021_Ref_Plot3_E11::69,2021_Ref_Plot3_E11,Field2,test,4,10,0.1528985200194697,11.684953691703443,0.08275041699402788
2021_Ref_Plot3_E11::71,2021_Ref_Plot3_E11,Field2,test,2,11,0.07617092362649845,6.813316620280727,0.004206689540330253
2021_Ref_Plot3_E11::76,2021_Ref_Plot3_E11,Field2,test,5,12,0.07351315981388461,9.103407480445886,0.01956540785496832
2021_Ref_Plot3_E11::8,2021_Ref_Plot3_E11,Field2,test,7,1,0.6334868282130862,25.747551787799704,0.1365542048033705
2021_Ref_Plot3_E11::80,2021_Ref_Plot3_E11,Field2,test,4,13,0.05256611317436691,8.841609051421974,0.016429744211365626
2021_Ref_Plot3_E11::85,2021_Ref_Plot3_E11,Field2,test,5,14,0.07003230961362607,8.484647232382608,0.03931800862632343
2021_Ref_Plot4_A7::16,2021_Ref_Plot4_A7,Field2,test,8,2,0.7836441277853438,29.167647834181977,0.33593585677131194
2021_Ref_Plot4_A7::22,2021_Ref_Plot4_A7,Field2,test,6,3,0.30653499471402235,17.18884249177396,0.10194061123105631
2021_Ref_Plot4_A7::27,2021_Ref_Plot4_A7,Field2,test,5,4,0.44495110356864065,18.66255018432685,0.16174393321132535
2021_Ref_Plot4_A7::35,2021_Ref_Plot4_A7,Field2,test,8,5,0.1691928762323506,14.22699033140342,0.02569559101580403
2021_Ref_Plot4_A7::44,2021_Ref_Plot4_A7,Field2,test,9,6,0.15605710442593768,8.983077216337268,0.052365830913303796
2021_Ref_Plot4_A7::50,2021_Ref_Plot4_A7,Field2,test,6,7,0.13266771226343096,8.51929478364723,0.07152119097109938
2021_Ref_Plot4_A7::57,2021_Ref_Plot4_A7,Field2,test,7,8,0.11132692171605311,7.560002698915497,0.04871346913163655
2021_Ref_Plot4_A7::65,2021_Ref_Plot4_A7,Field2,test,8,9,0.14697750958588962,10.887975656829258,0.05672674450569769
2021_Ref_Plot4_A7::69,2021_Ref_Plot4_A7,Field2,test,4,10,0.17808115729590288,11.656830737011845,0.10474949023615998
2021_Ref_Plot4_A7::71,2021_Ref_Plot4_A7,Field2,test,2,11,0.1091882367755243,8.577579984480954,0.07801994169331562
2021_Ref_Plot4_A7::76,2021_Ref_Plot4_A7,Field2,test,5,12,0.10792744583407576,9.80657677339347,0.013861198146585292
2021_Ref_Plot4_A7::8,2021_Ref_Plot4_A7,Field2,test,7,1,0.6953064657476652,25.78647591538415,0.17870162320886643
2021_Ref_Plot4_A7::80,2021_Ref_Plot4_A7,Field2,test,4,13,0.10759485087868792,8.295080710187003,0.0366538102546016
2021_Ref_Plot4_A7::85,2021_Ref_Plot4_A7,Field2,test,5,14,0.10493150324572675,8.561184481726254,0.05002144492506392
2021_Ref_Plot4_B11::16,2021_Ref_Plot4_B11,Field2,test,8,2,0.8409199348170494,31.583157782872217,0.38761175378569557
2021_Ref_Plot4_B11::22,2021_Ref_Plot4_B11,Field2,test,6,3,0.3526634214415951,17.27723595835451,0.12730663250928925
2021_Ref_Plot4_B11::27,2021_Ref_Plot4_B11,Field2,test,5,4,0.39517018093085116,18.15136475898241,0.13659781715370034
2021_Ref_Plot4_B11::35,2021_Ref_Plot4_B11,Field2,test,8,5,0.21037952674474883,15.217348991155383,0.04249489551782272
2021_Ref_Plot4_B11::44,2021_Ref_Plot4_B11,Field2,test,9,6,0.15605303665500914,9.957883680995522,0.0596881755839316
2021_Ref_Plot4_B11::50,2021_Ref_Plot4_B11,Field2,test,6,7,0.13763219443234476,8.675360902104124,0.06608848522157593
2021_Ref_Plot4_B11::57,2021_Ref_Plot4_B11,Field2,test,7,8,0.11234836918431883,9.13722165412818,0.0523847488393652
2021_Ref_Plot4_B11::65,2021_Ref_Plot4_B11,Field2,test,8,9,0.10834904512242156,10.60261116222434,0.03400445283384579
2021_Ref_Plot4_B11::69,2021_Ref_Plot4_B11,Field2,test,4,10,0.20172044327783936,11.676462928625371,0.09292051190061416
2021_Ref_Plot4_B11::71,2021_Ref_Plot4_B11,Field2,test,2,11,0.07723797529007076,7.862484094239691,0.0563610205795948
2021_Ref_Plot4_B11::76,2021_Ref_Plot4_B11,Field2,test,5,12,0.10654269116335811,11.098571493012921,0.019829145541539174
2021_Ref_Plot4_B11::8,2021_Ref_Plot4_B11,Field2,test,7,1,0.7375528227260624,26.410853330887836,0.2077135125660121
2021_Ref_Plot4_B11::80,2021_Ref_Plot4_B11,Field2,test,4,13,0.07899050722222381,7.933039168680349,0.029275257448322215
2021_Ref_Plot4_B11::85,2021_Ref_Plot4_B11,Field2,test,5,14,0.09985615268678984,7.746696694900455,0.03830329919249525
2021_Ref_Plot4_B12::16,2021_Ref_Plot4_B12,Field2,test,8,2,0.8102878089504363,30.25698752163437,0.3548234900436486
2021_Ref_Plot4_B12::22,2021_Ref_Plot4_B12,Field2,test,6,3,0.3290600329463403,16.640106214680987,0.11659532683366661
2021_Ref_Plot4_B12::27,2021_Ref_Plot4_B12,Field2,test,5,4,0.4081087801646557,18.526653087094356,0.158689997090524
2021_Ref_Plot4_B12::35,2021_Ref_Plot4_B12,Field2,test,8,5,0.1926996164994268,15.013033831043924,0.036676033762956264
2021_Ref_Plot4_B12::44,2021_Ref_Plot4_B12,Field2,test,9,6,0.14596960400842446,10.193233906375967,0.038944966462156706
2021_Ref_Plot4_B12::50,2021_Ref_Plot4_B12,Field2,test,6,7,0.16240369039597014,9.235680296848322,0.0940148232208308
2021_Ref_Plot4_B12::57,2021_Ref_Plot4_B12,Field2,test,7,8,0.11268509443698282,9.047982828931962,0.04175154801787845
2021_Ref_Plot4_B12::65,2021_Ref_Plot4_B12,Field2,test,8,9,0.11839188296737169,11.034869763780758,0.0399033594938061
2021_Ref_Plot4_B12::69,2021_Ref_Plot4_B12,Field2,test,4,10,0.1902910811069631,11.69889101755976,0.0682885748195815
2021_Ref_Plot4_B12::71,2021_Ref_Plot4_B12,Field2,test,2,11,0.12003163549404745,9.037114693599987,0.09184845010513806
2021_Ref_Plot4_B12::76,2021_Ref_Plot4_B12,Field2,test,5,12,0.09663153324804417,11.54489482477793,0.02365182618706506
2021_Ref_Plot4_B12::8,2021_Ref_Plot4_B12,Field2,test,7,1,0.7194170893078433,25.8947630245021,0.21512818113920365
2021_Ref_Plot4_B12::80,2021_Ref_Plot4_B12,Field2,test,4,13,0.10295627642254017,9.016322812437554,0.03885646587835928
2021_Ref_Plot4_B12::85,2021_Ref_Plot4_B12,Field2,test,5,14,0.09329959338902773,6.694084091833718,0.020674336824235306
2021_Ref_Plot4_B13::16,2021_Ref_Plot4_B13,Field2,test,8,2,0.8026668883144682,30.18761665888034,0.332265992702124
2021_Ref_Plot4_B13::22,2021_Ref_Plot4_B13,Field2,test,6,3,0.30461830506665505,16.77251751887136,0.08744869823709045
2021_Ref_Plot4_B13::27,2021_Ref_Plot4_B13,Field2,test,5,4,0.3699247796812921,17.349708219981284,0.1356101340751471
2021_Ref_Plot4_B13::35,2021_Ref_Plot4_B13,Field2,test,8,5,0.18783327954050866,14.608281029213405,0.03513133823560665
2021_Ref_Plot4_B13::44,2021_Ref_Plot4_B13,Field2,test,9,6,0.12718928646117647,8.9095364570357,0.036415951591148035
2021_Ref_Plot4_B13::50,2021_Ref_Plot4_B13,Field2,test,6,7,0.11577010302081829,8.479482224848331,0.06502573013797415
2021_Ref_Plot4_B13::57,2021_Ref_Plot4_B13,Field2,test,7,8,0.11945501653166497,8.71939693590918,0.057217744069879124
2021_Ref_Plot4_B13::65,2021_Ref_Plot4_B13,Field2,test,8,9,0.09065997153174549,10.166709863978571,0.030945101232423437
2021_Ref_Plot4_B13::69,2021_Ref_Plot4_B13,Field2,test,4,10,0.1704681916373562,11.257270033766458,0.0712280664853369
2021_Ref_Plot4_B13::71,2021_Ref_Plot4_B13,Field2,test,2,11,0.10057901561184608,9.47523695743492,0.0888863315078512
2021_Ref_Plot4_B13::76,2021_Ref_Plot4_B13,Field2,test,5,12,0.08328776637306678,9.77904473187205,0.008139197241660923
2021_Ref_Plot4_B13::8,2021_Ref_Plot4_B13,Field2,test,7,1,0.7123677203892099,25.786642779788057,0.20062918302654248
2021_Ref_Plot4_B13::80,2021_Ref_Plot4_B13,Field2,test,4,13,0.0693046109025288,7.640831362450009,0.010623740323090384
2021_Ref_Plot4_B13::85,2021_Ref_Plot4_B13,Field2,test,5,14,0.10798561942882257,8.000076032971512,0.053471528066555654
2021_Ref_Plot4_B15::16,2021_Ref_Plot4_B15,Field2,test,8,2,0.8172403000158465,30.23931351583135,0.3457895659757376
2021_Ref_Plot4_B15::22,2021_Ref_Plot4_B15,Field2,test,6,3,0.3493168819563605,17.18288660338478,0.12889808329107788
2021_Ref_Plot4_B15::27,2021_Ref_Plot4_B15,Field2,test,5,4,0.3409408889333477,17.128158716500998,0.11977447065236511
2021_Ref_Plot4_B15::35,2021_Ref_Plot4_B15,Field2,test,8,5,0.15763335677993315,12.77883247775365,0.022523983637872922
2021_Ref_Plot4_B15::44,2021_Ref_Plot4_B15,Field2,test,9,6,0.09712599939994349,8.103724511908947,0.020917473898833083
2021_Ref_Plot4_B15::50,2021_Ref_Plot4_B15,Field2,test,6,7,0.13398643484615066,8.625777984452926,0.0809578320635752
2021_Ref_Plot4_B15::57,2021_Ref_Plot4_B15,Field2,test,7,8,0.12499814986192881,9.167031154033172,0.053493996226948184
2021_Ref_Plot4_B15::65,2021_Ref_Plot4_B15,Field2,test,8,9,0.11748806819508932,10.06943919945565,0.043511556767486005
2021_Ref_Plot4_B15::69,2021_Ref_Plot4_B15,Field2,test,4,10,0.2053555695741934,11.995860705390793,0.11745053368230163
2021_Ref_Plot4_B15::71,2021_Ref_Plot4_B15,Field2,test,2,11,0.12293955176021543,9.177285517864153,0.09704405460957238
2021_Ref_Plot4_B15::76,2021_Ref_Plot4_B15,Field2,test,5,12,0.10897216111081497,11.04630962503817,0.017723161992855955
2021_Ref_Plot4_B15::8,2021_Ref_Plot4_B15,Field2,test,7,1,0.761552866777131,27.349085927676676,0.23370645528230305
2021_Ref_Plot4_B15::80,2021_Ref_Plot4_B15,Field2,test,4,13,0.091554099334012,7.970030753648267,0.01914243570215108
2021_Ref_Plot4_B15::85,2021_Ref_Plot4_B15,Field2,test,5,14,0.08659848800910502,7.718578589688515,0.02800059245846781
2021_Ref_Plot4_B16::16,2021_Ref_Plot4_B16,Field2,test,8,2,0.8429096276794698,31.563177142785182,0.3908318746821472
2021_Ref_Plot4_B16::22,2021_Ref_Plot4_B16,Field2,test,6,3,0.35951369758501905,17.78566304662189,0.12398824549176841
2021_Ref_Plot4_B16::27,2021_Ref_Plot4_B16,Field2,test,5,4,0.38093544625249853,17.943855284555944,0.1314023628567972
2021_Ref_Plot4_B16::35,2021_Ref_Plot4_B16,Field2,test,8,5,0.18646662272648884,13.371122571351284,0.015751013009533233
2021_Ref_Plot4_B16::44,2021_Ref_Plot4_B16,Field2,test,9,6,0.11725093288112391,8.923212355803154,0.03831473441290505
2021_Ref_Plot4_B16::50,2021_Ref_Plot4_B16,Field2,test,6,7,0.0942810306600359,8.06048265565368,0.05643178798305268
2021_Ref_Plot4_B16::57,2021_Ref_Plot4_B16,Field2,test,7,8,0.103742682073746,8.78520594404256,0.049118911597657376
2021_Ref_Plot4_B16::65,2021_Ref_Plot4_B16,Field2,test,8,9,0.09970934936891655,10.417805517924618,0.03324573837451234
2021_Ref_Plot4_B16::69,2021_Ref_Plot4_B16,Field2,test,4,10,0.18654513335004239,11.947192616335814,0.08532612982420033
2021_Ref_Plot4_B16::71,2021_Ref_Plot4_B16,Field2,test,2,11,0.10113850763000597,8.915606327991135,0.07271818562300801
2021_Ref_Plot4_B16::76,2021_Ref_Plot4_B16,Field2,test,5,12,0.12395931543541867,12.068807958807408,0.02695648956824321
2021_Ref_Plot4_B16::8,2021_Ref_Plot4_B16,Field2,test,7,1,0.7410089739649632,26.23397905110648,0.2133875611891644
2021_Ref_Plot4_B16::80,2021_Ref_Plot4_B16,Field2,test,4,13,0.07602026799396806,7.30595430692074,0.021043784162102452
2021_Ref_Plot4_B16::85,2021_Ref_Plot4_B16,Field2,test,5,14,0.07607231638373417,7.598658561250367,0.023719038153212857
2021_Ref_Plot4_B17::16,2021_Ref_Plot4_B17,Field2,test,8,2,0.8363689145117682,31.203034969462195,0.38536791357100697
2021_Ref_Plot4_B17::22,2021_Ref_Plot4_B17,Field2,test,6,3,0.3185078880612417,17.04086176138829,0.09659782295963423
2021_Ref_Plot4_B17::27,2021_Ref_Plot4_B17,Field2,test,5,4,0.35630593745314915,17.50481390158762,0.11473766682646955
2021_Ref_Plot4_B17::35,2021_Ref_Plot4_B17,Field2,test,8,5,0.15262925933722965,12.280526706842451,0.018192646339256192
2021_Ref_Plot4_B17::44,2021_Ref_Plot4_B17,Field2,test,9,6,0.11957892408378738,8.87223681932267,0.03164385288538956
2021_Ref_Plot4_B17::50,2021_Ref_Plot4_B17,Field2,test,6,7,0.1348464887813497,9.170565858826759,0.07516429887214988
2021_Ref_Plot4_B17::57,2021_Ref_Plot4_B17,Field2,test,7,8,0.09297380230141612,8.76802931695036,0.04690387429392835
2021_Ref_Plot4_B17::65,2021_Ref_Plot4_B17,Field2,test,8,9,0.08024285611635514,9.887171527447943,0.016010465488326596
2021_Ref_Plot4_B17::69,2021_Ref_Plot4_B17,Field2,test,4,10,0.13973060663112605,11.1091182582713,0.055056529138131506
2021_Ref_Plot4_B17::71,2021_Ref_Plot4_B17,Field2,test,2,11,0.11926821860019472,8.972912845897726,0.08886449920461048
2021_Ref_Plot4_B17::76,2021_Ref_Plot4_B17,Field2,test,5,12,0.12415604150155625,11.952244580239533,0.0343392347000826
2021_Ref_Plot4_B17::8,2021_Ref_Plot4_B17,Field2,test,7,1,0.7185600315989072,25.49806467996357,0.19617584005804584
2021_Ref_Plot4_B17::80,2021_Ref_Plot4_B17,Field2,test,4,13,0.06921613187807639,7.572866765691829,0.031706609960728986
2021_Ref_Plot4_B17::85,2021_Ref_Plot4_B17,Field2,test,5,14,0.0767094205260936,7.973542312531679,0.02743168614920823
2021_Ref_Plot4_C4::16,2021_Ref_Plot4_C4,Field2,test,8,2,0.80663433241491,30.151746916842995,0.3656414789130979
2021_Ref_Plot4_C4::22,2021_Ref_Plot4_C4,Field2,test,6,3,0.2979771460428786,16.463509271938864,0.07450461166273786
2021_Ref_Plot4_C4::27,2021_Ref_Plot4_C4,Field2,test,5,4,0.3522576637059343,16.267018251676724,0.13155073299669376
2021_Ref_Plot4_C4::35,2021_Ref_Plot4_C4,Field2,test,8,5,0.18985582255511035,14.45006551957345,0.04986776955014105
2021_Ref_Plot4_C4::44,2021_Ref_Plot4_C4,Field2,test,9,6,0.12277567550650932,8.780452849208341,0.05762729703695109
2021_Ref_Plot4_C4::50,2021_Ref_Plot4_C4,Field2,test,6,7,0.1477848950664554,8.81650992595892,0.09340171561773765
2021_Ref_Plot4_C4::57,2021_Ref_Plot4_C4,Field2,test,7,8,0.1255676210902458,8.831412038283277,0.06006322513248925
2021_Ref_Plot4_C4::65,2021_Ref_Plot4_C4,Field2,test,8,9,0.116096528560651,10.324702630481255,0.046664179403831364
2021_Ref_Plot4_C4::69,2021_Ref_Plot4_C4,Field2,test,4,10,0.18699395349390613,11.88411998464968,0.0987050456126262
2021_Ref_Plot4_C4::71,2021_Ref_Plot4_C4,Field2,test,2,11,0.08721195901879047,8.590830938974477,0.06207426754727304
2021_Ref_Plot4_C4::76,2021_Ref_Plot4_C4,Field2,test,5,12,0.11321835208066933,11.332498237601406,0.021051394302439113
2021_Ref_Plot4_C4::8,2021_Ref_Plot4_C4,Field2,test,7,1,0.7208808385031397,25.19623208800357,0.2042805382155507
2021_Ref_Plot4_C4::80,2021_Ref_Plot4_C4,Field2,test,4,13,0.07283885732311243,8.09080695793131,0.023595019410349027
2021_Ref_Plot4_C4::85,2021_Ref_Plot4_C4,Field2,test,5,14,0.07683329939813732,9.249751244082546,0.036954312622649886
2021_Ref_Plot4_D11::16,2021_Ref_Plot4_D11,Field2,test,8,2,0.8165926604622693,30.899236954343756,0.41167510900854487
2021_Ref_Plot4_D11::22,2021_Ref_Plot4_D11,Field2,test,6,3,0.3183593909019207,17.01701939701212,0.11581090193304266
2021_Ref_Plot4_D11::27,2021_Ref_Plot4_D11,Field2,test,5,4,0.3565021635714382,17.43082777720612,0.14921412671384437
2021_Ref_Plot4_D11::35,2021_Ref_Plot4_D11,Field2,test,8,5,0.18579534291543384,13.945690774937535,0.029795619524551342
2021_Ref_Plot4_D11::44,2021_Ref_Plot4_D11,Field2,test,9,6,0.11222224181129468,8.223279514962888,0.047428366311741584
2021_Ref_Plot4_D11::50,2021_Ref_Plot4_D11,Field2,test,6,7,0.10689836966570448,8.622778535716709,0.06064914101121074
2021_Ref_Plot4_D11::57,2021_Ref_Plot4_D11,Field2,test,7,8,0.10009054702313396,9.743699033070163,0.012692047976770308
2021_Ref_Plot4_D11::65,2021_Ref_Plot4_D11,Field2,test,8,9,0.076765067732401,8.033852403477585,0.018216269258265666
2021_Ref_Plot4_D11::69,2021_Ref_Plot4_D11,Field2,test,4,10,0.20044744770183218,12.72826278448743,0.0904079860332218
2021_Ref_Plot4_D11::71,2021_Ref_Plot4_D11,Field2,test,2,11,0.08854590681666198,8.899177151468459,0.06419069991345679
2021_Ref_Plot4_D11::76,2021_Ref_Plot4_D11,Field2,test,5,12,0.15675818665612876,12.952290105555322,0.05426412708251268
2021_Ref_Plot4_D11::8,2021_Ref_Plot4_D11,Field2,test,7,1,0.7139928747953096,26.983321558694556,0.2159652466541581
2021_Ref_Plot4_D11::80,2021_Ref_Plot4_D11,Field2,test,4,13,0.0939397658748286,7.0360120806014725,0.0387245021927482
2021_Ref_Plot4_D11::85,2021_Ref_Plot4_D11,Field2,test,5,14,0.14772454168256824,10.319670645075163,0.05935822562506015
2021_Ref_Plot4_D6::16,2021_Ref_Plot4_D6,Field2,test,8,2,0.7752489856375054,29.21963235384078,0.3643128078162264
2021_Ref_Plot4_D6::22,2021_Ref_Plot4_D6,Field2,test,6,3,0.272384126320196,15.801164181667033,0.08653463909203626
2021_Ref_Plot4_D6::27,2021_Ref_Plot4_D6,Field2,test,5,4,0.36885175298599554,16.147315060684065,0.15822612011262976
2021_Ref_Plot4_D6::35,2021_Ref_Plot4_D6,Field2,test,8,5,0.16772719143276504,14.58196014939433,0.014239043597431358
2021_Ref_Plot4_D6::44,2021_Ref_Plot4_D6,Field2,test,9,6,0.09207657720660915,7.892010597758933,0.042942111917749645
2021_Ref_Plot4_D6::50,2021_Ref_Plot4_D6,Field2,test,6,7,0.11840504587555699,8.31534063343525,0.07497540893056238
2021_Ref_Plot4_D6::57,2021_Ref_Plot4_D6,Field2,test,7,8,0.14350356131625655,9.83028366670461,0.04568091747817124
2021_Ref_Plot4_D6::65,2021_Ref_Plot4_D6,Field2,test,8,9,0.0609531774494683,9.001479183861074,0.018161014907785693
2021_Ref_Plot4_D6::69,2021_Ref_Plot4_D6,Field2,test,4,10,0.16308198595350765,12.01264950537893,0.08611604688471945
2021_Ref_Plot4_D6::71,2021_Ref_Plot4_D6,Field2,test,2,11,0.09595665777225208,9.208667960834502,0.06739975278954907
2021_Ref_Plot4_D6::76,2021_Ref_Plot4_D6,Field2,test,5,12,0.14642317443541383,14.008207654249993,0.051066021141401095
2021_Ref_Plot4_D6::8,2021_Ref_Plot4_D6,Field2,test,7,1,0.6970371889887127,26.768694055040424,0.21079370463271738
2021_Ref_Plot4_D6::80,2021_Ref_Plot4_D6,Field2,test,4,13,0.05939982777819284,6.796632745339681,0.014134127260324723
2021_Ref_Plot4_D6::85,2021_Ref_Plot4_D6,Field2,test,5,14,0.08275287961912614,8.21310116535591,0.0385818717051002
2021_Ref_Plot5_A17::16,2021_Ref_Plot5_A17,Field2,test,8,2,0.7676993697778153,29.59226907824027,0.28986544772149825
2021_Ref_Plot5_A17::22,2021_Ref_Plot5_A17,Field2,test,6,3,0.2958863148404383,17.861616325386123,0.08904213851985755
2021_Ref_Plot5_A17::27,2021_Ref_Plot5_A17,Field2,test,5,4,0.31010574170825556,17.040379086506633,0.08633386325629859
2021_Ref_Plot5_A17::35,2021_Ref_Plot5_A17,Field2,test,8,5,0.10672723518582033,11.80495912317264,0.02382955807731937
2021_Ref_Plot5_A17::44,2021_Ref_Plot5_A17,Field2,test,9,6,0.0883953796117327,9.022780840549808,0.02863647210058756
2021_Ref_Plot5_A17::50,2021_Ref_Plot5_A17,Field2,test,6,7,0.12691438324066642,7.799846701423162,0.055229563325685044
2021_Ref_Plot5_A17::69,2021_Ref_Plot5_A17,Field2,test,4,9,0.1355062646208833,11.147219571464182,0.06238164730630485
2021_Ref_Plot5_A17::71,2021_Ref_Plot5_A17,Field2,test,2,10,0.08998122920470901,8.42095752949937,0.0896563998525983
2021_Ref_Plot5_A17::76,2021_Ref_Plot5_A17,Field2,test,5,11,0.13667023190409314,12.324577778223048,0.040401250940127705
2021_Ref_Plot5_A17::8,2021_Ref_Plot5_A17,Field2,test,7,1,0.7002331936249034,26.41999753501984,0.19147641720296596
2021_Ref_Plot5_A17::80,2021_Ref_Plot5_A17,Field2,test,4,12,0.1458748518427955,9.867981813462782,0.07442439382652896
2021_Ref_Plot5_A17::85,2021_Ref_Plot5_A17,Field2,test,5,13,0.09111012812966063,8.729945565690322,0.049071434886014204
2021_Ref_Plot5_A19::16,2021_Ref_Plot5_A19,Field2,test,8,2,0.7946969997270769,30.004106672277455,0.30321933895153874
2021_Ref_Plot5_A19::22,2021_Ref_Plot5_A19,Field2,test,6,3,0.3218332979471093,18.320237145789864,0.09086857839554975
2021_Ref_Plot5_A19::27,2021_Ref_Plot5_A19,Field2,test,5,4,0.2921156984506948,17.236705399301872,0.0464681314514845
2021_Ref_Plot5_A19::35,2021_Ref_Plot5_A19,Field2,test,8,5,0.1352931116238366,12.703865988533538,0.03817217616651088
2021_Ref_Plot5_A19::44,2021_Ref_Plot5_A19,Field2,test,9,6,0.09794880065640293,9.794645438890525,0.02072358919963979
2021_Ref_Plot5_A19::50,2021_Ref_Plot5_A19,Field2,test,6,7,0.16696987404584615,8.573414256995571,0.09362500685055679
2021_Ref_Plot5_A19::57,2021_Ref_Plot5_A19,Field2,test,7,8,0.14933773033900014,9.835690624422433,0.04986198266953725
2021_Ref_Plot5_A19::65,2021_Ref_Plot5_A19,Field2,test,8,9,0.10815208707469047,10.478794690449039,0.03174258037642578
2021_Ref_Plot5_A19::69,2021_Ref_Plot5_A19,Field2,test,4,10,0.17219961061762415,11.817217417803787,0.07545838640653013
2021_Ref_Plot5_A19::71,2021_Ref_Plot5_A19,Field2,test,2,11,0.1351570256589758,9.98298067099615,0.12426217203225792
2021_Ref_Plot5_A19::76,2021_Ref_Plot5_A19,Field2,test,5,12,0.12597306650050524,12.620019264568782,0.0472424296505871
2021_Ref_Plot5_A19::8,2021_Ref_Plot5_A19,Field2,test,7,1,0.7087632507850042,27.048890248008796,0.18485730741582693
2021_Ref_Plot5_A19::80,2021_Ref_Plot5_A19,Field2,test,4,13,0.06289174811733804,7.001874076906778,0.02626389668092393
2021_Ref_Plot5_A19::85,2021_Ref_Plot5_A19,Field2,test,5,14,0.06021044467843891,8.373560827853005,0.028816920032464097
2021_Ref_Plot5_B12::16,2021_Ref_Plot5_B12,Field2,test,8,2,0.791791234764713,29.62738567039404,0.3274258251736642
2021_Ref_Plot5_B12::22,2021_Ref_Plot5_B12,Field2,test,6,3,0.3271742908390374,17.988223268659333,0.09845023648583232
2021_Ref_Plot5_B12::27,2021_Ref_Plot5_B12,Field2,test,5,4,0.28978685673977317,16.23618317328589,0.0667309303506726
2021_Ref_Plot5_B12::35,2021_Ref_Plot5_B12,Field2,test,8,5,0.13361151979908992,11.37516951042855,0.029765768411030073
2021_Ref_Plot5_B12::44,2021_Ref_Plot5_B12,Field2,test,9,6,0.10885916191254258,8.766275455766229,0.03782532680925693
2021_Ref_Plot5_B12::50,2021_Ref_Plot5_B12,Field2,test,6,7,0.11386656210585193,7.848919402680744,0.06353811751272931
2021_Ref_Plot5_B12::57,2021_Ref_Plot5_B12,Field2,test,7,8,0.11577415108872009,9.90038992657564,0.03614013876254312
2021_Ref_Plot5_B12::65,2021_Ref_Plot5_B12,Field2,test,8,9,0.10875236458747563,10.435465786475579,0.03162671233400427
2021_Ref_Plot5_B12::69,2021_Ref_Plot5_B12,Field2,test,4,10,0.17731458377269552,12.259536332538982,0.09404922043870786
2021_Ref_Plot5_B12::71,2021_Ref_Plot5_B12,Field2,test,2,11,0.07519484932097448,8.385318326989342,0.07017948904228108
2021_Ref_Plot5_B12::76,2021_Ref_Plot5_B12,Field2,test,5,12,0.11067152413217403,11.768296930050415,0.026891232189091972
2021_Ref_Plot5_B12::8,2021_Ref_Plot5_B12,Field2,test,7,1,0.7219549975195968,26.231440711681884,0.24214428787996828
2021_Ref_Plot5_B12::80,2021_Ref_Plot5_B12,Field2,test,4,13,0.044161017602511905,6.64115903354825,0.01517577594687198
2021_Ref_Plot5_B12::85,2021_Ref_Plot5_B12,Field2,test,5,14,0.08048825386102558,7.6225772993981655,0.030760044429188015
2021_Ref_Plot5_B14::16,2021_Ref_Plot5_B14,Field2,test,8,2,0.7956564967414311,30.465466140357673,0.32450229979888884
2021_Ref_Plot5_B14::22,2021_Ref_Plot5_B14,Field2,test,6,3,0.275024859603526,17.091707804271746,0.08668864650300913
2021_Ref_Plot5_B14::27,2021_Ref_Plot5_B14,Field2,test,5,4,0.3078506774866688,17.51281065869409,0.08193752802138521
2021_Ref_Plot5_B14::35,2021_Ref_Plot5_B14,Field2,test,8,5,0.12822437863192473,11.213384237973987,0.027996663580698904
2021_Ref_Plot5_B14::44,2021_Ref_Plot5_B14,Field2,test,9,6,0.11892179342261505,10.341832476779633,0.037518872389205746
2021_Ref_Plot5_B14::50,2021_Ref_Plot5_B14,Field2,test,6,7,0.12670318871816122,8.46997942945658,0.06853042204936403
2021_Ref_Plot5_B14::57,2021_Ref_Plot5_B14,Field2,test,7,8,0.12534501824778996,9.735218798701634,0.03908865794773755
2021_Ref_Plot5_B14::65,2021_Ref_Plot5_B14,Field2,test,8,9,0.13294985255602085,11.022050262955341,0.03901350493638593
2021_Ref_Plot5_B14::69,2021_Ref_Plot5_B14,Field2,test,4,10,0.15153082974844656,11.828458863239726,0.05581516808332907
2021_Ref_Plot5_B14::71,2021_Ref_Plot5_B14,Field2,test,2,11,0.10877093325950858,9.639266749251655,0.11172076589565857
2021_Ref_Plot5_B14::76,2021_Ref_Plot5_B14,Field2,test,5,12,0.11140736065701906,12.623677070856477,0.021524367440165976
2021_Ref_Plot5_B14::8,2021_Ref_Plot5_B14,Field2,test,7,1,0.6908267385344568,26.20009502453488,0.193017390140649
2021_Ref_Plot5_B14::80,2021_Ref_Plot5_B14,Field2,test,4,13,0.07862451433846139,6.781170445758024,0.01519498968563755
2021_Ref_Plot5_B14::85,2021_Ref_Plot5_B14,Field2,test,5,14,0.07451649408948152,8.08509584108264,0.029363729618613815
2021_Ref_Plot5_C12::16,2021_Ref_Plot5_C12,Field2,test,8,2,0.7862518318204454,28.87417594175853,0.3121453996792238
2021_Ref_Plot5_C12::22,2021_Ref_Plot5_C12,Field2,test,6,3,0.17473605037487475,12.870494012583888,0.04190757247836228
2021_Ref_Plot5_C12::27,2021_Ref_Plot5_C12,Field2,test,5,4,0.24129971151675092,15.35499758763951,0.0545314615854022
2021_Ref_Plot5_C12::35,2021_Ref_Plot5_C12,Field2,test,8,5,0.12508175725222595,11.556219880615963,0.036735221834795835
2021_Ref_Plot5_C12::44,2021_Ref_Plot5_C12,Field2,test,9,6,0.09962819819514633,8.174990116413648,0.029620441132534394
2021_Ref_Plot5_C12::50,2021_Ref_Plot5_C12,Field2,test,6,7,0.12814768196026285,8.007888858007096,0.07688749260438248
2021_Ref_Plot5_C12::57,2021_Ref_Plot5_C12,Field2,test,7,8,0.09666904113637369,8.786788971085498,0.018626642402310347
2021_Ref_Plot5_C12::65,2021_Ref_Plot5_C12,Field2,test,8,9,0.09491472004235176,10.776837822608217,0.031632997582327814
2021_Ref_Plot5_C12::69,2021_Ref_Plot5_C12,Field2,test,4,10,0.1828132672678049,12.667203394889126,0.09441573243584143
2021_Ref_Plot5_C12::71,2021_Ref_Plot5_C12,Field2,test,2,11,0.08267237306693985,8.54513625236131,0.06705682594495264
2021_Ref_Plot5_C12::76,2021_Ref_Plot5_C12,Field2,test,5,12,0.09567118518901933,10.746864047769494,0.0204542810281458
2021_Ref_Plot5_C12::8,2021_Ref_Plot5_C12,Field2,test,7,1,0.6910650330757692,24.83250086809138,0.1776715695954615
2021_Ref_Plot5_C12::80,2021_Ref_Plot5_C12,Field2,test,4,13,0.09264399512322352,6.992097419987444,0.028333962580888567
2021_Ref_Plot5_C12::85,2021_Ref_Plot5_C12,Field2,test,5,14,0.0778075898117741,8.310763053279484,0.03068135950907974
2021_Ref_Plot5_C17::16,2021_Ref_Plot5_C17,Field2,test,8,2,0.787417808895142,29.986019587904494,0.3170884252296008
2021_Ref_Plot5_C17::22,2021_Ref_Plot5_C17,Field2,test,6,3,0.24127474065685947,15.086995990875614,0.05625639574205051
2021_Ref_Plot5_C17::27,2021_Ref_Plot5_C17,Field2,test,5,4,0.2836517379281964,15.787279987838305,0.0805744181747205
2021_Ref_Plot5_C17::35,2021_Ref_Plot5_C17,Field2,test,8,5,0.11269552966697315,11.466701559593535,0.014682474470034174
2021_Ref_Plot5_C17::44,2021_Ref_Plot5_C17,Field2,test,9,6,0.10986748055583602,8.903496207259714,0.03871986074298956
2021_Ref_Plot5_C17::50,2021_Ref_Plot5_C17,Field2,test,6,7,0.14981317301328992,8.91262706834831,0.07403971237384006
2021_Ref_Plot5_C17::57,2021_Ref_Plot5_C17,Field2,test,7,8,0.15582775221144993,10.527909678195137,0.03695946486443373
2021_Ref_Plot5_C17::65,2021_Ref_Plot5_C17,Field2,test,8,9,0.12204892861768628,10.974644589574407,0.05217566859867502
2021_Ref_Plot5_C17::69,2021_Ref_Plot5_C17,Field2,test,4,10,0.14643929451186966,11.750646923286714,0.06257784116641756
2021_Ref_Plot5_C17::71,2021_Ref_Plot5_C17,Field2,test,2,11,0.06395909121483888,7.546905216024141,0.032718740096565
2021_Ref_Plot5_C17::76,2021_Ref_Plot5_C17,Field2,test,5,12,0.11982810445130965,12.111105725234392,0.04355411701209222
2021_Ref_Plot5_C17::8,2021_Ref_Plot5_C17,Field2,test,7,1,0.7111894319190095,26.65908281082991,0.20073504405668025
2021_Ref_Plot5_C17::80,2021_Ref_Plot5_C17,Field2,test,4,13,0.07167546848135785,7.601309591349126,0.030258451265952516
2021_Ref_Plot5_C17::85,2021_Ref_Plot5_C17,Field2,test,5,14,0.0805957864698093,9.208621447404651,0.0421982261616617
2021_Ref_Plot5_C18::16,2021_Ref_Plot5_C18,Field2,test,8,2,0.7888877745824477,29.88114374687495,0.3099764738633075
2021_Ref_Plot5_C18::22,2021_Ref_Plot5_C18,Field2,test,6,3,0.24136978195381972,15.023218903418691,0.059507227607430525
2021_Ref_Plot5_C18::27,2021_Ref_Plot5_C18,Field2,test,5,4,0.2738175695464546,15.928655357882258,0.06412826186330195
2021_Ref_Plot5_C18::35,2021_Ref_Plot5_C18,Field2,test,8,5,0.12548419994584767,12.416811350079227,0.041284967340129916
2021_Ref_Plot5_C18::44,2021_Ref_Plot5_C18,Field2,test,9,6,0.10495735819254458,8.782188948452468,0.03621126654559361
2021_Ref_Plot5_C18::50,2021_Ref_Plot5_C18,Field2,test,6,7,0.17480263596130205,9.38684735613726,0.10576308861923635
2021_Ref_Plot5_C18::57,2021_Ref_Plot5_C18,Field2,test,7,8,0.170580740733175,11.241793878185685,0.049999583806558966
2021_Ref_Plot5_C18::65,2021_Ref_Plot5_C18,Field2,test,8,9,0.11145710483370475,10.942068717207786,0.0375152121024092
2021_Ref_Plot5_C18::69,2021_Ref_Plot5_C18,Field2,test,4,10,0.1503042185256863,11.947557811576576,0.07501749867502445
2021_Ref_Plot5_C18::71,2021_Ref_Plot5_C18,Field2,test,2,11,0.0906482040343053,8.167510120715304,0.07784027690239712
2021_Ref_Plot5_C18::76,2021_Ref_Plot5_C18,Field2,test,5,12,0.14839869783557477,13.22096453179519,0.07713160259113525
2021_Ref_Plot5_C18::8,2021_Ref_Plot5_C18,Field2,test,7,1,0.7194822931285055,26.93008784460163,0.20596376589679424
2021_Ref_Plot5_C18::80,2021_Ref_Plot5_C18,Field2,test,4,13,0.08018559782019695,6.647743106950492,0.00025513734518466845
2021_Ref_Plot5_C18::85,2021_Ref_Plot5_C18,Field2,test,5,14,0.10396013280137663,9.130227516152427,0.05493882184800019
2021_Ref_Plot5_D10::16,2021_Ref_Plot5_D10,Field2,test,8,2,0.8059085739440174,30.08001071292519,0.34689142145998153
2021_Ref_Plot5_D10::22,2021_Ref_Plot5_D10,Field2,test,6,3,0.2707106722951231,14.305614677230638,0.09273268965793902
2021_Ref_Plot5_D10::27,2021_Ref_Plot5_D10,Field2,test,5,4,0.22997472742824107,15.143835331755113,0.05802969855869682
2021_Ref_Plot5_D10::35,2021_Ref_Plot5_D10,Field2,test,8,5,0.07383497492234349,8.523490414135505,0.00039939550007115395
2021_Ref_Plot5_D10::44,2021_Ref_Plot5_D10,Field2,test,9,6,0.10310590888515571,8.413845524962415,0.03239384728845855
2021_Ref_Plot5_D10::50,2021_Ref_Plot5_D10,Field2,test,6,7,0.12078747378040929,8.641203942358718,0.06722972774734425
2021_Ref_Plot5_D10::57,2021_Ref_Plot5_D10,Field2,test,7,8,0.10262781447259406,10.153735629905064,0.03334079268418579
2021_Ref_Plot5_D10::65,2021_Ref_Plot5_D10,Field2,test,8,9,0.13860146450696242,11.268389611047416,0.068767511319597
2021_Ref_Plot5_D10::69,2021_Ref_Plot5_D10,Field2,test,4,10,0.1547501063892341,11.703425624955749,0.0726776855028186
2021_Ref_Plot5_D10::71,2021_Ref_Plot5_D10,Field2,test,2,11,0.08390145932908048,8.582726669474756,0.0493171257565416
2021_Ref_Plot5_D10::76,2021_Ref_Plot5_D10,Field2,test,5,12,0.10149558968175947,10.897350181098822,0.020035504891392136
2021_Ref_Plot5_D10::8,2021_Ref_Plot5_D10,Field2,test,7,1,0.7438778852771746,26.588404727677634,0.20012478654844518
2021_Ref_Plot5_D10::80,2021_Ref_Plot5_D10,Field2,test,4,13,0.07012745694574768,8.510033180689385,0.005369368610203564
2021_Ref_Plot5_D10::85,2021_Ref_Plot5_D10,Field2,test,5,14,0.07638392687955065,7.966793169643589,0.03956474740964665
2021_Ref_Plot5_D11::16,2021_Ref_Plot5_D11,Field2,test,8,2,0.8040492390006596,30.368586253921755,0.3582826742209079
2021_Ref_Plot5_D11::22,2021_Ref_Plot5_D11,Field2,test,6,3,0.2589384982555359,15.37989555141418,0.08541505133787293
2021_Ref_Plot5_D11::27,2021_Ref_Plot5_D11,Field2,test,5,4,0.19236077255886205,14.230190093371933,0.04218375789210409
2021_Ref_Plot5_D11::35,2021_Ref_Plot5_D11,Field2,test,8,5,0.11780757075334809,11.615932676724315,0.020750502383678853
2021_Ref_Plot5_D11::44,2021_Ref_Plot5_D11,Field2,test,9,6,0.10891704183346636,8.77171855028451,0.05392947862536934
2021_Ref_Plot5_D11::50,2021_Ref_Plot5_D11,Field2,test,6,7,0.11147347747437482,8.863982337250095,0.06110370520390418
2021_Ref_Plot5_D11::57,2021_Ref_Plot5_D11,Field2,test,7,8,0.1104540933185949,10.577644018742827,0.04004275252763735
2021_Ref_Plot5_D11::65,2021_Ref_Plot5_D11,Field2,test,8,9,0.08810105453114049,10.023170608481436,0.027189010500304474
2021_Ref_Plot5_D11::69,2021_Ref_Plot5_D11,Field2,test,4,10,0.16744484447745542,11.541890640746589,0.0837925486725585
2021_Ref_Plot5_D11::71,2021_Ref_Plot5_D11,Field2,test,2,11,0.0897140737971288,8.078920538586559,0.06472788819719878
2021_Ref_Plot5_D11::76,2021_Ref_Plot5_D11,Field2,test,5,12,0.13438215292302455,11.592796034905824,0.0462438484996142
2021_Ref_Plot5_D11::8,2021_Ref_Plot5_D11,Field2,test,7,1,0.738143493258394,26.843591276229613,0.20771495442377189
2021_Ref_Plot5_D11::80,2021_Ref_Plot5_D11,Field2,test,4,13,0.0847361341449681,8.680911045197972,0.03482846189172207
2021_Ref_Plot5_D11::85,2021_Ref_Plot5_D11,Field2,test,5,14,0.0495492196120168,7.940861409047104,0.02174315068462543
2021_Ref_Plot5_D9::16,2021_Ref_Plot5_D9,Field2,test,8,2,0.8104542186306517,31.25659846093805,0.3675390833765248
2021_Ref_Plot5_D9::22,2021_Ref_Plot5_D9,Field2,test,6,3,0.2539662866658191,14.266268174073975,0.08067610801300613
2021_Ref_Plot5_D9::27,2021_Ref_Plot5_D9,Field2,test,5,4,0.14300410116802179,13.194672262950434,0.029574486794951692
2021_Ref_Plot5_D9::35,2021_Ref_Plot5_D9,Field2,test,8,5,0.10615907074272879,10.03470425809436,0.014430204919323708
2021_Ref_Plot5_D9::44,2021_Ref_Plot5_D9,Field2,test,9,6,0.07839424341172054,7.787035923025172,0.023980669201842893
2021_Ref_Plot5_D9::50,2021_Ref_Plot5_D9,Field2,test,6,7,0.11789814507409836,8.707346128352336,0.06526421522922368
2021_Ref_Plot5_D9::57,2021_Ref_Plot5_D9,Field2,test,7,8,0.12514328391907756,10.37122625935838,0.04018872271228975
2021_Ref_Plot5_D9::65,2021_Ref_Plot5_D9,Field2,test,8,9,0.1019496252747518,10.166978578831419,0.040285996623817676
2021_Ref_Plot5_D9::69,2021_Ref_Plot5_D9,Field2,test,4,10,0.11578040019627907,11.110563251474801,0.0393561666074768
2021_Ref_Plot5_D9::71,2021_Ref_Plot5_D9,Field2,test,2,11,0.07339793778514701,8.196328582154473,0.03421591655118271
2021_Ref_Plot5_D9::76,2021_Ref_Plot5_D9,Field2,test,5,12,0.0954687277985742,11.310618543008818,0.009645774605671883
2021_Ref_Plot5_D9::8,2021_Ref_Plot5_D9,Field2,test,7,1,0.7462435803001443,27.328132719236862,0.20757377783618386
2021_Ref_Plot5_D9::80,2021_Ref_Plot5_D9,Field2,test,4,13,0.07746350469808526,8.861965024604356,0.026735513144515836
2021_Ref_Plot5_D9::85,2021_Ref_Plot5_D9,Field2,test,5,14,0.05915727291240066,6.889776256872616,0.011323161559355054
2021_Ref_Plot5_E11::16,2021_Ref_Plot5_E11,Field2,test,8,2,0.7458970940583654,27.72292220186805,0.29929548610273277
2021_Ref_Plot5_E11::22,2021_Ref_Plot5_E11,Field2,test,6,3,0.24173245485388414,15.502298704039688,0.07406252140850185
2021_Ref_Plot5_E11::27,2021_Ref_Plot5_E11,Field2,test,5,4,0.18279766191376165,14.242727814672376,0.040141182691234206
2021_Ref_Plot5_E11::35,2021_Ref_Plot5_E11,Field2,test,8,5,0.1064349624136547,11.23517742049334,0.02949248889975856
2021_Ref_Plot5_E11::44,2021_Ref_Plot5_E11,Field2,test,9,6,0.06761877890218708,7.87025556622734,0.024480460075385426
2021_Ref_Plot5_E11::50,2021_Ref_Plot5_E11,Field2,test,6,7,0.09965124965705485,8.241799879649406,0.0500038669822192
2021_Ref_Plot5_E11::57,2021_Ref_Plot5_E11,Field2,test,7,8,0.12672711292076314,10.610888952145492,0.05181484475434324
2021_Ref_Plot5_E11::65,2021_Ref_Plot5_E11,Field2,test,8,9,0.08553663219111209,9.230981022352076,0.03276214927582987
2021_Ref_Plot5_E11::69,2021_Ref_Plot5_E11,Field2,test,4,10,0.1583116982737031,11.557303263114127,0.09092469036312532
2021_Ref_Plot5_E11::71,2021_Ref_Plot5_E11,Field2,test,2,11,0.08999928583039797,8.811358813333154,0.08071411090750949
2021_Ref_Plot5_E11::76,2021_Ref_Plot5_E11,Field2,test,5,12,0.07439733136039306,10.249747420722123,0.018389755547530882
2021_Ref_Plot5_E11::8,2021_Ref_Plot5_E11,Field2,test,7,1,0.7038881972564696,25.666316993839054,0.17256950706854854
2021_Ref_Plot5_E11::80,2021_Ref_Plot5_E11,Field2,test,4,13,0.062065060173404636,8.077872085481895,0.020561438748287465
2021_Ref_Plot5_E11::85,2021_Ref_Plot5_E11,Field2,test,5,14,0.0733030442021994,8.308839500140136,0.023169650539908108
2021_Ref_Plot5_E3::16,2021_Ref_Plot5_E3,Field2,test,8,2,0.7763286253760313,30.010862140080473,0.2938211148976818
2021_Ref_Plot5_E3::22,2021_Ref_Plot5_E3,Field2,test,6,3,0.30293188358742024,16.982113725431105,0.08360390373645807
2021_Ref_Plot5_E3::27,2021_Ref_Plot5_E3,Field2,test,5,4,0.26582614868752275,15.352799670660973,0.08836788294793893
2021_Ref_Plot5_E3::35,2021_Ref_Plot5_E3,Field2,test,8,5,0.11503266751015773,10.954136189974218,0.03140011722866136
2021_Ref_Plot5_E3::44,2021_Ref_Plot5_E3,Field2,test,9,6,0.08670861862998021,8.286047296288569,0.028609124782724368
2021_Ref_Plot5_E3::50,2021_Ref_Plot5_E3,Field2,test,6,7,0.1398435761879563,9.088354748610856,0.08523864008263247
2021_Ref_Plot5_E3::57,2021_Ref_Plot5_E3,Field2,test,7,8,0.09201540906330213,9.810802285068,0.020608727364194824
2021_Ref_Plot5_E3::65,2021_Ref_Plot5_E3,Field2,test,8,9,0.06925824425206027,9.257252413520273,0.016220008729655667
2021_Ref_Plot5_E3::69,2021_Ref_Plot5_E3,Field2,test,4,10,0.133436484669847,11.674666594480277,0.045963170674403364
2021_Ref_Plot5_E3::71,2021_Ref_Plot5_E3,Field2,test,2,11,0.07936647181310262,8.42222822384651,0.05645333687874468
2021_Ref_Plot5_E3::76,2021_Ref_Plot5_E3,Field2,test,5,12,0.1042347605139556,10.203942480596183,0.010609561235961436
2021_Ref_Plot5_E3::8,2021_Ref_Plot5_E3,Field2,test,7,1,0.6931241013944516,25.97699709605337,0.1719088354802425
2021_Ref_Plot5_E3::80,2021_Ref_Plot5_E3,Field2,test,4,13,0.055336389959151834,6.751295256411685,0.008575054777202168
2021_Ref_Plot5_E3::85,2021_Ref_Plot5_E3,Field2,test,5,14,0.054794315054744976,8.225244038794312,0.020919117984323953
2021_Ref_Plot5_E7::16,2021_Ref_Plot5_E7,Field2,test,8,2,0.7774677623397549,29.62779006143697,0.29969537354480413
2021_Ref_Plot5_E7::22,2021_Ref_Plot5_E7,Field2,test,6,3,0.2510245709260002,14.085069766590594,0.06597446263481699
2021_Ref_Plot5_E7::27,2021_Ref_Plot5_E7,Field2,test,5,4,0.24555985792579518,15.544968399586242,0.06155536692551317
2021_Ref_Plot5_E7::35,2021_Ref_Plot5_E7,Field2,test,8,5,0.1364449216539123,12.41705364783664,0.05088443143050306
2021_Ref_Plot5_E7::44,2021_Ref_Plot5_E7,Field2,test,9,6,0.10517182812885188,8.325671253329682,0.04161965898626116
2021_Ref_Plot5_E7::50,2021_Ref_Plot5_E7,Field2,test,6,7,0.14835010390109293,8.83085306487831,0.09003050222552643
2021_Ref_Plot5_E7::57,2021_Ref_Plot5_E7,Field2,test,7,8,0.10534677109611744,10.712649535391082,0.03825531927971287
2021_Ref_Plot5_E7::65,2021_Ref_Plot5_E7,Field2,test,8,9,0.10097689585344427,10.000410825468393,0.039076268983939254
2021_Ref_Plot5_E7::69,2021_Ref_Plot5_E7,Field2,test,4,10,0.15642384890368619,12.163518730023021,0.07623164155079816
2021_Ref_Plot5_E7::71,2021_Ref_Plot5_E7,Field2,test,2,11,0.09041778703830422,8.381178597162965,0.07004837492560233
2021_Ref_Plot5_E7::76,2021_Ref_Plot5_E7,Field2,test,5,12,0.0919349557224098,11.047534405930094,0.004197298948832483
2021_Ref_Plot5_E7::8,2021_Ref_Plot5_E7,Field2,test,7,1,0.7074904134415615,26.25445106027655,0.16831598106943663
2021_Ref_Plot5_E7::80,2021_Ref_Plot5_E7,Field2,test,4,13,0.08185805191703337,8.678395093624754,0.021242177988633138
2021_Ref_Plot5_E7::85,2021_Ref_Plot5_E7,Field2,test,5,14,0.08773383934755608,10.281525339700401,0.03876289794244881
