pair_id,plant_id,field,split,gap_days,n_input_frames,ssim,psnr,structure_ssim
2020_Ref_Plot1_A10::22,2020_Ref_Plot1_A10,Field1,test,7,1,0.34474540584227614,19.145759700126412,0.09428263023301084
2020_Ref_Plot1_A10::28,2020_Ref_Plot1_A10,Field1,test,6,2,0.6822735604806452,27.85032979062504,0.17748261641200874
2020_Ref_Plot1_A10::36,2020_Ref_Plot1_A10,Field1,test,8,3,0.1690430669708508,14.32648358070604,0.0414800701568355
2020_Ref_Plot1_A10::42,2020_Ref_Plot1_A10,Field1,test,6,4,0.28881208226358135,17.17347955751491,0.05117219556932607
2020_Ref_Plot1_A10::51,2020_Ref_Plot1_A10,Field1,test,9,5,0.16194437721682356,11.681285632562805,0.03726968288847168
2020_Ref_Plot1_A10::83,2020_Ref_Plot1_A10,Field1,test,32,6,0.17988132706041604,14.976342838656883,0.029077218117615364
2020_Ref_Plot1_A93::22,2020_Ref_Plot1_A93,Field1,test,7,1,0.32391803156106974,20.227488796717076,0.06633367732391444
2020_Ref_Plot1_A93::28,2020_Ref_Plot1_A93,Field1,test,6,2,0.7120853894298153,28.77332372374498,0.19514298673254435
2020_Ref_Plot1_A93::36,2020_Ref_Plot1_A93,Field1,test,8,3,0.1838941691184115,14.80516846949451,0.046792149571742186
2020_Ref_Plot1_A93::42,2020_Ref_Plot1_A93,Field1,test,6,4,0.29067764240619276,17.20871491553002,0.04699808544478986
2020_Ref_Plot1_A93::51,2020_Ref_Plot1_A93,Field1,test,9,5,0.18087834431869929,11.133289891726141,0.035636148886892045
2020_Ref_Plot1_A94::22,2020_Ref_Plot1_A94,Field1,test,7,1,0.352735025093953,20.33991358984116,0.07587922459027997
2020_Ref_Plot1_A94::28,2020_Ref_Plot1_A94,Field1,test,6,2,0.7116953337640433,28.58464211150771,0.20337591255999632
2020_Ref_Plot1_A94::36,2020_Ref_Plot1_A94,Field1,test,8,3,0.19833143873153072,15.644847754015787,0.054619739466664166
2020_Ref_Plot1_A94::42,2020_Ref_Plot1_A94,Field1,test,6,4,0.2587597112989515,16.650677655517697,0.04076986242822177
2020_Ref_Plot1_A94::51,2020_Ref_Plot1_A94,Field1,test,9,5,0.1869751314824719,10.788862772367837,0.03359658289028317
2020_Ref_Plot1_B1::22,2020_Ref_Plot1_B1,Field1,test,7,1,0.30827689408684816,18.776873084618643,0.08233774050697042
2020_Ref_Plot1_B1::28,2020_Ref_Plot1_B1,Field1,test,6,2,0.6845558517758027,28.430357031489073,0.17968250276155584
2020_Ref_Plot1_B1::36,2020_Ref_Plot1_B1,Field1,test,8,3,0.15502763479381557,13.602850383223192,0.036084949818275876
2020_Ref_Plot1_B1::42,2020_Ref_Plot1_B1,Field1,test,6,4,0.28022015144635676,17.63721218009089,0.050871805526377684
2020_Ref_Plot1_B1::51,2020_Ref_Plot1_B1,Field1,test,9,5,0.177803806377275,10.637616696825214,0.04956061041996759
2020_Ref_Plot1_B1::83,2020_Ref_Plot1_B1,Field1,test,32,6,0.2994716887247737,16.370227879194477,0.05195481386499547
2020_Ref_Plot1_B10::22,2020_Ref_Plot1_B10,Field1,test,7,1,0.3495747678538834,18.855705595921535,0.10820285200538671
2020_Ref_Plot1_B10::28,2020_Ref_Plot1_B10,Field1,test,6,2,0.6511494025812544,27.503677343821764,0.14706408219670594
2020_Ref_Plot1_B10::36,2020_Ref_Plot1_B10,Field1,test,8,3,0.1344564130650611,12.782626733042665,0.022998257619438193
2020_Ref_Plot1_B10::42,2020_Ref_Plot1_B10,Field1,test,6,4,0.26370184080150233,17.09297199156914,0.044273719653439826
2020_Ref_Plot1_B10::51,2020_Ref_Plot1_B10,Field1,test,9,5,0.1830752330622013,11.953232460121876,0.039168416868606816
2020_Ref_Plot1_B10::83,2020_Ref_Plot1_B10,Field1,test,32,6,0.2590540994471416,16.593828774153735,0.04843082405854574
2020_Ref_Plot1_B7::22,2020_Ref_Plot1_B7,Field1,test,7,1,0.39960684896160764,19.85128126215662,0.1475625465110811
2020_Ref_Plot1_B7::28,2020_Ref_Plot1_B7,Field1,test,6,2,0.6424652007500855,27.141544581669198,0.14865364529146144
2020_Ref_Plot1_B7::36,2020_Ref_Plot1_B7,Field1,test,8,3,0.15881362415071268,13.342331496192488,0.03895722944264717
2020_Ref_Plot1_B7::42,2020_Ref_Plot1_B7,Field1,test,6,4,0.2717359399082458,17.243896569884047,0.04865659335936989
2020_Ref_Plot1_B7::51,2020_Ref_Plot1_B7,Field1,test,9,5,0.14100479155191611,10.426647411534848,0.036348223277228926
2020_Ref_Plot1_B7::83,2020_Ref_Plot1_B7,Field1,test,32,6,0.2566063730432188,16.876504216276697,0.036626074794337986
2020_Ref_Plot1_B94::22,2020_Ref_Plot1_B94,Field1,test,7,1,0.2950548517448993,18.8506290420018,0.06218958067750093
2020_Ref_Plot1_B94::28,2020_Ref_Plot1_B94,Field1,test,6,2,0.7130797637538177,29.176222597218676,0.19210909160190193
2020_Ref_Plot1_B94::36,2020_Ref_Plot1_B94,Field1,test,8,3,0.17310303779193803,14.777810856445743,0.035307649762071215
2020_Ref_Plot1_B94::42,2020_Ref_Plot1_B94,Field1,test,6,4,0.2349039570707632,15.989450342304885,0.03993376929781848
2020_Ref_Plot1_B94::51,2020_Ref_Plot1_B94,Field1,test,9,5,0.16608215555766645,10.565584042337655,0.054051037050911736
2020_Ref_Plot1_C1::22,2020_Ref_Plot1_C1,Field1,test,7,1,0.3207578028697498,19.067057107555446,0.10736491682514929
2020_Ref_Plot1_C1::28,2020_Ref_Plot1_C1,Field1,test,6,2,0.7107885785855069,28.830428800274497,0.17967003623759836
2020_Ref_Plot1_C1::36,2020_Ref_Plot1_C1,Field1,test,8,3,0.17824016216293662,14.039223258587972,0.04156123224541128
2020_Ref_Plot1_C1::42,2020_Ref_Plot1_C1,Field1,test,6,4,0.26954377720310546,17.465492273898423,0.053917440982552425
2020_Ref_Plot1_C1::51,2020_Ref_Plot1_C1,Field1,test,9,5,0.1669477556565203,11.015978179184827,0.04419003143619275
2020_Ref_Plot1_C1::83,2020_Ref_Plot1_C1,Field1,test,32,6,0.31747887516481416,16.977983092737528,0.056914097369399584
2020_Ref_Plot1_C92::22,2020_Ref_Plot1_C92,Field1,test,7,1,0.27342417122879326,19.133769673090914,0.05469118760997416
2020_Ref_Plot1_C92::28,2020_Ref_Plot1_C92,Field1,test,6,2,0.7180443289038753,29.485969104940356,0.20342070520627895
2020_Ref_Plot1_C92::36,2020_Ref_Plot1_C92,Field1,test,8,3,0.16153392450328394,14.06452103063376,0.028599532495568077
2020_Ref_Plot1_C92::42,2020_Ref_Plot1_C92,Field1,test,6,4,0.2260474277472296,16.181005528265878,0.024632607242166402
2020_Ref_Plot1_C92::51,2020_Ref_Plot1_C92,Field1,test,9,5,0.1849366498200251,11.524872263483852,0.06194391585226218
2020_Ref_Plot1_C98::22,2020_Ref_Plot1_C98,Field1,test,7,1,0.3163158549868774,19.391295136115275,0.0961408686588616
2020_Ref_Plot1_C98::28,2020_Ref_Plot1_C98,Field1,test,6,2,0.7040690510910609,28.57849300421067,0.17626880696425998
2020_Ref_Plot1_C98::36,2020_Ref_Plot1_C98,Field1,test,8,3,0.1734235921779804,14.563229581027237,0.03479513329872382
2020_Ref_Plot1_C98::42,2020_Ref_Plot1_C98,Field1,test,6,4,0.2516861632309671,17.300853145715063,0.04685938934560533
2020_Ref_Plot1_C98::51,2020_Ref_Plot1_C98,Field1,test,9,5,0.16323188681819847,11.314373313858745,0.05202155570625272
2020_Ref_Plot2_A2::22,2020_Ref_Plot2_A2,Field1,test,7,1,0.25468164047139935,19.72978760916832,0.03719994004553668
2020_Ref_Plot2_A2::28,2020_Ref_Plot2_A2,Field1,test,6,2,0.6881945318035019,27.93702353391968,0.15897178020784417
2020_Ref_Plot2_A2::36,2020_Ref_Plot2_A2,Field1,test,8,3,0.18487786062727807,14.882806035518023,0.06387023231316279
2020_Ref_Plot2_A2::42,2020_Ref_Plot2_A2,Field1,test,6,4,0.28322769809347953,17.542986175265323,0.04608417814716518
2020_Ref_Plot2_A2::51,2020_Ref_Plot2_A2,Field1,test,9,5,0.14875472881954543,11.01911719365898,0.0399258029114176
2020_Ref_Plot2_A2::83,2020_Ref_Plot2_A2,Field1,test,32,6,0.21796454760066852,15.198913687722914,0.03020438438460767
2020_Ref_Plot2_A4::22,2020_Ref_Plot2_A4,Field1,test,7,1,0.2346572535572593,19.338509211005775,0.03473934551125807
2020_Ref_Plot2_A4::28,2020_Ref_Plot2_A4,Field1,test,6,2,0.6988483978864594,28.314613224330316,0.18959916489569353
2020_Ref_Plot2_A4::36,2020_Ref_Plot2_A4,Field1,test,8,3,0.189852445952006,15.040174980495491,0.0674590656264389
2020_Ref_Plot2_A4::42,2020_Ref_Plot2_A4,Field1,test,6,4,0.22338432230916924,15.544225820397612,0.039239401082071156
2020_Ref_Plot2_A4::51,2020_Ref_Plot2_A4,Field1,test,9,5,0.16570379188752146,11.315905209322473,0.0509618965425334
2020_Ref_Plot2_A4::83,2020_Ref_Plot2_A4,Field1,test,32,6,0.16296102978832852,12.800502141556711,0.018505696262576764
2020_Ref_Plot2_A91::22,2020_Ref_Plot2_A91,Field1,test,7,1,0.2813607975497961,19.377522398771603,0.05693887598837707
2020_Ref_Plot2_A91::28,2020_Ref_Plot2_A91,Field1,test,6,2,0.6900833519606255,28.261122123580314,0.16180952861586861
2020_Ref_Plot2_A91::36,2020_Ref_Plot2_A91,Field1,test,8,3,0.19249563024215985,15.451858781228777,0.053324508928848255
2020_Ref_Plot2_A91::42,2020_Ref_Plot2_A91,Field1,test,6,4,0.2983080864663185,18.361448023278854,0.050624703903108456
2020_Ref_Plot2_A91::51,2020_Ref_Plot2_A91,Field1,test,9,5,0.16489837193665727,10.973810966140125,0.05636122000771086
2020_Ref_Plot2_A91::83,2020_Ref_Plot2_A91,Field1,test,32,6,0.27188471321351715,16.718292760621203,0.04145550866931731
2020_Ref_Plot2_B1::22,2020_Ref_Plot2_B1,Field1,test,7,1,0.26381077822319,19.844566773163073,0.05950628244784489
2020_Ref_Plot2_B1::28,2020_Ref_Plot2_B1,Field1,test,6,2,0.7020859942932279,28.264635985811225,0.1671894431389574
2020_Ref_Plot2_B1::36,2020_Ref_Plot2_B1,Field1,test,8,3,0.16242484600073115,14.13742746812709,0.04816043568291217
2020_Ref_Plot2_B1::42,2020_Ref_Plot2_B1,Field1,test,6,4,0.31105208855256766,18.02650215165704,0.0567643135126225
2020_Ref_Plot2_B1::51,2020_Ref_Plot2_B1,Field1,test,9,5,0.14357743441427648,10.787715655895305,0.027213161558582378
2020_Ref_Plot2_B1::83,2020_Ref_Plot2_B1,Field1,test,32,6,0.21241577066109185,15.265745309460302,0.03242203199651947
2020_Ref_Plot2_B7::22,2020_Ref_Plot2_B7,Field1,test,7,1,0.30781867434918725,19.776161820789763,0.06455939742816214
2020_Ref_Plot2_B7::28,2020_Ref_Plot2_B7,Field1,test,6,2,0.6635872990581397,27.911390551320594,0.1555538113720644
2020_Ref_Plot2_B7::36,2020_Ref_Plot2_B7,Field1,test,8,3,0.16439917638704063,13.871488115496998,0.03674611008300709
2020_Ref_Plot2_B7::42,2020_Ref_Plot2_B7,Field1,test,6,4,0.2660175829132823,17.000577644726352,0.05327223848666948
2020_Ref_Plot2_B7::51,2020_Ref_Plot2_B7,Field1,test,9,5,0.16641389500684156,10.088262818576862,0.05771898841559944
2020_Ref_Plot2_B7::83,2020_Ref_Plot2_B7,Field1,test,32,6,0.16008685190887742,13.97653615763305,0.024778684652944784
2020_Ref_Plot2_B91::22,2020_Ref_Plot2_B91,Field1,test,7,1,0.2889049177768901,19.206964018548874,0.08404616368701696
2020_Ref_Plot2_B91::28,2020_Ref_Plot2_B91,Field1,test,6,2,0.6948406681847369,28.512339351002108,0.17202451765234852
2020_Ref_Plot2_B91::36,2020_Ref_Plot2_B91,Field1,test,8,3,0.1780818785084053,15.292218164141362,0.047893453710250715
2020_Ref_Plot2_B91::42,2020_Ref_Plot2_B91,Field1,test,6,4,0.2534935705575673,17.10790345288078,0.029254851367391293
2020_Ref_Plot2_B91::51,2020_Ref_Plot2_B91,Field1,test,9,5,0.13451676772258067,10.463675088626882,0.030029434526291386
2020_Ref_Plot2_B99::22,2020_Ref_Plot2_B99,Field1,test,7,1,0.2914439893084096,19.346158232418084,0.05749606771888901
2020_Ref_Plot2_B99::28,2020_Ref_Plot2_B99,Field1,test,6,2,0.6856941657880609,27.660961797374533,0.1634343550725344
2020_Ref_Plot2_B99::36,2020_Ref_Plot2_B99,Field1,test,8,3,0.13884050886027655,13.25308425558761,0.024020144950636844
2020_Ref_Plot2_B99::42,2020_Ref_Plot2_B99,Field1,test,6,4,0.2649761850194255,17.928410884829802,0.03844838749313293
2020_Ref_Plot2_B99::51,2020_Ref_Plot2_B99,Field1,test,9,5,0.13818715912457566,10.649301737943006,0.040009654012189914
2020_Ref_Plot2_B99::83,2020_Ref_Plot2_B99,Field1,test,32,6,0.22663550676901725,16.086279887894648,0.0329434675444579
2020_Ref_Plot2_C2::22,2020_Ref_Plot2_C2,Field1,test,7,1,0.2803112532163471,19.452972747112028,0.05984338152668913
2020_Ref_Plot2_C2::28,2020_Ref_Plot2_C2,Field1,test,6,2,0.714479330108792,28.801885395724444,0.19075958741355795
2020_Ref_Plot2_C2::36,2020_Ref_Plot2_C2,Field1,test,8,3,0.20041634167835873,15.26797027855277,0.06518881991891833
2020_Ref_Plot2_C2::42,2020_Ref_Plot2_C2,Field1,test,6,4,0.29213942294562956,17.042812461420777,0.047294707228611774
2020_Ref_Plot2_C2::51,2020_Ref_Plot2_C2,Field1,test,9,5,0.17830171267323522,11.84362715371569,0.06913812349644122
2020_Ref_Plot2_C2::83,2020_Ref_Plot2_C2,Field1,test,32,6,0.21266631434720662,15.404391496767545,0.03367028590098699
2020_Ref_Plot2_C5::22,2020_Ref_Plot2_C5,Field1,test,7,1,0.3010025293378263,20.19048477365123,0.07680777644145585
2020_Ref_Plot2_C5::28,2020_Ref_Plot2_C5,Field1,test,6,2,0.7054049062674722,28.696769894869625,0.18597529016395414
2020_Ref_Plot2_C5::36,2020_Ref_Plot2_C5,Field1,test,8,3,0.20049892815799444,15.03151195633263,0.05261534339443514
2020_Ref_Plot2_C5::42,2020_Ref_Plot2_C5,Field1,test,6,4,0.268316473338271,16.54606304225767,0.04467213761078584
2020_Ref_Plot2_C5::51,2020_Ref_Plot2_C5,Field1,test,9,5,0.16643220869776296,10.711412775363376,0.040944329882434634
2020_Ref_Plot2_C5::83,2020_Ref_Plot2_C5,Field1,test,32,6,0.17281836566092865,13.577961611757436,0.02438519453205691
2020_Ref_Plot2_C6::22,2020_Ref_Plot2_C6,Field1,test,7,1,0.2832342565604771,19.628406853672168,0.06054451582070394
2020_Ref_Plot2_C6::28,2020_Ref_Plot2_C6,Field1,test,6,2,0.6838826608775728,28.187255795860086,0.1710124369127877
2020_Ref_Plot2_C6::36,2020_Ref_Plot2_C6,Field1,test,8,3,0.19971354526425697,15.150997753325871,0.056960925588249604
2020_Ref_Plot2_C6::42,2020_Ref_Plot2_C6,Field1,test,6,4,0.24626860802830322,16.050318518602968,0.04554466395648063
2020_Ref_Plot2_C6::51,2020_Ref_Plot2_C6,Field1,test,9,5,0.19523103804955522,11.194021999743244,0.06628113277401633
2020_Ref_Plot2_C6::83,2020_Ref_Plot2_C6,Field1,test,32,6,0.16120670175224838,13.354138524343732,0.025548945869607414
2020_Ref_Plot3_A2::22,2020_Ref_Plot3_A2,Field1,test,7,1,0.232706804899912,18.826697476858016,0.03068975898027476
2020_Ref_Plot3_A2::28,2020_Ref_Plot3_A2,Field1,test,6,2,0.6734641612220772,27.525708202980617,0.16456797466750578
2020_Ref_Plot3_A2::36,2020_Ref_Plot3_A2,Field1,test,8,3,0.19788349867137475,14.83753172175961,0.04377129231791845
2020_Ref_Plot3_A2::42,2020_Ref_Plot3_A2,Field1,test,6,4,0.24670986741551934,16.160474943822386,0.043390890798555
2020_Ref_Plot3_A2::51,2020_Ref_Plot3_A2,Field1,test,9,5,0.14878015065422368,10.7226433519228,0.049842325072870175
2020_Ref_Plot3_A2::83,2020_Ref_Plot3_A2,Field1,test,32,6,0.183667825247958,14.360437170115631,0.03130962349553346
2020_Ref_Plot3_A9::22,2020_Ref_Plot3_A9,Field1,test,7,1,0.247097683325051,19.7964722594701,0.03617295226215135
2020_Ref_Plot3_A9::28,2020_Ref_Plot3_A9,Field1,test,6,2,0.7064354333767288,28.089774642424032,0.17017841252459823
2020_Ref_Plot3_A9::36,2020_Ref_Plot3_A9,Field1,test,8,3,0.13924957984718403,14.168451932276824,0.01942352699161903
2020_Ref_Plot3_A9::42,2020_Ref_Plot3_A9,Field1,test,6,4,0.3073149455473814,18.83214122173651,0.053097217722893796
2020_Ref_Plot3_A9::51,2020_Ref_Plot3_A9,Field1,test,9,5,0.16320404528285085,11.201778776360866,0.03818464498301047
2020_Ref_Plot3_A9::83,2020_Ref_Plot3_A9,Field1,test,32,6,0.2375049915268493,15.390692461618713,0.04132558408767352
2020_Ref_Plot3_A9::97,2020_Ref_Plot3_A9,Field1,test,14,7,0.29935099933356873,18.454992709145944,0.04328675064914527
2020_Ref_Plot3_A91::22,2020_Ref_Plot3_A91,Field1,test,7,1,0.22126699048747303,19.322508703521688,0.029998819469381523
2020_Ref_Plot3_A91::28,2020_Ref_Plot3_A91,Field1,test,6,2,0.7028554509174322,28.879893661472007,0.16624367695160405
2020_Ref_Plot3_A91::36,2020_Ref_Plot3_A91,Field1,test,8,3,0.18776405260595275,14.959515897296221,0.044078225133393975
2020_Ref_Plot3_A91::42,2020_Ref_Plot3_A91,Field1,test,6,4,0.2673721356908229,16.468883970584038,0.04267945929308015
2020_Ref_Plot3_A91::51,2020_Ref_Plot3_A91,Field1,test,9,5,0.12729817728544304,11.132553173882458,0.032381202183004956
2020_Ref_Plot3_A91::83,2020_Ref_Plot3_A91,Field1,test,32,6,0.22697093333699905,15.6786371603262,0.03142484379510304
2020_Ref_Plot3_A95::22,2020_Ref_Plot3_A95,Field1,test,7,1,0.2925892432942088,19.91276566020162,0.053106523266833724
2020_Ref_Plot3_A95::28,2020_Ref_Plot3_A95,Field1,test,6,2,0.6692368961385506,27.116467613609494,0.16368345248844668
2020_Ref_Plot3_A95::36,2020_Ref_Plot3_A95,Field1,test,8,3,0.16663848780416174,13.965758335545074,0.04897896642198304
2020_Ref_Plot3_A95::42,2020_Ref_Plot3_A95,Field1,test,6,4,0.26419781346170806,16.82986115251492,0.04039421405832861
2020_Ref_Plot3_A95::51,2020_Ref_Plot3_A95,Field1,test,9,5,0.16080863835662942,10.93088223615638,0.03372135221482594
2020_Ref_Plot3_A95::83,2020_Ref_Plot3_A95,Field1,test,32,6,0.21832273030695118,15.527615066384293,0.03580948397794705
2020_Ref_Plot3_A99::22,2020_Ref_Plot3_A99,Field1,test,7,1,0.2781304243288951,19.564583113329,0.05215522175894196
2020_Ref_Plot3_A99::28,2020_Ref_Plot3_A99,Field1,test,6,2,0.697891100036534,27.95124730063654,0.18513689991398807
2020_Ref_Plot3_A99::36,2020_Ref_Plot3_A99,Field1,test,8,3,0.19124781858191656,13.982116152126213,0.05290564045202993
2020_Ref_Plot3_A99::42,2020_Ref_Plot3_A99,Field1,test,6,4,0.30078339420778993,18.142442634089637,0.06575690728670198
2020_Ref_Plot3_A99::51,2020_Ref_Plot3_A99,Field1,test,9,5,0.17982241468105284,11.35338541529591,0.04964872242026316
2020_Ref_Plot3_A99::83,2020_Ref_Plot3_A99,Field1,test,32,6,0.18313775275124292,14.806889939105805,0.02628837599076211
2020_Ref_Plot3_B97::22,2020_Ref_Plot3_B97,Field1,test,7,1,0.2901457907084176,19.670873843456583,0.06482020618193525
2020_Ref_Plot3_B97::28,2020_Ref_Plot3_B97,Field1,test,6,2,0.7029514148130511,28.02769752282765,0.19429249904203727
2020_Ref_Plot3_B97::36,2020_Ref_Plot3_B97,Field1,test,8,3,0.18951399707801983,14.163640499878543,0.046111193466184724
2020_Ref_Plot3_B97::42,2020_Ref_Plot3_B97,Field1,test,6,4,0.2771630585123131,17.03157967126024,0.03533086159053217
2020_Ref_Plot3_B97::51,2020_Ref_Plot3_B97,Field1,test,9,5,0.17869237148736727,10.6782182270359,0.05723900510192308
2020_Ref_Plot3_B97::83,2020_Ref_Plot3_B97,Field1,test,32,6,0.19202882486112238,14.590270469678368,0.032622630238400466
2020_Ref_Plot3_C10::22,2020_Ref_Plot3_C10,Field1,test,7,1,0.25227363601458763,19.141406335943064,0.040298380135313464
2020_Ref_Plot3_C10::28,2020_Ref_Plot3_C10,Field1,test,6,2,0.6805201868271712,27.072547506659465,0.16356655978571807
2020_Ref_Plot3_C10::36,2020_Ref_Plot3_C10,Field1,test,8,3,0.13431903330958686,12.230267050036696,0.01692537972189989
2020_Ref_Plot3_C10::42,2020_Ref_Plot3_C10,Field1,test,6,4,0.2701905398395754,16.8851814041188,0.04453288497888474
2020_Ref_Plot3_C10::51,2020_Ref_Plot3_C10,Field1,test,9,5,0.1600842370927981,11.495721520710411,0.04650394514604683
2020_Ref_Plot3_C10::83,2020_Ref_Plot3_C10,Field1,test,32,6,0.20396925544847502,14.970771664674846,0.0292369727762291
2020_Ref_Plot3_C10::97,2020_Ref_Plot3_C10,Field1,test,14,7,0.2683586213752675,17.241280309202015,0.03621132971686194
2020_Ref_Plot3_C2::22,2020_Ref_Plot3_C2,Field1,test,7,1,0.2754165966877744,19.846311607469545,0.051977328170634184
2020_Ref_Plot3_C2::28,2020_Ref_Plot3_C2,Field1,test,6,2,0.666260108435774,26.675757080949687,0.15632893867639439
2020_Ref_Plot3_C2::36,2020_Ref_Plot3_C2,Field1,test,8,3,0.17806837703414088,14.56592113090825,0.038660195948724725
2020_Ref_Plot3_C2::42,2020_Ref_Plot3_C2,Field1,test,6,4,0.2814306632570549,16.47009437206888,0.04155402910275901
2020_Ref_Plot3_C2::51,2020_Ref_Plot3_C2,Field1,test,9,5,0.15320224099728882,10.331319353724586,0.030147463842450012
2020_Ref_Plot3_C2::83,2020_Ref_Plot3_C2,Field1,test,32,6,0.15931481803971115,13.991215923335607,0.02202143224224023
2020_Ref_Plot3_C7::22,2020_Ref_Plot3_C7,Field1,test,7,1,0.304842119976209,19.81793893238421,0.06760954809126014
2020_Ref_Plot3_C7::28,2020_Ref_Plot3_C7,Field1,test,6,2,0.6643850813171099,26.768681625293844,0.17421721769311574
2020_Ref_Plot3_C7::36,2020_Ref_Plot3_C7,Field1,test,8,3,0.17464564034360822,14.151190780128944,0.0526434234241723
2020_Ref_Plot3_C7::42,2020_Ref_Plot3_C7,Field1,test,6,4,0.2756651009842251,17.321531096619584,0.045265364961821555
2020_Ref_Plot3_C7::51,2020_Ref_Plot3_C7,Field1,test,9,5,0.1483398262185745,11.315903893918183,0.04557946148830459
2020_Ref_Plot3_C7::83,2020_Ref_Plot3_C7,Field1,test,32,6,0.19221794091501052,15.404974058490657,0.027370345620222662
2020_Ref_Plot3_C7::97,2020_Ref_Plot3_C7,Field1,test,14,7,0.23591193096353105,15.911311193850842,0.02887321758233783
2020_Ref_Plot4_A8::22,2020_Ref_Plot4_A8,Field1,test,7,1,0.33480508874698955,21.68555586369376,0.0707708572688366
2020_Ref_Plot4_A8::28,2020_Ref_Plot4_A8,Field1,test,6,2,0.7229619081501584,26.759607884711897,0.20277055281419548
2020_Ref_Plot4_A8::36,2020_Ref_Plot4_A8,Field1,test,8,3,0.10190118224013979,14.441270090888485,0.025502632507917337
2020_Ref_Plot4_A8::42,2020_Ref_Plot4_A8,Field1,test,6,4,0.34342303959540565,19.26799153599501,0.06634041937909094
2020_Ref_Plot4_A8::51,2020_Ref_Plot4_A8,Field1,test,9,5,0.13022177936639104,10.613718503875324,0.03714732397317952
2020_Ref_Plot4_A8::83,2020_Ref_Plot4_A8,Field1,test,32,6,0.177266826909712,15.391723095154568,0.024445785757731035
2020_Ref_Plot4_A90::22,2020_Ref_Plot4_A90,Field1,test,7,1,0.2561365558753133,19.88854632936714,0.03103234683099017
2020_Ref_Plot4_A90::28,2020_Ref_Plot4_A90,Field1,test,6,2,0.7477142089224564,28.736429481508218,0.23218553082480217
2020_Ref_Plot4_A90::36,2020_Ref_Plot4_A90,Field1,test,8,3,0.10572318103419541,14.893588296457011,0.02055840407693432
2020_Ref_Plot4_A90::42,2020_Ref_Plot4_A90,Field1,test,6,4,0.3270494201237321,18.444969173557105,0.051207988092070174
2020_Ref_Plot4_A90::51,2020_Ref_Plot4_A90,Field1,test,9,5,0.1350609177555895,10.466886489454474,0.04901384143308079
2020_Ref_Plot4_A92::22,2020_Ref_Plot4_A92,Field1,test,7,1,0.2749091164463888,20.625159654497285,0.03840474557852913
2020_Ref_Plot4_A92::28,2020_Ref_Plot4_A92,Field1,test,6,2,0.7432504224873316,29.078896839601835,0.19870695936241214
2020_Ref_Plot4_A92::36,2020_Ref_Plot4_A92,Field1,test,8,3,0.08941172533835207,14.046825603883875,0.0053713027083415275
2020_Ref_Plot4_A92::42,2020_Ref_Plot4_A92,Field1,test,6,4,0.30903319214008107,18.424066591060043,0.05112148873256327
2020_Ref_Plot4_A92::51,2020_Ref_Plot4_A92,Field1,test,9,5,0.12950194208065166,11.06343986979075,0.045798717230856115
2020_Ref_Plot4_B2::22,2020_Ref_Plot4_B2,Field1,test,7,1,0.2857987929908136,20.808454321280806,0.04234660363027332
2020_Ref_Plot4_B2::28,2020_Ref_Plot4_B2,Field1,test,6,2,0.7598930298890463,29.65516211232933,0.22001988232245073
2020_Ref_Plot4_B2::36,2020_Ref_Plot4_B2,Field1,test,8,3,0.11006160475653642,15.82935901179265,0.021287713754638265
2020_Ref_Plot4_B2::42,2020_Ref_Plot4_B2,Field1,test,6,4,0.27010600859426764,16.97512785921931,0.028834441505435408
2020_Ref_Plot4_B2::51,2020_Ref_Plot4_B2,Field1,test,9,5,0.11793042909510691,11.006693018656774,0.03284041282147293
2020_Ref_Plot4_B2::83,2020_Ref_Plot4_B2,Field1,test,32,6,0.16835276051003426,13.375691267435135,0.02430557140434265
2020_Ref_Plot4_B6::22,2020_Ref_Plot4_B6,Field1,test,7,1,0.3707659238608399,22.042013728842488,0.07137696501793772
2020_Ref_Plot4_B6::28,2020_Ref_Plot4_B6,Field1,test,6,2,0.7819914735039083,28.588941584019075,0.24841508455513728
2020_Ref_Plot4_B6::36,2020_Ref_Plot4_B6,Field1,test,8,3,0.07817642756399847,13.982928114059593,0.01555580986626336
2020_Ref_Plot4_B6::42,2020_Ref_Plot4_B6,Field1,test,6,4,0.3023019786639279,18.565608197767492,0.06305743200138218
2020_Ref_Plot4_B6::51,2020_Ref_Plot4_B6,Field1,test,9,5,0.13260838215561502,10.83736911191016,0.03762210088133242
2020_Ref_Plot4_B6::83,2020_Ref_Plot4_B6,Field1,test,32,6,0.18236027982342193,15.528766826239146,0.027022849063875847
2020_Ref_Plot4_B95::22,2020_Ref_Plot4_B95,Field1,test,7,1,0.29914309354332597,20.77445283229144,0.037251523404343255
2020_Ref_Plot4_B95::28,2020_Ref_Plot4_B95,Field1,test,6,2,0.7360001617916826,28.64759528436281,0.214735037557215
2020_Ref_Plot4_B95::36,2020_Ref_Plot4_B95,Field1,test,8,3,0.07963778308809022,14.403390233060119,0.01189708799979161
2020_Ref_Plot4_B95::42,2020_Ref_Plot4_B95,Field1,test,6,4,0.30072421973695884,18.439287503703504,0.04858449900288932
2020_Ref_Plot4_B95::51,2020_Ref_Plot4_B95,Field1,test,9,5,0.11386777775483352,10.238406073434565,0.019162137187696066
2020_Ref_Plot4_B95::83,2020_Ref_Plot4_B95,Field1,test,32,6,0.2929050489672136,16.42581821076584,0.06389199182633036
2020_Ref_Plot4_B97::22,2020_Ref_Plot4_B97,Field1,test,7,1,0.2965581161067776,21.094345385275336,0.03633403799444789
2020_Ref_Plot4_B97::28,2020_Ref_Plot4_B97,Field1,test,6,2,0.7621544403665176,29.079144702417956,0.23912842396275433
2020_Ref_Plot4_B97::36,2020_Ref_Plot4_B97,Field1,test,8,3,0.09675780593298168,14.328726120503426,0.015118656940436091
2020_Ref_Plot4_B97::42,2020_Ref_Plot4_B97,Field1,test,6,4,0.31057755878356397,18.722894314461147,0.041729426738417535
2020_Ref_Plot4_B97::51,2020_Ref_Plot4_B97,Field1,test,9,5,0.15504070682012805,11.47847794373115,0.0370075441856892
2020_Ref_Plot4_C91::22,2020_Ref_Plot4_C91,Field1,test,7,1,0.26503445493684796,20.88584303675216,0.03405219659630398
2020_Ref_Plot4_C91::28,2020_Ref_Plot4_C91,Field1,test,6,2,0.7621567045163355,29.570798685413774,0.214696732743414
2020_Ref_Plot4_C91::36,2020_Ref_Plot4_C91,Field1,test,8,3,0.09821355043796247,15.0473374546627,0.025745589503039075
2020_Ref_Plot4_C91::42,2020_Ref_Plot4_C91,Field1,test,6,4,0.2976895053882111,17.568598652662843,0.03338221499744206
2020_Ref_Plot4_C91::51,2020_Ref_Plot4_C91,Field1,test,9,5,0.13550072809783287,10.506094104358574,0.03700112550401429
2021_Ref_Plot1_A11::8,2021_Ref_Plot1_A11,Field2,test,7,1,0.7121351624059237,27.21917977572357,0.18919970742261652
2021_Ref_Plot1_A11::16,2021_Ref_Plot1_A11,Field2,test,8,2,0.8110866114199021,31.272283261096263,0.3953438542887036
2021_Ref_Plot1_A11::22,2021_Ref_Plot1_A11,Field2,test,6,3,0.29989226983929224,17.21126879871969,0.0704067540902832
2021_Ref_Plot1_A11::27,2021_Ref_Plot1_A11,Field2,test,5,4,0.36045165873112434,17.030323933832054,0.12419951178996125
2021_Ref_Plot1_A11::35,2021_Ref_Plot1_A11,Field2,test,8,5,0.12359831155193061,12.530641961598185,0.033252223187767854
2021_Ref_Plot1_A11::44,2021_Ref_Plot1_A11,Field2,test,9,6,0.12780618691146814,13.360303840522882,0.009434851600682644
2021_Ref_Plot1_A11::50,2021_Ref_Plot1_A11,Field2,test,6,7,0.1151656664698197,9.272297416043365,0.0610905552836859
2021_Ref_Plot1_A11::57,2021_Ref_Plot1_A11,Field2,test,7,8,0.10234507327102371,11.262503456947133,0.030401243873258703
2021_Ref_Plot1_A11::65,2021_Ref_Plot1_A11,Field2,test,8,9,0.11494963266670803,11.517200824844327,0.04410887857159059
2021_Ref_Plot1_A11::69,2021_Ref_Plot1_A11,Field2,test,4,10,0.20993284460978653,12.574412239748469,0.11621783707235966
2021_Ref_Plot1_A11::71,2021_Ref_Plot1_A11,Field2,test,2,11,0.14657163193403225,10.42086520135468,0.08009441282409348
2021_Ref_Plot1_A11::76,2021_Ref_Plot1_A11,Field2,test,5,12,0.11970291298986696,10.904677149248474,0.02027877899478147
2021_Ref_Plot1_A11::80,2021_Ref_Plot1_A11,Field2,test,4,13,0.05212887867473478,7.108818552113178,0.023023517405442805
2021_Ref_Plot1_A11::85,2021_Ref_Plot1_A11,Field2,test,5,14,0.06935836756096414,9.42937112622278,0.029917372604117882
2021_Ref_Plot1_A13::8,2021_Ref_Plot1_A13,Field2,test,7,1,0.7151025555173732,27.828415144192387,0.19068265638716564
2021_Ref_Plot1_A13::16,2021_Ref_Plot1_A13,Field2,test,8,2,0.7993393927966009,30.465349675668385,0.38916697572519454
2021_Ref_Plot1_A13::22,2021_Ref_Plot1_A13,Field2,test,6,3,0.28224708552080574,16.77799582310258,0.07920135131604274
2021_Ref_Plot1_A13::27,2021_Ref_Plot1_A13,Field2,test,5,4,0.3186509744474261,17.302324766864416,0.1068191402831587
2021_Ref_Plot1_A13::35,2021_Ref_Plot1_A13,Field2,test,8,5,0.13343189016110749,12.439784903917513,0.05022611108663385
2021_Ref_Plot1_A13::44,2021_Ref_Plot1_A13,Field2,test,9,6,0.13797644063365647,14.310706032599663,0.019165337836101876
2021_Ref_Plot1_A13::50,2021_Ref_Plot1_A13,Field2,test,6,7,0.1086336120563634,8.699637439184997,0.05232859418975851
2021_Ref_Plot1_A13::57,2021_Ref_Plot1_A13,Field2,test,7,8,0.12738918689602774,11.769610443555864,0.05758910200287677
2021_Ref_Plot1_A13::65,2021_Ref_Plot1_A13,Field2,test,8,9,0.11940992206234903,12.390989743677597,0.03854433412892332
2021_Ref_Plot1_A13::69,2021_Ref_Plot1_A13,Field2,test,4,10,0.17704194705064058,12.247942901938519,0.06553312593812133
2021_Ref_Plot1_A13::71,2021_Ref_Plot1_A13,Field2,test,2,11,0.12437769039164942,8.391467018026704,0.061409948570492166
2021_Ref_Plot1_A13::76,2021_Ref_Plot1_A13,Field2,test,5,12,0.11388445102586582,12.886883324138662,0.012507551844381768
2021_Ref_Plot1_A13::80,2021_Ref_Plot1_A13,Field2,test,4,13,0.04683994650232331,7.422371608185387,0.005941042241993608
2021_Ref_Plot1_A13::85,2021_Ref_Plot1_A13,Field2,test,5,14,0.050300255103291065,8.710706136581301,0.025187814071385383
2021_Ref_Plot1_A20::8,2021_Ref_Plot1_A20,Field2,test,7,1,0.6776712897573192,26.282590265081048,0.16864044387975874
2021_Ref_Plot1_A20::16,2021_Ref_Plot1_A20,Field2,test,8,2,0.8110004351692344,31.36899620104849,0.42137648269401723
2021_Ref_Plot1_A20::22,2021_Ref_Plot1_A20,Field2,test,6,3,0.3057934016056065,16.867938287575896,0.07786367300945407
2021_Ref_Plot1_A20::27,2021_Ref_Plot1_A20,Field2,test,5,4,0.32819105476075494,17.281226136508913,0.10728231682897595
2021_Ref_Plot1_A20::35,2021_Ref_Plot1_A20,Field2,test,8,5,0.1448723505758076,13.190474134210636,0.057438462064380406
2021_Ref_Plot1_A20::44,2021_Ref_Plot1_A20,Field2,test,9,6,0.1415402354241794,14.915019081966022,0.024743076290015324
2021_Ref_Plot1_A20::50,2021_Ref_Plot1_A20,Field2,test,6,7,0.10179200208537235,8.63103369196288,0.06605047560637885
2021_Ref_Plot1_A20::57,2021_Ref_Plot1_A20,Field2,test,7,8,0.09092923284495547,10.963063197980517,0.025866163310339824
2021_Ref_Plot1_A20::65,2021_Ref_Plot1_A20,Field2,test,8,9,0.08355192528717376,11.764536665494166,0.034607640475796
2021_Ref_Plot1_A20::69,2021_Ref_Plot1_A20,Field2,test,4,10,0.1494881040666345,12.536217278693238,0.05669195207632249
2021_Ref_Plot1_A20::71,2021_Ref_Plot1_A20,Field2,test,2,11,0.09266342797152664,8.907361324526184,0.06152020787529213
2021_Ref_Plot1_A20::76,2021_Ref_Plot1_A20,Field2,test,5,12,0.133320343812755,14.252865858456346,0.03483629777672887
2021_Ref_Plot1_A20::80,2021_Ref_Plot1_A20,Field2,test,4,13,0.08936801881824774,9.453468924835576,0.03469754478664671
2021_Ref_Plot1_A20::85,2021_Ref_Plot1_A20,Field2,test,5,14,0.08925314318150146,10.321168975256725,0.02811265807289813
2021_Ref_Plot1_A3::8,2021_Ref_Plot1_A3,Field2,test,7,1,0.7310147607770654,27.218180326807296,0.21165951712025402
2021_Ref_Plot1_A3::16,2021_Ref_Plot1_A3,Field2,test,8,2,0.7960933980192358,30.93059337827838,0.3634785987494568
2021_Ref_Plot1_A3::22,2021_Ref_Plot1_A3,Field2,test,6,3,0.2640636224527569,15.978744615817153,0.06716597288598042
2021_Ref_Plot1_A3::27,2021_Ref_Plot1_A3,Field2,test,5,4,0.3117032634407399,16.018594197252487,0.0874462293417281
2021_Ref_Plot1_A3::35,2021_Ref_Plot1_A3,Field2,test,8,5,0.14023362628909217,11.508988593052669,0.038247560429035696
2021_Ref_Plot1_A3::44,2021_Ref_Plot1_A3,Field2,test,9,6,0.13845062616404913,14.81254003938864,0.0313317054913586
2021_Ref_Plot1_A3::50,2021_Ref_Plot1_A3,Field2,test,6,7,0.1534073087169977,9.082375007852596,0.09173466517192856
2021_Ref_Plot1_A3::57,2021_Ref_Plot1_A3,Field2,test,7,8,0.11377237961273928,10.906097905806487,0.028273037834510552
2021_Ref_Plot1_A3::65,2021_Ref_Plot1_A3,Field2,test,8,9,0.13878492968534137,11.445444970613883,0.05898424654520587
2021_Ref_Plot1_A3::69,2021_Ref_Plot1_A3,Field2,test,4,10,0.20297141172820135,12.19657492099042,0.11762730454080235
2021_Ref_Plot1_A3::71,2021_Ref_Plot1_A3,Field2,test,2,11,0.1266764064083902,9.09282986591784,0.06296833449457297
2021_Ref_Plot1_A3::76,2021_Ref_Plot1_A3,Field2,test,5,12,0.18145636914427257,12.89466279759244,0.03684022350347014
2021_Ref_Plot1_A3::80,2021_Ref_Plot1_A3,Field2,test,4,13,0.09259537962977911,8.66644647447545,0.028097798464628215
2021_Ref_Plot1_A3::85,2021_Ref_Plot1_A3,Field2,test,5,14,0.09059138515426084,9.344172661254794,0.03899061464422534
2021_Ref_Plot1_B19::8,2021_Ref_Plot1_B19,Field2,test,7,1,0.7153200671822845,27.490215917387502,0.19801203022970376
2021_Ref_Plot1_B19::16,2021_Ref_Plot1_B19,Field2,test,8,2,0.8126733805454451,30.866413789156482,0.3772395965725271
2021_Ref_Plot1_B19::22,2021_Ref_Plot1_B19,Field2,test,6,3,0.3155129227299231,16.761132094234355,0.07867079838443047
2021_Ref_Plot1_B19::27,2021_Ref_Plot1_B19,Field2,test,5,4,0.33683135875142717,17.249885847817897,0.12960985870722913
2021_Ref_Plot1_B19::35,2021_Ref_Plot1_B19,Field2,test,8,5,0.1313367503981311,12.825018702789368,0.01382567010514556
2021_Ref_Plot1_B19::44,2021_Ref_Plot1_B19,Field2,test,9,6,0.10418211521429717,12.604352321533181,0.014038692045089077
2021_Ref_Plot1_B19::50,2021_Ref_Plot1_B19,Field2,test,6,7,0.08928556067330572,9.246333597649297,0.04894656055043961
2021_Ref_Plot1_B19::57,2021_Ref_Plot1_B19,Field2,test,7,8,0.07934886995293199,12.302966060073215,0.02027308323557774
2021_Ref_Plot1_B19::65,2021_Ref_Plot1_B19,Field2,test,8,9,0.06864253964894675,11.895729593873202,0.03103978094100844
2021_Ref_Plot1_B19::69,2021_Ref_Plot1_B19,Field2,test,4,10,0.16312496698905496,12.748796826042465,0.05168085749082986
2021_Ref_Plot1_B19::71,2021_Ref_Plot1_B19,Field2,test,2,11,0.12131387474142961,9.35067116084603,0.07032550700050931
2021_Ref_Plot1_B19::76,2021_Ref_Plot1_B19,Field2,test,5,12,0.14461422203785804,15.163589456695403,0.02742897603340353
2021_Ref_Plot1_B19::80,2021_Ref_Plot1_B19,Field2,test,4,13,0.054642684381099926,10.284363630565885,0.018267389254872778
2021_Ref_Plot1_B19::85,2021_Ref_Plot1_B19,Field2,test,5,14,0.06409678756959579,11.512820793719932,0.027998198060789816
2021_Ref_Plot1_B2::8,2021_Ref_Plot1_B2,Field2,test,7,1,0.7474139247053427,28.14790302465505,0.21208835042278584
2021_Ref_Plot1_B2::16,2021_Ref_Plot1_B2,Field2,test,8,2,0.8042935422622763,31.556058002934403,0.3378770935822727
2021_Ref_Plot1_B2::22,2021_Ref_Plot1_B2,Field2,test,6,3,0.3327692693203137,17.6487262138436,0.10838957895733528
2021_Ref_Plot1_B2::27,2021_Ref_Plot1_B2,Field2,test,5,4,0.3935404908802181,18.639701651306947,0.1300413460436884
2021_Ref_Plot1_B2::35,2021_Ref_Plot1_B2,Field2,test,8,5,0.17496539474583148,13.994548506075192,0.02737929180309485
2021_Ref_Plot1_B2::44,2021_Ref_Plot1_B2,Field2,test,9,6,0.1585012795371914,14.994082934331022,0.026081345249113434
2021_Ref_Plot1_B2::50,2021_Ref_Plot1_B2,Field2,test,6,7,0.12644150004763716,8.324739058605111,0.04556960940792715
2021_Ref_Plot1_B2::57,2021_Ref_Plot1_B2,Field2,test,7,8,0.13004949602482466,11.477876839640398,0.03133116481599196
2021_Ref_Plot1_B2::65,2021_Ref_Plot1_B2,Field2,test,8,9,0.10344241725202963,11.389865978816765,0.030439588137975013
2021_Ref_Plot1_B2::69,2021_Ref_Plot1_B2,Field2,test,4,10,0.17341178196414755,12.050472545941098,0.06813561273862859
2021_Ref_Plot1_B2::71,2021_Ref_Plot1_B2,Field2,test,2,11,0.14373282167243914,8.987892796435382,0.08202619910414952
2021_Ref_Plot1_B2::76,2021_Ref_Plot1_B2,Field2,test,5,12,0.15443484634107496,14.91366061519668,0.0314822314008158
2021_Ref_Plot1_B2::80,2021_Ref_Plot1_B2,Field2,test,4,13,0.13471364164197652,9.23086873228852,0.04563993060279284
2021_Ref_Plot1_B2::85,2021_Ref_Plot1_B2,Field2,test,5,14,0.08043062188231048,8.209813256298585,0.014209622872159369
2021_Ref_Plot1_B4::8,2021_Ref_Plot1_B4,Field2,test,7,1,0.7505903977435883,28.93725920073246,0.2267623240033988
2021_Ref_Plot1_B4::16,2021_Ref_Plot1_B4,Field2,test,8,2,0.8115175772767094,31.378531207548868,0.3574633893636527
2021_Ref_Plot1_B4::22,2021_Ref_Plot1_B4,Field2,test,6,3,0.28091441270101275,16.729177092707673,0.08026541137589144
2021_Ref_Plot1_B4::27,2021_Ref_Plot1_B4,Field2,test,5,4,0.37186729882095065,17.670090983000605,0.11661944271942055
2021_Ref_Plot1_B4::35,2021_Ref_Plot1_B4,Field2,test,8,5,0.15306634357575152,12.697088524414976,0.040069217860804134
2021_Ref_Plot1_B4::44,2021_Ref_Plot1_B4,Field2,test,9,6,0.15275859841335138,15.059448653698633,0.02449085301852829
2021_Ref_Plot1_B4::50,2021_Ref_Plot1_B4,Field2,test,6,7,0.11669219900169314,8.428509080586954,0.055199260349115514
2021_Ref_Plot1_B4::57,2021_Ref_Plot1_B4,Field2,test,7,8,0.12604306956825304,11.73286117310121,0.0379213677123763
2021_Ref_Plot1_B4::65,2021_Ref_Plot1_B4,Field2,test,8,9,0.10097980114287536,10.812121445571819,0.026397543708141173
2021_Ref_Plot1_B4::69,2021_Ref_Plot1_B4,Field2,test,4,10,0.15750637397799197,12.858256403404289,0.049686436804060354
2021_Ref_Plot1_B4::71,2021_Ref_Plot1_B4,Field2,test,2,11,0.16818728434426333,9.329155585145404,0.09227653846405472
2021_Ref_Plot1_B4::76,2021_Ref_Plot1_B4,Field2,test,5,12,0.21787987927193644,14.267471660921556,0.039958217797586695
2021_Ref_Plot1_B4::80,2021_Ref_Plot1_B4,Field2,test,4,13,0.11100585290081717,7.878655345619853,0.03575501509965559
2021_Ref_Plot1_B4::85,2021_Ref_Plot1_B4,Field2,test,5,14,0.07623294198459656,7.651648452616298,0.010362298651302162
2021_Ref_Plot1_B7::8,2021_Ref_Plot1_B7,Field2,test,7,1,0.7296691761324121,27.54706516003111,0.20728840461276327
2021_Ref_Plot1_B7::16,2021_Ref_Plot1_B7,Field2,test,8,2,0.7935842439766331,31.32046813125958,0.33865025130857157
2021_Ref_Plot1_B7::22,2021_Ref_Plot1_B7,Field2,test,6,3,0.2989050845699183,17.371763650422015,0.08565645824580771
2021_Ref_Plot1_B7::27,2021_Ref_Plot1_B7,Field2,test,5,4,0.3335094405007106,17.44637936208578,0.11246199530928105
2021_Ref_Plot1_B7::35,2021_Ref_Plot1_B7,Field2,test,8,5,0.15637945383129784,13.659681460631354,0.038745080553578164
2021_Ref_Plot1_B7::44,2021_Ref_Plot1_B7,Field2,test,9,6,0.15761952304328375,15.403167092513542,0.03240014384635929
2021_Ref_Plot1_B7::50,2021_Ref_Plot1_B7,Field2,test,6,7,0.14401752115740865,9.516147995227765,0.07588267928041328
2021_Ref_Plot1_B7::57,2021_Ref_Plot1_B7,Field2,test,7,8,0.13415171159168485,11.805281251948767,0.050817346103514155
2021_Ref_Plot1_B7::65,2021_Ref_Plot1_B7,Field2,test,8,9,0.11311169491907817,11.58792081286917,0.03523312756249848
2021_Ref_Plot1_B7::69,2021_Ref_Plot1_B7,Field2,test,4,10,0.15520771620895396,11.88207592882015,0.061804904292636756
2021_Ref_Plot1_B7::71,2021_Ref_Plot1_B7,Field2,test,2,11,0.157640207831491,9.767473946953801,0.09519106543355069
2021_Ref_Plot1_B7::85,2021_Ref_Plot1_B7,Field2,test,5,13,0.07614402254086979,7.439469279603751,0.02170407700226365
2021_Ref_Plot1_C18::8,2021_Ref_Plot1_C18,Field2,test,7,1,0.7323910612201024,27.728291460852827,0.18322839582813955
2021_Ref_Plot1_C18::16,2021_Ref_Plot1_C18,Field2,test,8,2,0.8074043554313416,30.648105320448927,0.367216632003893
2021_Ref_Plot1_C18::22,2021_Ref_Plot1_C18,Field2,test,6,3,0.2986006336961519,15.799562466470158,0.08447398485076256
2021_Ref_Plot1_C18::27,2021_Ref_Plot1_C18,Field2,test,5,4,0.2825765217401028,16.14915638131092,0.10230570615529684
2021_Ref_Plot1_C18::35,2021_Ref_Plot1_C18,Field2,test,8,5,0.15362890549061986,12.610615126629977,0.054175590929533925
2021_Ref_Plot1_C18::44,2021_Ref_Plot1_C18,Field2,test,9,6,0.1269261265154047,14.519649565805054,0.02512465263142669
2021_Ref_Plot1_C18::50,2021_Ref_Plot1_C18,Field2,test,6,7,0.07456884315163503,8.406377276932792,0.03958552690573422
2021_Ref_Plot1_C18::57,2021_Ref_Plot1_C18,Field2,test,7,8,0.10153689545805404,11.704161489172941,0.02659323758233842
2021_Ref_Plot1_C18::65,2021_Ref_Plot1_C18,Field2,test,8,9,0.08723292041400348,10.797015146851294,0.03485263455848825
2021_Ref_Plot1_C18::69,2021_Ref_Plot1_C18,Field2,test,4,10,0.17835528478000026,13.096624235933067,0.06561003628831695
2021_Ref_Plot1_C18::71,2021_Ref_Plot1_C18,Field2,test,2,11,0.1392531015790425,9.253589408543677,0.07453567164828064
2021_Ref_Plot1_C18::76,2021_Ref_Plot1_C18,Field2,test,5,12,0.13108197023991766,13.98623383268274,0.014478439027262063
2021_Ref_Plot1_C18::80,2021_Ref_Plot1_C18,Field2,test,4,13,0.050015952566532317,10.645423889112235,0.015397379521376972
2021_Ref_Plot1_C18::85,2021_Ref_Plot1_C18,Field2,test,5,14,0.0640907113990487,10.538412209419874,0.02288602483551807
2021_Ref_Plot1_C6::8,2021_Ref_Plot1_C6,Field2,test,7,1,0.7364206316756802,28.284129800815396,0.20335842233606172
2021_Ref_Plot1_C6::16,2021_Ref_Plot1_C6,Field2,test,8,2,0.8220136569931245,31.721555231932737,0.3800267567548574
2021_Ref_Plot1_C6::22,2021_Ref_Plot1_C6,Field2,test,6,3,0.3129618058242206,17.074315861822733,0.09366537148865946
2021_Ref_Plot1_C6::27,2021_Ref_Plot1_C6,Field2,test,5,4,0.36716648011872727,17.726820854512006,0.1122086789796267
2021_Ref_Plot1_C6::35,2021_Ref_Plot1_C6,Field2,test,8,5,0.1671045000751796,13.313915196624391,0.04079825026586327
2021_Ref_Plot1_C6::44,2021_Ref_Plot1_C6,Field2,test,9,6,0.1396874327685024,15.389940623488908,0.02016190877826896
2021_Ref_Plot1_C6::50,2021_Ref_Plot1_C6,Field2,test,6,7,0.12850007179018816,9.100768272564824,0.06787568865314376
2021_Ref_Plot1_C6::57,2021_Ref_Plot1_C6,Field2,test,7,8,0.13105184955985671,11.113432047092955,0.027877881795350713
2021_Ref_Plot1_C6::65,2021_Ref_Plot1_C6,Field2,test,8,9,0.13686667176245904,11.2376436093189,0.06434727888842502
2021_Ref_Plot1_C6::69,2021_Ref_Plot1_C6,Field2,test,4,10,0.1916379749885593,12.22725908945595,0.09841121168103095
2021_Ref_Plot1_C6::71,2021_Ref_Plot1_C6,Field2,test,2,11,0.1594305766174983,9.475344000102796,0.09066028289168004
2021_Ref_Plot1_C6::76,2021_Ref_Plot1_C6,Field2,test,5,12,0.19475271902268368,15.078644345298482,0.05879370055706357
2021_Ref_Plot1_C6::80,2021_Ref_Plot1_C6,Field2,test,4,13,0.1778315062381385,8.499053413017412,0.049723350339392944
2021_Ref_Plot1_C6::85,2021_Ref_Plot1_C6,Field2,test,5,14,0.11145070179072103,9.119083928321006,0.04453854423762343
2021_Ref_Plot1_D18::8,2021_Ref_Plot1_D18,Field2,test,7,1,0.7325542021110919,28.224787809083644,0.1871768008078895
2021_Ref_Plot1_D18::16,2021_Ref_Plot1_D18,Field2,test,8,2,0.7976124662557579,30.152406212185397,0.369648098913108
2021_Ref_Plot1_D18::22,2021_Ref_Plot1_D18,Field2,test,6,3,0.29953839296270696,15.85231767953594,0.0891224653802034
2021_Ref_Plot1_D18::27,2021_Ref_Plot1_D18,Field2,test,5,4,0.31453564981072285,16.406743976925547,0.12425145053918328
2021_Ref_Plot1_D18::35,2021_Ref_Plot1_D18,Field2,test,8,5,0.12264606483052072,11.601445843474261,0.022730259755605938
2021_Ref_Plot1_D18::44,2021_Ref_Plot1_D18,Field2,test,9,6,0.1479206464705114,15.918769624078013,0.01869530385904916
2021_Ref_Plot1_D18::50,2021_Ref_Plot1_D18,Field2,test,6,7,0.11653909290485139,9.121150077664204,0.05976574104245282
2021_Ref_Plot1_D18::57,2021_Ref_Plot1_D18,Field2,test,7,8,0.11110341775145736,11.226792381113103,0.02023990450498344
2021_Ref_Plot1_D18::65,2021_Ref_Plot1_D18,Field2,test,8,9,0.08799020702203646,10.678306567853612,0.022148730481186568
2021_Ref_Plot1_D18::69,2021_Ref_Plot1_D18,Field2,test,4,10,0.1560725648988852,12.094821948771731,0.069776548914657
2021_Ref_Plot1_D18::71,2021_Ref_Plot1_D18,Field2,test,2,11,0.16165125268842653,10.213190130953059,0.08555735661852583
2021_Ref_Plot1_D18::76,2021_Ref_Plot1_D18,Field2,test,5,12,0.15976035887718998,14.958705920280398,0.029691403226317106
2021_Ref_Plot1_D18::80,2021_Ref_Plot1_D18,Field2,test,4,13,0.11206628725737089,9.78655110941822,0.04231525747122986
2021_Ref_Plot1_D18::85,2021_Ref_Plot1_D18,Field2,test,5,14,0.06891779953896006,9.627773623157832,0.028239088523831564
2021_Ref_Plot1_D4::8,2021_Ref_Plot1_D4,Field2,test,7,1,0.7314007762036665,27.505340462047062,0.17656520064317177
2021_Ref_Plot1_D4::16,2021_Ref_Plot1_D4,Field2,test,8,2,0.7805367599050176,30.32273673417182,0.32442149363733613
2021_Ref_Plot1_D4::22,2021_Ref_Plot1_D4,Field2,test,6,3,0.2673779720653608,16.861001676621328,0.06944110397145359
2021_Ref_Plot1_D4::27,2021_Ref_Plot1_D4,Field2,test,5,4,0.3033203029390339,15.619107048473568,0.09065869187400398
2021_Ref_Plot1_D4::35,2021_Ref_Plot1_D4,Field2,test,8,5,0.14347143753800237,12.441633911459792,0.042595054055313206
2021_Ref_Plot1_D4::44,2021_Ref_Plot1_D4,Field2,test,9,6,0.14991369678596045,14.894631946849021,0.01784269658433155
2021_Ref_Plot1_D4::50,2021_Ref_Plot1_D4,Field2,test,6,7,0.10140131121561469,8.580149492622503,0.046471204179505385
2021_Ref_Plot1_D4::57,2021_Ref_Plot1_D4,Field2,test,7,8,0.12935123504606494,12.096824890673988,0.041206502099162726
2021_Ref_Plot1_D4::65,2021_Ref_Plot1_D4,Field2,test,8,9,0.10317617905839789,11.36073164884872,0.04097860538418419
2021_Ref_Plot1_D4::69,2021_Ref_Plot1_D4,Field2,test,4,10,0.1951505710112755,13.277746702564624,0.10087985738843981
2021_Ref_Plot1_D4::71,2021_Ref_Plot1_D4,Field2,test,2,11,0.1729907518688373,9.755663377217138,0.10772672400581058
2021_Ref_Plot1_D4::76,2021_Ref_Plot1_D4,Field2,test,5,12,0.1574292707897347,11.701060915537552,0.02091066710187002
2021_Ref_Plot1_D4::80,2021_Ref_Plot1_D4,Field2,test,4,13,0.09677965774448123,8.339904690750268,0.03681154173814276
2021_Ref_Plot1_D4::85,2021_Ref_Plot1_D4,Field2,test,5,14,0.12481009811497068,10.01676901160659,0.05138256404322793
2021_Ref_Plot1_D6::8,2021_Ref_Plot1_D6,Field2,test,7,1,0.7095835812007079,27.909258833988986,0.17105562223406734
2021_Ref_Plot1_D6::16,2021_Ref_Plot1_D6,Field2,test,8,2,0.7871335015514012,30.170496318871702,0.33083852945367753
2021_Ref_Plot1_D6::22,2021_Ref_Plot1_D6,Field2,test,6,3,0.28370494527750495,16.569526306037165,0.08434652411413332
2021_Ref_Plot1_D6::27,2021_Ref_Plot1_D6,Field2,test,5,4,0.3592742433913945,16.86671025577579,0.12573277735101754
2021_Ref_Plot1_D6::35,2021_Ref_Plot1_D6,Field2,test,8,5,0.16154811179853637,12.990215459026203,0.023244490609428237
2021_Ref_Plot1_D6::44,2021_Ref_Plot1_D6,Field2,test,9,6,0.14104073526956137,14.797493032265308,0.025139936801788366
2021_Ref_Plot1_D6::50,2021_Ref_Plot1_D6,Field2,test,6,7,0.12229419315187122,8.619934024863209,0.05645918116179863
2021_Ref_Plot1_D6::57,2021_Ref_Plot1_D6,Field2,test,7,8,0.1414191092118214,11.98891419043387,0.06342474020963187
2021_Ref_Plot1_D6::65,2021_Ref_Plot1_D6,Field2,test,8,9,0.1260401413962998,11.50850887471918,0.05327804217426141
2021_Ref_Plot1_D6::69,2021_Ref_Plot1_D6,Field2,test,4,10,0.18658597885064376,13.145534483685584,0.08172289469370002
2021_Ref_Plot1_D6::71,2021_Ref_Plot1_D6,Field2,test,2,11,0.15347201833966148,9.40404305764866,0.09448321042046143
2021_Ref_Plot1_D6::76,2021_Ref_Plot1_D6,Field2,test,5,12,0.20543431936950832,15.49125441410055,0.02792659404764899
2021_Ref_Plot1_D6::80,2021_Ref_Plot1_D6,Field2,test,4,13,0.21254897386393204,9.573539270852526,0.09068105302629538
2021_Ref_Plot1_D6::85,2021_Ref_Plot1_D6,Field2,test,5,14,0.08347168305970158,9.849735682036625,0.018009488684154407
2021_Ref_Plot1_E2::8,2021_Ref_Plot1_E2,Field2,test,7,1,0.7311148927535266,28.287158296822163,0.1844134259439434
2021_Ref_Plot1_E2::16,2021_Ref_Plot1_E2,Field2,test,8,2,0.776942259325763,29.86296409629611,0.2994352339513258
2021_Ref_Plot1_E2::22,2021_Ref_Plot1_E2,Field2,test,6,3,0.2750587894587711,15.338717029869498,0.07631556250138093
2021_Ref_Plot1_E2::27,2021_Ref_Plot1_E2,Field2,test,5,4,0.30502598101226447,15.135315875790688,0.1124408663295553
2021_Ref_Plot1_E2::35,2021_Ref_Plot1_E2,Field2,test,8,5,0.13668670611513645,11.093085250947311,0.024349822166345018
2021_Ref_Plot1_E2::44,2021_Ref_Plot1_E2,Field2,test,9,6,0.13432650572555374,14.689918021091973,0.011216329928050403
2021_Ref_Plot1_E2::50,2021_Ref_Plot1_E2,Field2,test,6,7,0.10828890226496464,8.594073181927564,0.04722733438186805
2021_Ref_Plot1_E2::57,2021_Ref_Plot1_E2,Field2,test,7,8,0.11267739335149157,11.487607772256279,0.02532724834943696
2021_Ref_Plot1_E2::65,2021_Ref_Plot1_E2,Field2,test,8,9,0.09638130697486857,10.970191737252254,0.016105061849951367
2021_Ref_Plot1_E2::69,2021_Ref_Plot1_E2,Field2,test,4,10,0.18459827675376247,12.602486530156066,0.06398024918801705
2021_Ref_Plot1_E2::71,2021_Ref_Plot1_E2,Field2,test,2,11,0.17550111968280677,9.604720770954792,0.10113184289842485
2021_Ref_Plot1_E2::76,2021_Ref_Plot1_E2,Field2,test,5,12,0.12936115671812287,11.807064611897705,0.01215902467869019
2021_Ref_Plot1_E2::80,2021_Ref_Plot1_E2,Field2,test,4,13,0.09219165767379633,8.588210876462297,0.009913973781803724
2021_Ref_Plot1_E2::85,2021_Ref_Plot1_E2,Field2,test,5,14,0.10102459216068067,8.037721023239037,0.045503652037357435
2021_Ref_Plot1_E8::8,2021_Ref_Plot1_E8,Field2,test,7,1,0.6995713857085425,28.03761904704122,0.15854748811016625
2021_Ref_Plot1_E8::16,2021_Ref_Plot1_E8,Field2,test,8,2,0.7605771596362504,29.529909840675487,0.28026341568369345
2021_Ref_Plot1_E8::22,2021_Ref_Plot1_E8,Field2,test,6,3,0.2925248897502017,16.040479614568973,0.0988540016547239
2021_Ref_Plot1_E8::27,2021_Ref_Plot1_E8,Field2,test,5,4,0.28877764880763684,16.003071356750546,0.10227859768973445
2021_Ref_Plot1_E8::35,2021_Ref_Plot1_E8,Field2,test,8,5,0.158074710798772,11.8014044140961,0.037941480037086354
2021_Ref_Plot1_E8::44,2021_Ref_Plot1_E8,Field2,test,9,6,0.14552877777154238,15.420330718335908,0.021453856189921017
2021_Ref_Plot1_E8::50,2021_Ref_Plot1_E8,Field2,test,6,7,0.11854065124852392,9.157800888335007,0.07234458475378858
2021_Ref_Plot1_E8::57,2021_Ref_Plot1_E8,Field2,test,7,8,0.1149460673161745,11.291438889348903,0.029193524408012407
2021_Ref_Plot1_E8::65,2021_Ref_Plot1_E8,Field2,test,8,9,0.09973117337996538,11.295275065352094,0.02563993810912447
2021_Ref_Plot1_E8::69,2021_Ref_Plot1_E8,Field2,test,4,10,0.17237194301948264,12.867680826426497,0.06067413180770834
2021_Ref_Plot1_E8::71,2021_Ref_Plot1_E8,Field2,test,2,11,0.17675119974956946,9.854974245122131,0.110599325116347
2021_Ref_Plot1_E8::76,2021_Ref_Plot1_E8,Field2,test,5,12,0.18920648878814683,13.798294233762116,0.026017965962053524
2021_Ref_Plot1_E8::80,2021_Ref_Plot1_E8,Field2,test,4,13,0.09057959689883588,8.566284251368915,0.039206418864643405
2021_Ref_Plot1_E8::85,2021_Ref_Plot1_E8,Field2,test,5,14,0.06983577623450661,9.358550112382693,0.029064799238522142
2021_Ref_Plot2_A1::8,2021_Ref_Plot2_A1,Field2,test,7,1,0.613375742706862,25.670378341276404,0.13342743178075914
2021_Ref_Plot2_A1::16,2021_Ref_Plot2_A1,Field2,test,8,2,0.7608561023765937,29.68478857837811,0.32711848850601594
2021_Ref_Plot2_A1::22,2021_Ref_Plot2_A1,Field2,test,6,3,0.29277602812523257,17.736615837869437,0.051211051544820835
2021_Ref_Plot2_A1::27,2021_Ref_Plot2_A1,Field2,test,5,4,0.4172876421359663,17.492386295435345,0.14301346362349263
2021_Ref_Plot2_A1::35,2021_Ref_Plot2_A1,Field2,test,8,5,0.14367636695100183,13.570088694921632,0.024599699855141245
2021_Ref_Plot2_A1::44,2021_Ref_Plot2_A1,Field2,test,9,6,0.09891463526718201,10.297717043854709,0.024177412109735702
2021_Ref_Plot2_A1::50,2021_Ref_Plot2_A1,Field2,test,6,7,0.15324549255494238,10.444908054887138,0.07155440730814458
2021_Ref_Plot2_A1::57,2021_Ref_Plot2_A1,Field2,test,7,8,0.16735737530271497,11.849061300842683,0.05798825500647676
2021_Ref_Plot2_A1::65,2021_Ref_Plot2_A1,Field2,test,8,9,0.1506801535708352,11.32798811099391,0.07165953553932584
2021_Ref_Plot2_A1::69,2021_Ref_Plot2_A1,Field2,test,4,10,0.18786386325073798,11.717446612469022,0.08538407083008623
2021_Ref_Plot2_A1::71,2021_Ref_Plot2_A1,Field2,test,2,11,0.11361835605244437,7.948163554306426,0.04665686315877532
2021_Ref_Plot2_A1::76,2021_Ref_Plot2_A1,Field2,test,5,12,0.18472003226959563,10.82769814872222,0.023140278721156534
2021_Ref_Plot2_A1::80,2021_Ref_Plot2_A1,Field2,test,4,13,0.08500941395734633,8.305920225290496,0.019164261968720227
2021_Ref_Plot2_A1::85,2021_Ref_Plot2_A1,Field2,test,5,14,0.11593782816045001,9.79066965373467,0.05729301485110891
2021_Ref_Plot2_A13::8,2021_Ref_Plot2_A13,Field2,test,7,1,0.6431852473702517,25.891461600599857,0.16247854719598892
2021_Ref_Plot2_A13::16,2021_Ref_Plot2_A13,Field2,test,8,2,0.8167675200405858,31.704413848239916,0.3963683110831156
2021_Ref_Plot2_A13::22,2021_Ref_Plot2_A13,Field2,test,6,3,0.3288108750999714,18.672799885893344,0.0771766228599589
2021_Ref_Plot2_A13::27,2021_Ref_Plot2_A13,Field2,test,5,4,0.40909051459733375,18.522578662459456,0.11184373180022728
2021_Ref_Plot2_A13::35,2021_Ref_Plot2_A13,Field2,test,8,5,0.15085770907237467,13.361108246966928,0.031028337081576013
2021_Ref_Plot2_A13::44,2021_Ref_Plot2_A13,Field2,test,9,6,0.09247769066437032,11.189039338764085,0.022746393095487715
2021_Ref_Plot2_A13::50,2021_Ref_Plot2_A13,Field2,test,6,7,0.1436544530787158,9.320284482352415,0.08250737393542891
2021_Ref_Plot2_A13::57,2021_Ref_Plot2_A13,Field2,test,7,8,0.13152964120435617,11.140467522278907,0.04678645969466134
2021_Ref_Plot2_A13::65,2021_Ref_Plot2_A13,Field2,test,8,9,0.13153628457132419,11.324090926503747,0.05596670339893683
2021_Ref_Plot2_A13::69,2021_Ref_Plot2_A13,Field2,test,4,10,0.14633022114786212,11.47681799000673,0.06626711911268186
2021_Ref_Plot2_A13::71,2021_Ref_Plot2_A13,Field2,test,2,11,0.15272390886172751,9.529387017870853,0.08200249962957727
2021_Ref_Plot2_A13::76,2021_Ref_Plot2_A13,Field2,test,5,12,0.11528310853641077,12.390617961803844,0.022525879938329156
2021_Ref_Plot2_A13::80,2021_Ref_Plot2_A13,Field2,test,4,13,0.13554610818159327,9.260342780093966,0.04712920337581023
2021_Ref_Plot2_A13::85,2021_Ref_Plot2_A13,Field2,test,5,14,0.08280346942685786,9.496728562160593,0.023397404857823587
2021_Ref_Plot2_A15::8,2021_Ref_Plot2_A15,Field2,test,7,1,0.6594443765137242,27.117614827816965,0.16740964261620872
2021_Ref_Plot2_A15::16,2021_Ref_Plot2_A15,Field2,test,8,2,0.7733249307138618,29.98668027378734,0.32401217920035835
2021_Ref_Plot2_A15::22,2021_Ref_Plot2_A15,Field2,test,6,3,0.3220271118096841,18.213514776624805,0.06651675110115475
2021_Ref_Plot2_A15::27,2021_Ref_Plot2_A15,Field2,test,5,4,0.3904996577058976,18.032108012323075,0.10271818898541805
2021_Ref_Plot2_A15::35,2021_Ref_Plot2_A15,Field2,test,8,5,0.15308260141868518,12.308820090024641,0.027583571959552165
2021_Ref_Plot2_A15::44,2021_Ref_Plot2_A15,Field2,test,9,6,0.09105251821145494,10.487638639677465,0.015139512623676108
2021_Ref_Plot2_A15::50,2021_Ref_Plot2_A15,Field2,test,6,7,0.14372248872049107,9.512080872200553,0.07728616031724969
2021_Ref_Plot2_A15::57,2021_Ref_Plot2_A15,Field2,test,7,8,0.13418518400391158,10.678914994791205,0.04972909950660085
2021_Ref_Plot2_A15::65,2021_Ref_Plot2_A15,Field2,test,8,9,0.13661053760601774,11.676084242848713,0.06275708492981191
2021_Ref_Plot2_A15::69,2021_Ref_Plot2_A15,Field2,test,4,10,0.1749818851042466,12.058721988527362,0.09185016172096865
2021_Ref_Plot2_A15::71,2021_Ref_Plot2_A15,Field2,test,2,11,0.14029199663974115,8.975780444612191,0.0819071853508151
2021_Ref_Plot2_A15::76,2021_Ref_Plot2_A15,Field2,test,5,12,0.1174879018735842,12.111156083157493,0.026075607706910735
2021_Ref_Plot2_A15::80,2021_Ref_Plot2_A15,Field2,test,4,13,0.10696650642909711,8.586918827206333,0.04414439756063855
2021_Ref_Plot2_A15::85,2021_Ref_Plot2_A15,Field2,test,5,14,0.12850818907657402,9.026775231756801,0.07081805392971577
2021_Ref_Plot2_B17::8,2021_Ref_Plot2_B17,Field2,test,7,1,0.6938122085333059,27.457813761751417,0.2161142399743186
2021_Ref_Plot2_B17::16,2021_Ref_Plot2_B17,Field2,test,8,2,0.776771956922163,30.05595384254015,0.3085759327587455
2021_Ref_Plot2_B17::22,2021_Ref_Plot2_B17,Field2,test,6,3,0.3316693594023313,18.011116268418593,0.0862507206713705
2021_Ref_Plot2_B17::27,2021_Ref_Plot2_B17,Field2,test,5,4,0.35581305700919313,17.91956236610305,0.10216159096562301
2021_Ref_Plot2_B17::35,2021_Ref_Plot2_B17,Field2,test,8,5,0.16103078976765825,13.348201618732215,0.04168807592522411
2021_Ref_Plot2_B17::44,2021_Ref_Plot2_B17,Field2,test,9,6,0.10111343723782092,10.856407954657728,0.03328299356306253
2021_Ref_Plot2_B17::50,2021_Ref_Plot2_B17,Field2,test,6,7,0.14211210797573823,9.143911392882186,0.08325587695898919
2021_Ref_Plot2_B17::57,2021_Ref_Plot2_B17,Field2,test,7,8,0.13604599753731028,11.62528892962538,0.060929841902794504
2021_Ref_Plot2_B17::65,2021_Ref_Plot2_B17,Field2,test,8,9,0.09532543710671493,10.259411264010252,0.03836121936230614
2021_Ref_Plot2_B17::69,2021_Ref_Plot2_B17,Field2,test,4,10,0.16944204345870095,12.315595188495559,0.06851425558737113
2021_Ref_Plot2_B17::71,2021_Ref_Plot2_B17,Field2,test,2,11,0.1606474240146073,9.091871343078449,0.09818086798281636
2021_Ref_Plot2_B17::76,2021_Ref_Plot2_B17,Field2,test,5,12,0.12332631157238372,9.798880281300658,0.01965263005635515
2021_Ref_Plot2_B17::80,2021_Ref_Plot2_B17,Field2,test,4,13,0.13523944398775758,8.306638927166771,0.04288434386825721
2021_Ref_Plot2_B17::85,2021_Ref_Plot2_B17,Field2,test,5,14,0.17360421950946092,10.502827212970738,0.08480272771173415
2021_Ref_Plot2_B4::8,2021_Ref_Plot2_B4,Field2,test,7,1,0.6793083623013821,26.99872697253852,0.15942831941913194
2021_Ref_Plot2_B4::16,2021_Ref_Plot2_B4,Field2,test,8,2,0.7712707284758942,30.50278022803985,0.30348259033573316
2021_Ref_Plot2_B4::22,2021_Ref_Plot2_B4,Field2,test,6,3,0.29064439430111905,18.417972175104445,0.05293725326239732
2021_Ref_Plot2_B4::27,2021_Ref_Plot2_B4,Field2,test,5,4,0.4436339702108712,19.183681130014772,0.15253289568422948
2021_Ref_Plot2_B4::35,2021_Ref_Plot2_B4,Field2,test,8,5,0.15181488770804366,13.663827935190508,0.041480341589858014
2021_Ref_Plot2_B4::44,2021_Ref_Plot2_B4,Field2,test,9,6,0.1240696394357068,13.257311716820634,0.02923270736922724
2021_Ref_Plot2_B4::50,2021_Ref_Plot2_B4,Field2,test,6,7,0.16800099600526577,9.592415390513086,0.09638299572049434
2021_Ref_Plot2_B4::57,2021_Ref_Plot2_B4,Field2,test,7,8,0.14212658141763976,11.273121654840896,0.049762663735457166
2021_Ref_Plot2_B4::65,2021_Ref_Plot2_B4,Field2,test,8,9,0.13122557368265908,9.969488848460745,0.05456191145601769
2021_Ref_Plot2_B4::69,2021_Ref_Plot2_B4,Field2,test,4,10,0.17084761439703441,11.9916180916241,0.08020294848052963
2021_Ref_Plot2_B4::71,2021_Ref_Plot2_B4,Field2,test,2,11,0.17846892835198416,10.013982130036803,0.10744422769222328
2021_Ref_Plot2_B4::76,2021_Ref_Plot2_B4,Field2,test,5,12,0.19814873982931513,13.839783477177415,0.03948581957682751
2021_Ref_Plot2_B4::80,2021_Ref_Plot2_B4,Field2,test,4,13,0.08424850253066409,7.341228034373964,0.02103727559135038
2021_Ref_Plot2_B4::85,2021_Ref_Plot2_B4,Field2,test,5,14,0.12631443612632295,8.813067904801215,0.060689071880722374
2021_Ref_Plot2_C1::8,2021_Ref_Plot2_C1,Field2,test,7,1,0.656214585099253,24.9643118635711,0.12686573147965893
2021_Ref_Plot2_C1::16,2021_Ref_Plot2_C1,Field2,test,8,2,0.746193705605676,28.88228050047232,0.2918659801137787
2021_Ref_Plot2_C1::22,2021_Ref_Plot2_C1,Field2,test,6,3,0.2973280539958932,16.80971327023688,0.07118873267694352
2021_Ref_Plot2_C1::27,2021_Ref_Plot2_C1,Field2,test,5,4,0.3824095282742044,17.336651263739892,0.15519793726786685
2021_Ref_Plot2_C1::35,2021_Ref_Plot2_C1,Field2,test,8,5,0.14225298890509888,13.019932562680454,0.03431479119253562
2021_Ref_Plot2_C1::44,2021_Ref_Plot2_C1,Field2,test,9,6,0.10429408196563572,12.466100188114188,0.014233650298032446
2021_Ref_Plot2_C1::50,2021_Ref_Plot2_C1,Field2,test,6,7,0.1657608418855344,9.610625943948717,0.10627159689987177
2021_Ref_Plot2_C1::57,2021_Ref_Plot2_C1,Field2,test,7,8,0.13471946128548526,11.057398747869824,0.046795841551381216
2021_Ref_Plot2_C1::65,2021_Ref_Plot2_C1,Field2,test,8,9,0.08136158343852762,9.32206890786323,0.022042084214792992
2021_Ref_Plot2_C1::69,2021_Ref_Plot2_C1,Field2,test,4,10,0.1791809154391788,12.719444124771169,0.1061148088258462
2021_Ref_Plot2_C1::71,2021_Ref_Plot2_C1,Field2,test,2,11,0.15785404719471222,8.373173670255191,0.08791985735190078
2021_Ref_Plot2_C1::76,2021_Ref_Plot2_C1,Field2,test,5,12,0.18083008702340464,12.860170734790469,0.02477410115441547
2021_Ref_Plot2_C1::80,2021_Ref_Plot2_C1,Field2,test,4,13,0.08125333837665846,7.860096304505191,0.012263772830106871
2021_Ref_Plot2_C1::85,2021_Ref_Plot2_C1,Field2,test,5,14,0.09451849842612059,9.169206444030353,0.029311878609865505
2021_Ref_Plot2_C10::8,2021_Ref_Plot2_C10,Field2,test,7,1,0.6994347728783444,27.083314618927187,0.20564363316874054
2021_Ref_Plot2_C10::16,2021_Ref_Plot2_C10,Field2,test,8,2,0.7691395039560517,29.594362064182967,0.3037251503829213
2021_Ref_Plot2_C10::22,2021_Ref_Plot2_C10,Field2,test,6,3,0.308629036455965,16.536339278601115,0.08468768396321556
2021_Ref_Plot2_C10::27,2021_Ref_Plot2_C10,Field2,test,5,4,0.33486519562177147,16.80892128800215,0.09676656268220693
2021_Ref_Plot2_C10::35,2021_Ref_Plot2_C10,Field2,test,8,5,0.14491734930144085,12.145229816650033,0.02983822184800947
2021_Ref_Plot2_C10::44,2021_Ref_Plot2_C10,Field2,test,9,6,0.10781070081373885,11.966433637695339,0.027843257331316654
2021_Ref_Plot2_C10::50,2021_Ref_Plot2_C10,Field2,test,6,7,0.12386782136819423,9.061643868133084,0.07273036593568595
2021_Ref_Plot2_C10::57,2021_Ref_Plot2_C10,Field2,test,7,8,0.10757066240915185,10.260973762062529,0.03687243312230923
2021_Ref_Plot2_C10::65,2021_Ref_Plot2_C10,Field2,test,8,9,0.11170721110515791,9.270136260974565,0.05753525558884579
2021_Ref_Plot2_C10::69,2021_Ref_Plot2_C10,Field2,test,4,10,0.18777575158047619,12.442248965785263,0.10354373480658272
2021_Ref_Plot2_C10::71,2021_Ref_Plot2_C10,Field2,test,2,11,0.10432000742473169,8.129111449439229,0.046186882162084296
2021_Ref_Plot2_C10::76,2021_Ref_Plot2_C10,Field2,test,5,12,0.12266189327257276,12.590834618455684,0.027303061359139895
2021_Ref_Plot2_C10::80,2021_Ref_Plot2_C10,Field2,test,4,13,0.10594445354254545,8.808337514931692,0.03742698202859037
2021_Ref_Plot2_C10::85,2021_Ref_Plot2_C10,Field2,test,5,14,0.1134452440778896,10.09481921668482,0.06905509850435532
2021_Ref_Plot2_C16::8,2021_Ref_Plot2_C16,Field2,test,7,1,0.6882608613440949,27.04407900485552,0.19553295541163784
2021_Ref_Plot2_C16::16,2021_Ref_Plot2_C16,Field2,test,8,2,0.7827482099373967,29.988110354414722,0.3144160802115891
2021_Ref_Plot2_C16::22,2021_Ref_Plot2_C16,Field2,test,6,3,0.3269081852501139,16.387782118711144,0.07963814192196038
2021_Ref_Plot2_C16::27,2021_Ref_Plot2_C16,Field2,test,5,4,0.32722599731718255,17.17886710046117,0.09271309370027012
2021_Ref_Plot2_C16::35,2021_Ref_Plot2_C16,Field2,test,8,5,0.1714142413599867,13.18996476256049,0.04252729626121381
2021_Ref_Plot2_C16::44,2021_Ref_Plot2_C16,Field2,test,9,6,0.10980073021546627,11.631950440521134,0.03344782609372903
2021_Ref_Plot2_C16::50,2021_Ref_Plot2_C16,Field2,test,6,7,0.11887684652763247,9.070436083740653,0.06173816918502902
2021_Ref_Plot2_C16::57,2021_Ref_Plot2_C16,Field2,test,7,8,0.10616796711836622,11.188111116871976,0.02668814345733948
2021_Ref_Plot2_C16::65,2021_Ref_Plot2_C16,Field2,test,8,9,0.1067345241964831,10.307217677594249,0.05776259855420665
2021_Ref_Plot2_C16::69,2021_Ref_Plot2_C16,Field2,test,4,10,0.1719990274860339,12.698052628603907,0.06296526811460967
2021_Ref_Plot2_C16::71,2021_Ref_Plot2_C16,Field2,test,2,11,0.14183163114607755,7.656671584671035,0.05732890510311762
2021_Ref_Plot2_C16::76,2021_Ref_Plot2_C16,Field2,test,5,12,0.16362161132546418,11.636661338206515,0.020558347402500395
2021_Ref_Plot2_C16::80,2021_Ref_Plot2_C16,Field2,test,4,13,0.10414346668209562,9.295919883113285,0.026449828390545327
2021_Ref_Plot2_C16::85,2021_Ref_Plot2_C16,Field2,test,5,14,0.14515354943101413,10.312966123558272,0.09341284206897503
2021_Ref_Plot2_C18::8,2021_Ref_Plot2_C18,Field2,test,7,1,0.6967520205521637,27.071604428993624,0.16775203490778598
2021_Ref_Plot2_C18::16,2021_Ref_Plot2_C18,Field2,test,8,2,0.7766964152340924,30.193358122413784,0.30101327375245807
2021_Ref_Plot2_C18::22,2021_Ref_Plot2_C18,Field2,test,6,3,0.31102152511366515,16.739661834959463,0.055535130141795466
2021_Ref_Plot2_C18::27,2021_Ref_Plot2_C18,Field2,test,5,4,0.31847584483699,17.335813412909047,0.0878991726397641
2021_Ref_Plot2_C18::35,2021_Ref_Plot2_C18,Field2,test,8,5,0.1667197670941797,12.410139074797165,0.0329800536563287
2021_Ref_Plot2_C18::44,2021_Ref_Plot2_C18,Field2,test,9,6,0.09217587082893147,10.574510769171496,0.024854626634504225
2021_Ref_Plot2_C18::50,2021_Ref_Plot2_C18,Field2,test,6,7,0.13138453716097473,9.019554372080167,0.0714995577444284
2021_Ref_Plot2_C18::57,2021_Ref_Plot2_C18,Field2,test,7,8,0.11757713574280315,11.39147315536687,0.046165833884734775
2021_Ref_Plot2_C18::65,2021_Ref_Plot2_C18,Field2,test,8,9,0.10093233221939955,10.127223089430057,0.045312587631544464
2021_Ref_Plot2_C18::69,2021_Ref_Plot2_C18,Field2,test,4,10,0.16667811714907535,12.296438032405643,0.06877775435522307
2021_Ref_Plot2_C18::71,2021_Ref_Plot2_C18,Field2,test,2,11,0.10072034097589135,7.690885416177318,0.030063395166215527
2021_Ref_Plot2_C18::76,2021_Ref_Plot2_C18,Field2,test,5,12,0.14962433096125735,12.661700363545643,0.022243479824996474
2021_Ref_Plot2_C18::80,2021_Ref_Plot2_C18,Field2,test,4,13,0.08326944530016867,8.06616042680298,0.003047368495563189
2021_Ref_Plot2_C18::85,2021_Ref_Plot2_C18,Field2,test,5,14,0.10228477280990263,9.001062818352235,0.0545965275229199
2021_Ref_Plot2_C2::8,2021_Ref_Plot2_C2,Field2,test,7,1,0.6829074464950132,25.913140963352134,0.15467304361305415
2021_Ref_Plot2_C2::16,2021_Ref_Plot2_C2,Field2,test,8,2,0.7538071590318438,29.884942591185307,0.29062861809591817
2021_Ref_Plot2_C2::22,2021_Ref_Plot2_C2,Field2,test,6,3,0.2933364900499171,17.602530071824873,0.04826449025985912
2021_Ref_Plot2_C2::27,2021_Ref_Plot2_C2,Field2,test,5,4,0.42808612425106274,18.673612389706662,0.1646511796880593
2021_Ref_Plot2_C2::35,2021_Ref_Plot2_C2,Field2,test,8,5,0.15391860840296248,13.360407045447873,0.02954431702349808
2021_Ref_Plot2_C2::44,2021_Ref_Plot2_C2,Field2,test,9,6,0.10125508412731166,12.535166767611802,0.014479344440317884
2021_Ref_Plot2_C2::50,2021_Ref_Plot2_C2,Field2,test,6,7,0.1593549895288892,9.86001057806097,0.08783879821449563
2021_Ref_Plot2_C2::57,2021_Ref_Plot2_C2,Field2,test,7,8,0.1365754835336932,11.305344975489673,0.04740108751954493
2021_Ref_Plot2_C2::65,2021_Ref_Plot2_C2,Field2,test,8,9,0.0999207230026981,9.191819906963037,0.032247918672988006
2021_Ref_Plot2_C2::69,2021_Ref_Plot2_C2,Field2,test,4,10,0.16284951210513568,11.889509503315406,0.0685234360743864
2021_Ref_Plot2_C2::71,2021_Ref_Plot2_C2,Field2,test,2,11,0.11056285520361342,6.891936420856912,0.05595824986354614
2021_Ref_Plot2_C2::76,2021_Ref_Plot2_C2,Field2,test,5,12,0.21310350761698427,14.602743868205632,0.03536724177823653
2021_Ref_Plot2_C2::80,2021_Ref_Plot2_C2,Field2,test,4,13,0.10958408730799811,8.90918020753545,0.026172302739786796
2021_Ref_Plot2_C2::85,2021_Ref_Plot2_C2,Field2,test,5,14,0.08436246263708658,9.460203583376698,0.03561921942809252
2021_Ref_Plot2_C3::8,2021_Ref_Plot2_C3,Field2,test,7,1,0.6823441562086628,26.806011006240475,0.16441819161532084
2021_Ref_Plot2_C3::16,2021_Ref_Plot2_C3,Field2,test,8,2,0.7726882275341703,30.598944920630252,0.3083441743283879
2021_Ref_Plot2_C3::22,2021_Ref_Plot2_C3,Field2,test,6,3,0.2935729308351401,17.236255544011918,0.06799648221210286
2021_Ref_Plot2_C3::27,2021_Ref_Plot2_C3,Field2,test,5,4,0.4209127353219253,19.00281425353324,0.13717838494269446
2021_Ref_Plot2_C3::35,2021_Ref_Plot2_C3,Field2,test,8,5,0.1519549642003022,13.765954590362508,0.026845295440386184
2021_Ref_Plot2_C3::44,2021_Ref_Plot2_C3,Field2,test,9,6,0.12261301276849379,13.320234350875573,0.020754056886107108
2021_Ref_Plot2_C3::50,2021_Ref_Plot2_C3,Field2,test,6,7,0.14952135871766764,9.655197387109911,0.09387806447752212
2021_Ref_Plot2_C3::57,2021_Ref_Plot2_C3,Field2,test,7,8,0.1352071830953081,11.810698314570601,0.050369673067378634
2021_Ref_Plot2_C3::65,2021_Ref_Plot2_C3,Field2,test,8,9,0.11611494882214768,9.291088452330815,0.059620330659027096
2021_Ref_Plot2_C3::69,2021_Ref_Plot2_C3,Field2,test,4,10,0.15048677027887056,11.970379855021669,0.05731064778532679
2021_Ref_Plot2_C3::71,2021_Ref_Plot2_C3,Field2,test,2,11,0.13982186712569733,8.636340399349823,0.08634452835577933
2021_Ref_Plot2_C3::76,2021_Ref_Plot2_C3,Field2,test,5,12,0.18035360081917054,14.878149482917276,0.03780650594418673
2021_Ref_Plot2_C3::80,2021_Ref_Plot2_C3,Field2,test,4,13,0.06453259483678234,8.682865756611424,-0.004497380594953956
2021_Ref_Plot2_C3::85,2021_Ref_Plot2_C3,Field2,test,5,14,0.06780831219703941,8.676081595576791,0.010384251414797162
2021_Ref_Plot2_D12::8,2021_Ref_Plot2_D12,Field2,test,7,1,0.723842273383798,27.826841722041067,0.22427668790035835
2021_Ref_Plot2_D12::16,2021_Ref_Plot2_D12,Field2,test,8,2,0.7624204954233743,30.072871919099846,0.3073150466539587
2021_Ref_Plot2_D12::22,2021_Ref_Plot2_D12,Field2,test,6,3,0.26049584882443133,16.34041586786178,0.08346685480591982
2021_Ref_Plot2_D12::27,2021_Ref_Plot2_D12,Field2,test,5,4,0.26482775876123477,16.250472240239702,0.08202480342875478
2021_Ref_Plot2_D12::35,2021_Ref_Plot2_D12,Field2,test,8,5,0.13913843454995486,12.423506736362942,0.04263726619031618
2021_Ref_Plot2_D12::44,2021_Ref_Plot2_D12,Field2,test,9,6,0.08680583519613556,11.259811872441094,0.022712738752998198
2021_Ref_Plot2_D12::50,2021_Ref_Plot2_D12,Field2,test,6,7,0.11051452153967821,9.145648400513213,0.07152477659707185
2021_Ref_Plot2_D12::57,2021_Ref_Plot2_D12,Field2,test,7,8,0.08549654102527693,11.26793707778111,0.030862243661537395
2021_Ref_Plot2_D12::65,2021_Ref_Plot2_D12,Field2,test,8,9,0.06798309510096284,9.556148939644318,0.031013119321928993
2021_Ref_Plot2_D12::69,2021_Ref_Plot2_D12,Field2,test,4,10,0.1359386149881879,12.63943972824865,0.05254735312398688
2021_Ref_Plot2_D12::71,2021_Ref_Plot2_D12,Field2,test,2,11,0.08152309373868825,7.985592664582686,0.03575880873680307
2021_Ref_Plot2_D12::76,2021_Ref_Plot2_D12,Field2,test,5,12,0.11740011578992582,12.288311998965183,0.01664500821545314
2021_Ref_Plot2_D12::80,2021_Ref_Plot2_D12,Field2,test,4,13,0.06678261195699993,9.072211284470955,0.031805150893967606
2021_Ref_Plot2_D12::85,2021_Ref_Plot2_D12,Field2,test,5,14,0.06063020695851687,10.72149781599049,0.02132819399300366
2021_Ref_Plot2_D5::8,2021_Ref_Plot2_D5,Field2,test,7,1,0.7194319196221769,27.78907767557628,0.199750108164795
2021_Ref_Plot2_D5::16,2021_Ref_Plot2_D5,Field2,test,8,2,0.7815176875611477,31.29847738340379,0.3084632970693573
2021_Ref_Plot2_D5::22,2021_Ref_Plot2_D5,Field2,test,6,3,0.28697242807385814,17.053362505120873,0.10223937289344524
2021_Ref_Plot2_D5::27,2021_Ref_Plot2_D5,Field2,test,5,4,0.315525034638727,16.877939388917437,0.12075000775612879
2021_Ref_Plot2_D5::35,2021_Ref_Plot2_D5,Field2,test,8,5,0.12235840500111428,12.382197567641812,0.023273376090338676
2021_Ref_Plot2_D5::44,2021_Ref_Plot2_D5,Field2,test,9,6,0.1008934047663807,13.442926222016274,0.011483628888054064
2021_Ref_Plot2_D5::50,2021_Ref_Plot2_D5,Field2,test,6,7,0.10456546856361469,9.298968526558623,0.05637831682489146
2021_Ref_Plot2_D5::57,2021_Ref_Plot2_D5,Field2,test,7,8,0.10464278787894954,11.331106887724843,0.036857682303046285
2021_Ref_Plot2_D5::65,2021_Ref_Plot2_D5,Field2,test,8,9,0.08039032646299792,8.676038489340348,0.043517679982411184
2021_Ref_Plot2_D5::69,2021_Ref_Plot2_D5,Field2,test,4,10,0.14899614542113349,12.506057541441294,0.05318196945462274
2021_Ref_Plot2_D5::71,2021_Ref_Plot2_D5,Field2,test,2,11,0.15792076212762826,9.794612797577265,0.10501827707775721
2021_Ref_Plot2_D5::76,2021_Ref_Plot2_D5,Field2,test,5,12,0.16396807154203905,13.917968520679109,0.022517817439754884
2021_Ref_Plot2_D5::80,2021_Ref_Plot2_D5,Field2,test,4,13,0.07644662997361944,9.836796560187071,0.033796414788017884
2021_Ref_Plot2_D5::85,2021_Ref_Plot2_D5,Field2,test,5,14,0.09868052073335887,11.314883168319035,0.049911088595849105
2021_Ref_Plot2_E1::8,2021_Ref_Plot2_E1,Field2,test,7,1,0.658100837924705,26.08826344095968,0.16525676979022852
2021_Ref_Plot2_E1::16,2021_Ref_Plot2_E1,Field2,test,8,2,0.7274294153842119,29.657395826621887,0.2846268430844145
2021_Ref_Plot2_E1::22,2021_Ref_Plot2_E1,Field2,test,6,3,0.25276623217305305,16.26561054406588,0.05623694267623134
2021_Ref_Plot2_E1::27,2021_Ref_Plot2_E1,Field2,test,5,4,0.2232331958897655,16.128008013301212,0.06105864567386174
2021_Ref_Plot2_E1::35,2021_Ref_Plot2_E1,Field2,test,8,5,0.10460880010441452,11.814507414074741,0.02173321363286552
2021_Ref_Plot2_E1::44,2021_Ref_Plot2_E1,Field2,test,9,6,0.13021336798840036,14.634845075100136,0.02153499560894317
2021_Ref_Plot2_E1::50,2021_Ref_Plot2_E1,Field2,test,6,7,0.07624497759303966,9.576135579812334,0.03629840127854485
2021_Ref_Plot2_E1::57,2021_Ref_Plot2_E1,Field2,test,7,8,0.09013810951880978,12.141169722331671,0.026547967952963755
2021_Ref_Plot2_E1::65,2021_Ref_Plot2_E1,Field2,test,8,9,0.06206975278325497,9.377540371445882,0.029530043163081186
2021_Ref_Plot2_E1::69,2021_Ref_Plot2_E1,Field2,test,4,10,0.11644100609968173,12.156559996120377,0.05200646885891853
2021_Ref_Plot2_E1::71,2021_Ref_Plot2_E1,Field2,test,2,11,0.09787582386583295,8.367923202271436,0.035922060617842866
2021_Ref_Plot2_E1::76,2021_Ref_Plot2_E1,Field2,test,5,12,0.14655971615644375,14.826451737543637,0.021041150890840434
2021_Ref_Plot2_E1::80,2021_Ref_Plot2_E1,Field2,test,4,13,0.05453124092469571,9.587487153188102,0.02029503606544379
2021_Ref_Plot2_E1::85,2021_Ref_Plot2_E1,Field2,test,5,14,0.040903563730024184,10.632112437009129,0.004801955112221563
2021_Ref_Plot2_E18::8,2021_Ref_Plot2_E18,Field2,test,7,1,0.6625018291794759,27.187496707523117,0.16449204698776512
2021_Ref_Plot2_E18::16,2021_Ref_Plot2_E18,Field2,test,8,2,0.746292060355954,29.551579577996424,0.26073098396636335
2021_Ref_Plot2_E18::22,2021_Ref_Plot2_E18,Field2,test,6,3,0.2862985219660813,16.46531232251924,0.05801701806827237
2021_Ref_Plot2_E18::27,2021_Ref_Plot2_E18,Field2,test,5,4,0.260365337544104,16.450486895411924,0.06800099545674543
2021_Ref_Plot2_E18::35,2021_Ref_Plot2_E18,Field2,test,8,5,0.10184638702686433,11.925958258538156,0.014359403427460365
2021_Ref_Plot2_E18::44,2021_Ref_Plot2_E18,Field2,test,9,6,0.09014779139001565,13.079598576568813,0.0222982309205735
2021_Ref_Plot2_E18::50,2021_Ref_Plot2_E18,Field2,test,6,7,0.08019218461506257,10.238472652460493,0.045537602981163966
2021_Ref_Plot2_E18::57,2021_Ref_Plot2_E18,Field2,test,7,8,0.06586715187769517,11.862889077540949,0.01709470470832609
2021_Ref_Plot2_E18::65,2021_Ref_Plot2_E18,Field2,test,8,9,0.06501393782695124,10.189233339719463,0.02108179600535646
2021_Ref_Plot2_E18::69,2021_Ref_Plot2_E18,Field2,test,4,10,0.12872451673035504,12.321071727680799,0.03508767113385896
2021_Ref_Plot2_E18::71,2021_Ref_Plot2_E18,Field2,test,2,11,0.1068477764059078,9.085380689590812,0.0548382905057333
2021_Ref_Plot2_E18::76,2021_Ref_Plot2_E18,Field2,test,5,12,0.09497251666485662,11.709660009879945,0.004353939738799501
2021_Ref_Plot2_E18::80,2021_Ref_Plot2_E18,Field2,test,4,13,0.0493931089032178,9.737078667866857,0.018871376594281595
2021_Ref_Plot2_E18::85,2021_Ref_Plot2_E18,Field2,test,5,14,0.04605786359488667,10.587840903316078,0.014043716161132343
2021_Ref_Plot2_E7::8,2021_Ref_Plot2_E7,Field2,test,7,1,0.6359955285052874,26.46139444626058,0.11853989706202396
2021_Ref_Plot2_E7::16,2021_Ref_Plot2_E7,Field2,test,8,2,0.668387382092293,27.48657792231006,0.16838388407176008
2021_Ref_Plot2_E7::22,2021_Ref_Plot2_E7,Field2,test,6,3,0.20309892061130566,14.868852840739288,0.04520573749318881
2021_Ref_Plot2_E7::27,2021_Ref_Plot2_E7,Field2,test,5,4,0.21449159612808963,15.86340140760919,0.06512934603460176
2021_Ref_Plot2_E7::35,2021_Ref_Plot2_E7,Field2,test,8,5,0.09175951505094948,12.299123833268805,0.01678959709713311
2021_Ref_Plot2_E7::44,2021_Ref_Plot2_E7,Field2,test,9,6,0.10867266791293878,14.566421092221702,0.011575794591691417
2021_Ref_Plot2_E7::50,2021_Ref_Plot2_E7,Field2,test,6,7,0.05758302376824586,10.024183017419793,0.02397046414286154
2021_Ref_Plot2_E7::57,2021_Ref_Plot2_E7,Field2,test,7,8,0.07117001041768911,11.807600417362423,0.014995699783191272
2021_Ref_Plot2_E7::65,2021_Ref_Plot2_E7,Field2,test,8,9,0.05009371137653857,9.607943613344835,0.015227722422825971
2021_Ref_Plot2_E7::69,2021_Ref_Plot2_E7,Field2,test,4,10,0.12514792889049126,12.572279584074732,0.04619033282216622
2021_Ref_Plot2_E7::71,2021_Ref_Plot2_E7,Field2,test,2,11,0.0878971024683306,9.517451903789263,0.041946214019432264
2021_Ref_Plot2_E7::76,2021_Ref_Plot2_E7,Field2,test,5,12,0.12445879909648243,13.984011813498821,0.013554336452247564
2021_Ref_Plot2_E7::80,2021_Ref_Plot2_E7,Field2,test,4,13,0.05138871993654415,10.271192946735122,0.027732398112348827
2021_Ref_Plot2_E7::85,2021_Ref_Plot2_E7,Field2,test,5,14,0.055093198454273185,10.82142332236348,0.020142745966665605
2021_Ref_Plot3_A6::8,2021_Ref_Plot3_A6,Field2,test,7,1,0.7338855947826296,28.071092934195203,0.22319962243380023
2021_Ref_Plot3_A6::16,2021_Ref_Plot3_A6,Field2,test,8,2,0.7968716876158756,31.064426196924842,0.3555512497769473
2021_Ref_Plot3_A6::22,2021_Ref_Plot3_A6,Field2,test,6,3,0.2960252401297445,17.05754223629263,0.08108845223341066
2021_Ref_Plot3_A6::27,2021_Ref_Plot3_A6,Field2,test,5,4,0.2818100366562881,16.514154633666166,0.09424217435196564
2021_Ref_Plot3_A6::35,2021_Ref_Plot3_A6,Field2,test,8,5,0.16625093559392307,13.391823691012853,0.03335944479290095
2021_Ref_Plot3_A6::44,2021_Ref_Plot3_A6,Field2,test,9,6,0.11101660403080472,10.14044002851085,0.029320065944048065
2021_Ref_Plot3_A6::50,2021_Ref_Plot3_A6,Field2,test,6,7,0.12586339057583476,8.7936797977105,0.06928088311930229
2021_Ref_Plot3_A6::57,2021_Ref_Plot3_A6,Field2,test,7,8,0.11402944445429149,9.820487993366287,0.040539439899226384
2021_Ref_Plot3_A6::65,2021_Ref_Plot3_A6,Field2,test,8,9,0.130148082405468,11.880096714207438,0.04919363147245037
2021_Ref_Plot3_A6::69,2021_Ref_Plot3_A6,Field2,test,4,10,0.2273365322078327,12.373874733116523,0.0989477950258126
2021_Ref_Plot3_A6::71,2021_Ref_Plot3_A6,Field2,test,2,11,0.15620194100463022,9.416621327243748,0.08796013844761878
2021_Ref_Plot3_A6::76,2021_Ref_Plot3_A6,Field2,test,5,12,0.16695615290224178,12.142506108198672,0.02153990366461552
2021_Ref_Plot3_A6::80,2021_Ref_Plot3_A6,Field2,test,4,13,0.0939840348876368,8.122565696230131,0.03093417085554808
2021_Ref_Plot3_A6::85,2021_Ref_Plot3_A6,Field2,test,5,14,0.09517100747383545,8.936399168050638,0.03668067648021634
2021_Ref_Plot3_A7::8,2021_Ref_Plot3_A7,Field2,test,7,1,0.7320873605668622,27.131160291326907,0.22901378254616037
2021_Ref_Plot3_A7::16,2021_Ref_Plot3_A7,Field2,test,8,2,0.8100312094132806,31.22118500677516,0.3830088913047603
2021_Ref_Plot3_A7::22,2021_Ref_Plot3_A7,Field2,test,6,3,0.33179776052779725,18.052819126586026,0.09472791506792903
2021_Ref_Plot3_A7::27,2021_Ref_Plot3_A7,Field2,test,5,4,0.34147780395809013,17.299141033914335,0.09859013969252561
2021_Ref_Plot3_A7::35,2021_Ref_Plot3_A7,Field2,test,8,5,0.15762013185434057,12.652401545176819,0.037179507567942534
2021_Ref_Plot3_A7::44,2021_Ref_Plot3_A7,Field2,test,9,6,0.11547075816426296,9.627590654843912,0.034168823872749075
2021_Ref_Plot3_A7::50,2021_Ref_Plot3_A7,Field2,test,6,7,0.13896035353694255,9.302667213833391,0.07335634594265684
2021_Ref_Plot3_A7::57,2021_Ref_Plot3_A7,Field2,test,7,8,0.13491368236884851,10.605118684230327,0.06637929057085523
2021_Ref_Plot3_A7::65,2021_Ref_Plot3_A7,Field2,test,8,9,0.10601555519416767,11.411515057827032,0.029059694040368254
2021_Ref_Plot3_A7::69,2021_Ref_Plot3_A7,Field2,test,4,10,0.2052896132255734,12.400115070967779,0.10774508839708416
2021_Ref_Plot3_A7::71,2021_Ref_Plot3_A7,Field2,test,2,11,0.1625545008874056,9.822727260076844,0.09317370499230558
2021_Ref_Plot3_A7::76,2021_Ref_Plot3_A7,Field2,test,5,12,0.11840524095388893,10.465853521359369,0.012044172501071777
2021_Ref_Plot3_A7::80,2021_Ref_Plot3_A7,Field2,test,4,13,0.07725948788395855,8.666097805636399,0.01790386122763652
2021_Ref_Plot3_A7::85,2021_Ref_Plot3_A7,Field2,test,5,14,0.09735796534528622,10.105875788940113,0.06650752331499817
2021_Ref_Plot3_B1::8,2021_Ref_Plot3_B1,Field2,test,7,1,0.7004143350750617,26.69154195195439,0.19253943953584338
2021_Ref_Plot3_B1::16,2021_Ref_Plot3_B1,Field2,test,8,2,0.8019766449636091,31.3990944084089,0.33080565595013733
2021_Ref_Plot3_B1::22,2021_Ref_Plot3_B1,Field2,test,6,3,0.3387435874961025,18.35254923944639,0.10557809606379485
2021_Ref_Plot3_B1::27,2021_Ref_Plot3_B1,Field2,test,5,4,0.3401175785871875,17.9869896677402,0.10281791108292089
2021_Ref_Plot3_B1::35,2021_Ref_Plot3_B1,Field2,test,8,5,0.1890051111563511,12.979044879692712,0.027748970742935624
2021_Ref_Plot3_B1::44,2021_Ref_Plot3_B1,Field2,test,9,6,0.13897303118119722,10.50333114582511,0.04336164699316449
2021_Ref_Plot3_B1::50,2021_Ref_Plot3_B1,Field2,test,6,7,0.16114704938611474,9.583809979926102,0.09333818725650093
2021_Ref_Plot3_B1::57,2021_Ref_Plot3_B1,Field2,test,7,8,0.1420698187156606,11.096210468572336,0.057035054312737574
2021_Ref_Plot3_B1::65,2021_Ref_Plot3_B1,Field2,test,8,9,0.1321246146892357,10.710607884887413,0.04715076592785489
2021_Ref_Plot3_B1::69,2021_Ref_Plot3_B1,Field2,test,4,10,0.18366518879694158,11.79420391676507,0.08035417850721671
2021_Ref_Plot3_B1::71,2021_Ref_Plot3_B1,Field2,test,2,11,0.1859700790634343,10.188672541923667,0.12350537918953965
2021_Ref_Plot3_B1::76,2021_Ref_Plot3_B1,Field2,test,5,12,0.14461286971777798,11.752039379476864,0.017182483613951468
2021_Ref_Plot3_B1::80,2021_Ref_Plot3_B1,Field2,test,4,13,0.08697590173729781,7.317005913437956,0.010076880503161814
2021_Ref_Plot3_B1::85,2021_Ref_Plot3_B1,Field2,test,5,14,0.0686582373515514,8.430795742735116,0.01869999078324651
2021_Ref_Plot3_B10::8,2021_Ref_Plot3_B10,Field2,test,7,1,0.744342867958996,27.45830850579177,0.23076630658051617
2021_Ref_Plot3_B10::16,2021_Ref_Plot3_B10,Field2,test,8,2,0.8164566578074917,31.376192245031838,0.36439933318506507
2021_Ref_Plot3_B10::22,2021_Ref_Plot3_B10,Field2,test,6,3,0.31828691252693897,18.44353191678259,0.09495758762831774
2021_Ref_Plot3_B10::27,2021_Ref_Plot3_B10,Field2,test,5,4,0.3640094492216737,17.63369656229766,0.11699517227468277
2021_Ref_Plot3_B10::35,2021_Ref_Plot3_B10,Field2,test,8,5,0.18888238357446466,13.28525357203625,0.027161892755478704
2021_Ref_Plot3_B10::44,2021_Ref_Plot3_B10,Field2,test,9,6,0.17299116547356072,10.36386391073091,0.05909154184933827
2021_Ref_Plot3_B10::50,2021_Ref_Plot3_B10,Field2,test,6,7,0.1277082392564438,9.187827476986762,0.0726352057321599
2021_Ref_Plot3_B10::57,2021_Ref_Plot3_B10,Field2,test,7,8,0.12464513735887879,10.15966107079229,0.04800279120186978
2021_Ref_Plot3_B10::65,2021_Ref_Plot3_B10,Field2,test,8,9,0.10777879598111872,10.354520056418032,0.02481171720315082
2021_Ref_Plot3_B10::69,2021_Ref_Plot3_B10,Field2,test,4,10,0.16695446254585344,11.898199912196638,0.08843271338263879
2021_Ref_Plot3_B10::71,2021_Ref_Plot3_B10,Field2,test,2,11,0.18820151791049075,9.869135119994324,0.11786514517017038
2021_Ref_Plot3_B10::76,2021_Ref_Plot3_B10,Field2,test,5,12,0.12546514732628347,12.791944318351076,0.04412183707862381
2021_Ref_Plot3_B10::80,2021_Ref_Plot3_B10,Field2,test,4,13,0.07395326423650712,8.425336486411974,0.01728043080410958
2021_Ref_Plot3_B10::85,2021_Ref_Plot3_B10,Field2,test,5,14,0.13174412788824594,10.188193262763612,0.071977092174922
2021_Ref_Plot3_B12::8,2021_Ref_Plot3_B12,Field2,test,7,1,0.7343262828012035,27.464473787354898,0.19761923101065215
2021_Ref_Plot3_B12::16,2021_Ref_Plot3_B12,Field2,test,8,2,0.8229385852506858,31.851241299750384,0.35784750276520255
2021_Ref_Plot3_B12::22,2021_Ref_Plot3_B12,Field2,test,6,3,0.321237140322378,17.079231567443294,0.09102100385549726
2021_Ref_Plot3_B12::27,2021_Ref_Plot3_B12,Field2,test,5,4,0.3434261664564852,17.389549201869052,0.1127195264467623
2021_Ref_Plot3_B12::35,2021_Ref_Plot3_B12,Field2,test,8,5,0.15802638950833622,12.712575719576023,0.02945205670767559
2021_Ref_Plot3_B12::44,2021_Ref_Plot3_B12,Field2,test,9,6,0.14248458216731272,10.391309407551635,0.04811848757489575
2021_Ref_Plot3_B12::50,2021_Ref_Plot3_B12,Field2,test,6,7,0.129588443435364,9.031360823307441,0.060845343125474766
2021_Ref_Plot3_B12::57,2021_Ref_Plot3_B12,Field2,test,7,8,0.11246585134974314,10.248756276300723,0.04377149691155757
2021_Ref_Plot3_B12::65,2021_Ref_Plot3_B12,Field2,test,8,9,0.09180917266570376,10.176352646255989,0.025812957235711916
2021_Ref_Plot3_B12::69,2021_Ref_Plot3_B12,Field2,test,4,10,0.15908040645826826,11.70079641853797,0.06892470016774664
2021_Ref_Plot3_B12::71,2021_Ref_Plot3_B12,Field2,test,2,11,0.14764237822454726,9.671767509577018,0.0933886805072267
2021_Ref_Plot3_B12::76,2021_Ref_Plot3_B12,Field2,test,5,12,0.12052804587540926,11.357804678149265,0.018654526349157187
2021_Ref_Plot3_B12::80,2021_Ref_Plot3_B12,Field2,test,4,13,0.05441932461302343,8.33455572501023,0.008782367508582625
2021_Ref_Plot3_B12::85,2021_Ref_Plot3_B12,Field2,test,5,14,0.08355637381887808,9.741551030940848,0.028198524458338488
2021_Ref_Plot3_B17::8,2021_Ref_Plot3_B17,Field2,test,7,1,0.7398688674398556,28.595199908681288,0.2253628454683944
2021_Ref_Plot3_B17::16,2021_Ref_Plot3_B17,Field2,test,8,2,0.8163940264326768,31.51585136986089,0.3456611245669642
2021_Ref_Plot3_B17::22,2021_Ref_Plot3_B17,Field2,test,6,3,0.3360088420892146,17.140368433032457,0.10257532696023759
2021_Ref_Plot3_B17::27,2021_Ref_Plot3_B17,Field2,test,5,4,0.27198385874865516,16.653323723941153,0.07231714400524462
2021_Ref_Plot3_B17::35,2021_Ref_Plot3_B17,Field2,test,8,5,0.133935674139208,12.515240109549728,0.035264190399532776
2021_Ref_Plot3_B17::44,2021_Ref_Plot3_B17,Field2,test,9,6,0.14286032649635458,9.976043591349885,0.06752807043624551
2021_Ref_Plot3_B17::50,2021_Ref_Plot3_B17,Field2,test,6,7,0.12485962421199286,8.92619646885495,0.06998609202415275
2021_Ref_Plot3_B17::57,2021_Ref_Plot3_B17,Field2,test,7,8,0.10492100084874796,9.555536224526445,0.05127523145143729
2021_Ref_Plot3_B17::65,2021_Ref_Plot3_B17,Field2,test,8,9,0.12398569140023917,10.53980789109188,0.044317418328716024
2021_Ref_Plot3_B17::69,2021_Ref_Plot3_B17,Field2,test,4,10,0.18506757902989449,11.691548585659978,0.10041321886826883
2021_Ref_Plot3_B17::71,2021_Ref_Plot3_B17,Field2,test,2,11,0.17081285862283804,9.090193398355806,0.09109991570501082
2021_Ref_Plot3_B17::76,2021_Ref_Plot3_B17,Field2,test,5,12,0.11172808661477,10.086843020821217,0.020701414886089724
2021_Ref_Plot3_B17::80,2021_Ref_Plot3_B17,Field2,test,4,13,0.07453373120580824,8.401013647716729,0.033768471994988135
2021_Ref_Plot3_B17::85,2021_Ref_Plot3_B17,Field2,test,5,14,0.09799521278888396,9.184675248110691,0.05186499013737682
2021_Ref_Plot3_B3::8,2021_Ref_Plot3_B3,Field2,test,7,1,0.7220029527661019,27.81543797224346,0.2194566443328082
2021_Ref_Plot3_B3::16,2021_Ref_Plot3_B3,Field2,test,8,2,0.8176902437165975,31.12617167515338,0.35790071148399727
2021_Ref_Plot3_B3::22,2021_Ref_Plot3_B3,Field2,test,6,3,0.294220133772023,17.390271288975192,0.07345736798811937
2021_Ref_Plot3_B3::27,2021_Ref_Plot3_B3,Field2,test,5,4,0.33496489690826775,17.82517515081648,0.09283049054434594
2021_Ref_Plot3_B3::35,2021_Ref_Plot3_B3,Field2,test,8,5,0.1934597756842615,13.80880155438337,0.05193583949330431
2021_Ref_Plot3_B3::44,2021_Ref_Plot3_B3,Field2,test,9,6,0.1322387655239972,10.715823310006119,0.04848283936916942
2021_Ref_Plot3_B3::50,2021_Ref_Plot3_B3,Field2,test,6,7,0.15973274399248252,9.521430397592095,0.08556459583536997
2021_Ref_Plot3_B3::57,2021_Ref_Plot3_B3,Field2,test,7,8,0.1540619589991416,11.331066673550428,0.07124598305810423
2021_Ref_Plot3_B3::65,2021_Ref_Plot3_B3,Field2,test,8,9,0.12945981728006498,11.289404017225017,0.06728924545850841
2021_Ref_Plot3_B3::69,2021_Ref_Plot3_B3,Field2,test,4,10,0.21961487433407148,12.37653448572301,0.10796997484165437
2021_Ref_Plot3_B3::71,2021_Ref_Plot3_B3,Field2,test,2,11,0.11410659294957783,8.197939741035164,0.05244218446619844
2021_Ref_Plot3_B3::76,2021_Ref_Plot3_B3,Field2,test,5,12,0.1766727838876483,11.996192006321543,0.03408486593804149
2021_Ref_Plot3_B3::80,2021_Ref_Plot3_B3,Field2,test,4,13,0.09179221272905734,8.148324961995028,0.024177924734136724
2021_Ref_Plot3_B3::85,2021_Ref_Plot3_B3,Field2,test,5,14,0.09513376709562045,9.235105198938289,0.05090526393549769
2021_Ref_Plot3_B6::8,2021_Ref_Plot3_B6,Field2,test,7,1,0.7279946531454856,26.16406849705948,0.21799823939448107
2021_Ref_Plot3_B6::16,2021_Ref_Plot3_B6,Field2,test,8,2,0.8105759974753323,31.01307832809029,0.3402550407681087
2021_Ref_Plot3_B6::22,2021_Ref_Plot3_B6,Field2,test,6,3,0.3329161415450366,17.714123267741936,0.10206891170028622
2021_Ref_Plot3_B6::27,2021_Ref_Plot3_B6,Field2,test,5,4,0.35231901127951565,17.784914874049583,0.11053988692488954
2021_Ref_Plot3_B6::35,2021_Ref_Plot3_B6,Field2,test,8,5,0.20381346709120396,13.956565421269207,0.054746233602492464
2021_Ref_Plot3_B6::44,2021_Ref_Plot3_B6,Field2,test,9,6,0.14860407974888257,10.292962466003225,0.06286665939624027
2021_Ref_Plot3_B6::50,2021_Ref_Plot3_B6,Field2,test,6,7,0.184881968308111,9.979232631754364,0.11573248425605455
2021_Ref_Plot3_B6::57,2021_Ref_Plot3_B6,Field2,test,7,8,0.12743089120287446,10.371728028285256,0.03776902651400663
2021_Ref_Plot3_B6::65,2021_Ref_Plot3_B6,Field2,test,8,9,0.12669673431709327,10.80036576557357,0.061056484002903665
2021_Ref_Plot3_B6::69,2021_Ref_Plot3_B6,Field2,test,4,10,0.26163378942064597,13.126365224724205,0.12005356892265148
2021_Ref_Plot3_B6::71,2021_Ref_Plot3_B6,Field2,test,2,11,0.16316913651098422,9.395785295749935,0.09306267312868423
2021_Ref_Plot3_B6::76,2021_Ref_Plot3_B6,Field2,test,5,12,0.2009975363422204,13.031630170616102,0.040616344277599074
2021_Ref_Plot3_B6::80,2021_Ref_Plot3_B6,Field2,test,4,13,0.08828228436980412,8.193685970796205,0.0263514662017559
2021_Ref_Plot3_B6::85,2021_Ref_Plot3_B6,Field2,test,5,14,0.12008526118362474,8.558510851700552,0.05979510667817748
2021_Ref_Plot3_B7::8,2021_Ref_Plot3_B7,Field2,test,7,1,0.739819110018544,26.619026323285038,0.2329432707120873
2021_Ref_Plot3_B7::16,2021_Ref_Plot3_B7,Field2,test,8,2,0.7941445366090346,30.19912674670447,0.32416821844522625
2021_Ref_Plot3_B7::22,2021_Ref_Plot3_B7,Field2,test,6,3,0.30521811113055136,17.743905755233186,0.08319133083172144
2021_Ref_Plot3_B7::27,2021_Ref_Plot3_B7,Field2,test,5,4,0.33353622754736384,17.957319016430123,0.10812619049567836
2021_Ref_Plot3_B7::35,2021_Ref_Plot3_B7,Field2,test,8,5,0.17647017741683224,13.484108406416926,0.026500574752590277
2021_Ref_Plot3_B7::44,2021_Ref_Plot3_B7,Field2,test,9,6,0.13823629766047427,10.654659175449037,0.05164983967659093
2021_Ref_Plot3_B7::50,2021_Ref_Plot3_B7,Field2,test,6,7,0.1604834284710159,9.97041353775153,0.09584725006912088
2021_Ref_Plot3_B7::57,2021_Ref_Plot3_B7,Field2,test,7,8,0.11623216270741565,10.484006508480972,0.04705945362979772
2021_Ref_Plot3_B7::65,2021_Ref_Plot3_B7,Field2,test,8,9,0.11738293652825775,10.576612613370465,0.04317453629138714
2021_Ref_Plot3_B7::69,2021_Ref_Plot3_B7,Field2,test,4,10,0.24203605023399366,12.945224633809111,0.10287811688335856
2021_Ref_Plot3_B7::71,2021_Ref_Plot3_B7,Field2,test,2,11,0.19163873398196593,10.371021868729775,0.1299814670411417
2021_Ref_Plot3_B7::76,2021_Ref_Plot3_B7,Field2,test,5,12,0.1432611213976784,12.802271416198796,0.022644696238623942
2021_Ref_Plot3_B7::80,2021_Ref_Plot3_B7,Field2,test,4,13,0.07646144358864627,9.258881891355603,0.027090081482183833
2021_Ref_Plot3_B7::85,2021_Ref_Plot3_B7,Field2,test,5,14,0.09251551951250347,9.389440085958435,0.05534303968798355
2021_Ref_Plot3_B8::8,2021_Ref_Plot3_B8,Field2,test,7,1,0.735087290179815,27.09242011438185,0.2032731670510774
2021_Ref_Plot3_B8::16,2021_Ref_Plot3_B8,Field2,test,8,2,0.8085759663729964,30.777786809805356,0.32968236401455187
2021_Ref_Plot3_B8::22,2021_Ref_Plot3_B8,Field2,test,6,3,0.29620698563163306,17.464837593108104,0.07996935651984327
2021_Ref_Plot3_B8::27,2021_Ref_Plot3_B8,Field2,test,5,4,0.28281068345604915,16.871634964194644,0.07683528896308654
2021_Ref_Plot3_B8::35,2021_Ref_Plot3_B8,Field2,test,8,5,0.18070652055084624,13.717752051662156,0.03581073849416642
2021_Ref_Plot3_B8::44,2021_Ref_Plot3_B8,Field2,test,9,6,0.1240794757346728,10.198968153731801,0.04518379155761607
2021_Ref_Plot3_B8::50,2021_Ref_Plot3_B8,Field2,test,6,7,0.1576139632660165,9.424925952358315,0.09141877718907455
2021_Ref_Plot3_B8::57,2021_Ref_Plot3_B8,Field2,test,7,8,0.10102471756120135,10.602767280373065,0.022766483271501447
2021_Ref_Plot3_B8::65,2021_Ref_Plot3_B8,Field2,test,8,9,0.10625702627254219,10.372189998693669,0.03489359810781831
2021_Ref_Plot3_B8::69,2021_Ref_Plot3_B8,Field2,test,4,10,0.18572165718602815,11.941684090101528,0.0846790345232326
2021_Ref_Plot3_B8::71,2021_Ref_Plot3_B8,Field2,test,2,11,0.16703860641766677,9.426576038310886,0.10183782594606561
2021_Ref_Plot3_B8::76,2021_Ref_Plot3_B8,Field2,test,5,12,0.12330510837188528,11.516141920180356,0.0266742727217126
2021_Ref_Plot3_B8::80,2021_Ref_Plot3_B8,Field2,test,4,13,0.09940334745502699,8.15324669441376,0.03132756542470645
2021_Ref_Plot3_B8::85,2021_Ref_Plot3_B8,Field2,test,5,14,0.1089506793508096,8.537454392465635,0.048268939950221294
2021_Ref_Plot3_C15::8,2021_Ref_Plot3_C15,Field2,test,7,1,0.7366762808003138,26.873967971379088,0.23360343852409649
2021_Ref_Plot3_C15::16,2021_Ref_Plot3_C15,Field2,test,8,2,0.7973729353341784,31.02747167886381,0.3478211161271132
2021_Ref_Plot3_C15::22,2021_Ref_Plot3_C15,Field2,test,6,3,0.318311108282606,16.551025795860518,0.08460430432544858
2021_Ref_Plot3_C15::27,2021_Ref_Plot3_C15,Field2,test,5,4,0.2874279920111024,16.488330974932694,0.0810159678974036
2021_Ref_Plot3_C15::35,2021_Ref_Plot3_C15,Field2,test,8,5,0.1678702457171005,12.301416241986008,0.052844359549442756
2021_Ref_Plot3_C15::44,2021_Ref_Plot3_C15,Field2,test,9,6,0.09403891749649694,9.080887327242683,0.03444941750753289
2021_Ref_Plot3_C15::50,2021_Ref_Plot3_C15,Field2,test,6,7,0.15412231401436038,8.719684375122247,0.09064017443683171
2021_Ref_Plot3_C15::57,2021_Ref_Plot3_C15,Field2,test,7,8,0.09583841554040708,9.835680834526958,0.04122188618398756
2021_Ref_Plot3_C15::65,2021_Ref_Plot3_C15,Field2,test,8,9,0.07935012797781289,8.956666285456002,0.024936257287046966
2021_Ref_Plot3_C15::69,2021_Ref_Plot3_C15,Field2,test,4,10,0.14433956366323042,11.516394558905581,0.06673784133481851
2021_Ref_Plot3_C15::71,2021_Ref_Plot3_C15,Field2,test,2,11,0.11345098290583644,8.917075675496674,0.058036138134728674
2021_Ref_Plot3_C15::76,2021_Ref_Plot3_C15,Field2,test,5,12,0.11395762594809865,11.608342402662714,0.015585851623999905
2021_Ref_Plot3_C15::80,2021_Ref_Plot3_C15,Field2,test,4,13,0.10604078404957008,9.73300226551057,0.05186653144861061
2021_Ref_Plot3_C15::85,2021_Ref_Plot3_C15,Field2,test,5,14,0.11475961075280332,10.281247779761637,0.0513992850233285
2021_Ref_Plot3_C2::8,2021_Ref_Plot3_C2,Field2,test,7,1,0.7063250590713638,27.552104057048904,0.19310702397451243
2021_Ref_Plot3_C2::16,2021_Ref_Plot3_C2,Field2,test,8,2,0.8185800301285132,31.599854765894037,0.37742436855396966
2021_Ref_Plot3_C2::22,2021_Ref_Plot3_C2,Field2,test,6,3,0.30409895068339937,16.687914023380678,0.08609489433208029
2021_Ref_Plot3_C2::27,2021_Ref_Plot3_C2,Field2,test,5,4,0.29179793350174466,16.788533539914866,0.08742137936642252
2021_Ref_Plot3_C2::35,2021_Ref_Plot3_C2,Field2,test,8,5,0.19527799874524562,13.083630026897886,0.05130811526899146
2021_Ref_Plot3_C2::44,2021_Ref_Plot3_C2,Field2,test,9,6,0.11879331967003363,10.582965224125525,0.03707869330478726
2021_Ref_Plot3_C2::50,2021_Ref_Plot3_C2,Field2,test,6,7,0.15390888683486312,8.92299797032995,0.08751771149698151
2021_Ref_Plot3_C2::57,2021_Ref_Plot3_C2,Field2,test,7,8,0.1529821054492846,11.35049998239493,0.07354467513365401
2021_Ref_Plot3_C2::65,2021_Ref_Plot3_C2,Field2,test,8,9,0.11227017180522185,9.634308316074833,0.04324657867322064
2021_Ref_Plot3_C2::69,2021_Ref_Plot3_C2,Field2,test,4,10,0.17069901831187465,11.464007067758308,0.06252394372951102
2021_Ref_Plot3_C2::71,2021_Ref_Plot3_C2,Field2,test,2,11,0.15805917817478618,9.734563168199236,0.09828813727036359
2021_Ref_Plot3_C2::76,2021_Ref_Plot3_C2,Field2,test,5,12,0.20356136893430724,14.318835443607103,0.03388430813816016
2021_Ref_Plot3_C2::80,2021_Ref_Plot3_C2,Field2,test,4,13,0.06128104360612169,7.587689828327821,0.0016186534305721375
2021_Ref_Plot3_C2::85,2021_Ref_Plot3_C2,Field2,test,5,14,0.13764459106631002,10.147253087647957,0.0673817598265873
2021_Ref_Plot3_C3::8,2021_Ref_Plot3_C3,Field2,test,7,1,0.7070333542889603,26.759832930667223,0.1935952397839622
2021_Ref_Plot3_C3::16,2021_Ref_Plot3_C3,Field2,test,8,2,0.7916126377824299,30.324855514454654,0.3471904677223241
2021_Ref_Plot3_C3::22,2021_Ref_Plot3_C3,Field2,test,6,3,0.31388521746360737,16.99739556817084,0.08579183412301183
2021_Ref_Plot3_C3::27,2021_Ref_Plot3_C3,Field2,test,5,4,0.30194819073453266,16.25675931693969,0.0971723786734108
2021_Ref_Plot3_C3::35,2021_Ref_Plot3_C3,Field2,test,8,5,0.16421472321877087,12.411607630339176,0.0263410936655366
2021_Ref_Plot3_C3::44,2021_Ref_Plot3_C3,Field2,test,9,6,0.10386855577380921,10.105921594217888,0.042201879683716116
2021_Ref_Plot3_C3::50,2021_Ref_Plot3_C3,Field2,test,6,7,0.15017771981084427,9.472518815872007,0.08791350782122324
2021_Ref_Plot3_C3::57,2021_Ref_Plot3_C3,Field2,test,7,8,0.1089507346608375,10.637759643099635,0.03487467784044058
2021_Ref_Plot3_C3::65,2021_Ref_Plot3_C3,Field2,test,8,9,0.09305247547362465,10.133910220258091,0.029514887049963676
2021_Ref_Plot3_C3::69,2021_Ref_Plot3_C3,Field2,test,4,10,0.19234796643704788,12.178175478054738,0.09063964116000674
2021_Ref_Plot3_C3::71,2021_Ref_Plot3_C3,Field2,test,2,11,0.1270963541809921,9.096291819520117,0.06367085075400179
2021_Ref_Plot3_C3::76,2021_Ref_Plot3_C3,Field2,test,5,12,0.19786222068906115,12.671004776766717,0.022072424310480968
2021_Ref_Plot3_C3::80,2021_Ref_Plot3_C3,Field2,test,4,13,0.09022093666132704,9.171408376246566,0.01648537115819347
2021_Ref_Plot3_C3::85,2021_Ref_Plot3_C3,Field2,test,5,14,0.11809258915384067,9.891899566881259,0.0652385936151653
2021_Ref_Plot3_C4::8,2021_Ref_Plot3_C4,Field2,test,7,1,0.7100674084847457,27.153658920407086,0.21061157730556945
2021_Ref_Plot3_C4::16,2021_Ref_Plot3_C4,Field2,test,8,2,0.7761528652824218,29.617417511884497,0.3317307517728498
2021_Ref_Plot3_C4::22,2021_Ref_Plot3_C4,Field2,test,6,3,0.32284279082806444,16.920677123252652,0.0983168061440124
2021_Ref_Plot3_C4::27,2021_Ref_Plot3_C4,Field2,test,5,4,0.29184505876536027,16.014869165710618,0.0781363189763504
2021_Ref_Plot3_C4::35,2021_Ref_Plot3_C4,Field2,test,8,5,0.15882992876779317,12.02651980249051,0.04642530496953024
2021_Ref_Plot3_C4::44,2021_Ref_Plot3_C4,Field2,test,9,6,0.10232054958405494,8.677938319662541,0.04299443295178341
2021_Ref_Plot3_C4::50,2021_Ref_Plot3_C4,Field2,test,6,7,0.15772982082601003,9.258144758503615,0.09538675216674879
2021_Ref_Plot3_C4::57,2021_Ref_Plot3_C4,Field2,test,7,8,0.12417306763615092,11.251185070849532,0.061620805871789426
2021_Ref_Plot3_C4::65,2021_Ref_Plot3_C4,Field2,test,8,9,0.08498735380216378,9.300209862512046,0.021881801837191954
2021_Ref_Plot3_C4::69,2021_Ref_Plot3_C4,Field2,test,4,10,0.20615490421486196,11.707323829167715,0.09882097047755985
2021_Ref_Plot3_C4::71,2021_Ref_Plot3_C4,Field2,test,2,11,0.1326034167915679,8.24792139485136,0.04893170138155847
2021_Ref_Plot3_C4::76,2021_Ref_Plot3_C4,Field2,test,5,12,0.18725543464951055,12.461138358536452,0.022331223930490945
2021_Ref_Plot3_C4::80,2021_Ref_Plot3_C4,Field2,test,4,13,0.10893654669217105,8.9248652334099,0.03960860479339718
2021_Ref_Plot3_C4::85,2021_Ref_Plot3_C4,Field2,test,5,14,0.12489932721534187,10.3698104821879,0.06172053935982437
2021_Ref_Plot3_D1::8,2021_Ref_Plot3_D1,Field2,test,7,1,0.7044639865841869,26.871492513153193,0.18029132446815596
2021_Ref_Plot3_D1::16,2021_Ref_Plot3_D1,Field2,test,8,2,0.7875764651164386,30.73798381329427,0.3592528311712357
2021_Ref_Plot3_D1::22,2021_Ref_Plot3_D1,Field2,test,6,3,0.2764615780358537,16.15995190959702,0.07329587543284183
2021_Ref_Plot3_D1::27,2021_Ref_Plot3_D1,Field2,test,5,4,0.31120223817785897,17.278654666159202,0.11132581362473168
2021_Ref_Plot3_D1::35,2021_Ref_Plot3_D1,Field2,test,8,5,0.1546135647178429,12.806750608127386,0.029546955651681302
2021_Ref_Plot3_D1::44,2021_Ref_Plot3_D1,Field2,test,9,6,0.12589547705448131,10.91095291942763,0.03589172934003352
2021_Ref_Plot3_D1::50,2021_Ref_Plot3_D1,Field2,test,6,7,0.1380591945160965,9.187091653454159,0.07244915611934927
2021_Ref_Plot3_D1::57,2021_Ref_Plot3_D1,Field2,test,7,8,0.1453620747171697,11.440184351152405,0.04195921566217068
2021_Ref_Plot3_D1::65,2021_Ref_Plot3_D1,Field2,test,8,9,0.09224473035892855,8.948513469323615,0.025208380452557976
2021_Ref_Plot3_D1::69,2021_Ref_Plot3_D1,Field2,test,4,10,0.18313658429784177,12.556133787564379,0.06989359294013324
2021_Ref_Plot3_D1::71,2021_Ref_Plot3_D1,Field2,test,2,11,0.20651199795775307,9.03575134684479,0.1400122605753437
2021_Ref_Plot3_D1::76,2021_Ref_Plot3_D1,Field2,test,5,12,0.1575739367529491,14.833820863242215,0.03876783501192405
2021_Ref_Plot3_D1::80,2021_Ref_Plot3_D1,Field2,test,4,13,0.10696205946250921,8.169855612950714,0.0458188344940732
2021_Ref_Plot3_D1::85,2021_Ref_Plot3_D1,Field2,test,5,14,0.08430505069320222,9.506154031924378,0.030657446156717363
2021_Ref_Plot3_D15::8,2021_Ref_Plot3_D15,Field2,test,7,1,0.7154542360866353,27.848019612284723,0.19992535965928257
2021_Ref_Plot3_D15::16,2021_Ref_Plot3_D15,Field2,test,8,2,0.780989381439035,30.92241825667344,0.3500883651052174
2021_Ref_Plot3_D15::22,2021_Ref_Plot3_D15,Field2,test,6,3,0.30879363704311635,16.730311428931618,0.09236645539999981
2021_Ref_Plot3_D15::27,2021_Ref_Plot3_D15,Field2,test,5,4,0.31759537146691885,17.463234348052033,0.12261436885232706
2021_Ref_Plot3_D15::35,2021_Ref_Plot3_D15,Field2,test,8,5,0.16141589122819314,12.755170161377096,0.03626812152634751
2021_Ref_Plot3_D15::44,2021_Ref_Plot3_D15,Field2,test,9,6,0.09771345796203906,10.274027114061361,0.03707665625151668
2021_Ref_Plot3_D15::50,2021_Ref_Plot3_D15,Field2,test,6,7,0.14343327377906512,8.772567850524208,0.08148540576493041
2021_Ref_Plot3_D15::57,2021_Ref_Plot3_D15,Field2,test,7,8,0.10660030293496538,10.928119552004372,0.03515008209845435
2021_Ref_Plot3_D15::65,2021_Ref_Plot3_D15,Field2,test,8,9,0.08802686141362576,8.833574095735177,0.05987770943410817
2021_Ref_Plot3_D15::69,2021_Ref_Plot3_D15,Field2,test,4,10,0.16315378696188065,11.913991821704373,0.08855008370006834
2021_Ref_Plot3_D15::71,2021_Ref_Plot3_D15,Field2,test,2,11,0.10871979388123132,9.233285734210561,0.06250491096148379
2021_Ref_Plot3_D15::76,2021_Ref_Plot3_D15,Field2,test,5,12,0.12523775632391898,12.342009329065196,0.01466937536891529
2021_Ref_Plot3_D15::80,2021_Ref_Plot3_D15,Field2,test,4,13,0.07736289991411997,9.270900858377818,0.009876751960998489
2021_Ref_Plot3_D15::85,2021_Ref_Plot3_D15,Field2,test,5,14,0.15951271886248694,10.696256184780342,0.06942421120523065
2021_Ref_Plot3_D19::8,2021_Ref_Plot3_D19,Field2,test,7,1,0.6976746549552901,26.313958599791306,0.21897111752389584
2021_Ref_Plot3_D19::16,2021_Ref_Plot3_D19,Field2,test,8,2,0.7791881186910422,30.3326397104251,0.3912066544628033
2021_Ref_Plot3_D19::22,2021_Ref_Plot3_D19,Field2,test,6,3,0.28347792535317323,16.23372760512256,0.093953861809038
2021_Ref_Plot3_D19::27,2021_Ref_Plot3_D19,Field2,test,5,4,0.25066902896344206,16.621601456306944,0.0794594454226345
2021_Ref_Plot3_D19::35,2021_Ref_Plot3_D19,Field2,test,8,5,0.16444669158651623,12.212770668359557,0.04245245244706556
2021_Ref_Plot3_D19::44,2021_Ref_Plot3_D19,Field2,test,9,6,0.10484148009719967,10.11833175711066,0.028093381199110572
2021_Ref_Plot3_D19::50,2021_Ref_Plot3_D19,Field2,test,6,7,0.12124116675976597,8.508579919993721,0.05678387454963259
2021_Ref_Plot3_D19::57,2021_Ref_Plot3_D19,Field2,test,7,8,0.10031952219589511,10.610965544529096,0.02341491583688883
2021_Ref_Plot3_D19::65,2021_Ref_Plot3_D19,Field2,test,8,9,0.1134916841800232,8.881086061087514,0.056491482003424985
2021_Ref_Plot3_D19::69,2021_Ref_Plot3_D19,Field2,test,4,10,0.20678986056266457,12.620083764051968,0.11457040520054981
2021_Ref_Plot3_D19::71,2021_Ref_Plot3_D19,Field2,test,2,11,0.11407477044708351,8.192357845193861,0.06081308565194732
2021_Ref_Plot3_D19::76,2021_Ref_Plot3_D19,Field2,test,5,12,0.10294231951733024,11.384755982088809,0.019595657997658
2021_Ref_Plot3_D19::80,2021_Ref_Plot3_D19,Field2,test,4,13,0.06399639966170008,9.069131185172497,0.005844280915282018
2021_Ref_Plot3_D19::85,2021_Ref_Plot3_D19,Field2,test,5,14,0.1144724491912481,9.806696042270142,0.05987185547547669
2021_Ref_Plot3_D20::8,2021_Ref_Plot3_D20,Field2,test,7,1,0.7215772905319361,26.491565228277558,0.2192117160703034
2021_Ref_Plot3_D20::16,2021_Ref_Plot3_D20,Field2,test,8,2,0.7996963567414005,30.451235976436504,0.41100395224967595
2021_Ref_Plot3_D20::22,2021_Ref_Plot3_D20,Field2,test,6,3,0.28172951123137385,16.414477413481368,0.08939233907036649
2021_Ref_Plot3_D20::27,2021_Ref_Plot3_D20,Field2,test,5,4,0.24538386585248873,16.709790607254227,0.07461797122838562
2021_Ref_Plot3_D20::35,2021_Ref_Plot3_D20,Field2,test,8,5,0.14286533812406027,12.455730829854366,0.026678786841294547
2021_Ref_Plot3_D20::44,2021_Ref_Plot3_D20,Field2,test,9,6,0.1073583919869349,9.963980652378448,0.031288159296692555
2021_Ref_Plot3_D20::50,2021_Ref_Plot3_D20,Field2,test,6,7,0.1239290068379054,8.325840592969543,0.06538639717804852
2021_Ref_Plot3_D20::57,2021_Ref_Plot3_D20,Field2,test,7,8,0.09233157882943166,10.54393322076753,0.029177589241533256
2021_Ref_Plot3_D20::65,2021_Ref_Plot3_D20,Field2,test,8,9,0.11306417138191259,8.5872165534402,0.06371284667350571
2021_Ref_Plot3_D20::69,2021_Ref_Plot3_D20,Field2,test,4,10,0.19247805618432848,12.794178389338136,0.08667005048489711
2021_Ref_Plot3_D20::71,2021_Ref_Plot3_D20,Field2,test,2,11,0.12666872219486042,8.303373375587096,0.08182236220396795
2021_Ref_Plot3_D20::76,2021_Ref_Plot3_D20,Field2,test,5,12,0.1332355656887246,12.624015420417061,0.04034636478244214
2021_Ref_Plot3_D20::80,2021_Ref_Plot3_D20,Field2,test,4,13,0.06593456252468231,8.336193861603848,0.011936014128085131
2021_Ref_Plot3_D20::85,2021_Ref_Plot3_D20,Field2,test,5,14,0.11921064266382136,9.876699403666823,0.055917863901305216
2021_Ref_Plot3_E11::8,2021_Ref_Plot3_E11,Field2,test,7,1,0.6611543403256339,27.30956513639246,0.14943642287682288
2021_Ref_Plot3_E11::16,2021_Ref_Plot3_E11,Field2,test,8,2,0.7312258827721578,29.245290048037322,0.2844309954709954
2021_Ref_Plot3_E11::22,2021_Ref_Plot3_E11,Field2,test,6,3,0.2778155166062928,16.876301587163066,0.08113193142956647
2021_Ref_Plot3_E11::27,2021_Ref_Plot3_E11,Field2,test,5,4,0.25227875372973946,16.37527797644416,0.08477801187729396
2021_Ref_Plot3_E11::35,2021_Ref_Plot3_E11,Field2,test,8,5,0.1576583529273069,12.517862945539072,0.04915674066945987
2021_Ref_Plot3_E11::44,2021_Ref_Plot3_E11,Field2,test,9,6,0.09100694250690448,10.745818259134374,0.028580511887414076
2021_Ref_Plot3_E11::50,2021_Ref_Plot3_E11,Field2,test,6,7,0.11346589254936522,8.532297713610241,0.05610068450555825
2021_Ref_Plot3_E11::57,2021_Ref_Plot3_E11,Field2,test,7,8,0.09784274582454551,10.931285934485125,0.02133671645654394
2021_Ref_Plot3_E11::65,2021_Ref_Plot3_E11,Field2,test,8,9,0.08280510046942681,8.762309829474926,0.04178903490812215
2021_Ref_Plot3_E11::69,2021_Ref_Plot3_E11,Field2,test,4,10,0.16615873827572405,12.809431972850206,0.07964436067212036
2021_Ref_Plot3_E11::71,2021_Ref_Plot3_E11,Field2,test,2,11,0.09538578827511528,6.51125643559844,0.03464991045492016
2021_Ref_Plot3_E11::76,2021_Ref_Plot3_E11,Field2,test,5,12,0.11539645337000437,10.612261845185174,0.027511715641887407
2021_Ref_Plot3_E11::80,2021_Ref_Plot3_E11,Field2,test,4,13,0.05332917798924732,9.079216610013187,0.010919573729589786
2021_Ref_Plot3_E11::85,2021_Ref_Plot3_E11,Field2,test,5,14,0.08311025883877288,9.640509896804254,0.044517127850596104
2021_Ref_Plot4_A7::8,2021_Ref_Plot4_A7,Field2,test,7,1,0.7354333073383472,26.931821364047074,0.21605145673097165
2021_Ref_Plot4_A7::16,2021_Ref_Plot4_A7,Field2,test,8,2,0.7987428709225958,30.05307665410409,0.3644271028717286
2021_Ref_Plot4_A7::22,2021_Ref_Plot4_A7,Field2,test,6,3,0.30616556558080354,17.86194439452151,0.10404482822726129
2021_Ref_Plot4_A7::27,2021_Ref_Plot4_A7,Field2,test,5,4,0.4446413141916162,18.839460497413206,0.16286220307345392
2021_Ref_Plot4_A7::35,2021_Ref_Plot4_A7,Field2,test,8,5,0.2048828143751659,15.486417279480689,0.03813325241480816
2021_Ref_Plot4_A7::44,2021_Ref_Plot4_A7,Field2,test,9,6,0.15566709160276523,9.943459363637825,0.04152692083966932
2021_Ref_Plot4_A7::50,2021_Ref_Plot4_A7,Field2,test,6,7,0.14413673221529175,9.059041500264165,0.07871145489345963
2021_Ref_Plot4_A7::57,2021_Ref_Plot4_A7,Field2,test,7,8,0.10887502166548711,8.275066264373194,0.04388509695500221
2021_Ref_Plot4_A7::65,2021_Ref_Plot4_A7,Field2,test,8,9,0.1487094262248402,11.746567320428621,0.051318131491079534
2021_Ref_Plot4_A7::69,2021_Ref_Plot4_A7,Field2,test,4,10,0.1767087915594083,12.095600166143894,0.09902530743511215
2021_Ref_Plot4_A7::71,2021_Ref_Plot4_A7,Field2,test,2,11,0.1622262991516967,9.072267981739662,0.08851213731881004
2021_Ref_Plot4_A7::76,2021_Ref_Plot4_A7,Field2,test,5,12,0.13041113134174187,11.716542888042504,0.019494224243195662
2021_Ref_Plot4_A7::80,2021_Ref_Plot4_A7,Field2,test,4,13,0.10187789948897208,8.270329348406095,0.03143253105217222
2021_Ref_Plot4_A7::85,2021_Ref_Plot4_A7,Field2,test,5,14,0.10709236337974348,9.108878945073549,0.0506913880481108
2021_Ref_Plot4_B11::8,2021_Ref_Plot4_B11,Field2,test,7,1,0.7533662474137298,27.573015684210162,0.2108398109668134
2021_Ref_Plot4_B11::16,2021_Ref_Plot4_B11,Field2,test,8,2,0.847489720355366,32.14175616508392,0.40482831869937624
2021_Ref_Plot4_B11::22,2021_Ref_Plot4_B11,Field2,test,6,3,0.32280088619368286,17.20624087435729,0.11552800221053303
2021_Ref_Plot4_B11::27,2021_Ref_Plot4_B11,Field2,test,5,4,0.40259179665537353,18.26213106319686,0.1470236316916007
2021_Ref_Plot4_B11::35,2021_Ref_Plot4_B11,Field2,test,8,5,0.2174297488981085,15.62387855166929,0.04340929616516847
2021_Ref_Plot4_B11::44,2021_Ref_Plot4_B11,Field2,test,9,6,0.1689698372426999,11.60554612948184,0.06539219567316279
2021_Ref_Plot4_B11::50,2021_Ref_Plot4_B11,Field2,test,6,7,0.14625774757269572,9.073435511903792,0.05805157254192872
2021_Ref_Plot4_B11::57,2021_Ref_Plot4_B11,Field2,test,7,8,0.13988649724888746,9.967311733206456,0.06286484130956242
2021_Ref_Plot4_B11::65,2021_Ref_Plot4_B11,Field2,test,8,9,0.13505670574365217,11.618761661189321,0.04271249492446707
2021_Ref_Plot4_B11::69,2021_Ref_Plot4_B11,Field2,test,4,10,0.2245058179949708,12.554356943427898,0.08557092036839868
2021_Ref_Plot4_B11::71,2021_Ref_Plot4_B11,Field2,test,2,11,0.14194019108882702,8.70485924917553,0.06598196100297685
2021_Ref_Plot4_B11::76,2021_Ref_Plot4_B11,Field2,test,5,12,0.1276365961155295,13.068842014153663,0.03198113965833696
2021_Ref_Plot4_B11::80,2021_Ref_Plot4_B11,Field2,test,4,13,0.09655251466728478,8.637907721469961,0.04483785074904654
2021_Ref_Plot4_B11::85,2021_Ref_Plot4_B11,Field2,test,5,14,0.11331831014157194,8.11109273007715,0.018209317018653047
2021_Ref_Plot4_B12::8,2021_Ref_Plot4_B12,Field2,test,7,1,0.7354023533081054,26.97645702553163,0.2227568345136753
2021_Ref_Plot4_B12::16,2021_Ref_Plot4_B12,Field2,test,8,2,0.8199014060885951,30.90703319830848,0.37065656027796373
2021_Ref_Plot4_B12::22,2021_Ref_Plot4_B12,Field2,test,6,3,0.31203779119409475,17.377586486907592,0.10673284604479807
2021_Ref_Plot4_B12::27,2021_Ref_Plot4_B12,Field2,test,5,4,0.4055682185236458,17.89537833971255,0.1572137467173093
2021_Ref_Plot4_B12::35,2021_Ref_Plot4_B12,Field2,test,8,5,0.19519772490613652,15.05082150106433,0.030567356653226584
2021_Ref_Plot4_B12::44,2021_Ref_Plot4_B12,Field2,test,9,6,0.15318333069383752,10.814677697432822,0.046717597193876394
2021_Ref_Plot4_B12::50,2021_Ref_Plot4_B12,Field2,test,6,7,0.1666249955987038,9.542208214399238,0.08010873435304665
2021_Ref_Plot4_B12::57,2021_Ref_Plot4_B12,Field2,test,7,8,0.14713994190526253,9.674442353422371,0.05490615697268155
2021_Ref_Plot4_B12::65,2021_Ref_Plot4_B12,Field2,test,8,9,0.13405791386424482,11.81145407276418,0.043296487741824215
2021_Ref_Plot4_B12::69,2021_Ref_Plot4_B12,Field2,test,4,10,0.20776357287463165,12.425747583591424,0.06817842727792259
2021_Ref_Plot4_B12::71,2021_Ref_Plot4_B12,Field2,test,2,11,0.1636731986995182,9.93952099607292,0.08336033987726066
2021_Ref_Plot4_B12::76,2021_Ref_Plot4_B12,Field2,test,5,12,0.12693077605826256,13.728891116252164,0.030100260256761557
2021_Ref_Plot4_B12::80,2021_Ref_Plot4_B12,Field2,test,4,13,0.13852329271087974,9.57754663269521,0.04325023673822064
2021_Ref_Plot4_B12::85,2021_Ref_Plot4_B12,Field2,test,5,14,0.09258764147503723,6.617301852496649,0.016897083297405618
2021_Ref_Plot4_B13::8,2021_Ref_Plot4_B13,Field2,test,7,1,0.7318459179435074,26.829425610188743,0.21099643781420874
2021_Ref_Plot4_B13::16,2021_Ref_Plot4_B13,Field2,test,8,2,0.8138877219083387,30.790310949349106,0.3484013743969082
2021_Ref_Plot4_B13::22,2021_Ref_Plot4_B13,Field2,test,6,3,0.298873461029588,17.211685898242802,0.09177516942829542
2021_Ref_Plot4_B13::27,2021_Ref_Plot4_B13,Field2,test,5,4,0.36654709028153326,17.268695557319944,0.13058115033996662
2021_Ref_Plot4_B13::35,2021_Ref_Plot4_B13,Field2,test,8,5,0.1825456335133475,14.793115413066255,0.031498387940621396
2021_Ref_Plot4_B13::44,2021_Ref_Plot4_B13,Field2,test,9,6,0.12917849584294602,9.887130117005432,0.03367716548744527
2021_Ref_Plot4_B13::50,2021_Ref_Plot4_B13,Field2,test,6,7,0.14883918137839477,9.162538260601458,0.07620019208857269
2021_Ref_Plot4_B13::57,2021_Ref_Plot4_B13,Field2,test,7,8,0.13644336175986285,9.05916951750092,0.05887097051113973
2021_Ref_Plot4_B13::65,2021_Ref_Plot4_B13,Field2,test,8,9,0.10142587999987107,11.347878785681145,0.03669360375925573
2021_Ref_Plot4_B13::69,2021_Ref_Plot4_B13,Field2,test,4,10,0.19381334943249642,12.002683869198613,0.07373470344712718
2021_Ref_Plot4_B13::71,2021_Ref_Plot4_B13,Field2,test,2,11,0.14851527610723228,10.354042101285753,0.09079804367946208
2021_Ref_Plot4_B13::76,2021_Ref_Plot4_B13,Field2,test,5,12,0.11128602778351417,11.551782843732623,0.014182083068193999
2021_Ref_Plot4_B13::80,2021_Ref_Plot4_B13,Field2,test,4,13,0.11050624536426533,8.777886784216044,0.023848335077740517
2021_Ref_Plot4_B13::85,2021_Ref_Plot4_B13,Field2,test,5,14,0.10943684610640962,9.023340436255062,0.036622787798910365
2021_Ref_Plot4_B15::8,2021_Ref_Plot4_B15,Field2,test,7,1,0.7740282405582207,28.20334067963752,0.24322779359161759
2021_Ref_Plot4_B15::16,2021_Ref_Plot4_B15,Field2,test,8,2,0.8288630559159359,31.213126076074435,0.3700053432560008
2021_Ref_Plot4_B15::22,2021_Ref_Plot4_B15,Field2,test,6,3,0.33754012721197757,17.483826901652094,0.11893236281760851
2021_Ref_Plot4_B15::27,2021_Ref_Plot4_B15,Field2,test,5,4,0.3333240099854912,16.662554178514352,0.11749481973963953
2021_Ref_Plot4_B15::35,2021_Ref_Plot4_B15,Field2,test,8,5,0.16692171435868297,13.468968565268785,0.019222660242098552
2021_Ref_Plot4_B15::44,2021_Ref_Plot4_B15,Field2,test,9,6,0.11895110174740163,9.210422236672068,0.02918725524836417
2021_Ref_Plot4_B15::50,2021_Ref_Plot4_B15,Field2,test,6,7,0.1407335495064506,8.76352237828699,0.07054789491891567
2021_Ref_Plot4_B15::57,2021_Ref_Plot4_B15,Field2,test,7,8,0.12234669186922136,9.492901384212695,0.038806945767498296
2021_Ref_Plot4_B15::65,2021_Ref_Plot4_B15,Field2,test,8,9,0.12547370096305102,11.34463796693645,0.04403165251352862
2021_Ref_Plot4_B15::69,2021_Ref_Plot4_B15,Field2,test,4,10,0.22267820099745625,12.9179911846386,0.10843643827769539
2021_Ref_Plot4_B15::71,2021_Ref_Plot4_B15,Field2,test,2,11,0.1772670631197909,9.932876883823239,0.09139670382013844
2021_Ref_Plot4_B15::76,2021_Ref_Plot4_B15,Field2,test,5,12,0.11725573567098367,11.025105395964605,0.02284130392800685
2021_Ref_Plot4_B15::80,2021_Ref_Plot4_B15,Field2,test,4,13,0.09195959731514015,8.806035978802006,0.028733026665871478
2021_Ref_Plot4_B15::85,2021_Ref_Plot4_B15,Field2,test,5,14,0.09929489586410156,8.659305740645717,0.028552273104580927
2021_Ref_Plot4_B16::8,2021_Ref_Plot4_B16,Field2,test,7,1,0.7620748536572766,27.456053951474736,0.230872653561317
2021_Ref_Plot4_B16::16,2021_Ref_Plot4_B16,Field2,test,8,2,0.8471798064448383,32.31021658720442,0.396710348391918
2021_Ref_Plot4_B16::22,2021_Ref_Plot4_B16,Field2,test,6,3,0.3446775810718345,17.6123119639479,0.11506903685072019
2021_Ref_Plot4_B16::27,2021_Ref_Plot4_B16,Field2,test,5,4,0.3734565169872241,17.975837369637006,0.12736175502277988
2021_Ref_Plot4_B16::35,2021_Ref_Plot4_B16,Field2,test,8,5,0.18691301858662643,13.438298992473168,0.025793247804522034
2021_Ref_Plot4_B16::44,2021_Ref_Plot4_B16,Field2,test,9,6,0.127540570232026,10.081912787260505,0.03902146388292364
2021_Ref_Plot4_B16::50,2021_Ref_Plot4_B16,Field2,test,6,7,0.10226155160666835,8.753969944490384,0.04976014987340198
2021_Ref_Plot4_B16::57,2021_Ref_Plot4_B16,Field2,test,7,8,0.11145963311061498,9.550419921324343,0.04896943900491046
2021_Ref_Plot4_B16::65,2021_Ref_Plot4_B16,Field2,test,8,9,0.11058142072236894,11.391019312943163,0.03461323685392688
2021_Ref_Plot4_B16::69,2021_Ref_Plot4_B16,Field2,test,4,10,0.18878950898796618,12.771537583748866,0.08066569081548144
2021_Ref_Plot4_B16::71,2021_Ref_Plot4_B16,Field2,test,2,11,0.14290406630488603,9.689749200648384,0.08684642381607531
2021_Ref_Plot4_B16::76,2021_Ref_Plot4_B16,Field2,test,5,12,0.12988030053541036,14.084490325419985,0.03054773162350293
2021_Ref_Plot4_B16::80,2021_Ref_Plot4_B16,Field2,test,4,13,0.07672915253189498,8.134211573135758,0.026291321299448483
2021_Ref_Plot4_B16::85,2021_Ref_Plot4_B16,Field2,test,5,14,0.08872723768025581,8.655634805039142,0.044500082219132917
2021_Ref_Plot4_B17::8,2021_Ref_Plot4_B17,Field2,test,7,1,0.7410365973204057,26.648598474867036,0.20982211708629847
2021_Ref_Plot4_B17::16,2021_Ref_Plot4_B17,Field2,test,8,2,0.8413634057896662,31.943986820771233,0.39599655299459524
2021_Ref_Plot4_B17::22,2021_Ref_Plot4_B17,Field2,test,6,3,0.32237864005136146,17.113442496036548,0.10421189135267271
2021_Ref_Plot4_B17::27,2021_Ref_Plot4_B17,Field2,test,5,4,0.3518987911167168,17.40473392780537,0.11525253811782166
2021_Ref_Plot4_B17::35,2021_Ref_Plot4_B17,Field2,test,8,5,0.17725791194258156,13.534603225898842,0.031332237198828675
2021_Ref_Plot4_B17::44,2021_Ref_Plot4_B17,Field2,test,9,6,0.127168789786591,10.152271097740018,0.040897901528495005
2021_Ref_Plot4_B17::50,2021_Ref_Plot4_B17,Field2,test,6,7,0.13842114663349456,9.605206086987948,0.0807551737627778
2021_Ref_Plot4_B17::57,2021_Ref_Plot4_B17,Field2,test,7,8,0.11320353266277827,9.698377738739287,0.06034662047192041
2021_Ref_Plot4_B17::65,2021_Ref_Plot4_B17,Field2,test,8,9,0.08062897605059892,10.564258406993634,-0.0010341962561541472
2021_Ref_Plot4_B17::69,2021_Ref_Plot4_B17,Field2,test,4,10,0.14973120662308337,11.95493664204482,0.053054384333101695
2021_Ref_Plot4_B17::71,2021_Ref_Plot4_B17,Field2,test,2,11,0.16479331689107632,9.921261131969498,0.10066833970027037
2021_Ref_Plot4_B17::76,2021_Ref_Plot4_B17,Field2,test,5,12,0.13631539544670546,12.776215968278459,0.029460859302414065
2021_Ref_Plot4_B17::80,2021_Ref_Plot4_B17,Field2,test,4,13,0.07246530986373019,8.423159238532925,0.01890958712450046
2021_Ref_Plot4_B17::85,2021_Ref_Plot4_B17,Field2,test,5,14,0.08191257499613765,9.708762573216287,0.028458513982171623
2021_Ref_Plot4_C4::8,2021_Ref_Plot4_C4,Field2,test,7,1,0.7445074155292045,26.682505619596668,0.2217482748629637
2021_Ref_Plot4_C4::16,2021_Ref_Plot4_C4,Field2,test,8,2,0.8155484098833684,30.48474166610749,0.3916316403069274
2021_Ref_Plot4_C4::22,2021_Ref_Plot4_C4,Field2,test,6,3,0.2959335786152926,16.83700169308925,0.08269350357502603
2021_Ref_Plot4_C4::27,2021_Ref_Plot4_C4,Field2,test,5,4,0.3504845153623389,16.879953256721873,0.1308989265082139
2021_Ref_Plot4_C4::35,2021_Ref_Plot4_C4,Field2,test,8,5,0.22732231750035128,15.113460000743444,0.05323002077738574
2021_Ref_Plot4_C4::44,2021_Ref_Plot4_C4,Field2,test,9,6,0.13396376384985276,9.6736107205593,0.05212185010761691
2021_Ref_Plot4_C4::50,2021_Ref_Plot4_C4,Field2,test,6,7,0.1625432719105383,9.73500531834233,0.10582732787026475
2021_Ref_Plot4_C4::57,2021_Ref_Plot4_C4,Field2,test,7,8,0.137085397802254,9.383891072139072,0.055877982098503566
2021_Ref_Plot4_C4::65,2021_Ref_Plot4_C4,Field2,test,8,9,0.13726046746408627,11.213757585380172,0.0454681838850764
2021_Ref_Plot4_C4::69,2021_Ref_Plot4_C4,Field2,test,4,10,0.20052335141513686,12.730940916876337,0.10193247684806629
2021_Ref_Plot4_C4::71,2021_Ref_Plot4_C4,Field2,test,2,11,0.12530211680566897,8.253548866314697,0.06189240541016454
2021_Ref_Plot4_C4::76,2021_Ref_Plot4_C4,Field2,test,5,12,0.1494462940179415,13.596117217388953,0.034552900609553475
2021_Ref_Plot4_C4::80,2021_Ref_Plot4_C4,Field2,test,4,13,0.06667558373638645,8.204423335036413,0.014212543317249214
2021_Ref_Plot4_C4::85,2021_Ref_Plot4_C4,Field2,test,5,14,0.07808289869204432,9.946128694868639,0.03266165475138833
2021_Ref_Plot4_D11::8,2021_Ref_Plot4_D11,Field2,test,7,1,0.7303991645535589,27.966961264719366,0.24030038555913255
2021_Ref_Plot4_D11::16,2021_Ref_Plot4_D11,Field2,test,8,2,0.8196573996991486,31.33862151209489,0.41723581149378686
2021_Ref_Plot4_D11::22,2021_Ref_Plot4_D11,Field2,test,6,3,0.31249630736142514,17.51011985304408,0.10874185064564115
2021_Ref_Plot4_D11::27,2021_Ref_Plot4_D11,Field2,test,5,4,0.35740776933618074,17.86754436703927,0.15144771734532028
2021_Ref_Plot4_D11::35,2021_Ref_Plot4_D11,Field2,test,8,5,0.2000541339253263,15.178248303749989,0.03517385333919216
2021_Ref_Plot4_D11::44,2021_Ref_Plot4_D11,Field2,test,9,6,0.1268386872842753,9.588932125496259,0.04455161860187446
2021_Ref_Plot4_D11::50,2021_Ref_Plot4_D11,Field2,test,6,7,0.1296825879098912,9.661489916808971,0.08719736135581087
2021_Ref_Plot4_D11::57,2021_Ref_Plot4_D11,Field2,test,7,8,0.10956337223840262,10.624327147349,0.023306712450006477
2021_Ref_Plot4_D11::65,2021_Ref_Plot4_D11,Field2,test,8,9,0.06799526461804388,8.681328874823999,0.00981449491790628
2021_Ref_Plot4_D11::69,2021_Ref_Plot4_D11,Field2,test,4,10,0.21732016564535564,13.321777934546596,0.0796773306113506
2021_Ref_Plot4_D11::71,2021_Ref_Plot4_D11,Field2,test,2,11,0.12263899712604798,8.645489699812568,0.06866928626534842
2021_Ref_Plot4_D11::76,2021_Ref_Plot4_D11,Field2,test,5,12,0.12323268419046336,13.167348597122299,0.05257236629952071
2021_Ref_Plot4_D11::80,2021_Ref_Plot4_D11,Field2,test,4,13,0.11803674208520261,8.528009261074383,0.03887906342295291
2021_Ref_Plot4_D11::85,2021_Ref_Plot4_D11,Field2,test,5,14,0.1487936597800522,11.442286763249282,0.053665020287390904
2021_Ref_Plot4_D6::8,2021_Ref_Plot4_D6,Field2,test,7,1,0.713313535518708,27.688218005237673,0.23165559913981304
2021_Ref_Plot4_D6::16,2021_Ref_Plot4_D6,Field2,test,8,2,0.7839941025376151,30.144235416836555,0.37623432089029357
2021_Ref_Plot4_D6::22,2021_Ref_Plot4_D6,Field2,test,6,3,0.26709641522341254,16.28803019918544,0.086906919532603
2021_Ref_Plot4_D6::27,2021_Ref_Plot4_D6,Field2,test,5,4,0.36213067588334313,16.504853842940143,0.16196228543675045
2021_Ref_Plot4_D6::35,2021_Ref_Plot4_D6,Field2,test,8,5,0.18046950214601554,14.849741230474208,0.01956542242881754
2021_Ref_Plot4_D6::44,2021_Ref_Plot4_D6,Field2,test,9,6,0.09553782619736771,8.94595517845895,0.029348258890977936
2021_Ref_Plot4_D6::50,2021_Ref_Plot4_D6,Field2,test,6,7,0.13640742069380093,9.221452793424131,0.07677363156920519
2021_Ref_Plot4_D6::57,2021_Ref_Plot4_D6,Field2,test,7,8,0.15150123546393204,10.570373834594214,0.055104657510728065
2021_Ref_Plot4_D6::65,2021_Ref_Plot4_D6,Field2,test,8,9,0.07364038507234612,10.129952020950787,0.023666534782933922
2021_Ref_Plot4_D6::69,2021_Ref_Plot4_D6,Field2,test,4,10,0.17411026426095044,12.762023604773319,0.08691563386086927
2021_Ref_Plot4_D6::71,2021_Ref_Plot4_D6,Field2,test,2,11,0.11921211177569918,9.21882055082424,0.06065749491245365
2021_Ref_Plot4_D6::76,2021_Ref_Plot4_D6,Field2,test,5,12,0.146727941060933,14.46160250178048,0.03546092167935008
2021_Ref_Plot4_D6::80,2021_Ref_Plot4_D6,Field2,test,4,13,0.08128811765481976,8.89036455740212,0.023022521203629114
2021_Ref_Plot4_D6::85,2021_Ref_Plot4_D6,Field2,test,5,14,0.0784818257470339,9.039413620858692,0.031438499066253636
2021_Ref_Plot5_A17::8,2021_Ref_Plot5_A17,Field2,test,7,1,0.7256357500999749,27.521548101115457,0.19528622770302995
2021_Ref_Plot5_A17::16,2021_Ref_Plot5_A17,Field2,test,8,2,0.7898171473600373,30.817639334342694,0.3269556189999864
2021_Ref_Plot5_A17::22,2021_Ref_Plot5_A17,Field2,test,6,3,0.29476369102396455,18.205266025921503,0.08959930218300893
2021_Ref_Plot5_A17::27,2021_Ref_Plot5_A17,Field2,test,5,4,0.31035716537476027,17.71944992557531,0.10157987818179999
2021_Ref_Plot5_A17::35,2021_Ref_Plot5_A17,Field2,test,8,5,0.11887386155340689,12.22473083438749,0.017887804094470227
2021_Ref_Plot5_A17::44,2021_Ref_Plot5_A17,Field2,test,9,6,0.09672482631296857,9.944200073332013,0.024151830745685908
2021_Ref_Plot5_A17::50,2021_Ref_Plot5_A17,Field2,test,6,7,0.12777309263811584,8.731827077330376,0.05225355653197762
2021_Ref_Plot5_A17::69,2021_Ref_Plot5_A17,Field2,test,4,9,0.14588685521972677,12.019715797325329,0.050559976663863575
2021_Ref_Plot5_A17::71,2021_Ref_Plot5_A17,Field2,test,2,10,0.13280683717673017,8.802776167188222,0.05871868356536971
2021_Ref_Plot5_A17::76,2021_Ref_Plot5_A17,Field2,test,5,11,0.15202632726117357,14.233902743005904,0.02643375368672764
2021_Ref_Plot5_A17::80,2021_Ref_Plot5_A17,Field2,test,4,12,0.12921413547938762,9.40049202438071,0.044295949777980854
2021_Ref_Plot5_A17::85,2021_Ref_Plot5_A17,Field2,test,5,13,0.08742785174720948,9.356901981424073,0.04847046003367846
2021_Ref_Plot5_A19::8,2021_Ref_Plot5_A19,Field2,test,7,1,0.7320425605164149,28.24098356199936,0.20103373304743338
2021_Ref_Plot5_A19::16,2021_Ref_Plot5_A19,Field2,test,8,2,0.8135400451171861,31.028271394574205,0.33656658985546617
2021_Ref_Plot5_A19::22,2021_Ref_Plot5_A19,Field2,test,6,3,0.323751517793133,18.368542095604262,0.08746256368726495
2021_Ref_Plot5_A19::27,2021_Ref_Plot5_A19,Field2,test,5,4,0.310340897778749,18.390586864235758,0.050463325389176035
2021_Ref_Plot5_A19::35,2021_Ref_Plot5_A19,Field2,test,8,5,0.13966237521548797,13.21335960123652,0.028903932601266075
2021_Ref_Plot5_A19::44,2021_Ref_Plot5_A19,Field2,test,9,6,0.12257001830877325,10.422517810525058,0.03168729095921366
2021_Ref_Plot5_A19::50,2021_Ref_Plot5_A19,Field2,test,6,7,0.19618200825897691,9.167657341712362,0.11071269916495516
2021_Ref_Plot5_A19::57,2021_Ref_Plot5_A19,Field2,test,7,8,0.17736213999398828,10.692045140752365,0.062004993547571996
2021_Ref_Plot5_A19::65,2021_Ref_Plot5_A19,Field2,test,8,9,0.12144154068756809,11.3841798718556,0.028516072657593
2021_Ref_Plot5_A19::69,2021_Ref_Plot5_A19,Field2,test,4,10,0.1849719975019691,12.238416405754668,0.07124930805162716
2021_Ref_Plot5_A19::71,2021_Ref_Plot5_A19,Field2,test,2,11,0.20847570402238028,10.811723058571383,0.12241205893306821
2021_Ref_Plot5_A19::76,2021_Ref_Plot5_A19,Field2,test,5,12,0.14043035291096798,13.50581270974857,0.04156767488576348
2021_Ref_Plot5_A19::80,2021_Ref_Plot5_A19,Field2,test,4,13,0.07840405374564584,7.500385907424393,0.033947652325472824
2021_Ref_Plot5_A19::85,2021_Ref_Plot5_A19,Field2,test,5,14,0.07996212935959662,8.930825011458595,0.026272136096533893
2021_Ref_Plot5_B12::8,2021_Ref_Plot5_B12,Field2,test,7,1,0.7450009791395313,27.549980971293873,0.25643193262864283
2021_Ref_Plot5_B12::16,2021_Ref_Plot5_B12,Field2,test,8,2,0.8055253908611281,30.75434305833538,0.35281441128239177
2021_Ref_Plot5_B12::22,2021_Ref_Plot5_B12,Field2,test,6,3,0.3322455486009618,18.308338387014555,0.09838797707779928
2021_Ref_Plot5_B12::27,2021_Ref_Plot5_B12,Field2,test,5,4,0.2921639289656764,16.493268123828663,0.06755284943217801
2021_Ref_Plot5_B12::35,2021_Ref_Plot5_B12,Field2,test,8,5,0.1529819709326839,12.813581151984321,0.037696378119424
2021_Ref_Plot5_B12::44,2021_Ref_Plot5_B12,Field2,test,9,6,0.11355353427101712,9.570306121576639,0.030617681633128554
2021_Ref_Plot5_B12::50,2021_Ref_Plot5_B12,Field2,test,6,7,0.11244576652182331,8.322975826467937,0.056817684429313856
2021_Ref_Plot5_B12::57,2021_Ref_Plot5_B12,Field2,test,7,8,0.11111017838463215,10.392493393180038,0.027604778166157397
2021_Ref_Plot5_B12::65,2021_Ref_Plot5_B12,Field2,test,8,9,0.12212754454634227,11.486159784724482,0.028492602861615028
2021_Ref_Plot5_B12::69,2021_Ref_Plot5_B12,Field2,test,4,10,0.1801442803113942,12.632649291128404,0.08436792809125127
2021_Ref_Plot5_B12::71,2021_Ref_Plot5_B12,Field2,test,2,11,0.13138752625568945,8.776863469898297,0.06384604447186507
2021_Ref_Plot5_B12::76,2021_Ref_Plot5_B12,Field2,test,5,12,0.12033008948487339,12.799457689363171,0.0370241288661889
2021_Ref_Plot5_B12::80,2021_Ref_Plot5_B12,Field2,test,4,13,0.052722626971284346,6.363106559057645,0.006617393772426998
2021_Ref_Plot5_B12::85,2021_Ref_Plot5_B12,Field2,test,5,14,0.11675535275508493,9.586523568960914,0.041139764024880544
2021_Ref_Plot5_B14::8,2021_Ref_Plot5_B14,Field2,test,7,1,0.7223265670997677,27.403849543730008,0.22164698956563197
2021_Ref_Plot5_B14::16,2021_Ref_Plot5_B14,Field2,test,8,2,0.8116072807371721,31.598522375589493,0.3576662580763793
2021_Ref_Plot5_B14::22,2021_Ref_Plot5_B14,Field2,test,6,3,0.2821076301555027,17.708577065389036,0.08987985444400669
2021_Ref_Plot5_B14::27,2021_Ref_Plot5_B14,Field2,test,5,4,0.30898694904275237,17.54676992111673,0.08950316263704307
2021_Ref_Plot5_B14::35,2021_Ref_Plot5_B14,Field2,test,8,5,0.13042633463586714,12.09463973235855,0.023517682948773568
2021_Ref_Plot5_B14::44,2021_Ref_Plot5_B14,Field2,test,9,6,0.11978120609599914,11.058963354663154,0.03233858992006726
2021_Ref_Plot5_B14::50,2021_Ref_Plot5_B14,Field2,test,6,7,0.1521909590339822,9.36204759535152,0.08195734735725808
2021_Ref_Plot5_B14::57,2021_Ref_Plot5_B14,Field2,test,7,8,0.13715366777317803,10.366421590210738,0.02971298149599388
2021_Ref_Plot5_B14::65,2021_Ref_Plot5_B14,Field2,test,8,9,0.12428733302784101,11.680402946245243,0.03211978798301213
2021_Ref_Plot5_B14::69,2021_Ref_Plot5_B14,Field2,test,4,10,0.17000455204767442,12.546105388006428,0.06167325640344031
2021_Ref_Plot5_B14::71,2021_Ref_Plot5_B14,Field2,test,2,11,0.16108015275410054,10.10302538106018,0.09559121756160793
2021_Ref_Plot5_B14::76,2021_Ref_Plot5_B14,Field2,test,5,12,0.16582852152627625,14.451287932028386,0.02923775564539202
2021_Ref_Plot5_B14::80,2021_Ref_Plot5_B14,Field2,test,4,13,0.09703836744763505,7.540403412007992,0.012409073741847779
2021_Ref_Plot5_B14::85,2021_Ref_Plot5_B14,Field2,test,5,14,0.0725922072515388,9.34415165403112,0.03467021258402082
2021_Ref_Plot5_C12::8,2021_Ref_Plot5_C12,Field2,test,7,1,0.7358704986258487,26.45791773292217,0.22038135256915786
2021_Ref_Plot5_C12::16,2021_Ref_Plot5_C12,Field2,test,8,2,0.8052357573689252,30.206835765956246,0.34515923801808635
2021_Ref_Plot5_C12::22,2021_Ref_Plot5_C12,Field2,test,6,3,0.21380219021189273,15.333845345499588,0.04477031636291346
2021_Ref_Plot5_C12::27,2021_Ref_Plot5_C12,Field2,test,5,4,0.2441545058238598,16.234434054343602,0.05436787054562375
2021_Ref_Plot5_C12::35,2021_Ref_Plot5_C12,Field2,test,8,5,0.13563815984519953,12.42522610679191,0.034494184518920785
2021_Ref_Plot5_C12::44,2021_Ref_Plot5_C12,Field2,test,9,6,0.11093344063930892,9.281211495496128,0.03277057776291387
2021_Ref_Plot5_C12::50,2021_Ref_Plot5_C12,Field2,test,6,7,0.12739015335887557,8.41845193620461,0.06932700012383015
2021_Ref_Plot5_C12::57,2021_Ref_Plot5_C12,Field2,test,7,8,0.1103782995066187,10.016456307656988,0.03231124831287469
2021_Ref_Plot5_C12::65,2021_Ref_Plot5_C12,Field2,test,8,9,0.10413011834672757,11.4444565937835,0.025823495362735448
2021_Ref_Plot5_C12::69,2021_Ref_Plot5_C12,Field2,test,4,10,0.1884219601128437,13.149143144631237,0.08648895595294828
2021_Ref_Plot5_C12::71,2021_Ref_Plot5_C12,Field2,test,2,11,0.12858140350230954,8.620045416957774,0.06427577271695206
2021_Ref_Plot5_C12::76,2021_Ref_Plot5_C12,Field2,test,5,12,0.12516505993597246,13.284037051326338,0.019523599613502453
2021_Ref_Plot5_C12::80,2021_Ref_Plot5_C12,Field2,test,4,13,0.09419138086534078,7.841760369665147,0.022976827401616284
2021_Ref_Plot5_C12::85,2021_Ref_Plot5_C12,Field2,test,5,14,0.08942452246198486,9.173023980521403,0.03663686445660576
2021_Ref_Plot5_C17::8,2021_Ref_Plot5_C17,Field2,test,7,1,0.7340295638149742,27.463815793213165,0.23372929434616097
2021_Ref_Plot5_C17::16,2021_Ref_Plot5_C17,Field2,test,8,2,0.7983682180478243,30.97586433142045,0.34008783566253153
2021_Ref_Plot5_C17::22,2021_Ref_Plot5_C17,Field2,test,6,3,0.2646907862400034,16.3133990178538,0.06623764842882023
2021_Ref_Plot5_C17::27,2021_Ref_Plot5_C17,Field2,test,5,4,0.2794461636288399,16.885038010634826,0.0759900263794567
2021_Ref_Plot5_C17::35,2021_Ref_Plot5_C17,Field2,test,8,5,0.1238351155300889,12.024810111190959,0.017893353913261804
2021_Ref_Plot5_C17::44,2021_Ref_Plot5_C17,Field2,test,9,6,0.12581665276798235,10.228554222612896,0.03895130065548622
2021_Ref_Plot5_C17::50,2021_Ref_Plot5_C17,Field2,test,6,7,0.16308538241472845,9.54661628596991,0.09429779650073221
2021_Ref_Plot5_C17::57,2021_Ref_Plot5_C17,Field2,test,7,8,0.17899644909890222,11.885069668401794,0.06436287027149591
2021_Ref_Plot5_C17::65,2021_Ref_Plot5_C17,Field2,test,8,9,0.11953978027218848,11.535429317469037,0.04439600749781496
2021_Ref_Plot5_C17::69,2021_Ref_Plot5_C17,Field2,test,4,10,0.15575644636208272,12.104167214772954,0.05991361171145
2021_Ref_Plot5_C17::71,2021_Ref_Plot5_C17,Field2,test,2,11,0.10068150664029667,8.191154536105419,0.022511238503441174
2021_Ref_Plot5_C17::76,2021_Ref_Plot5_C17,Field2,test,5,12,0.1342023457096472,13.841958988623695,0.03633084277472841
2021_Ref_Plot5_C17::80,2021_Ref_Plot5_C17,Field2,test,4,13,0.08254388375309335,6.876216242510692,0.0231495001223695
2021_Ref_Plot5_C17::85,2021_Ref_Plot5_C17,Field2,test,5,14,0.07768141780933689,9.968214413438869,0.03786149188153701
2021_Ref_Plot5_C18::8,2021_Ref_Plot5_C18,Field2,test,7,1,0.7329456937867894,27.441554557062545,0.22946906855774657
2021_Ref_Plot5_C18::16,2021_Ref_Plot5_C18,Field2,test,8,2,0.8039885977396316,30.86968874164174,0.34060670550071787
2021_Ref_Plot5_C18::22,2021_Ref_Plot5_C18,Field2,test,6,3,0.25055265100080953,16.110386988166642,0.053020552863134805
2021_Ref_Plot5_C18::27,2021_Ref_Plot5_C18,Field2,test,5,4,0.27367591651587336,16.764261329637115,0.06596872039754134
2021_Ref_Plot5_C18::35,2021_Ref_Plot5_C18,Field2,test,8,5,0.14840102425651636,13.296418367319326,0.03914587692228804
2021_Ref_Plot5_C18::44,2021_Ref_Plot5_C18,Field2,test,9,6,0.12073575497740917,10.087953382848218,0.04343246017701396
2021_Ref_Plot5_C18::50,2021_Ref_Plot5_C18,Field2,test,6,7,0.1874421001392471,9.89783198749437,0.12140714918934718
2021_Ref_Plot5_C18::57,2021_Ref_Plot5_C18,Field2,test,7,8,0.1663065594008498,11.772745775550682,0.042464802256516714
2021_Ref_Plot5_C18::65,2021_Ref_Plot5_C18,Field2,test,8,9,0.10730164850848893,11.491849388612076,0.0371985017075098
2021_Ref_Plot5_C18::69,2021_Ref_Plot5_C18,Field2,test,4,10,0.16258154788450915,12.439236111951558,0.07600264313549901
2021_Ref_Plot5_C18::71,2021_Ref_Plot5_C18,Field2,test,2,11,0.1306902998460229,8.29495234387048,0.0635282909235959
2021_Ref_Plot5_C18::76,2021_Ref_Plot5_C18,Field2,test,5,12,0.15050983225400646,14.253709837789142,0.057627438956815796
2021_Ref_Plot5_C18::80,2021_Ref_Plot5_C18,Field2,test,4,13,0.09184806575499777,6.479118311119977,0.002923015289421074
2021_Ref_Plot5_C18::85,2021_Ref_Plot5_C18,Field2,test,5,14,0.09508469733878248,9.89536325644763,0.057093718826233354
2021_Ref_Plot5_D10::8,2021_Ref_Plot5_D10,Field2,test,7,1,0.7707248613582083,28.05835274254122,0.24592866535743577
2021_Ref_Plot5_D10::16,2021_Ref_Plot5_D10,Field2,test,8,2,0.8166666120245728,31.070438554655787,0.36668298232379753
2021_Ref_Plot5_D10::22,2021_Ref_Plot5_D10,Field2,test,6,3,0.272321147932901,15.188970805463608,0.09037114212012666
2021_Ref_Plot5_D10::27,2021_Ref_Plot5_D10,Field2,test,5,4,0.23860490061975984,15.802233116923588,0.06961716644406556
2021_Ref_Plot5_D10::35,2021_Ref_Plot5_D10,Field2,test,8,5,0.08649463254151542,10.139986197815267,0.007694588888950701
2021_Ref_Plot5_D10::44,2021_Ref_Plot5_D10,Field2,test,9,6,0.11122408428724591,9.438395992203482,0.0400754990030853
2021_Ref_Plot5_D10::50,2021_Ref_Plot5_D10,Field2,test,6,7,0.12962829537127232,8.728655369148132,0.06735348543985796
2021_Ref_Plot5_D10::57,2021_Ref_Plot5_D10,Field2,test,7,8,0.10583161586229954,10.86555646986893,0.02759576358401992
2021_Ref_Plot5_D10::65,2021_Ref_Plot5_D10,Field2,test,8,9,0.13701363026261723,12.302308972502685,0.057477683145185345
2021_Ref_Plot5_D10::69,2021_Ref_Plot5_D10,Field2,test,4,10,0.165078714934203,12.20457912476318,0.0806332664236441
2021_Ref_Plot5_D10::71,2021_Ref_Plot5_D10,Field2,test,2,11,0.11961647443927953,9.09874509656713,0.044080420191816294
2021_Ref_Plot5_D10::76,2021_Ref_Plot5_D10,Field2,test,5,12,0.12485624477082052,13.213225055226596,0.03247095574173861
2021_Ref_Plot5_D10::80,2021_Ref_Plot5_D10,Field2,test,4,13,0.07816617160260135,8.495251854993448,0.013506623779885167
2021_Ref_Plot5_D10::85,2021_Ref_Plot5_D10,Field2,test,5,14,0.09065163613989748,9.160624838961816,0.037119456527965555
2021_Ref_Plot5_D11::8,2021_Ref_Plot5_D11,Field2,test,7,1,0.7640919573629329,28.267849931673513,0.2501890519822709
2021_Ref_Plot5_D11::16,2021_Ref_Plot5_D11,Field2,test,8,2,0.812193316203056,31.34781615778452,0.3741103167584194
2021_Ref_Plot5_D11::22,2021_Ref_Plot5_D11,Field2,test,6,3,0.27161871496952084,16.148241640620988,0.08127097116028649
2021_Ref_Plot5_D11::27,2021_Ref_Plot5_D11,Field2,test,5,4,0.20522190715958413,14.869195892360423,0.05149229813418657
2021_Ref_Plot5_D11::35,2021_Ref_Plot5_D11,Field2,test,8,5,0.1300800203158252,12.494510003113904,0.0241765827250216
2021_Ref_Plot5_D11::44,2021_Ref_Plot5_D11,Field2,test,9,6,0.1173821500927027,9.917513161280207,0.04009829175901379
2021_Ref_Plot5_D11::50,2021_Ref_Plot5_D11,Field2,test,6,7,0.11389531380353,9.042292310403434,0.05065800522088967
2021_Ref_Plot5_D11::57,2021_Ref_Plot5_D11,Field2,test,7,8,0.10716985954572855,11.451786857514012,0.04136883885138638
2021_Ref_Plot5_D11::65,2021_Ref_Plot5_D11,Field2,test,8,9,0.0926692450930904,10.926479438391175,0.027297561850001636
2021_Ref_Plot5_D11::69,2021_Ref_Plot5_D11,Field2,test,4,10,0.16060029736706244,12.175400365674008,0.08194197044809132
2021_Ref_Plot5_D11::71,2021_Ref_Plot5_D11,Field2,test,2,11,0.1201124715764854,9.067638180622184,0.07179346890344004
2021_Ref_Plot5_D11::76,2021_Ref_Plot5_D11,Field2,test,5,12,0.1377314632139772,13.074237811755465,0.03488865649879094
2021_Ref_Plot5_D11::80,2021_Ref_Plot5_D11,Field2,test,4,13,0.10614819622491921,10.168646895526194,0.04334057029672485
2021_Ref_Plot5_D11::85,2021_Ref_Plot5_D11,Field2,test,5,14,0.07670794334329224,9.433263595683567,0.014585742293173812
2021_Ref_Plot5_D9::8,2021_Ref_Plot5_D9,Field2,test,7,1,0.7741487640928968,28.28872923083175,0.2576265086991836
2021_Ref_Plot5_D9::16,2021_Ref_Plot5_D9,Field2,test,8,2,0.8202784815681422,32.17168687832536,0.38398209614260154
2021_Ref_Plot5_D9::22,2021_Ref_Plot5_D9,Field2,test,6,3,0.256472347969372,15.043705682965413,0.07986282273344925
2021_Ref_Plot5_D9::27,2021_Ref_Plot5_D9,Field2,test,5,4,0.15901341962241902,14.02610677356368,0.03346753521207059
2021_Ref_Plot5_D9::35,2021_Ref_Plot5_D9,Field2,test,8,5,0.12213566685316653,10.746722306173531,0.018920104990817154
2021_Ref_Plot5_D9::44,2021_Ref_Plot5_D9,Field2,test,9,6,0.09310140627522549,9.049457630264877,0.012771751850989296
2021_Ref_Plot5_D9::50,2021_Ref_Plot5_D9,Field2,test,6,7,0.1385730714881119,9.287129619710074,0.08512282650437301
2021_Ref_Plot5_D9::57,2021_Ref_Plot5_D9,Field2,test,7,8,0.11977739424087945,11.094384851631169,0.03841760560724059
2021_Ref_Plot5_D9::65,2021_Ref_Plot5_D9,Field2,test,8,9,0.11886185047713978,11.229460105607307,0.044678341112638215
2021_Ref_Plot5_D9::69,2021_Ref_Plot5_D9,Field2,test,4,10,0.13492762824359442,11.976895068686943,0.04078168153107805
2021_Ref_Plot5_D9::71,2021_Ref_Plot5_D9,Field2,test,2,11,0.09896216186344588,9.078415776050493,0.04431391746331703
2021_Ref_Plot5_D9::76,2021_Ref_Plot5_D9,Field2,test,5,12,0.13819521511114743,12.578393596586743,0.012926934671676667
2021_Ref_Plot5_D9::80,2021_Ref_Plot5_D9,Field2,test,4,13,0.07509644919460502,8.865764516739805,0.019485877743445002
2021_Ref_Plot5_D9::85,2021_Ref_Plot5_D9,Field2,test,5,14,0.08833265386907463,8.743341251254748,0.036155082881819345
2021_Ref_Plot5_E11::8,2021_Ref_Plot5_E11,Field2,test,7,1,0.7340728025039489,26.585141011001273,0.196199998456919
2021_Ref_Plot5_E11::16,2021_Ref_Plot5_E11,Field2,test,8,2,0.7671947621598648,29.14520144490446,0.330961944100784
2021_Ref_Plot5_E11::22,2021_Ref_Plot5_E11,Field2,test,6,3,0.25536374778435317,16.50031888419592,0.06865128660512279
2021_Ref_Plot5_E11::27,2021_Ref_Plot5_E11,Field2,test,5,4,0.18111867699029846,14.871351831900366,0.03905441411952477
2021_Ref_Plot5_E11::35,2021_Ref_Plot5_E11,Field2,test,8,5,0.12430858760225477,12.226029646810785,0.027323821550886182
2021_Ref_Plot5_E11::44,2021_Ref_Plot5_E11,Field2,test,9,6,0.0882308924836477,9.626981226595925,0.0289373864146145
2021_Ref_Plot5_E11::50,2021_Ref_Plot5_E11,Field2,test,6,7,0.10172864508804567,8.8501366969934,0.048903785383346596
2021_Ref_Plot5_E11::57,2021_Ref_Plot5_E11,Field2,test,7,8,0.11663069826995727,11.311231682674595,0.02503303872513244
2021_Ref_Plot5_E11::65,2021_Ref_Plot5_E11,Field2,test,8,9,0.10006193499881223,10.295782442908186,0.036435132889605586
2021_Ref_Plot5_E11::69,2021_Ref_Plot5_E11,Field2,test,4,10,0.17534963615592494,12.641756847342522,0.09370669901829976
2021_Ref_Plot5_E11::71,2021_Ref_Plot5_E11,Field2,test,2,11,0.1211560857125717,9.073308256260887,0.07494215588480016
2021_Ref_Plot5_E11::76,2021_Ref_Plot5_E11,Field2,test,5,12,0.1002404159471798,10.003354645222284,0.01575092338323235
2021_Ref_Plot5_E11::80,2021_Ref_Plot5_E11,Field2,test,4,13,0.06265512762090207,8.766135799919919,0.0157083474326697
2021_Ref_Plot5_E11::85,2021_Ref_Plot5_E11,Field2,test,5,14,0.09120665191339859,9.506464584709386,0.035958786270490636
2021_Ref_Plot5_E3::8,2021_Ref_Plot5_E3,Field2,test,7,1,0.7154381457649109,27.542298875380794,0.19677557617404692
2021_Ref_Plot5_E3::16,2021_Ref_Plot5_E3,Field2,test,8,2,0.7934536270348899,31.034924898997428,0.32567378850066364
2021_Ref_Plot5_E3::22,2021_Ref_Plot5_E3,Field2,test,6,3,0.3058899709361324,17.515191455650967,0.08452914570079843
2021_Ref_Plot5_E3::27,2021_Ref_Plot5_E3,Field2,test,5,4,0.2668804857395348,16.235373771635693,0.09482554628288928
2021_Ref_Plot5_E3::35,2021_Ref_Plot5_E3,Field2,test,8,5,0.12436833542391938,11.850365127202654,0.020174556661879377
2021_Ref_Plot5_E3::44,2021_Ref_Plot5_E3,Field2,test,9,6,0.09450525454953758,9.896925339000623,0.02457140588556704
2021_Ref_Plot5_E3::50,2021_Ref_Plot5_E3,Field2,test,6,7,0.14855088106098147,9.591368223162863,0.08600396681637247
2021_Ref_Plot5_E3::57,2021_Ref_Plot5_E3,Field2,test,7,8,0.10852114770597025,10.765844710885794,0.015396895129395483
2021_Ref_Plot5_E3::65,2021_Ref_Plot5_E3,Field2,test,8,9,0.0781705187525301,10.392305374368252,0.022383148993923525
2021_Ref_Plot5_E3::69,2021_Ref_Plot5_E3,Field2,test,4,10,0.16385169465288826,12.784614111271718,0.04927269681991099
2021_Ref_Plot5_E3::71,2021_Ref_Plot5_E3,Field2,test,2,11,0.11419695079611226,9.057916248315458,0.056519918789795204
2021_Ref_Plot5_E3::76,2021_Ref_Plot5_E3,Field2,test,5,12,0.1390210311485333,11.581097726228753,0.01365424791800734
2021_Ref_Plot5_E3::80,2021_Ref_Plot5_E3,Field2,test,4,13,0.056795774881682914,7.284090781724424,0.01137920865794921
2021_Ref_Plot5_E3::85,2021_Ref_Plot5_E3,Field2,test,5,14,0.0509952237418288,8.716929155111007,0.015516670200719318
2021_Ref_Plot5_E7::8,2021_Ref_Plot5_E7,Field2,test,7,1,0.7364754709003952,27.83751314568095,0.19431331971834145
2021_Ref_Plot5_E7::16,2021_Ref_Plot5_E7,Field2,test,8,2,0.796323071803921,30.924811761133654,0.32732556824913217
2021_Ref_Plot5_E7::22,2021_Ref_Plot5_E7,Field2,test,6,3,0.2636001430084555,14.005301774875583,0.06736526082970426
2021_Ref_Plot5_E7::27,2021_Ref_Plot5_E7,Field2,test,5,4,0.24870115516262237,16.055816512750365,0.05975882443968607
2021_Ref_Plot5_E7::35,2021_Ref_Plot5_E7,Field2,test,8,5,0.1555603480790236,13.008002224884736,0.04696790622698408
2021_Ref_Plot5_E7::44,2021_Ref_Plot5_E7,Field2,test,9,6,0.11167357092753523,9.519971654926108,0.04418134871315481
2021_Ref_Plot5_E7::50,2021_Ref_Plot5_E7,Field2,test,6,7,0.17403078849289164,9.862624653012299,0.10966287700809865
2021_Ref_Plot5_E7::57,2021_Ref_Plot5_E7,Field2,test,7,8,0.11579112634591134,11.65962565401401,0.0237597868810111
2021_Ref_Plot5_E7::65,2021_Ref_Plot5_E7,Field2,test,8,9,0.11025034989497408,10.831395877064171,0.05213494117931483
2021_Ref_Plot5_E7::69,2021_Ref_Plot5_E7,Field2,test,4,10,0.16643246150692195,12.969676224705424,0.07413201957389157
2021_Ref_Plot5_E7::71,2021_Ref_Plot5_E7,Field2,test,2,11,0.12663660536496404,9.582574191165534,0.06481480959565569
2021_Ref_Plot5_E7::76,2021_Ref_Plot5_E7,Field2,test,5,12,0.10705033125422132,10.504329522667097,0.012889062833701805
2021_Ref_Plot5_E7::80,2021_Ref_Plot5_E7,Field2,test,4,13,0.07613142654458395,9.53010810784521,0.02866177601734623
2021_Ref_Plot5_E7::85,2021_Ref_Plot5_E7,Field2,test,5,14,0.09821329344775535,10.539165885198798,0.03757149806434869
