pair_id,plant_id,field,split,gap_days,n_input_frames,ssim,psnr,structure_ssim
2020_Ref_Plot1_A10::22,2020_Ref_Plot1_A10,Field1,test,7,1,0.32130693858657905,18.111973175421127,0.09141160379765581
2020_Ref_Plot1_A10::28,2020_Ref_Plot1_A10,Field1,test,6,2,0.6448923644526318,26.315181255299915,0.1564646669812032
2020_Ref_Plot1_A10::36,2020_Ref_Plot1_A10,Field1,test,8,3,0.15581394865332182,13.447832378139442,0.05360197233831045
2020_Ref_Plot1_A10::42,2020_Ref_Plot1_A10,Field1,test,6,4,0.21669291850237946,15.480202287684879,0.043972614321549496
2020_Ref_Plot1_A10::51,2020_Ref_Plot1_A10,Field1,test,9,5,0.13848950734323182,10.691502019194143,0.04409729969303965
2020_Ref_Plot1_A10::83,2020_Ref_Plot1_A10,Field1,test,32,6,0.1327325474836407,13.129586576637362,0.023535937101888
2020_Ref_Plot1_A93::22,2020_Ref_Plot1_A93,Field1,test,7,1,0.3228434680778718,19.18634931283138,0.0671924051935848
2020_Ref_Plot1_A93::28,2020_Ref_Plot1_A93,Field1,test,6,2,0.6945665440613151,27.528055167868352,0.17192486565575735
2020_Ref_Plot1_A93::36,2020_Ref_Plot1_A93,Field1,test,8,3,0.17422114908669176,14.234868531292761,0.04526251285759189
2020_Ref_Plot1_A93::42,2020_Ref_Plot1_A93,Field1,test,6,4,0.2322720432910591,15.979369335990361,0.03738632145597334
2020_Ref_Plot1_A93::51,2020_Ref_Plot1_A93,Field1,test,9,5,0.14960550497400105,10.228969605095028,0.03942332578359374
2020_Ref_Plot1_A94::22,2020_Ref_Plot1_A94,Field1,test,7,1,0.3504896979458196,19.784449680488546,0.08095102571607722
2020_Ref_Plot1_A94::28,2020_Ref_Plot1_A94,Field1,test,6,2,0.6866573217269621,27.31271798986984,0.1801702267576572
2020_Ref_Plot1_A94::36,2020_Ref_Plot1_A94,Field1,test,8,3,0.1908308237117217,14.943532373672552,0.0525414593368163
2020_Ref_Plot1_A94::42,2020_Ref_Plot1_A94,Field1,test,6,4,0.2117463727357176,14.979116146032304,0.03464126772533657
2020_Ref_Plot1_A94::51,2020_Ref_Plot1_A94,Field1,test,9,5,0.1382866693033177,9.57992295303757,0.03693001870867236
2020_Ref_Plot1_B10::22,2020_Ref_Plot1_B10,Field1,test,7,1,0.3263992979246961,17.729328711593798,0.1020040358887505
2020_Ref_Plot1_B10::28,2020_Ref_Plot1_B10,Field1,test,6,2,0.6166796553217883,25.8885275252389,0.12874478526291283
2020_Ref_Plot1_B10::36,2020_Ref_Plot1_B10,Field1,test,8,3,0.1441955186836609,12.71586191504381,0.037826296804243216
2020_Ref_Plot1_B10::42,2020_Ref_Plot1_B10,Field1,test,6,4,0.21406838395099756,15.739384055298943,0.04629775084000614
2020_Ref_Plot1_B10::51,2020_Ref_Plot1_B10,Field1,test,9,5,0.12391843460964251,11.225930252812086,0.04313970374913703
2020_Ref_Plot1_B10::83,2020_Ref_Plot1_B10,Field1,test,32,6,0.21880161345208268,14.152305824653908,0.025786225846310684
2020_Ref_Plot1_B1::22,2020_Ref_Plot1_B1,Field1,test,7,1,0.29343965092095237,18.005668530307773,0.08106599564970135
2020_Ref_Plot1_B1::28,2020_Ref_Plot1_B1,Field1,test,6,2,0.6552392280865019,27.046879953241586,0.16091421181201843
2020_Ref_Plot1_B1::36,2020_Ref_Plot1_B1,Field1,test,8,3,0.1653981162217648,13.573073675805968,0.06092179783378148
2020_Ref_Plot1_B1::42,2020_Ref_Plot1_B1,Field1,test,6,4,0.24416932983133774,16.411441743991467,0.051474115677565276
2020_Ref_Plot1_B1::51,2020_Ref_Plot1_B1,Field1,test,9,5,0.1451154227507171,9.882968936748252,0.052522267518025155
2020_Ref_Plot1_B1::83,2020_Ref_Plot1_B1,Field1,test,32,6,0.2238500387869412,13.325840077804028,0.02003737876093945
2020_Ref_Plot1_B7::22,2020_Ref_Plot1_B7,Field1,test,7,1,0.3846947740075209,18.805142384256254,0.1438871033460937
2020_Ref_Plot1_B7::28,2020_Ref_Plot1_B7,Field1,test,6,2,0.6126188194287403,26.071292944753136,0.13210550067312277
2020_Ref_Plot1_B7::36,2020_Ref_Plot1_B7,Field1,test,8,3,0.1461262537819741,11.845377482938211,0.03521548692633573
2020_Ref_Plot1_B7::42,2020_Ref_Plot1_B7,Field1,test,6,4,0.21902838779688585,15.806961639232693,0.041257313213169944
2020_Ref_Plot1_B7::51,2020_Ref_Plot1_B7,Field1,test,9,5,0.13964930516665153,10.853781258243389,0.058759941718627494
2020_Ref_Plot1_B7::83,2020_Ref_Plot1_B7,Field1,test,32,6,0.20284718922998599,14.146053850659506,0.01635648763012374
2020_Ref_Plot1_B94::22,2020_Ref_Plot1_B94,Field1,test,7,1,0.2862055662131704,18.201467061816416,0.06236581430524408
2020_Ref_Plot1_B94::28,2020_Ref_Plot1_B94,Field1,test,6,2,0.692491531712125,28.060833887448897,0.18068780220773073
2020_Ref_Plot1_B94::36,2020_Ref_Plot1_B94,Field1,test,8,3,0.17396526132988654,14.396165214505672,0.037670874511260395
2020_Ref_Plot1_B94::42,2020_Ref_Plot1_B94,Field1,test,6,4,0.1911194771711803,14.808651163183056,0.036260621981060566
2020_Ref_Plot1_B94::51,2020_Ref_Plot1_B94,Field1,test,9,5,0.12936383431006343,10.968880044615489,0.06122251928019782
2020_Ref_Plot1_C1::22,2020_Ref_Plot1_C1,Field1,test,7,1,0.3185721575797979,17.746834255022062,0.09917204461363137
2020_Ref_Plot1_C1::28,2020_Ref_Plot1_C1,Field1,test,6,2,0.6831964265547916,27.638286532306648,0.1642067241532631
2020_Ref_Plot1_C1::36,2020_Ref_Plot1_C1,Field1,test,8,3,0.1990983958282496,14.191595373310959,0.06191666574712227
2020_Ref_Plot1_C1::42,2020_Ref_Plot1_C1,Field1,test,6,4,0.23229804615008764,16.0707901219087,0.0522979118706166
2020_Ref_Plot1_C1::51,2020_Ref_Plot1_C1,Field1,test,9,5,0.1641466605499178,11.032385727930432,0.07224633335529862
2020_Ref_Plot1_C1::83,2020_Ref_Plot1_C1,Field1,test,32,6,0.2304635325272121,14.243778106883108,0.023617919153060236
2020_Ref_Plot1_C92::22,2020_Ref_Plot1_C92,Field1,test,7,1,0.27024967967842484,18.035297026517203,0.056710492863626866
2020_Ref_Plot1_C92::28,2020_Ref_Plot1_C92,Field1,test,6,2,0.705097744617429,28.510784999341652,0.18422129860252273
2020_Ref_Plot1_C92::36,2020_Ref_Plot1_C92,Field1,test,8,3,0.1643476972353499,14.095684215527287,0.025316648211509703
2020_Ref_Plot1_C92::42,2020_Ref_Plot1_C92,Field1,test,6,4,0.19797188052580436,15.042881295456818,0.02780228778689776
2020_Ref_Plot1_C92::51,2020_Ref_Plot1_C92,Field1,test,9,5,0.12209880255950863,10.300223216218678,0.044440791019855944
2020_Ref_Plot1_C98::22,2020_Ref_Plot1_C98,Field1,test,7,1,0.3158672767635213,18.21007085755125,0.09239889508570044
2020_Ref_Plot1_C98::28,2020_Ref_Plot1_C98,Field1,test,6,2,0.6787427249579756,27.248079346003124,0.1546336852696975
2020_Ref_Plot1_C98::36,2020_Ref_Plot1_C98,Field1,test,8,3,0.1777315804775946,14.233540254077951,0.04884075478444061
2020_Ref_Plot1_C98::42,2020_Ref_Plot1_C98,Field1,test,6,4,0.21165713503104253,15.22155063289681,0.028006157243092942
2020_Ref_Plot1_C98::51,2020_Ref_Plot1_C98,Field1,test,9,5,0.13565612357934578,10.567870483879748,0.0495380974452921
2020_Ref_Plot2_A2::22,2020_Ref_Plot2_A2,Field1,test,7,1,0.26914432363105395,18.682112893377994,0.047600157596044274
2020_Ref_Plot2_A2::28,2020_Ref_Plot2_A2,Field1,test,6,2,0.6632686209061068,26.763167135351623,0.14395883259829917
2020_Ref_Plot2_A2::36,2020_Ref_Plot2_A2,Field1,test,8,3,0.1707333146554656,13.724434425489411,0.06616398418438856
2020_Ref_Plot2_A2::42,2020_Ref_Plot2_A2,Field1,test,6,4,0.2448681139253597,16.394699778362437,0.041609338208805725
2020_Ref_Plot2_A2::51,2020_Ref_Plot2_A2,Field1,test,9,5,0.12672482191450193,10.469623668257295,0.06299164270820339
2020_Ref_Plot2_A2::83,2020_Ref_Plot2_A2,Field1,test,32,6,0.19221963410814355,13.589810983554973,0.022342957812399932
2020_Ref_Plot2_A4::22,2020_Ref_Plot2_A4,Field1,test,7,1,0.24768068040410376,18.413252322677554,0.03912522617726419
2020_Ref_Plot2_A4::28,2020_Ref_Plot2_A4,Field1,test,6,2,0.6796768972241648,27.15666384475489,0.17691844398579507
2020_Ref_Plot2_A4::36,2020_Ref_Plot2_A4,Field1,test,8,3,0.1833016735590154,13.94756873681355,0.06416484412584281
2020_Ref_Plot2_A4::42,2020_Ref_Plot2_A4,Field1,test,6,4,0.20189097033227635,14.375015299590935,0.03620378561738231
2020_Ref_Plot2_A4::51,2020_Ref_Plot2_A4,Field1,test,9,5,0.1381980151819121,10.571012822769823,0.049140097987318485
2020_Ref_Plot2_A4::83,2020_Ref_Plot2_A4,Field1,test,32,6,0.12659030645322858,11.031463584899836,0.020306664706654515
2020_Ref_Plot2_A91::22,2020_Ref_Plot2_A91,Field1,test,7,1,0.2773471033022314,18.65312684546523,0.05865330685141003
2020_Ref_Plot2_A91::28,2020_Ref_Plot2_A91,Field1,test,6,2,0.6597186151450694,26.941781426667553,0.13173951544636153
2020_Ref_Plot2_A91::36,2020_Ref_Plot2_A91,Field1,test,8,3,0.18932701764974816,14.753566308390756,0.06104270991300387
2020_Ref_Plot2_A91::42,2020_Ref_Plot2_A91,Field1,test,6,4,0.260239122605985,16.534065949619958,0.045368473411770215
2020_Ref_Plot2_A91::51,2020_Ref_Plot2_A91,Field1,test,9,5,0.13723123720855934,10.169115082945927,0.05355542399928806
2020_Ref_Plot2_A91::83,2020_Ref_Plot2_A91,Field1,test,32,6,0.2098488870080418,13.686355631197939,0.019941985320802814
2020_Ref_Plot2_B1::22,2020_Ref_Plot2_B1,Field1,test,7,1,0.2668265757562877,18.669277824228377,0.060489731523488244
2020_Ref_Plot2_B1::28,2020_Ref_Plot2_B1,Field1,test,6,2,0.6700197480827687,27.01434762406216,0.14378938038551387
2020_Ref_Plot2_B1::36,2020_Ref_Plot2_B1,Field1,test,8,3,0.164370651816346,14.04644610617657,0.054140534224698375
2020_Ref_Plot2_B1::42,2020_Ref_Plot2_B1,Field1,test,6,4,0.2892534088880418,17.081147368183565,0.05565494261105772
2020_Ref_Plot2_B1::51,2020_Ref_Plot2_B1,Field1,test,9,5,0.110796988175001,9.87498155841631,0.03751548391402314
2020_Ref_Plot2_B1::83,2020_Ref_Plot2_B1,Field1,test,32,6,0.15946757578760776,13.070620555989969,0.017196055078015124
2020_Ref_Plot2_B7::22,2020_Ref_Plot2_B7,Field1,test,7,1,0.3026371108346158,18.93819492224673,0.06470723563024385
2020_Ref_Plot2_B7::28,2020_Ref_Plot2_B7,Field1,test,6,2,0.6382293122511112,26.850115096187647,0.14162094818817106
2020_Ref_Plot2_B7::36,2020_Ref_Plot2_B7,Field1,test,8,3,0.16318024819962373,13.47554909705501,0.041356523637933844
2020_Ref_Plot2_B7::42,2020_Ref_Plot2_B7,Field1,test,6,4,0.22829903760242168,15.74549280300551,0.04789099145132785
2020_Ref_Plot2_B7::51,2020_Ref_Plot2_B7,Field1,test,9,5,0.1373205159671044,9.808249608338137,0.07394884225763172
2020_Ref_Plot2_B7::83,2020_Ref_Plot2_B7,Field1,test,32,6,0.13097869792269776,12.273789561697903,0.018230236151766263
2020_Ref_Plot2_B91::22,2020_Ref_Plot2_B91,Field1,test,7,1,0.28129025283083686,18.226249404992817,0.07835490244030574
2020_Ref_Plot2_B91::28,2020_Ref_Plot2_B91,Field1,test,6,2,0.669952525468139,27.305319955388722,0.16298560021806902
2020_Ref_Plot2_B91::36,2020_Ref_Plot2_B91,Field1,test,8,3,0.1679285540802035,14.155345486692159,0.04287393419182282
2020_Ref_Plot2_B91::42,2020_Ref_Plot2_B91,Field1,test,6,4,0.22387471520114668,15.680623445544647,0.020027919011673743
2020_Ref_Plot2_B91::51,2020_Ref_Plot2_B91,Field1,test,9,5,0.11915615994674207,9.875620230467302,0.04648988902078543
2020_Ref_Plot2_B99::22,2020_Ref_Plot2_B99,Field1,test,7,1,0.29527056609756963,18.360063171708344,0.05770765211560788
2020_Ref_Plot2_B99::28,2020_Ref_Plot2_B99,Field1,test,6,2,0.6592021770735372,26.72941066146692,0.15720108253298543
2020_Ref_Plot2_B99::36,2020_Ref_Plot2_B99,Field1,test,8,3,0.13937165885020805,12.319622135163748,0.02965785132253353
2020_Ref_Plot2_B99::42,2020_Ref_Plot2_B99,Field1,test,6,4,0.23449207681268958,16.794268660687056,0.04346787120931375
2020_Ref_Plot2_B99::51,2020_Ref_Plot2_B99,Field1,test,9,5,0.09809292324018137,9.347604190221071,0.02966421950122528
2020_Ref_Plot2_B99::83,2020_Ref_Plot2_B99,Field1,test,32,6,0.17605487266674502,13.957765826337226,0.02043698404781211
2020_Ref_Plot2_C2::22,2020_Ref_Plot2_C2,Field1,test,7,1,0.28153670488651006,18.366207256543866,0.06479403494202314
2020_Ref_Plot2_C2::28,2020_Ref_Plot2_C2,Field1,test,6,2,0.6897825893782693,27.69733815553492,0.17143621243662277
2020_Ref_Plot2_C2::36,2020_Ref_Plot2_C2,Field1,test,8,3,0.19375779972605864,14.283957226474225,0.060343780987960914
2020_Ref_Plot2_C2::42,2020_Ref_Plot2_C2,Field1,test,6,4,0.26866026301647955,15.959218880742931,0.05242913117446392
2020_Ref_Plot2_C2::51,2020_Ref_Plot2_C2,Field1,test,9,5,0.15041667972178038,10.597988749905983,0.06330791270462478
2020_Ref_Plot2_C2::83,2020_Ref_Plot2_C2,Field1,test,32,6,0.16744981554101043,12.778321272927721,0.025331788310360818
2020_Ref_Plot2_C5::22,2020_Ref_Plot2_C5,Field1,test,7,1,0.3001515530326437,19.426076238115936,0.07280689417603257
2020_Ref_Plot2_C5::28,2020_Ref_Plot2_C5,Field1,test,6,2,0.685155587899602,27.523759321726594,0.176461135084351
2020_Ref_Plot2_C5::36,2020_Ref_Plot2_C5,Field1,test,8,3,0.1952307705352855,14.369958589001877,0.04797202196443903
2020_Ref_Plot2_C5::42,2020_Ref_Plot2_C5,Field1,test,6,4,0.23805816007168534,15.44023826607864,0.0395826542189138
2020_Ref_Plot2_C5::51,2020_Ref_Plot2_C5,Field1,test,9,5,0.11751654083132958,9.70057901256325,0.043098549244615765
2020_Ref_Plot2_C5::83,2020_Ref_Plot2_C5,Field1,test,32,6,0.14089918067647508,11.515682350259766,0.023743509256085878
2020_Ref_Plot2_C6::22,2020_Ref_Plot2_C6,Field1,test,7,1,0.2726200518488546,19.089330404972763,0.0578011197769113
2020_Ref_Plot2_C6::28,2020_Ref_Plot2_C6,Field1,test,6,2,0.6601188090769822,26.951202214301535,0.15398268806831159
2020_Ref_Plot2_C6::36,2020_Ref_Plot2_C6,Field1,test,8,3,0.19992647576709563,14.519776943463947,0.04479852093440755
2020_Ref_Plot2_C6::42,2020_Ref_Plot2_C6,Field1,test,6,4,0.22102240219580435,14.73086715186424,0.04066131633778584
2020_Ref_Plot2_C6::51,2020_Ref_Plot2_C6,Field1,test,9,5,0.12714683738850718,10.010808121368616,0.04256763614404389
2020_Ref_Plot2_C6::83,2020_Ref_Plot2_C6,Field1,test,32,6,0.12334562709186377,11.076632022928335,0.008790305060885026
2020_Ref_Plot3_A2::22,2020_Ref_Plot3_A2,Field1,test,7,1,0.2372086235752249,17.76873426957593,0.03859422297769107
2020_Ref_Plot3_A2::28,2020_Ref_Plot3_A2,Field1,test,6,2,0.6438069682598884,26.258953558961743,0.1454922089479741
2020_Ref_Plot3_A2::36,2020_Ref_Plot3_A2,Field1,test,8,3,0.1771935397979435,13.875877572577764,0.0463307494456058
2020_Ref_Plot3_A2::42,2020_Ref_Plot3_A2,Field1,test,6,4,0.20011613114783114,14.780035631960844,0.03393606220965564
2020_Ref_Plot3_A2::51,2020_Ref_Plot3_A2,Field1,test,9,5,0.12716728204219443,10.014234084776742,0.06992216511428107
2020_Ref_Plot3_A2::83,2020_Ref_Plot3_A2,Field1,test,32,6,0.13992142315480147,12.237321238293696,0.014419343339231862
2020_Ref_Plot3_A91::22,2020_Ref_Plot3_A91,Field1,test,7,1,0.21278963294948994,18.245528813335234,0.02681433611643817
2020_Ref_Plot3_A91::28,2020_Ref_Plot3_A91,Field1,test,6,2,0.682227322446974,27.776578297784717,0.15342824808485953
2020_Ref_Plot3_A91::36,2020_Ref_Plot3_A91,Field1,test,8,3,0.17622834909547402,14.017143542240264,0.04824399113650478
2020_Ref_Plot3_A91::42,2020_Ref_Plot3_A91,Field1,test,6,4,0.22710570744105293,15.128529058380849,0.03796981054799937
2020_Ref_Plot3_A91::51,2020_Ref_Plot3_A91,Field1,test,9,5,0.10282922847213956,10.438314019565919,0.030451958493939956
2020_Ref_Plot3_A91::83,2020_Ref_Plot3_A91,Field1,test,32,6,0.18509405834432383,13.980291327983842,0.016111974259438947
2020_Ref_Plot3_A95::22,2020_Ref_Plot3_A95,Field1,test,7,1,0.2977310203177348,19.02300460073405,0.06747869817676054
2020_Ref_Plot3_A95::28,2020_Ref_Plot3_A95,Field1,test,6,2,0.638487585301025,25.769064342198362,0.13332727417952048
2020_Ref_Plot3_A95::36,2020_Ref_Plot3_A95,Field1,test,8,3,0.1518943451700797,12.863275992638673,0.04472773061770735
2020_Ref_Plot3_A95::42,2020_Ref_Plot3_A95,Field1,test,6,4,0.2135462179274262,15.491182397293286,0.04546397019352127
2020_Ref_Plot3_A95::51,2020_Ref_Plot3_A95,Field1,test,9,5,0.14939449244209213,10.975550722483828,0.06428636169021239
2020_Ref_Plot3_A95::83,2020_Ref_Plot3_A95,Field1,test,32,6,0.1822038994897104,13.289136357428568,0.025223214185633544
2020_Ref_Plot3_A99::22,2020_Ref_Plot3_A99,Field1,test,7,1,0.27969336771204484,18.389566021288253,0.05347650849436544
2020_Ref_Plot3_A99::28,2020_Ref_Plot3_A99,Field1,test,6,2,0.669879788283049,26.568584093249736,0.17648026657931926
2020_Ref_Plot3_A99::36,2020_Ref_Plot3_A99,Field1,test,8,3,0.19075642959311626,13.41894606585657,0.047085374629368876
2020_Ref_Plot3_A99::42,2020_Ref_Plot3_A99,Field1,test,6,4,0.23763061139932232,17.089081718150354,0.0639634297896362
2020_Ref_Plot3_A99::51,2020_Ref_Plot3_A99,Field1,test,9,5,0.13867969068756747,10.523159319017832,0.056905896378344444
2020_Ref_Plot3_A99::83,2020_Ref_Plot3_A99,Field1,test,32,6,0.14187074460701757,12.82333567913918,0.021942521816834575
2020_Ref_Plot3_A9::22,2020_Ref_Plot3_A9,Field1,test,7,1,0.2554207051375425,18.91739182749667,0.04649322832828809
2020_Ref_Plot3_A9::28,2020_Ref_Plot3_A9,Field1,test,6,2,0.675188445391412,26.62528533842677,0.15101716671468277
2020_Ref_Plot3_A9::36,2020_Ref_Plot3_A9,Field1,test,8,3,0.1425318577450901,13.56310439426447,0.028124144603804052
2020_Ref_Plot3_A9::42,2020_Ref_Plot3_A9,Field1,test,6,4,0.28175593035266894,17.90123148916174,0.04217700003316466
2020_Ref_Plot3_A9::51,2020_Ref_Plot3_A9,Field1,test,9,5,0.09475873021340915,9.769981488249718,0.04815798817499854
2020_Ref_Plot3_A9::83,2020_Ref_Plot3_A9,Field1,test,32,6,0.20204141444415846,13.527903785331452,0.0378847422674424
2020_Ref_Plot3_A9::97,2020_Ref_Plot3_A9,Field1,test,14,7,0.24710755716363306,16.116285208995077,0.03350059863924031
2020_Ref_Plot3_B97::22,2020_Ref_Plot3_B97,Field1,test,7,1,0.30090607427150373,18.874149518913953,0.07516730869615897
2020_Ref_Plot3_B97::28,2020_Ref_Plot3_B97,Field1,test,6,2,0.675163384674521,26.74502460266272,0.17715604970958845
2020_Ref_Plot3_B97::36,2020_Ref_Plot3_B97,Field1,test,8,3,0.18603793813908898,13.339083331808956,0.04337707286766086
2020_Ref_Plot3_B97::42,2020_Ref_Plot3_B97,Field1,test,6,4,0.23957391290783892,15.696104628740457,0.04170169656324865
2020_Ref_Plot3_B97::51,2020_Ref_Plot3_B97,Field1,test,9,5,0.155033209174077,10.432898298097042,0.05259858592491881
2020_Ref_Plot3_B97::83,2020_Ref_Plot3_B97,Field1,test,32,6,0.14870497613911648,12.185087538512242,0.01707817936460312
2020_Ref_Plot3_C10::22,2020_Ref_Plot3_C10,Field1,test,7,1,0.24271034346107592,17.927976037182788,0.038670625935471103
2020_Ref_Plot3_C10::28,2020_Ref_Plot3_C10,Field1,test,6,2,0.6507882699439569,26.142676836471225,0.1417672004716685
2020_Ref_Plot3_C10::36,2020_Ref_Plot3_C10,Field1,test,8,3,0.16595315215232112,13.685188027204227,0.03557254495850934
2020_Ref_Plot3_C10::42,2020_Ref_Plot3_C10,Field1,test,6,4,0.21297330838059333,15.779471323939356,0.04061243517181825
2020_Ref_Plot3_C10::51,2020_Ref_Plot3_C10,Field1,test,9,5,0.12738777232724877,10.375969747050583,0.05113248397843349
2020_Ref_Plot3_C10::83,2020_Ref_Plot3_C10,Field1,test,32,6,0.14600448721134981,12.07918828285569,0.018532039030270283
2020_Ref_Plot3_C10::97,2020_Ref_Plot3_C10,Field1,test,14,7,0.2142823346295576,14.925939853087888,0.018003634534786254
2020_Ref_Plot3_C2::22,2020_Ref_Plot3_C2,Field1,test,7,1,0.27678013220572956,18.63961110201325,0.05138901472341342
2020_Ref_Plot3_C2::28,2020_Ref_Plot3_C2,Field1,test,6,2,0.6368578197126139,25.70592433058718,0.12750862508717437
2020_Ref_Plot3_C2::36,2020_Ref_Plot3_C2,Field1,test,8,3,0.1703531812412197,13.620259346502987,0.03585463801704305
2020_Ref_Plot3_C2::42,2020_Ref_Plot3_C2,Field1,test,6,4,0.22169914535339796,15.367481248554233,0.05076645934559593
2020_Ref_Plot3_C2::51,2020_Ref_Plot3_C2,Field1,test,9,5,0.13321125720204122,10.520758180419643,0.040121828149817185
2020_Ref_Plot3_C2::83,2020_Ref_Plot3_C2,Field1,test,32,6,0.12080087921201861,11.713179946735577,0.011050164486220893
2020_Ref_Plot3_C7::22,2020_Ref_Plot3_C7,Field1,test,7,1,0.3043525435150863,18.905332457489074,0.07106882313501806
2020_Ref_Plot3_C7::28,2020_Ref_Plot3_C7,Field1,test,6,2,0.6327405117214716,25.478296821412115,0.14006292036403067
2020_Ref_Plot3_C7::36,2020_Ref_Plot3_C7,Field1,test,8,3,0.1652466366864858,13.169281510178816,0.05199574526627486
2020_Ref_Plot3_C7::42,2020_Ref_Plot3_C7,Field1,test,6,4,0.22222285971080513,16.673654727540438,0.05236806659024511
2020_Ref_Plot3_C7::51,2020_Ref_Plot3_C7,Field1,test,9,5,0.12666068479659365,10.7031402627403,0.05103588823420021
2020_Ref_Plot3_C7::83,2020_Ref_Plot3_C7,Field1,test,32,6,0.16531541750649467,13.227190268911105,0.022074783435460127
2020_Ref_Plot3_C7::97,2020_Ref_Plot3_C7,Field1,test,14,7,0.16995803412588228,13.868259092067055,0.003882411987000836
2020_Ref_Plot4_A8::22,2020_Ref_Plot4_A8,Field1,test,7,1,0.33397775982091754,20.379279836402603,0.07182820527791495
2020_Ref_Plot4_A8::28,2020_Ref_Plot4_A8,Field1,test,6,2,0.6878872156070428,26.028692987221017,0.15855483253278546
2020_Ref_Plot4_A8::36,2020_Ref_Plot4_A8,Field1,test,8,3,0.09051798366216396,13.194053898131124,0.026173046782619946
2020_Ref_Plot4_A8::42,2020_Ref_Plot4_A8,Field1,test,6,4,0.3017281226930929,18.023995190594725,0.05974441744550121
2020_Ref_Plot4_A8::51,2020_Ref_Plot4_A8,Field1,test,9,5,0.10650614477789616,10.142317327839647,0.04432302720468174
2020_Ref_Plot4_A8::83,2020_Ref_Plot4_A8,Field1,test,32,6,0.15112734825077148,13.208558840974504,0.0281738772878529
2020_Ref_Plot4_A90::22,2020_Ref_Plot4_A90,Field1,test,7,1,0.25195495342072033,18.644173399183796,0.031153443507506557
2020_Ref_Plot4_A90::28,2020_Ref_Plot4_A90,Field1,test,6,2,0.7161017940035294,27.55309869233304,0.18941205092826552
2020_Ref_Plot4_A90::36,2020_Ref_Plot4_A90,Field1,test,8,3,0.09086631707069211,13.242546679896556,0.01791576161728485
2020_Ref_Plot4_A90::42,2020_Ref_Plot4_A90,Field1,test,6,4,0.29307432969591884,17.150260903525073,0.04526782886600274
2020_Ref_Plot4_A90::51,2020_Ref_Plot4_A90,Field1,test,9,5,0.11493159284459953,10.21961724611848,0.060241521244309024
2020_Ref_Plot4_A92::22,2020_Ref_Plot4_A92,Field1,test,7,1,0.26680735190071414,19.15867653885698,0.03008810518679463
2020_Ref_Plot4_A92::28,2020_Ref_Plot4_A92,Field1,test,6,2,0.7062889306259675,27.603934077673436,0.14898563293432548
2020_Ref_Plot4_A92::36,2020_Ref_Plot4_A92,Field1,test,8,3,0.09095947893602825,13.745480928329712,0.021759723271295658
2020_Ref_Plot4_A92::42,2020_Ref_Plot4_A92,Field1,test,6,4,0.26548388666215655,16.68999551856124,0.04429740133864121
2020_Ref_Plot4_A92::51,2020_Ref_Plot4_A92,Field1,test,9,5,0.08476332997710488,10.006647706385284,0.03396728038196257
2020_Ref_Plot4_B2::22,2020_Ref_Plot4_B2,Field1,test,7,1,0.27519305830275886,19.305426621387994,0.03536029044486703
2020_Ref_Plot4_B2::28,2020_Ref_Plot4_B2,Field1,test,6,2,0.7224883615345833,27.685755381567915,0.16475751864333474
2020_Ref_Plot4_B2::36,2020_Ref_Plot4_B2,Field1,test,8,3,0.1007537922355884,14.192882790757714,0.01741893929986214
2020_Ref_Plot4_B2::42,2020_Ref_Plot4_B2,Field1,test,6,4,0.2269216812900652,15.528312712160892,0.0305860231358287
2020_Ref_Plot4_B2::51,2020_Ref_Plot4_B2,Field1,test,9,5,0.10361548779586593,10.181608089544747,0.03343007097962552
2020_Ref_Plot4_B2::83,2020_Ref_Plot4_B2,Field1,test,32,6,0.12840514423971952,11.333953910960894,0.01951954140564635
2020_Ref_Plot4_B6::22,2020_Ref_Plot4_B6,Field1,test,7,1,0.3661114216286929,21.316997987991844,0.05969861840174929
2020_Ref_Plot4_B6::28,2020_Ref_Plot4_B6,Field1,test,6,2,0.7597197925665892,27.755289037677944,0.2106343180056248
2020_Ref_Plot4_B6::36,2020_Ref_Plot4_B6,Field1,test,8,3,0.07728279579533097,12.695087239732688,0.021017818479345734
2020_Ref_Plot4_B6::42,2020_Ref_Plot4_B6,Field1,test,6,4,0.26751490699313174,17.416771721630916,0.0594992078061494
2020_Ref_Plot4_B6::51,2020_Ref_Plot4_B6,Field1,test,9,5,0.10612945964738246,9.840632261082966,0.04207351915464981
2020_Ref_Plot4_B6::83,2020_Ref_Plot4_B6,Field1,test,32,6,0.14947251551291688,12.555875784747537,0.019915646019172468
2020_Ref_Plot4_B95::22,2020_Ref_Plot4_B95,Field1,test,7,1,0.29301364387875,19.627464300768857,0.03864717800844435
2020_Ref_Plot4_B95::28,2020_Ref_Plot4_B95,Field1,test,6,2,0.7061919382850178,27.210887305887553,0.18212605016766448
2020_Ref_Plot4_B95::36,2020_Ref_Plot4_B95,Field1,test,8,3,0.07862930452153986,12.908111076821907,0.02036237497019512
2020_Ref_Plot4_B95::42,2020_Ref_Plot4_B95,Field1,test,6,4,0.2781622728545017,17.013957284809965,0.039259202444439464
2020_Ref_Plot4_B95::51,2020_Ref_Plot4_B95,Field1,test,9,5,0.08685584118793233,9.409835525955453,0.02524635703182568
2020_Ref_Plot4_B95::83,2020_Ref_Plot4_B95,Field1,test,32,6,0.24170972883619765,14.42247835646782,0.0372517541745229
2020_Ref_Plot4_B97::22,2020_Ref_Plot4_B97,Field1,test,7,1,0.28428915619853506,19.52242797596679,0.03177647025170283
2020_Ref_Plot4_B97::28,2020_Ref_Plot4_B97,Field1,test,6,2,0.7245216347485801,27.35279368936225,0.1844026754854417
2020_Ref_Plot4_B97::36,2020_Ref_Plot4_B97,Field1,test,8,3,0.08892994062386295,13.629264156321206,0.019338381505013352
2020_Ref_Plot4_B97::42,2020_Ref_Plot4_B97,Field1,test,6,4,0.2871837067940776,17.64566913089747,0.04068246641363351
2020_Ref_Plot4_B97::51,2020_Ref_Plot4_B97,Field1,test,9,5,0.1111768395060031,9.93966403669104,0.029040883322387526
2020_Ref_Plot4_C91::22,2020_Ref_Plot4_C91,Field1,test,7,1,0.2590857792628752,19.343523388723092,0.028729284208507025
2020_Ref_Plot4_C91::28,2020_Ref_Plot4_C91,Field1,test,6,2,0.7350228861730127,28.057280365403436,0.17858616817201403
2020_Ref_Plot4_C91::36,2020_Ref_Plot4_C91,Field1,test,8,3,0.0914104737736879,13.675592421185147,0.025287806011527646
2020_Ref_Plot4_C91::42,2020_Ref_Plot4_C91,Field1,test,6,4,0.2567546559452096,16.32143810451848,0.029307174709355968
2020_Ref_Plot4_C91::51,2020_Ref_Plot4_C91,Field1,test,9,5,0.10022992029458706,9.745708458812913,0.03830105048734731
2021_Ref_Plot1_A11::16,2021_Ref_Plot1_A11,Field2,test,8,2,0.8049709311237206,30.675625699172503,0.39713586755324815
2021_Ref_Plot1_A11::22,2021_Ref_Plot1_A11,Field2,test,6,3,0.34665611421642756,17.61584717132728,0.10845809622294356
2021_Ref_Plot1_A11::27,2021_Ref_Plot1_A11,Field2,test,5,4,0.339972269428846,15.668229553910278,0.11606591055243881
2021_Ref_Plot1_A11::35,2021_Ref_Plot1_A11,Field2,test,8,5,0.10518810083131018,11.310023196225394,0.02441207641552508
2021_Ref_Plot1_A11::44,2021_Ref_Plot1_A11,Field2,test,9,6,0.12779705209419615,13.63214207227378,0.018383579479376404
2021_Ref_Plot1_A11::50,2021_Ref_Plot1_A11,Field2,test,6,7,0.11247283257948754,8.654438643694032,0.07157284923011549
2021_Ref_Plot1_A11::57,2021_Ref_Plot1_A11,Field2,test,7,8,0.09377042684220445,10.416697246787901,0.038112021519943085
2021_Ref_Plot1_A11::65,2021_Ref_Plot1_A11,Field2,test,8,9,0.09785766187140388,10.306232246807852,0.0433180671007906
2021_Ref_Plot1_A11::69,2021_Ref_Plot1_A11,Field2,test,4,10,0.1988982355953964,12.00778534023732,0.1188254288855608
2021_Ref_Plot1_A11::71,2021_Ref_Plot1_A11,Field2,test,2,11,0.1292731064026753,9.886223638047056,0.10593222764185196
2021_Ref_Plot1_A11::76,2021_Ref_Plot1_A11,Field2,test,5,12,0.09177818232137507,10.179606277683305,0.02237886876831042
2021_Ref_Plot1_A11::8,2021_Ref_Plot1_A11,Field2,test,7,1,0.6826754839683876,25.903159306810313,0.17658052238301328
2021_Ref_Plot1_A11::80,2021_Ref_Plot1_A11,Field2,test,4,13,0.05515752040743941,7.19579210982494,0.0129408147891118
2021_Ref_Plot1_A11::85,2021_Ref_Plot1_A11,Field2,test,5,14,0.0696503068167933,9.43854125302847,0.034375315259502125
2021_Ref_Plot1_A13::16,2021_Ref_Plot1_A13,Field2,test,8,2,0.7912615198942713,29.474291500845887,0.3850864880573768
2021_Ref_Plot1_A13::22,2021_Ref_Plot1_A13,Field2,test,6,3,0.31184360534300465,16.712775930756486,0.10506893333344328
2021_Ref_Plot1_A13::27,2021_Ref_Plot1_A13,Field2,test,5,4,0.3099408566462856,16.342655885277363,0.09954972070341166
2021_Ref_Plot1_A13::35,2021_Ref_Plot1_A13,Field2,test,8,5,0.11559340036236403,11.156753917619323,0.02519584471791105
2021_Ref_Plot1_A13::44,2021_Ref_Plot1_A13,Field2,test,9,6,0.11875745812162468,12.848285531882567,0.03305630578723955
2021_Ref_Plot1_A13::50,2021_Ref_Plot1_A13,Field2,test,6,7,0.09252969180943527,7.453598660740185,0.0469148110256342
2021_Ref_Plot1_A13::57,2021_Ref_Plot1_A13,Field2,test,7,8,0.11136212045616724,10.349229604819335,0.05425650520146726
2021_Ref_Plot1_A13::65,2021_Ref_Plot1_A13,Field2,test,8,9,0.11835085420142184,11.503387377965327,0.04320854326578394
2021_Ref_Plot1_A13::69,2021_Ref_Plot1_A13,Field2,test,4,10,0.1586713326067703,12.093697208862007,0.07193963205825722
2021_Ref_Plot1_A13::71,2021_Ref_Plot1_A13,Field2,test,2,11,0.07540226625448382,7.805911660599065,0.05873348302541293
2021_Ref_Plot1_A13::76,2021_Ref_Plot1_A13,Field2,test,5,12,0.09844401826661871,11.439934663515391,0.016351983917930694
2021_Ref_Plot1_A13::8,2021_Ref_Plot1_A13,Field2,test,7,1,0.681120468806618,26.508417076754164,0.16691624797084936
2021_Ref_Plot1_A13::80,2021_Ref_Plot1_A13,Field2,test,4,13,0.04680683100285044,7.598426948032538,0.024639516143303147
2021_Ref_Plot1_A13::85,2021_Ref_Plot1_A13,Field2,test,5,14,0.04997980692833981,8.227508916750812,0.026903193120367024
2021_Ref_Plot1_A20::16,2021_Ref_Plot1_A20,Field2,test,8,2,0.8110041087856613,30.79894275326059,0.42389890113320317
2021_Ref_Plot1_A20::22,2021_Ref_Plot1_A20,Field2,test,6,3,0.34854991028629917,17.02612244684745,0.12077064946789859
2021_Ref_Plot1_A20::27,2021_Ref_Plot1_A20,Field2,test,5,4,0.3190322894353752,16.37749094025392,0.09969547878119224
2021_Ref_Plot1_A20::35,2021_Ref_Plot1_A20,Field2,test,8,5,0.129148107460511,12.258781239691555,0.04092339774507294
2021_Ref_Plot1_A20::44,2021_Ref_Plot1_A20,Field2,test,9,6,0.12677447449846715,13.709019082503723,0.01715149992308906
2021_Ref_Plot1_A20::50,2021_Ref_Plot1_A20,Field2,test,6,7,0.10731751554897474,8.209161814578051,0.06540136034395078
2021_Ref_Plot1_A20::57,2021_Ref_Plot1_A20,Field2,test,7,8,0.07836111461785901,9.956646070943254,0.018294062224086017
2021_Ref_Plot1_A20::65,2021_Ref_Plot1_A20,Field2,test,8,9,0.06948445858415182,10.340040493193335,0.03053179313531111
2021_Ref_Plot1_A20::69,2021_Ref_Plot1_A20,Field2,test,4,10,0.12173656583197161,11.622219046171978,0.05272605580864331
2021_Ref_Plot1_A20::71,2021_Ref_Plot1_A20,Field2,test,2,11,0.07189090011100392,8.386767564073791,0.05678053382073453
2021_Ref_Plot1_A20::76,2021_Ref_Plot1_A20,Field2,test,5,12,0.10106856193036275,12.649030898871453,0.036308531120542706
2021_Ref_Plot1_A20::8,2021_Ref_Plot1_A20,Field2,test,7,1,0.639778780241235,24.845389441287953,0.15366441831710062
2021_Ref_Plot1_A20::80,2021_Ref_Plot1_A20,Field2,test,4,13,0.08502263929472026,8.601811954967246,0.030852856365502678
2021_Ref_Plot1_A20::85,2021_Ref_Plot1_A20,Field2,test,5,14,0.06082542130676959,8.82638635468438,0.03243840521850711
2021_Ref_Plot1_A3::16,2021_Ref_Plot1_A3,Field2,test,8,2,0.789999727067047,30.16293471359415,0.3621666773290659
2021_Ref_Plot1_A3::22,2021_Ref_Plot1_A3,Field2,test,6,3,0.281425346624695,15.606370351281429,0.07916119912879051
2021_Ref_Plot1_A3::27,2021_Ref_Plot1_A3,Field2,test,5,4,0.2987684629616929,15.199989918535216,0.07638730076629713
2021_Ref_Plot1_A3::35,2021_Ref_Plot1_A3,Field2,test,8,5,0.1194910553984931,10.66126977953276,0.03566596613995759
2021_Ref_Plot1_A3::44,2021_Ref_Plot1_A3,Field2,test,9,6,0.1167680723308644,13.34670065867137,0.027032420169787734
2021_Ref_Plot1_A3::50,2021_Ref_Plot1_A3,Field2,test,6,7,0.1335244225709768,8.247686286500077,0.0794275154701784
2021_Ref_Plot1_A3::57,2021_Ref_Plot1_A3,Field2,test,7,8,0.10572444956297061,10.115505204295532,0.04166457651421145
2021_Ref_Plot1_A3::65,2021_Ref_Plot1_A3,Field2,test,8,9,0.13882414325806214,10.523615776870312,0.05243828149538707
2021_Ref_Plot1_A3::69,2021_Ref_Plot1_A3,Field2,test,4,10,0.22029671585078833,12.107174186031031,0.13402412998398902
2021_Ref_Plot1_A3::71,2021_Ref_Plot1_A3,Field2,test,2,11,0.10872215637483484,8.546207324953198,0.07349163492264078
2021_Ref_Plot1_A3::76,2021_Ref_Plot1_A3,Field2,test,5,12,0.14648113192680082,11.940455269110641,0.040551563054513316
2021_Ref_Plot1_A3::8,2021_Ref_Plot1_A3,Field2,test,7,1,0.7039875457296471,26.169658194990525,0.18993008689018198
2021_Ref_Plot1_A3::80,2021_Ref_Plot1_A3,Field2,test,4,13,0.08900181492810151,8.732073244803079,0.024645211281365865
2021_Ref_Plot1_A3::85,2021_Ref_Plot1_A3,Field2,test,5,14,0.0813218864506531,8.689358173852584,0.03817103911968882
2021_Ref_Plot1_B19::16,2021_Ref_Plot1_B19,Field2,test,8,2,0.8018124211680417,30.078850655773934,0.3625047573004186
2021_Ref_Plot1_B19::22,2021_Ref_Plot1_B19,Field2,test,6,3,0.3682998576638649,17.048601367968587,0.13910143864631763
2021_Ref_Plot1_B19::27,2021_Ref_Plot1_B19,Field2,test,5,4,0.3221137504671592,15.98479481567065,0.11989973259665195
2021_Ref_Plot1_B19::35,2021_Ref_Plot1_B19,Field2,test,8,5,0.13176457404241515,12.569688566305716,0.024425696123661196
2021_Ref_Plot1_B19::44,2021_Ref_Plot1_B19,Field2,test,9,6,0.10649354773856427,13.412691085097935,0.024513201940622217
2021_Ref_Plot1_B19::50,2021_Ref_Plot1_B19,Field2,test,6,7,0.07660794448673673,8.212164008957677,0.04144841546568179
2021_Ref_Plot1_B19::57,2021_Ref_Plot1_B19,Field2,test,7,8,0.08778390910251306,11.197582673755914,0.0326374988607806
2021_Ref_Plot1_B19::65,2021_Ref_Plot1_B19,Field2,test,8,9,0.07643080631177505,10.552076609306463,0.03577161828950353
2021_Ref_Plot1_B19::69,2021_Ref_Plot1_B19,Field2,test,4,10,0.14441483210069012,12.029493696237223,0.05459916305165543
2021_Ref_Plot1_B19::71,2021_Ref_Plot1_B19,Field2,test,2,11,0.08645659014303621,9.662164096277635,0.09161584243433188
2021_Ref_Plot1_B19::76,2021_Ref_Plot1_B19,Field2,test,5,12,0.12097651928676345,13.881194256932591,0.03413583886423639
2021_Ref_Plot1_B19::8,2021_Ref_Plot1_B19,Field2,test,7,1,0.6912930492165597,26.110490683173737,0.18556071845179467
2021_Ref_Plot1_B19::80,2021_Ref_Plot1_B19,Field2,test,4,13,0.060397952785096354,9.043550495194744,0.013789125396057606
2021_Ref_Plot1_B19::85,2021_Ref_Plot1_B19,Field2,test,5,14,0.04914844563904108,10.206899739312682,0.025926019352308077
2021_Ref_Plot1_B2::16,2021_Ref_Plot1_B2,Field2,test,8,2,0.7949505652759542,30.834569564162607,0.3220407910232161
2021_Ref_Plot1_B2::22,2021_Ref_Plot1_B2,Field2,test,6,3,0.3578242773600488,17.59457335965571,0.12063786724974328
2021_Ref_Plot1_B2::27,2021_Ref_Plot1_B2,Field2,test,5,4,0.39507421747805554,17.913271816273998,0.14024873075426278
2021_Ref_Plot1_B2::35,2021_Ref_Plot1_B2,Field2,test,8,5,0.17151753723157914,13.450469841198027,0.02912781392885784
2021_Ref_Plot1_B2::44,2021_Ref_Plot1_B2,Field2,test,9,6,0.1380025542060063,13.360226721960188,0.020765979212994282
2021_Ref_Plot1_B2::50,2021_Ref_Plot1_B2,Field2,test,6,7,0.16336883891526757,8.377912515581752,0.08453696028395713
2021_Ref_Plot1_B2::57,2021_Ref_Plot1_B2,Field2,test,7,8,0.12850373720322023,10.879607272817736,0.0612522884147313
2021_Ref_Plot1_B2::65,2021_Ref_Plot1_B2,Field2,test,8,9,0.09332259043218068,10.792755502841874,0.023116476891990163
2021_Ref_Plot1_B2::69,2021_Ref_Plot1_B2,Field2,test,4,10,0.1650996711892651,11.36958113152387,0.06633343735060404
2021_Ref_Plot1_B2::71,2021_Ref_Plot1_B2,Field2,test,2,11,0.12093630130288884,8.816792666481648,0.11167378152312231
2021_Ref_Plot1_B2::76,2021_Ref_Plot1_B2,Field2,test,5,12,0.14432049518855442,13.460410790536566,0.04699153326948351
2021_Ref_Plot1_B2::8,2021_Ref_Plot1_B2,Field2,test,7,1,0.7268700531068145,27.075360125654644,0.20642631308553325
2021_Ref_Plot1_B2::80,2021_Ref_Plot1_B2,Field2,test,4,13,0.09773549405053106,7.408184990663776,0.051354713563033436
2021_Ref_Plot1_B2::85,2021_Ref_Plot1_B2,Field2,test,5,14,0.057585779832099,8.260900978126209,0.01499043093182038
2021_Ref_Plot1_B4::16,2021_Ref_Plot1_B4,Field2,test,8,2,0.7952228644622138,30.567977798049416,0.32755733979087004
2021_Ref_Plot1_B4::22,2021_Ref_Plot1_B4,Field2,test,6,3,0.3247886793770036,17.17903287987276,0.10847332938427737
2021_Ref_Plot1_B4::27,2021_Ref_Plot1_B4,Field2,test,5,4,0.34694674024697747,16.531796958830153,0.11936850620903437
2021_Ref_Plot1_B4::35,2021_Ref_Plot1_B4,Field2,test,8,5,0.16889057577937583,12.373652623192132,0.04629793140957688
2021_Ref_Plot1_B4::44,2021_Ref_Plot1_B4,Field2,test,9,6,0.13174842888431348,13.8399614473689,0.019086173354845536
2021_Ref_Plot1_B4::50,2021_Ref_Plot1_B4,Field2,test,6,7,0.1066032634137663,7.745444999342111,0.04337398283041263
2021_Ref_Plot1_B4::57,2021_Ref_Plot1_B4,Field2,test,7,8,0.09246964697635522,9.662996277815257,0.011317756487898595
2021_Ref_Plot1_B4::65,2021_Ref_Plot1_B4,Field2,test,8,9,0.08772106352507551,9.78095861379564,0.03757357161053929
2021_Ref_Plot1_B4::69,2021_Ref_Plot1_B4,Field2,test,4,10,0.1552681280211092,12.181070010109483,0.06072286479669858
2021_Ref_Plot1_B4::71,2021_Ref_Plot1_B4,Field2,test,2,11,0.12777361725887107,9.323985972553618,0.11121534565383688
2021_Ref_Plot1_B4::76,2021_Ref_Plot1_B4,Field2,test,5,12,0.17821437590461275,12.49063850574358,0.024834272140721012
2021_Ref_Plot1_B4::8,2021_Ref_Plot1_B4,Field2,test,7,1,0.7334677568632548,27.8919259040577,0.20998681143281656
2021_Ref_Plot1_B4::80,2021_Ref_Plot1_B4,Field2,test,4,13,0.08182400721900282,6.436113391694805,0.026605248977338306
2021_Ref_Plot1_B4::85,2021_Ref_Plot1_B4,Field2,test,5,14,0.08828803099458864,8.668965232815777,0.02967081721179713
2021_Ref_Plot1_B7::16,2021_Ref_Plot1_B7,Field2,test,8,2,0.7807223189132394,30.3900399500587,0.31904836751376453
2021_Ref_Plot1_B7::22,2021_Ref_Plot1_B7,Field2,test,6,3,0.313242934404891,16.943609481538793,0.09204397622312768
2021_Ref_Plot1_B7::27,2021_Ref_Plot1_B7,Field2,test,5,4,0.32992038297251125,17.07024594703885,0.11510908188626949
2021_Ref_Plot1_B7::35,2021_Ref_Plot1_B7,Field2,test,8,5,0.14488685329526488,13.061295978773185,0.040317317489982754
2021_Ref_Plot1_B7::44,2021_Ref_Plot1_B7,Field2,test,9,6,0.1439139163363789,14.44007786972512,0.024277219348571608
2021_Ref_Plot1_B7::50,2021_Ref_Plot1_B7,Field2,test,6,7,0.13653201606807727,8.932808775085322,0.08032811520325157
2021_Ref_Plot1_B7::57,2021_Ref_Plot1_B7,Field2,test,7,8,0.12195407976566754,10.573625703391958,0.04469687394886907
2021_Ref_Plot1_B7::65,2021_Ref_Plot1_B7,Field2,test,8,9,0.11399683029802686,10.457705048789707,0.04017308230132656
2021_Ref_Plot1_B7::69,2021_Ref_Plot1_B7,Field2,test,4,10,0.1457783500677229,11.189851471189236,0.053239680306265434
2021_Ref_Plot1_B7::71,2021_Ref_Plot1_B7,Field2,test,2,11,0.12464804895402082,9.905698019556956,0.11631444179721999
2021_Ref_Plot1_B7::8,2021_Ref_Plot1_B7,Field2,test,7,1,0.7048940407952626,26.290504685535954,0.1912165200302149
2021_Ref_Plot1_B7::85,2021_Ref_Plot1_B7,Field2,test,5,13,0.07395348623416587,8.175526907245303,0.02359554892267834
2021_Ref_Plot1_C18::16,2021_Ref_Plot1_C18,Field2,test,8,2,0.799018768814364,29.659671837471542,0.3572058616597415
2021_Ref_Plot1_C18::22,2021_Ref_Plot1_C18,Field2,test,6,3,0.3351325554427856,16.21166815022417,0.11992557102540138
2021_Ref_Plot1_C18::27,2021_Ref_Plot1_C18,Field2,test,5,4,0.2677654915133869,15.047312270008044,0.09093513355968422
2021_Ref_Plot1_C18::35,2021_Ref_Plot1_C18,Field2,test,8,5,0.13383858280648162,11.48243118158408,0.03517646819258924
2021_Ref_Plot1_C18::44,2021_Ref_Plot1_C18,Field2,test,9,6,0.11672841585387922,13.774277863094248,0.025688347660583203
2021_Ref_Plot1_C18::50,2021_Ref_Plot1_C18,Field2,test,6,7,0.08649358378096457,7.742004636968565,0.054090124186940106
2021_Ref_Plot1_C18::57,2021_Ref_Plot1_C18,Field2,test,7,8,0.09668079662338384,10.279783355843676,0.0392617535873826
2021_Ref_Plot1_C18::65,2021_Ref_Plot1_C18,Field2,test,8,9,0.08924238146137721,9.708767306532595,0.03946374905554187
2021_Ref_Plot1_C18::69,2021_Ref_Plot1_C18,Field2,test,4,10,0.15964365776301317,12.053746265331682,0.06546480498845779
2021_Ref_Plot1_C18::71,2021_Ref_Plot1_C18,Field2,test,2,11,0.11623186916297368,9.712241322035686,0.11808566449062663
2021_Ref_Plot1_C18::76,2021_Ref_Plot1_C18,Field2,test,5,12,0.10674833544398864,12.929380358346265,0.018430122354764968
2021_Ref_Plot1_C18::8,2021_Ref_Plot1_C18,Field2,test,7,1,0.7163503499214379,26.672155365429475,0.19191926441036272
2021_Ref_Plot1_C18::80,2021_Ref_Plot1_C18,Field2,test,4,13,0.04602458185115437,10.07651745071967,0.012871130358339027
2021_Ref_Plot1_C18::85,2021_Ref_Plot1_C18,Field2,test,5,14,0.06281152149899862,10.46126409388262,0.02655849866312972
2021_Ref_Plot1_C6::16,2021_Ref_Plot1_C6,Field2,test,8,2,0.8112818951110464,31.01218748226039,0.3677376966661252
2021_Ref_Plot1_C6::22,2021_Ref_Plot1_C6,Field2,test,6,3,0.3338101718072273,16.831120353691794,0.10746554159690445
2021_Ref_Plot1_C6::27,2021_Ref_Plot1_C6,Field2,test,5,4,0.3501688174216548,16.79007239803678,0.1082972815004116
2021_Ref_Plot1_C6::35,2021_Ref_Plot1_C6,Field2,test,8,5,0.1584304781210379,12.746838043938984,0.03358977111213396
2021_Ref_Plot1_C6::44,2021_Ref_Plot1_C6,Field2,test,9,6,0.1294685735128658,13.998770484463963,0.02073853408780181
2021_Ref_Plot1_C6::50,2021_Ref_Plot1_C6,Field2,test,6,7,0.10292153961165522,8.32911716458646,0.0637580105944238
2021_Ref_Plot1_C6::57,2021_Ref_Plot1_C6,Field2,test,7,8,0.1088311318482114,9.91025704545854,0.043361368202022736
2021_Ref_Plot1_C6::65,2021_Ref_Plot1_C6,Field2,test,8,9,0.1281846487764612,10.175745811339443,0.07872297495998122
2021_Ref_Plot1_C6::69,2021_Ref_Plot1_C6,Field2,test,4,10,0.18159253330698213,11.580301820152101,0.09708575741685375
2021_Ref_Plot1_C6::71,2021_Ref_Plot1_C6,Field2,test,2,11,0.12893497549815383,9.412117358221066,0.10956470792712696
2021_Ref_Plot1_C6::76,2021_Ref_Plot1_C6,Field2,test,5,12,0.18996161455258997,13.320611890993865,0.06667390605049617
2021_Ref_Plot1_C6::8,2021_Ref_Plot1_C6,Field2,test,7,1,0.7132002335433473,26.850448017370375,0.19413215518575463
2021_Ref_Plot1_C6::80,2021_Ref_Plot1_C6,Field2,test,4,13,0.09653379286408952,8.434993586145968,0.06312529942767443
2021_Ref_Plot1_C6::85,2021_Ref_Plot1_C6,Field2,test,5,14,0.1332750754448375,9.009265517595495,0.05775515075696483
2021_Ref_Plot1_D18::16,2021_Ref_Plot1_D18,Field2,test,8,2,0.7899087487341115,29.490919713672277,0.3586801004538184
2021_Ref_Plot1_D18::22,2021_Ref_Plot1_D18,Field2,test,6,3,0.3202436470777344,16.368029210606604,0.10421196062247336
2021_Ref_Plot1_D18::27,2021_Ref_Plot1_D18,Field2,test,5,4,0.32206529561402936,15.470532064392575,0.13504719743314175
2021_Ref_Plot1_D18::35,2021_Ref_Plot1_D18,Field2,test,8,5,0.10588036844624805,10.810758574178884,0.01908935293476394
2021_Ref_Plot1_D18::44,2021_Ref_Plot1_D18,Field2,test,9,6,0.11891754974635826,14.079639246543927,0.014415525326878039
2021_Ref_Plot1_D18::50,2021_Ref_Plot1_D18,Field2,test,6,7,0.11368065652571037,8.434998945284608,0.06047813803405712
2021_Ref_Plot1_D18::57,2021_Ref_Plot1_D18,Field2,test,7,8,0.11863895365014492,10.89810030543613,0.04072293970487869
2021_Ref_Plot1_D18::65,2021_Ref_Plot1_D18,Field2,test,8,9,0.10151981600939537,10.068062204894119,0.04097318638492654
2021_Ref_Plot1_D18::69,2021_Ref_Plot1_D18,Field2,test,4,10,0.14233646438403447,10.838081172621443,0.057220538290273126
2021_Ref_Plot1_D18::71,2021_Ref_Plot1_D18,Field2,test,2,11,0.12626365723096125,9.631209194238293,0.11328619522081843
2021_Ref_Plot1_D18::76,2021_Ref_Plot1_D18,Field2,test,5,12,0.13587590610568615,13.711682029694739,0.03616065463704363
2021_Ref_Plot1_D18::8,2021_Ref_Plot1_D18,Field2,test,7,1,0.7196990660118692,27.371297045651342,0.185425503674681
2021_Ref_Plot1_D18::80,2021_Ref_Plot1_D18,Field2,test,4,13,0.11160882686271727,9.074341363117613,0.054063517569283695
2021_Ref_Plot1_D18::85,2021_Ref_Plot1_D18,Field2,test,5,14,0.0564051198157681,8.441203205512553,0.031450094706773055
2021_Ref_Plot1_D4::16,2021_Ref_Plot1_D4,Field2,test,8,2,0.7692476547860547,29.538445330461798,0.3178069978819784
2021_Ref_Plot1_D4::22,2021_Ref_Plot1_D4,Field2,test,6,3,0.3205096756548309,16.760779233947524,0.10886782891757384
2021_Ref_Plot1_D4::27,2021_Ref_Plot1_D4,Field2,test,5,4,0.33086861243659477,16.02685430556609,0.1274095674307955
2021_Ref_Plot1_D4::35,2021_Ref_Plot1_D4,Field2,test,8,5,0.1428759950010011,11.894091031641597,0.03109086767299281
2021_Ref_Plot1_D4::44,2021_Ref_Plot1_D4,Field2,test,9,6,0.12246089930683673,13.22603307823308,0.018515587335742777
2021_Ref_Plot1_D4::50,2021_Ref_Plot1_D4,Field2,test,6,7,0.10190435554948128,7.600805436600931,0.04336532369762468
2021_Ref_Plot1_D4::57,2021_Ref_Plot1_D4,Field2,test,7,8,0.11367452119493882,11.4205596706222,0.03396592193523808
2021_Ref_Plot1_D4::65,2021_Ref_Plot1_D4,Field2,test,8,9,0.09441042875494791,10.501831408276827,0.02504343178843977
2021_Ref_Plot1_D4::69,2021_Ref_Plot1_D4,Field2,test,4,10,0.18256685218990176,12.416975588837833,0.0968366174356852
2021_Ref_Plot1_D4::71,2021_Ref_Plot1_D4,Field2,test,2,11,0.158573278544569,9.452713733339657,0.1213622539886008
2021_Ref_Plot1_D4::76,2021_Ref_Plot1_D4,Field2,test,5,12,0.10231200404971623,10.319723379954613,0.015401741080107643
2021_Ref_Plot1_D4::8,2021_Ref_Plot1_D4,Field2,test,7,1,0.7040678802685241,26.183022688601042,0.15393918817561553
2021_Ref_Plot1_D4::80,2021_Ref_Plot1_D4,Field2,test,4,13,0.09427816959926495,7.664565259241069,0.03977827957307773
2021_Ref_Plot1_D4::85,2021_Ref_Plot1_D4,Field2,test,5,14,0.11834160482682278,9.284143783334809,0.05018412253511896
2021_Ref_Plot1_D6::16,2021_Ref_Plot1_D6,Field2,test,8,2,0.7701303493608194,29.363426917084382,0.3273027495047889
2021_Ref_Plot1_D6::22,2021_Ref_Plot1_D6,Field2,test,6,3,0.3379237239859003,16.742104170939182,0.12671369688537987
2021_Ref_Plot1_D6::27,2021_Ref_Plot1_D6,Field2,test,5,4,0.3693532707541794,16.743256316443627,0.140300505814749
2021_Ref_Plot1_D6::35,2021_Ref_Plot1_D6,Field2,test,8,5,0.1580589099179509,12.61207561254231,0.035121680366995
2021_Ref_Plot1_D6::44,2021_Ref_Plot1_D6,Field2,test,9,6,0.13572582688250803,14.02930764201053,0.02683026945160157
2021_Ref_Plot1_D6::50,2021_Ref_Plot1_D6,Field2,test,6,7,0.11116352539817696,8.11628841523916,0.05603323412475862
2021_Ref_Plot1_D6::57,2021_Ref_Plot1_D6,Field2,test,7,8,0.12139050044582456,10.61946345937141,0.03993668974372034
2021_Ref_Plot1_D6::65,2021_Ref_Plot1_D6,Field2,test,8,9,0.10404562684196926,10.280469601069093,0.04589952033328585
2021_Ref_Plot1_D6::69,2021_Ref_Plot1_D6,Field2,test,4,10,0.17274061634200355,11.934989465704493,0.08269320392348094
2021_Ref_Plot1_D6::71,2021_Ref_Plot1_D6,Field2,test,2,11,0.13124939554578607,9.308641017391237,0.11674121735121613
2021_Ref_Plot1_D6::76,2021_Ref_Plot1_D6,Field2,test,5,12,0.1959894894850439,14.446368041090595,0.03471114060585102
2021_Ref_Plot1_D6::8,2021_Ref_Plot1_D6,Field2,test,7,1,0.681700314246318,26.059146749147047,0.15000712097908503
2021_Ref_Plot1_D6::80,2021_Ref_Plot1_D6,Field2,test,4,13,0.14035329701995414,8.844345907180484,0.08596768961291539
2021_Ref_Plot1_D6::85,2021_Ref_Plot1_D6,Field2,test,5,14,0.11139695192829031,9.305554862168922,0.05147657117067798
2021_Ref_Plot1_E2::16,2021_Ref_Plot1_E2,Field2,test,8,2,0.7711996796864722,29.357793375095603,0.29621501965354524
2021_Ref_Plot1_E2::22,2021_Ref_Plot1_E2,Field2,test,6,3,0.29503930013352825,15.383792629229065,0.08048968792444472
2021_Ref_Plot1_E2::27,2021_Ref_Plot1_E2,Field2,test,5,4,0.28959901636114266,14.210733356305951,0.10762937233349942
2021_Ref_Plot1_E2::35,2021_Ref_Plot1_E2,Field2,test,8,5,0.10164301172618456,10.157172033654296,0.020073081629090085
2021_Ref_Plot1_E2::44,2021_Ref_Plot1_E2,Field2,test,9,6,0.11855988333721103,13.126225008368738,0.026100366697013405
2021_Ref_Plot1_E2::50,2021_Ref_Plot1_E2,Field2,test,6,7,0.11617475387633179,8.334397939438986,0.06605897283271821
2021_Ref_Plot1_E2::57,2021_Ref_Plot1_E2,Field2,test,7,8,0.10764699721378294,10.746794727631503,0.0438905945348701
2021_Ref_Plot1_E2::65,2021_Ref_Plot1_E2,Field2,test,8,9,0.08662746188877328,10.212842220962305,0.026353914139430838
2021_Ref_Plot1_E2::69,2021_Ref_Plot1_E2,Field2,test,4,10,0.1855516768964328,11.807067387761357,0.07824227847774497
2021_Ref_Plot1_E2::71,2021_Ref_Plot1_E2,Field2,test,2,11,0.1260188778449263,8.905138048438468,0.10817011524679014
2021_Ref_Plot1_E2::76,2021_Ref_Plot1_E2,Field2,test,5,12,0.1105670950571422,11.067095986321291,0.014136518439800993
2021_Ref_Plot1_E2::8,2021_Ref_Plot1_E2,Field2,test,7,1,0.7078107217170637,27.133217186642863,0.1639798778589526
2021_Ref_Plot1_E2::80,2021_Ref_Plot1_E2,Field2,test,4,13,0.0807645063228545,7.57597230460303,0.018995577747020924
2021_Ref_Plot1_E2::85,2021_Ref_Plot1_E2,Field2,test,5,14,0.1029368948871109,8.23109553497924,0.03676963740265236
2021_Ref_Plot1_E8::16,2021_Ref_Plot1_E8,Field2,test,8,2,0.7464047232346135,28.80748414452534,0.2729681412916374
2021_Ref_Plot1_E8::22,2021_Ref_Plot1_E8,Field2,test,6,3,0.3251393100085393,15.678359984752298,0.1240216601215908
2021_Ref_Plot1_E8::27,2021_Ref_Plot1_E8,Field2,test,5,4,0.28618179409880523,15.664315245403621,0.1067924146681573
2021_Ref_Plot1_E8::35,2021_Ref_Plot1_E8,Field2,test,8,5,0.1503197056131197,11.670853344442323,0.03811176132027295
2021_Ref_Plot1_E8::44,2021_Ref_Plot1_E8,Field2,test,9,6,0.12441884871971308,13.760069211091515,0.02173108312479774
2021_Ref_Plot1_E8::50,2021_Ref_Plot1_E8,Field2,test,6,7,0.10291026069045749,8.61615244361085,0.07412329679438781
2021_Ref_Plot1_E8::57,2021_Ref_Plot1_E8,Field2,test,7,8,0.08482350650183673,9.74183392322088,0.024201955780737725
2021_Ref_Plot1_E8::65,2021_Ref_Plot1_E8,Field2,test,8,9,0.09772647259007851,10.225169600504376,0.035582033851075764
2021_Ref_Plot1_E8::69,2021_Ref_Plot1_E8,Field2,test,4,10,0.16347783159780052,12.15614032467798,0.07041540130997327
2021_Ref_Plot1_E8::71,2021_Ref_Plot1_E8,Field2,test,2,11,0.13967509476025744,9.320357744552862,0.12817137584503688
2021_Ref_Plot1_E8::76,2021_Ref_Plot1_E8,Field2,test,5,12,0.15741733377928088,13.20204953359082,0.02167801138507519
2021_Ref_Plot1_E8::8,2021_Ref_Plot1_E8,Field2,test,7,1,0.6687083199231824,26.4399947786509,0.15115397895758645
2021_Ref_Plot1_E8::80,2021_Ref_Plot1_E8,Field2,test,4,13,0.07992373611015376,7.891070621391275,0.029664595207134985
2021_Ref_Plot1_E8::85,2021_Ref_Plot1_E8,Field2,test,5,14,0.06389016960046257,7.3711332627392165,0.025272726821424025
2021_Ref_Plot2_A13::16,2021_Ref_Plot2_A13,Field2,test,8,2,0.8130616629439619,31.195048085732946,0.38697096237374357
2021_Ref_Plot2_A13::22,2021_Ref_Plot2_A13,Field2,test,6,3,0.36595326411881873,18.993029897856783,0.1085054835915665
2021_Ref_Plot2_A13::27,2021_Ref_Plot2_A13,Field2,test,5,4,0.404417014402959,17.80694912380008,0.1204374610560958
2021_Ref_Plot2_A13::35,2021_Ref_Plot2_A13,Field2,test,8,5,0.1315981237175953,12.104958961857026,0.01880949476029097
2021_Ref_Plot2_A13::44,2021_Ref_Plot2_A13,Field2,test,9,6,0.09229509715087901,10.050965898785995,0.019724956595361172
2021_Ref_Plot2_A13::50,2021_Ref_Plot2_A13,Field2,test,6,7,0.1338711487505697,8.44255612827331,0.07485845876884242
2021_Ref_Plot2_A13::57,2021_Ref_Plot2_A13,Field2,test,7,8,0.11532153186043281,9.703535373612903,0.03980267795210167
2021_Ref_Plot2_A13::65,2021_Ref_Plot2_A13,Field2,test,8,9,0.12892214311147462,10.629916287816394,0.056559913025875166
2021_Ref_Plot2_A13::69,2021_Ref_Plot2_A13,Field2,test,4,10,0.14162240321558522,10.741364859082944,0.06177580039694832
2021_Ref_Plot2_A13::71,2021_Ref_Plot2_A13,Field2,test,2,11,0.13945686258544351,9.235433983028573,0.09401285094688647
2021_Ref_Plot2_A13::76,2021_Ref_Plot2_A13,Field2,test,5,12,0.10352894565366072,11.35832691655186,0.03455866969457057
2021_Ref_Plot2_A13::8,2021_Ref_Plot2_A13,Field2,test,7,1,0.6407857457121583,25.20466960839751,0.17346519143518066
2021_Ref_Plot2_A13::80,2021_Ref_Plot2_A13,Field2,test,4,13,0.11872672419776,8.437105169894961,0.03600344016937862
2021_Ref_Plot2_A13::85,2021_Ref_Plot2_A13,Field2,test,5,14,0.07924095668088989,8.38900992511229,0.027325733597936514
2021_Ref_Plot2_A15::16,2021_Ref_Plot2_A15,Field2,test,8,2,0.7605045427031949,29.25798267135354,0.3059747932311887
2021_Ref_Plot2_A15::22,2021_Ref_Plot2_A15,Field2,test,6,3,0.35952525474237323,17.990391692973308,0.100814046942055
2021_Ref_Plot2_A15::27,2021_Ref_Plot2_A15,Field2,test,5,4,0.38699709029467105,17.029336053728873,0.10973880468716693
2021_Ref_Plot2_A15::35,2021_Ref_Plot2_A15,Field2,test,8,5,0.14141160596351962,11.750555049183637,0.037503245705687485
2021_Ref_Plot2_A15::44,2021_Ref_Plot2_A15,Field2,test,9,6,0.07953482276178896,9.431729749886324,0.013020929088719003
2021_Ref_Plot2_A15::50,2021_Ref_Plot2_A15,Field2,test,6,7,0.14152767637998498,9.099196472968456,0.08932975598872597
2021_Ref_Plot2_A15::57,2021_Ref_Plot2_A15,Field2,test,7,8,0.1214741763612323,9.70356560827652,0.05055731355593831
2021_Ref_Plot2_A15::65,2021_Ref_Plot2_A15,Field2,test,8,9,0.11306595554130139,10.328908414686266,0.042559609470377326
2021_Ref_Plot2_A15::69,2021_Ref_Plot2_A15,Field2,test,4,10,0.16208361963214138,11.270581260779338,0.08787611079413032
2021_Ref_Plot2_A15::71,2021_Ref_Plot2_A15,Field2,test,2,11,0.10665896512619504,8.48204674660822,0.0912689231041352
2021_Ref_Plot2_A15::76,2021_Ref_Plot2_A15,Field2,test,5,12,0.09058716994918387,10.086497150442394,0.022536086967991222
2021_Ref_Plot2_A15::8,2021_Ref_Plot2_A15,Field2,test,7,1,0.6587422998559461,26.665831165233254,0.1774363562675466
2021_Ref_Plot2_A15::80,2021_Ref_Plot2_A15,Field2,test,4,13,0.09792094045438361,7.3242912374405735,0.027497762901231848
2021_Ref_Plot2_A15::85,2021_Ref_Plot2_A15,Field2,test,5,14,0.12363589527798026,8.727945919197515,0.059108393613907295
2021_Ref_Plot2_A1::16,2021_Ref_Plot2_A1,Field2,test,8,2,0.7486822389406488,28.76238423980386,0.3095503549377385
2021_Ref_Plot2_A1::22,2021_Ref_Plot2_A1,Field2,test,6,3,0.338882572777004,17.564603250611192,0.10390701901508409
2021_Ref_Plot2_A1::27,2021_Ref_Plot2_A1,Field2,test,5,4,0.402197559430794,16.572097471159537,0.1468839723884695
2021_Ref_Plot2_A1::35,2021_Ref_Plot2_A1,Field2,test,8,5,0.14124935898320942,12.904607414243614,0.015840594150875242
2021_Ref_Plot2_A1::44,2021_Ref_Plot2_A1,Field2,test,9,6,0.10773051452339544,12.113063303511485,0.019498534790467443
2021_Ref_Plot2_A1::50,2021_Ref_Plot2_A1,Field2,test,6,7,0.1210361457306839,9.722672211254489,0.0681821586072615
2021_Ref_Plot2_A1::57,2021_Ref_Plot2_A1,Field2,test,7,8,0.1078368167734497,10.553877856001755,0.04917705678873355
2021_Ref_Plot2_A1::65,2021_Ref_Plot2_A1,Field2,test,8,9,0.12510985159942853,10.5009355206725,0.060547940094441186
2021_Ref_Plot2_A1::69,2021_Ref_Plot2_A1,Field2,test,4,10,0.16877757022470305,11.014605878404105,0.08366423631924509
2021_Ref_Plot2_A1::71,2021_Ref_Plot2_A1,Field2,test,2,11,0.10745576427585495,7.867235228811182,0.0720105043005283
2021_Ref_Plot2_A1::76,2021_Ref_Plot2_A1,Field2,test,5,12,0.1398385040143099,9.512258515909718,0.011820490578854462
2021_Ref_Plot2_A1::8,2021_Ref_Plot2_A1,Field2,test,7,1,0.5951435268661336,24.707042208038658,0.1340956821912473
2021_Ref_Plot2_A1::80,2021_Ref_Plot2_A1,Field2,test,4,13,0.0721574201153406,7.236560342758373,0.009218931545007022
2021_Ref_Plot2_A1::85,2021_Ref_Plot2_A1,Field2,test,5,14,0.11611782274698716,9.12013721812477,0.05685168204557338
2021_Ref_Plot2_B17::16,2021_Ref_Plot2_B17,Field2,test,8,2,0.7667583058331643,29.110835150682117,0.29431492989539104
2021_Ref_Plot2_B17::22,2021_Ref_Plot2_B17,Field2,test,6,3,0.35549143269028943,17.949809413982315,0.0991291944573452
2021_Ref_Plot2_B17::27,2021_Ref_Plot2_B17,Field2,test,5,4,0.351917633961397,17.60486370611276,0.10525525496166713
2021_Ref_Plot2_B17::35,2021_Ref_Plot2_B17,Field2,test,8,5,0.1739397897314683,13.044432187025489,0.04972150675775079
2021_Ref_Plot2_B17::44,2021_Ref_Plot2_B17,Field2,test,9,6,0.09748833850734347,9.746722063920522,0.026521850711484222
2021_Ref_Plot2_B17::50,2021_Ref_Plot2_B17,Field2,test,6,7,0.1370719625945341,8.525838501130078,0.0908007579996969
2021_Ref_Plot2_B17::57,2021_Ref_Plot2_B17,Field2,test,7,8,0.10876127970909825,10.382358184208085,0.04301853325038982
2021_Ref_Plot2_B17::65,2021_Ref_Plot2_B17,Field2,test,8,9,0.0952886023612823,9.226122311738312,0.04928013300884661
2021_Ref_Plot2_B17::69,2021_Ref_Plot2_B17,Field2,test,4,10,0.1544055786041694,11.384478248334926,0.07118445336936363
2021_Ref_Plot2_B17::71,2021_Ref_Plot2_B17,Field2,test,2,11,0.1611899279133355,9.101177559372465,0.13016843788881674
2021_Ref_Plot2_B17::76,2021_Ref_Plot2_B17,Field2,test,5,12,0.08818945104652683,9.67861081393994,0.025473579480205934
2021_Ref_Plot2_B17::8,2021_Ref_Plot2_B17,Field2,test,7,1,0.6912947577375542,26.887184234393334,0.21639682863524276
2021_Ref_Plot2_B17::80,2021_Ref_Plot2_B17,Field2,test,4,13,0.13902955043235893,9.182056587733884,0.06043437324905376
2021_Ref_Plot2_B17::85,2021_Ref_Plot2_B17,Field2,test,5,14,0.17784347314463553,10.610639430191215,0.09150943367686956
2021_Ref_Plot2_B4::16,2021_Ref_Plot2_B4,Field2,test,8,2,0.7596472596690491,29.514790368617547,0.2882313406168455
2021_Ref_Plot2_B4::22,2021_Ref_Plot2_B4,Field2,test,6,3,0.33873721593083994,18.740162808633837,0.08303486931078624
2021_Ref_Plot2_B4::27,2021_Ref_Plot2_B4,Field2,test,5,4,0.43715660519250754,18.529895195212912,0.1512644578718988
2021_Ref_Plot2_B4::35,2021_Ref_Plot2_B4,Field2,test,8,5,0.13792718879928975,12.906866777897186,0.03119572045427158
2021_Ref_Plot2_B4::44,2021_Ref_Plot2_B4,Field2,test,9,6,0.1023257617381413,12.25029715603407,0.02439174835858557
2021_Ref_Plot2_B4::50,2021_Ref_Plot2_B4,Field2,test,6,7,0.14464758848466777,8.96060647843204,0.08715699127401837
2021_Ref_Plot2_B4::57,2021_Ref_Plot2_B4,Field2,test,7,8,0.1207467912787914,10.246962245337905,0.0566329648282382
2021_Ref_Plot2_B4::65,2021_Ref_Plot2_B4,Field2,test,8,9,0.12570151513157643,9.324964191233146,0.06095527575453163
2021_Ref_Plot2_B4::69,2021_Ref_Plot2_B4,Field2,test,4,10,0.15630851490620215,11.307756683787936,0.08799977175190349
2021_Ref_Plot2_B4::71,2021_Ref_Plot2_B4,Field2,test,2,11,0.1754482193856114,9.67440698186394,0.10769409835997643
2021_Ref_Plot2_B4::76,2021_Ref_Plot2_B4,Field2,test,5,12,0.16838413593356216,12.804643746518181,0.034807768603422884
2021_Ref_Plot2_B4::8,2021_Ref_Plot2_B4,Field2,test,7,1,0.6689394128727774,26.474441956381142,0.15417727704297857
2021_Ref_Plot2_B4::80,2021_Ref_Plot2_B4,Field2,test,4,13,0.08551373390517787,8.193854434755245,0.015514110570375298
2021_Ref_Plot2_B4::85,2021_Ref_Plot2_B4,Field2,test,5,14,0.11760990290083377,8.22960576420964,0.0467320825682754
2021_Ref_Plot2_C10::16,2021_Ref_Plot2_C10,Field2,test,8,2,0.7599495892102888,28.59519474639848,0.29372483053850496
2021_Ref_Plot2_C10::22,2021_Ref_Plot2_C10,Field2,test,6,3,0.3360258157333413,16.27855399951358,0.11064737476730646
2021_Ref_Plot2_C10::27,2021_Ref_Plot2_C10,Field2,test,5,4,0.3177178630388888,15.717747096532882,0.09798438081029898
2021_Ref_Plot2_C10::35,2021_Ref_Plot2_C10,Field2,test,8,5,0.16528620900146232,12.123082385346942,0.04201203710921697
2021_Ref_Plot2_C10::44,2021_Ref_Plot2_C10,Field2,test,9,6,0.09842876646886735,10.90485392240258,0.0285629949629575
2021_Ref_Plot2_C10::50,2021_Ref_Plot2_C10,Field2,test,6,7,0.10502080958958936,8.202764504319992,0.06484176445589081
2021_Ref_Plot2_C10::57,2021_Ref_Plot2_C10,Field2,test,7,8,0.09119857475072657,9.106158209208111,0.02413064509914767
2021_Ref_Plot2_C10::65,2021_Ref_Plot2_C10,Field2,test,8,9,0.12127241279243182,8.874265424125458,0.06764537557821271
2021_Ref_Plot2_C10::69,2021_Ref_Plot2_C10,Field2,test,4,10,0.17474016900366837,11.614598015739181,0.0998688072167334
2021_Ref_Plot2_C10::71,2021_Ref_Plot2_C10,Field2,test,2,11,0.09718088311355759,8.137412555870773,0.06908822842758128
2021_Ref_Plot2_C10::76,2021_Ref_Plot2_C10,Field2,test,5,12,0.10863382986972227,11.070938369354234,0.019487946847378965
2021_Ref_Plot2_C10::8,2021_Ref_Plot2_C10,Field2,test,7,1,0.6880132551455374,26.346746014846985,0.1979111607444753
2021_Ref_Plot2_C10::80,2021_Ref_Plot2_C10,Field2,test,4,13,0.10001908993788765,8.40829338566164,0.034671738198557546
2021_Ref_Plot2_C10::85,2021_Ref_Plot2_C10,Field2,test,5,14,0.12648258528321069,9.2677653869372,0.06379178497757308
2021_Ref_Plot2_C16::16,2021_Ref_Plot2_C16,Field2,test,8,2,0.7658681282558408,29.03862566524326,0.2874020432798213
2021_Ref_Plot2_C16::22,2021_Ref_Plot2_C16,Field2,test,6,3,0.3605619612636099,16.45392820524539,0.1048393157181898
2021_Ref_Plot2_C16::27,2021_Ref_Plot2_C16,Field2,test,5,4,0.34087899783586156,16.952582093083095,0.10715716609684552
2021_Ref_Plot2_C16::35,2021_Ref_Plot2_C16,Field2,test,8,5,0.15053758180915902,12.499343113511408,0.0317587317686914
2021_Ref_Plot2_C16::44,2021_Ref_Plot2_C16,Field2,test,9,6,0.09883926984439856,10.644464658305202,0.035512643382989435
2021_Ref_Plot2_C16::50,2021_Ref_Plot2_C16,Field2,test,6,7,0.12197671570060388,8.639200008121113,0.05974852822764826
2021_Ref_Plot2_C16::57,2021_Ref_Plot2_C16,Field2,test,7,8,0.08632104564750369,10.1334966386932,0.03434974693577963
2021_Ref_Plot2_C16::65,2021_Ref_Plot2_C16,Field2,test,8,9,0.09246422639255765,9.415563996591764,0.052541003319345345
2021_Ref_Plot2_C16::69,2021_Ref_Plot2_C16,Field2,test,4,10,0.1483228242935651,11.581636679499699,0.06179049235607806
2021_Ref_Plot2_C16::71,2021_Ref_Plot2_C16,Field2,test,2,11,0.09981757800912001,7.4120613320441056,0.06215075294809876
2021_Ref_Plot2_C16::76,2021_Ref_Plot2_C16,Field2,test,5,12,0.1299521488011953,10.215462904668568,0.01856319315761709
2021_Ref_Plot2_C16::8,2021_Ref_Plot2_C16,Field2,test,7,1,0.6819753048964149,26.163212141313043,0.18749318420517347
2021_Ref_Plot2_C16::80,2021_Ref_Plot2_C16,Field2,test,4,13,0.11239842859973254,9.807525192504421,0.04297014906676503
2021_Ref_Plot2_C16::85,2021_Ref_Plot2_C16,Field2,test,5,14,0.17661705911621572,10.668923201704724,0.09827533881517087
2021_Ref_Plot2_C18::16,2021_Ref_Plot2_C18,Field2,test,8,2,0.7607024708960521,29.195516970453603,0.2796027750981306
2021_Ref_Plot2_C18::22,2021_Ref_Plot2_C18,Field2,test,6,3,0.3538076013167399,17.146035060147415,0.08819671581503077
2021_Ref_Plot2_C18::27,2021_Ref_Plot2_C18,Field2,test,5,4,0.3168344163447034,16.43477043032781,0.090100175418688
2021_Ref_Plot2_C18::35,2021_Ref_Plot2_C18,Field2,test,8,5,0.16428357924416806,12.256434897004361,0.0419126442896268
2021_Ref_Plot2_C18::44,2021_Ref_Plot2_C18,Field2,test,9,6,0.08101555604988504,9.130996444370702,0.02775572884912073
2021_Ref_Plot2_C18::50,2021_Ref_Plot2_C18,Field2,test,6,7,0.11320389967585502,8.456994330395498,0.06650594600417335
2021_Ref_Plot2_C18::57,2021_Ref_Plot2_C18,Field2,test,7,8,0.10945599808474664,10.516336975787047,0.03705892829677519
2021_Ref_Plot2_C18::65,2021_Ref_Plot2_C18,Field2,test,8,9,0.08618623965819398,9.056163882299193,0.03398495374611673
2021_Ref_Plot2_C18::69,2021_Ref_Plot2_C18,Field2,test,4,10,0.16212837589437176,11.406196361515804,0.08216083472963219
2021_Ref_Plot2_C18::71,2021_Ref_Plot2_C18,Field2,test,2,11,0.08716261867351914,8.216040701730973,0.05554502941951668
2021_Ref_Plot2_C18::76,2021_Ref_Plot2_C18,Field2,test,5,12,0.1271262368846667,11.425424770510782,0.018248041567771708
2021_Ref_Plot2_C18::8,2021_Ref_Plot2_C18,Field2,test,7,1,0.6639733278152997,25.472077084069703,0.13538836260358506
2021_Ref_Plot2_C18::80,2021_Ref_Plot2_C18,Field2,test,4,13,0.07715335082177469,7.398488296547682,0.01569980020208384
2021_Ref_Plot2_C18::85,2021_Ref_Plot2_C18,Field2,test,5,14,0.09742238020884425,8.439249146491196,0.05544310900707471
2021_Ref_Plot2_C1::16,2021_Ref_Plot2_C1,Field2,test,8,2,0.731908920351788,27.74026578823638,0.2835192306561838
2021_Ref_Plot2_C1::22,2021_Ref_Plot2_C1,Field2,test,6,3,0.3017253647334042,16.379945634435824,0.07216666534559033
2021_Ref_Plot2_C1::27,2021_Ref_Plot2_C1,Field2,test,5,4,0.3811952709307298,16.744808317620723,0.1414987407725974
2021_Ref_Plot2_C1::35,2021_Ref_Plot2_C1,Field2,test,8,5,0.13578710633362098,12.331759545837397,0.0331733125257617
2021_Ref_Plot2_C1::44,2021_Ref_Plot2_C1,Field2,test,9,6,0.09115966876190633,11.712129544702442,0.01112382772208744
2021_Ref_Plot2_C1::50,2021_Ref_Plot2_C1,Field2,test,6,7,0.13754612059973262,9.099207347459425,0.09545510406170415
2021_Ref_Plot2_C1::57,2021_Ref_Plot2_C1,Field2,test,7,8,0.0964066853344802,9.905563532346024,0.038661354200302075
2021_Ref_Plot2_C1::65,2021_Ref_Plot2_C1,Field2,test,8,9,0.06683723224320637,8.49272879959328,0.02508442215866733
2021_Ref_Plot2_C1::69,2021_Ref_Plot2_C1,Field2,test,4,10,0.17562335866346176,11.987227192192055,0.09126885882499296
2021_Ref_Plot2_C1::71,2021_Ref_Plot2_C1,Field2,test,2,11,0.12910204216756246,7.653458606943141,0.08929188435742828
2021_Ref_Plot2_C1::76,2021_Ref_Plot2_C1,Field2,test,5,12,0.1565604950419663,13.077492882513472,0.021962562326169163
2021_Ref_Plot2_C1::8,2021_Ref_Plot2_C1,Field2,test,7,1,0.6175356082503171,23.968094531801274,0.10069987908743663
2021_Ref_Plot2_C1::80,2021_Ref_Plot2_C1,Field2,test,4,13,0.1041371889043876,9.38687033192198,0.0262683474159429
2021_Ref_Plot2_C1::85,2021_Ref_Plot2_C1,Field2,test,5,14,0.08943341484576432,9.37727509220134,0.043464240946628124
2021_Ref_Plot2_C2::16,2021_Ref_Plot2_C2,Field2,test,8,2,0.7444542447931615,28.957550117809483,0.2799011544740199
2021_Ref_Plot2_C2::22,2021_Ref_Plot2_C2,Field2,test,6,3,0.3341676414099081,17.946911226582905,0.08018590946394957
2021_Ref_Plot2_C2::27,2021_Ref_Plot2_C2,Field2,test,5,4,0.43621005478485014,18.483879853011025,0.15713883992624664
2021_Ref_Plot2_C2::35,2021_Ref_Plot2_C2,Field2,test,8,5,0.13794120673469,12.83196656742092,0.022567442212181557
2021_Ref_Plot2_C2::44,2021_Ref_Plot2_C2,Field2,test,9,6,0.08734589421742482,11.602942332226519,0.011524250797395613
2021_Ref_Plot2_C2::50,2021_Ref_Plot2_C2,Field2,test,6,7,0.13264299186126094,9.345378792909427,0.08061782819457441
2021_Ref_Plot2_C2::57,2021_Ref_Plot2_C2,Field2,test,7,8,0.10216280388922866,10.08577721583308,0.03966175745437716
2021_Ref_Plot2_C2::65,2021_Ref_Plot2_C2,Field2,test,8,9,0.10624570503351326,9.00178349707857,0.043116315466403383
2021_Ref_Plot2_C2::69,2021_Ref_Plot2_C2,Field2,test,4,10,0.15437850899554886,10.818382648311493,0.06824751246993313
2021_Ref_Plot2_C2::71,2021_Ref_Plot2_C2,Field2,test,2,11,0.08919161791939678,6.9525054246416085,0.0359651823545726
2021_Ref_Plot2_C2::76,2021_Ref_Plot2_C2,Field2,test,5,12,0.14653433215551637,12.987936369559021,0.01122572417527197
2021_Ref_Plot2_C2::8,2021_Ref_Plot2_C2,Field2,test,7,1,0.6687727125769315,25.55136904313472,0.15281190970514316
2021_Ref_Plot2_C2::80,2021_Ref_Plot2_C2,Field2,test,4,13,0.08493937729011873,8.042121496746017,0.030797269144697756
2021_Ref_Plot2_C2::85,2021_Ref_Plot2_C2,Field2,test,5,14,0.07887616874868703,8.609614499214082,0.02583715570083059
2021_Ref_Plot2_C3::16,2021_Ref_Plot2_C3,Field2,test,8,2,0.7640786634822162,29.833835753165374,0.29167433704852574
2021_Ref_Plot2_C3::22,2021_Ref_Plot2_C3,Field2,test,6,3,0.3322594110610566,18.135378846595675,0.08988155803199913
2021_Ref_Plot2_C3::27,2021_Ref_Plot2_C3,Field2,test,5,4,0.41716870092223407,18.6784476074934,0.13514431487371648
2021_Ref_Plot2_C3::35,2021_Ref_Plot2_C3,Field2,test,8,5,0.14373109178842428,13.265060028601246,0.026804277027861107
2021_Ref_Plot2_C3::44,2021_Ref_Plot2_C3,Field2,test,9,6,0.11506767312391782,12.270601814961601,0.028262405511810917
2021_Ref_Plot2_C3::50,2021_Ref_Plot2_C3,Field2,test,6,7,0.14108701042333555,9.05619752908685,0.09482956528820567
2021_Ref_Plot2_C3::57,2021_Ref_Plot2_C3,Field2,test,7,8,0.08423575525006355,9.800612252091415,0.029486863380029857
2021_Ref_Plot2_C3::65,2021_Ref_Plot2_C3,Field2,test,8,9,0.11755975369400833,9.403867712657437,0.05554658831627017
2021_Ref_Plot2_C3::69,2021_Ref_Plot2_C3,Field2,test,4,10,0.1436884063258513,11.109476139244785,0.07563446090023415
2021_Ref_Plot2_C3::71,2021_Ref_Plot2_C3,Field2,test,2,11,0.10354485595585668,8.365135464837685,0.07392363005244136
2021_Ref_Plot2_C3::76,2021_Ref_Plot2_C3,Field2,test,5,12,0.17643609360478896,13.934950602258084,0.05267908215060651
2021_Ref_Plot2_C3::8,2021_Ref_Plot2_C3,Field2,test,7,1,0.6706084362328261,26.23204840830052,0.16250179666898507
2021_Ref_Plot2_C3::80,2021_Ref_Plot2_C3,Field2,test,4,13,0.05657680170307147,7.65986443624954,0.010256358424344901
2021_Ref_Plot2_C3::85,2021_Ref_Plot2_C3,Field2,test,5,14,0.06316109484979267,7.718105237785701,0.021877153297825948
2021_Ref_Plot2_D12::16,2021_Ref_Plot2_D12,Field2,test,8,2,0.7538859748508052,29.146812759171002,0.29922344683215635
2021_Ref_Plot2_D12::22,2021_Ref_Plot2_D12,Field2,test,6,3,0.27895486261200375,16.153465889286622,0.09279272644351601
2021_Ref_Plot2_D12::27,2021_Ref_Plot2_D12,Field2,test,5,4,0.2616700340347337,15.245535112072561,0.08376558381128708
2021_Ref_Plot2_D12::35,2021_Ref_Plot2_D12,Field2,test,8,5,0.12966304717605426,11.388535146285923,0.03458139494793887
2021_Ref_Plot2_D12::44,2021_Ref_Plot2_D12,Field2,test,9,6,0.0792514450438462,10.16632665786717,0.027562455968318775
2021_Ref_Plot2_D12::50,2021_Ref_Plot2_D12,Field2,test,6,7,0.1021774144797938,8.387387461628926,0.06773579729036992
2021_Ref_Plot2_D12::57,2021_Ref_Plot2_D12,Field2,test,7,8,0.08468287415188214,10.242342183193482,0.0342887692394076
2021_Ref_Plot2_D12::65,2021_Ref_Plot2_D12,Field2,test,8,9,0.07565055349341215,8.68385781221278,0.040333488836056176
2021_Ref_Plot2_D12::69,2021_Ref_Plot2_D12,Field2,test,4,10,0.12034774820637635,11.453920234311996,0.05985541779418158
2021_Ref_Plot2_D12::71,2021_Ref_Plot2_D12,Field2,test,2,11,0.07220561213965491,7.501237502987026,0.030727742686120232
2021_Ref_Plot2_D12::76,2021_Ref_Plot2_D12,Field2,test,5,12,0.08904615142299825,10.33970462471979,0.007710651117624737
2021_Ref_Plot2_D12::8,2021_Ref_Plot2_D12,Field2,test,7,1,0.707972700629699,26.68094393835655,0.21246766471753756
2021_Ref_Plot2_D12::80,2021_Ref_Plot2_D12,Field2,test,4,13,0.06321395180603638,8.868445626726023,0.03238102070575576
2021_Ref_Plot2_D12::85,2021_Ref_Plot2_D12,Field2,test,5,14,0.051071517724647776,9.619082432576516,0.024012219545471822
2021_Ref_Plot2_D5::16,2021_Ref_Plot2_D5,Field2,test,8,2,0.7749829415885848,30.473493844734065,0.3083533158527157
2021_Ref_Plot2_D5::22,2021_Ref_Plot2_D5,Field2,test,6,3,0.313030987681655,16.682239350418342,0.12399457585089976
2021_Ref_Plot2_D5::27,2021_Ref_Plot2_D5,Field2,test,5,4,0.3189530584121034,15.883050559644152,0.12557988609845772
2021_Ref_Plot2_D5::35,2021_Ref_Plot2_D5,Field2,test,8,5,0.12325380683189817,11.720085305438833,0.0299586958611155
2021_Ref_Plot2_D5::44,2021_Ref_Plot2_D5,Field2,test,9,6,0.08734529640322251,11.521538177947635,0.02777877634234144
2021_Ref_Plot2_D5::50,2021_Ref_Plot2_D5,Field2,test,6,7,0.09180637164617982,8.501316889407413,0.04165426352188142
2021_Ref_Plot2_D5::57,2021_Ref_Plot2_D5,Field2,test,7,8,0.0865576778827432,9.904948169947982,0.014414433202224823
2021_Ref_Plot2_D5::65,2021_Ref_Plot2_D5,Field2,test,8,9,0.07359995556518358,8.439985406098925,0.03508574959865666
2021_Ref_Plot2_D5::69,2021_Ref_Plot2_D5,Field2,test,4,10,0.14653795343994455,11.797774092404495,0.06910533206612736
2021_Ref_Plot2_D5::71,2021_Ref_Plot2_D5,Field2,test,2,11,0.1670016386974612,9.388446715556341,0.12397100352423836
2021_Ref_Plot2_D5::76,2021_Ref_Plot2_D5,Field2,test,5,12,0.12604491420442135,11.979816679893249,0.02509681237823388
2021_Ref_Plot2_D5::8,2021_Ref_Plot2_D5,Field2,test,7,1,0.7063841827876555,27.132284889894507,0.18623499047465356
2021_Ref_Plot2_D5::80,2021_Ref_Plot2_D5,Field2,test,4,13,0.06580548559150422,8.758650096776512,0.028543039849041822
2021_Ref_Plot2_D5::85,2021_Ref_Plot2_D5,Field2,test,5,14,0.0808634313261181,9.610265748730464,0.03704587430169579
2021_Ref_Plot2_E18::16,2021_Ref_Plot2_E18,Field2,test,8,2,0.7374003211229253,28.876324384266823,0.2579917627381461
2021_Ref_Plot2_E18::22,2021_Ref_Plot2_E18,Field2,test,6,3,0.30227355087421753,16.25245195674576,0.08677971650173215
2021_Ref_Plot2_E18::27,2021_Ref_Plot2_E18,Field2,test,5,4,0.23615744769778776,15.203169229208322,0.05907510208756642
2021_Ref_Plot2_E18::35,2021_Ref_Plot2_E18,Field2,test,8,5,0.07855263294038872,10.624080942810632,-0.0015060997362098506
2021_Ref_Plot2_E18::44,2021_Ref_Plot2_E18,Field2,test,9,6,0.0734947956324515,11.480939284172287,0.02376160133343578
2021_Ref_Plot2_E18::50,2021_Ref_Plot2_E18,Field2,test,6,7,0.08428676311082635,9.325334306422858,0.049037933663964604
2021_Ref_Plot2_E18::57,2021_Ref_Plot2_E18,Field2,test,7,8,0.06005615098074241,10.50966383054228,0.021171150535748216
2021_Ref_Plot2_E18::65,2021_Ref_Plot2_E18,Field2,test,8,9,0.07957717844363509,9.704212339075461,0.035129333476350305
2021_Ref_Plot2_E18::69,2021_Ref_Plot2_E18,Field2,test,4,10,0.115473359520482,11.495098383377002,0.04649497332053386
2021_Ref_Plot2_E18::71,2021_Ref_Plot2_E18,Field2,test,2,11,0.10866890471767766,8.95966684657064,0.06943986702752147
2021_Ref_Plot2_E18::76,2021_Ref_Plot2_E18,Field2,test,5,12,0.08394113649222246,10.931010182567796,0.014930350219012739
2021_Ref_Plot2_E18::8,2021_Ref_Plot2_E18,Field2,test,7,1,0.6433330968336722,26.127202423247276,0.148034534561792
2021_Ref_Plot2_E18::80,2021_Ref_Plot2_E18,Field2,test,4,13,0.050501647608324984,8.508452514445878,0.022786822392335333
2021_Ref_Plot2_E18::85,2021_Ref_Plot2_E18,Field2,test,5,14,0.04363820058576978,9.621438302108631,0.01545917365159408
2021_Ref_Plot2_E1::16,2021_Ref_Plot2_E1,Field2,test,8,2,0.7181149908976289,28.76222201890507,0.2773008244901173
2021_Ref_Plot2_E1::22,2021_Ref_Plot2_E1,Field2,test,6,3,0.2709050737304543,16.26138714069684,0.07685759050306301
2021_Ref_Plot2_E1::27,2021_Ref_Plot2_E1,Field2,test,5,4,0.22161219324127787,15.285986179420707,0.06331694710577343
2021_Ref_Plot2_E1::35,2021_Ref_Plot2_E1,Field2,test,8,5,0.09906278070905637,10.855118144098038,0.017091549275094542
2021_Ref_Plot2_E1::44,2021_Ref_Plot2_E1,Field2,test,9,6,0.11576993980229167,13.638771771360956,0.01893643296525594
2021_Ref_Plot2_E1::50,2021_Ref_Plot2_E1,Field2,test,6,7,0.06891579048740451,8.721064340126937,0.04213070806438575
2021_Ref_Plot2_E1::57,2021_Ref_Plot2_E1,Field2,test,7,8,0.09315692274465655,10.687285635342501,0.036934023146268126
2021_Ref_Plot2_E1::65,2021_Ref_Plot2_E1,Field2,test,8,9,0.06680767153128266,8.952066674895672,0.0374026644242982
2021_Ref_Plot2_E1::69,2021_Ref_Plot2_E1,Field2,test,4,10,0.10400225331826302,11.016556730750382,0.05563746556321326
2021_Ref_Plot2_E1::71,2021_Ref_Plot2_E1,Field2,test,2,11,0.09143786377716294,8.168989497562109,0.03948888009663787
2021_Ref_Plot2_E1::76,2021_Ref_Plot2_E1,Field2,test,5,12,0.13410645086888162,13.592051521174803,0.024844309442331243
2021_Ref_Plot2_E1::8,2021_Ref_Plot2_E1,Field2,test,7,1,0.6419644151119958,24.990241889082185,0.1632757810248372
2021_Ref_Plot2_E1::80,2021_Ref_Plot2_E1,Field2,test,4,13,0.04507895582687724,8.302120753144887,0.023461034111233306
2021_Ref_Plot2_E1::85,2021_Ref_Plot2_E1,Field2,test,5,14,0.03650361742350062,9.035880823345227,0.011505888131895674
2021_Ref_Plot2_E7::16,2021_Ref_Plot2_E7,Field2,test,8,2,0.6465307266383933,26.201626304839532,0.14921469107079072
2021_Ref_Plot2_E7::22,2021_Ref_Plot2_E7,Field2,test,6,3,0.22119764755428414,13.890685644135461,0.05564435681331222
2021_Ref_Plot2_E7::27,2021_Ref_Plot2_E7,Field2,test,5,4,0.21367494430816977,14.901829822427633,0.06891081357140914
2021_Ref_Plot2_E7::35,2021_Ref_Plot2_E7,Field2,test,8,5,0.07271085784155672,10.531732686565089,0.0019913214575042037
2021_Ref_Plot2_E7::44,2021_Ref_Plot2_E7,Field2,test,9,6,0.09505963709124061,12.875986417349552,0.024162372953109995
2021_Ref_Plot2_E7::50,2021_Ref_Plot2_E7,Field2,test,6,7,0.059098028177524936,9.379030749185253,0.030712472522291163
2021_Ref_Plot2_E7::57,2021_Ref_Plot2_E7,Field2,test,7,8,0.07363660061252818,11.101939172125949,0.019511703084082187
2021_Ref_Plot2_E7::65,2021_Ref_Plot2_E7,Field2,test,8,9,0.04939477080032625,8.794451347802726,0.019822389514367714
2021_Ref_Plot2_E7::69,2021_Ref_Plot2_E7,Field2,test,4,10,0.10509325080446474,11.574826365292243,0.045599030190227915
2021_Ref_Plot2_E7::71,2021_Ref_Plot2_E7,Field2,test,2,11,0.10131459686719808,9.02656855232454,0.057926216932087944
2021_Ref_Plot2_E7::76,2021_Ref_Plot2_E7,Field2,test,5,12,0.10714127516059484,12.769639239182972,0.027412400149748852
2021_Ref_Plot2_E7::8,2021_Ref_Plot2_E7,Field2,test,7,1,0.6070427065590819,24.91893824137241,0.10722502311749378
2021_Ref_Plot2_E7::80,2021_Ref_Plot2_E7,Field2,test,4,13,0.052650880349326044,9.70721988862179,0.026548001554837188
2021_Ref_Plot2_E7::85,2021_Ref_Plot2_E7,Field2,test,5,14,0.05684759976184898,10.10851742882453,0.028449936441638846
2021_Ref_Plot3_A6::16,2021_Ref_Plot3_A6,Field2,test,8,2,0.7844637670853881,30.254104086709567,0.3409104821320205
2021_Ref_Plot3_A6::22,2021_Ref_Plot3_A6,Field2,test,6,3,0.3106643989311804,16.90226230902364,0.0858502538746029
2021_Ref_Plot3_A6::27,2021_Ref_Plot3_A6,Field2,test,5,4,0.2789550152190802,15.705018965605717,0.09439493845238894
2021_Ref_Plot3_A6::35,2021_Ref_Plot3_A6,Field2,test,8,5,0.1352657632739754,12.166943247072249,0.025526696232015318
2021_Ref_Plot3_A6::44,2021_Ref_Plot3_A6,Field2,test,9,6,0.08774574320171459,8.683725824428457,0.03769159843957027
2021_Ref_Plot3_A6::50,2021_Ref_Plot3_A6,Field2,test,6,7,0.09142931923727571,8.255526908337607,0.06392881343632041
2021_Ref_Plot3_A6::57,2021_Ref_Plot3_A6,Field2,test,7,8,0.11358167655432706,9.175170781082583,0.04595904977136226
2021_Ref_Plot3_A6::65,2021_Ref_Plot3_A6,Field2,test,8,9,0.12081572596565641,10.397970860338484,0.030420891632025708
2021_Ref_Plot3_A6::69,2021_Ref_Plot3_A6,Field2,test,4,10,0.2117261811873877,11.556484987673493,0.10321269470109876
2021_Ref_Plot3_A6::71,2021_Ref_Plot3_A6,Field2,test,2,11,0.1204655139684739,8.95575742903733,0.10128380555161644
2021_Ref_Plot3_A6::76,2021_Ref_Plot3_A6,Field2,test,5,12,0.13318221698101346,11.644007014828176,0.012112407944729214
2021_Ref_Plot3_A6::8,2021_Ref_Plot3_A6,Field2,test,7,1,0.72367671403762,27.222214087603493,0.22291918844612815
2021_Ref_Plot3_A6::80,2021_Ref_Plot3_A6,Field2,test,4,13,0.07825706021058139,7.5192851154635285,0.022363287717565107
2021_Ref_Plot3_A6::85,2021_Ref_Plot3_A6,Field2,test,5,14,0.09968313686163294,8.411244900375127,0.04402834887037988
2021_Ref_Plot3_A7::16,2021_Ref_Plot3_A7,Field2,test,8,2,0.8028938460966594,30.650710183113347,0.37735151244863147
2021_Ref_Plot3_A7::22,2021_Ref_Plot3_A7,Field2,test,6,3,0.35580976535491954,17.883985138194305,0.11564482273724963
2021_Ref_Plot3_A7::27,2021_Ref_Plot3_A7,Field2,test,5,4,0.3438970865442963,16.7387241132263,0.1038646239558966
2021_Ref_Plot3_A7::35,2021_Ref_Plot3_A7,Field2,test,8,5,0.14549123428467975,11.810437832627166,0.02643331435903163
2021_Ref_Plot3_A7::44,2021_Ref_Plot3_A7,Field2,test,9,6,0.09834752318251334,8.474332114820504,0.03431467035047694
2021_Ref_Plot3_A7::50,2021_Ref_Plot3_A7,Field2,test,6,7,0.11109966737945631,8.689876865021413,0.05544378206631889
2021_Ref_Plot3_A7::57,2021_Ref_Plot3_A7,Field2,test,7,8,0.10887068977726667,9.521024167756666,0.049958532361227
2021_Ref_Plot3_A7::65,2021_Ref_Plot3_A7,Field2,test,8,9,0.08380793426496985,10.191299402008887,0.031489617719766584
2021_Ref_Plot3_A7::69,2021_Ref_Plot3_A7,Field2,test,4,10,0.1957788112540797,11.703510488093888,0.10910487526995509
2021_Ref_Plot3_A7::71,2021_Ref_Plot3_A7,Field2,test,2,11,0.12839962729032825,8.856548687930015,0.1066326007724036
2021_Ref_Plot3_A7::76,2021_Ref_Plot3_A7,Field2,test,5,12,0.12228370286658043,11.388504961803624,0.02242673177552448
2021_Ref_Plot3_A7::8,2021_Ref_Plot3_A7,Field2,test,7,1,0.7199766977876448,26.497817349547503,0.21195211771975367
2021_Ref_Plot3_A7::80,2021_Ref_Plot3_A7,Field2,test,4,13,0.07519762577644522,7.961250091079915,0.029300764524981496
2021_Ref_Plot3_A7::85,2021_Ref_Plot3_A7,Field2,test,5,14,0.08493747871376467,8.505984568017283,0.06294122365640577
2021_Ref_Plot3_B10::16,2021_Ref_Plot3_B10,Field2,test,8,2,0.8069284016344991,30.5491179931194,0.35887250880098437
2021_Ref_Plot3_B10::22,2021_Ref_Plot3_B10,Field2,test,6,3,0.3478286268251823,18.042300558420102,0.11799249283261234
2021_Ref_Plot3_B10::27,2021_Ref_Plot3_B10,Field2,test,5,4,0.3763789243370661,17.787848285189437,0.13462836853387714
2021_Ref_Plot3_B10::35,2021_Ref_Plot3_B10,Field2,test,8,5,0.17818424995690033,12.746131394690714,0.023241017973904016
2021_Ref_Plot3_B10::44,2021_Ref_Plot3_B10,Field2,test,9,6,0.16897703935421507,9.760495249907098,0.08002283724837
2021_Ref_Plot3_B10::50,2021_Ref_Plot3_B10,Field2,test,6,7,0.10784766339302798,8.773247373951877,0.06640197672439122
2021_Ref_Plot3_B10::57,2021_Ref_Plot3_B10,Field2,test,7,8,0.10151177560668577,9.078717606776886,0.035496720502925995
2021_Ref_Plot3_B10::65,2021_Ref_Plot3_B10,Field2,test,8,9,0.10351904847808852,9.636008394282477,0.035950325987558956
2021_Ref_Plot3_B10::69,2021_Ref_Plot3_B10,Field2,test,4,10,0.15388394356154758,11.177570676876202,0.0837963315963165
2021_Ref_Plot3_B10::71,2021_Ref_Plot3_B10,Field2,test,2,11,0.14227382089650617,9.135710136579231,0.10895901441067632
2021_Ref_Plot3_B10::76,2021_Ref_Plot3_B10,Field2,test,5,12,0.10481779421357768,11.350521252872266,0.03358929026629117
2021_Ref_Plot3_B10::8,2021_Ref_Plot3_B10,Field2,test,7,1,0.7373465223217183,26.621726001350474,0.22762105761705578
2021_Ref_Plot3_B10::80,2021_Ref_Plot3_B10,Field2,test,4,13,0.07407670199136754,7.389902098794041,0.024138712665962268
2021_Ref_Plot3_B10::85,2021_Ref_Plot3_B10,Field2,test,5,14,0.11628568492135727,9.13366085362711,0.06361268697803495
2021_Ref_Plot3_B12::16,2021_Ref_Plot3_B12,Field2,test,8,2,0.8166269385579343,31.17253577310413,0.353388238547075
2021_Ref_Plot3_B12::22,2021_Ref_Plot3_B12,Field2,test,6,3,0.3690737799246298,17.325047136381592,0.1273423994782331
2021_Ref_Plot3_B12::27,2021_Ref_Plot3_B12,Field2,test,5,4,0.3381814308988588,16.591593395105914,0.11924806236953915
2021_Ref_Plot3_B12::35,2021_Ref_Plot3_B12,Field2,test,8,5,0.16850817123256445,12.299600152443904,0.04034083593464241
2021_Ref_Plot3_B12::44,2021_Ref_Plot3_B12,Field2,test,9,6,0.12761013679884767,9.467663452683766,0.044226244617189554
2021_Ref_Plot3_B12::50,2021_Ref_Plot3_B12,Field2,test,6,7,0.12716210967255,8.899011719659878,0.07237888403016467
2021_Ref_Plot3_B12::57,2021_Ref_Plot3_B12,Field2,test,7,8,0.09618128753596827,9.351813218008623,0.039396109839410345
2021_Ref_Plot3_B12::65,2021_Ref_Plot3_B12,Field2,test,8,9,0.08690612013714405,9.506394736898232,0.03424394509350556
2021_Ref_Plot3_B12::69,2021_Ref_Plot3_B12,Field2,test,4,10,0.15693474326972953,11.074984040815698,0.06926625544950817
2021_Ref_Plot3_B12::71,2021_Ref_Plot3_B12,Field2,test,2,11,0.12160148213750649,9.302430272111021,0.10742635433864105
2021_Ref_Plot3_B12::76,2021_Ref_Plot3_B12,Field2,test,5,12,0.08673280952715207,10.798926502290167,0.012326785692395155
2021_Ref_Plot3_B12::8,2021_Ref_Plot3_B12,Field2,test,7,1,0.7296654606626448,26.871585738880807,0.20353861244115434
2021_Ref_Plot3_B12::80,2021_Ref_Plot3_B12,Field2,test,4,13,0.05459613610531014,7.387418805976177,0.01836806361526513
2021_Ref_Plot3_B12::85,2021_Ref_Plot3_B12,Field2,test,5,14,0.07578964047976229,8.562948260421297,0.026012147941181524
2021_Ref_Plot3_B17::16,2021_Ref_Plot3_B17,Field2,test,8,2,0.8082666702584937,30.83620835954196,0.3469769377716241
2021_Ref_Plot3_B17::22,2021_Ref_Plot3_B17,Field2,test,6,3,0.37917610868744117,17.68767205105545,0.13749470556894353
2021_Ref_Plot3_B17::27,2021_Ref_Plot3_B17,Field2,test,5,4,0.28122994258834005,16.301137266804407,0.08252038582067972
2021_Ref_Plot3_B17::35,2021_Ref_Plot3_B17,Field2,test,8,5,0.13326938334583402,12.011965657835756,0.02212143999288595
2021_Ref_Plot3_B17::44,2021_Ref_Plot3_B17,Field2,test,9,6,0.13553293423587473,9.113688896612395,0.07588728378000971
2021_Ref_Plot3_B17::50,2021_Ref_Plot3_B17,Field2,test,6,7,0.1143617171307177,8.490600925008955,0.07546758938615164
2021_Ref_Plot3_B17::57,2021_Ref_Plot3_B17,Field2,test,7,8,0.08407290101402216,8.851438900252756,0.03368831130126753
2021_Ref_Plot3_B17::65,2021_Ref_Plot3_B17,Field2,test,8,9,0.11629916248829832,9.599639574926499,0.04325662215085059
2021_Ref_Plot3_B17::69,2021_Ref_Plot3_B17,Field2,test,4,10,0.19019838100195866,11.097148571845665,0.10964086399061862
2021_Ref_Plot3_B17::71,2021_Ref_Plot3_B17,Field2,test,2,11,0.14193279166922915,8.954908020902097,0.11516981802476918
2021_Ref_Plot3_B17::76,2021_Ref_Plot3_B17,Field2,test,5,12,0.10949878438219768,10.702052579235222,0.021489009604533853
2021_Ref_Plot3_B17::8,2021_Ref_Plot3_B17,Field2,test,7,1,0.7306815250364398,27.69594160230247,0.21532219391407417
2021_Ref_Plot3_B17::80,2021_Ref_Plot3_B17,Field2,test,4,13,0.08270642876465308,8.261186889461623,0.029937169320222987
2021_Ref_Plot3_B17::85,2021_Ref_Plot3_B17,Field2,test,5,14,0.09573917137869942,8.362650486608397,0.04396839876815753
2021_Ref_Plot3_B1::16,2021_Ref_Plot3_B1,Field2,test,8,2,0.7911263878106999,30.388340834162765,0.315662678467708
2021_Ref_Plot3_B1::22,2021_Ref_Plot3_B1,Field2,test,6,3,0.3554613426341026,17.72776168483754,0.11501268671934849
2021_Ref_Plot3_B1::27,2021_Ref_Plot3_B1,Field2,test,5,4,0.33119616584599215,17.135486957206197,0.11002452300374432
2021_Ref_Plot3_B1::35,2021_Ref_Plot3_B1,Field2,test,8,5,0.17520343630436752,12.298605258111454,0.04035163669399534
2021_Ref_Plot3_B1::44,2021_Ref_Plot3_B1,Field2,test,9,6,0.12951992975787388,9.25119893735824,0.04953799599842279
2021_Ref_Plot3_B1::50,2021_Ref_Plot3_B1,Field2,test,6,7,0.14458458657879306,9.036372626534302,0.08218831481316508
2021_Ref_Plot3_B1::57,2021_Ref_Plot3_B1,Field2,test,7,8,0.10340073998149453,9.882378182064468,0.04990276531573157
2021_Ref_Plot3_B1::65,2021_Ref_Plot3_B1,Field2,test,8,9,0.11606697083328832,9.652860184817433,0.05109177862370813
2021_Ref_Plot3_B1::69,2021_Ref_Plot3_B1,Field2,test,4,10,0.16763388199714982,10.976739491652271,0.08511390813778996
2021_Ref_Plot3_B1::71,2021_Ref_Plot3_B1,Field2,test,2,11,0.19074224404819448,9.5695802465708,0.14482932217047603
2021_Ref_Plot3_B1::76,2021_Ref_Plot3_B1,Field2,test,5,12,0.09545158286540308,9.990226958763968,0.024350501861177657
2021_Ref_Plot3_B1::8,2021_Ref_Plot3_B1,Field2,test,7,1,0.6870086781563445,25.587192612014277,0.19871307038809186
2021_Ref_Plot3_B1::80,2021_Ref_Plot3_B1,Field2,test,4,13,0.07273301474196976,7.000580471355017,0.009695021104371085
2021_Ref_Plot3_B1::85,2021_Ref_Plot3_B1,Field2,test,5,14,0.07427522648475153,8.101732571585558,0.035651514854337756
2021_Ref_Plot3_B3::16,2021_Ref_Plot3_B3,Field2,test,8,2,0.8066010900137589,30.25832269989475,0.3471849459692183
2021_Ref_Plot3_B3::22,2021_Ref_Plot3_B3,Field2,test,6,3,0.3300468450759381,17.353776711443192,0.10301807509722469
2021_Ref_Plot3_B3::27,2021_Ref_Plot3_B3,Field2,test,5,4,0.34068801407144966,16.90192009898358,0.10028417331084745
2021_Ref_Plot3_B3::35,2021_Ref_Plot3_B3,Field2,test,8,5,0.1704711828963663,13.003981471338086,0.027406161732746664
2021_Ref_Plot3_B3::44,2021_Ref_Plot3_B3,Field2,test,9,6,0.11238097268723068,8.922443897496299,0.040620608240899456
2021_Ref_Plot3_B3::50,2021_Ref_Plot3_B3,Field2,test,6,7,0.14561556515472532,9.103892406574609,0.08822573789807182
2021_Ref_Plot3_B3::57,2021_Ref_Plot3_B3,Field2,test,7,8,0.12020405009759672,10.192637588162881,0.060664788585861426
2021_Ref_Plot3_B3::65,2021_Ref_Plot3_B3,Field2,test,8,9,0.10797549039384198,10.117104052621206,0.051678119537555016
2021_Ref_Plot3_B3::69,2021_Ref_Plot3_B3,Field2,test,4,10,0.2061288521251177,11.76760585344626,0.10919647448449124
2021_Ref_Plot3_B3::71,2021_Ref_Plot3_B3,Field2,test,2,11,0.10196052026107845,7.9386243532510115,0.05640987392548128
2021_Ref_Plot3_B3::76,2021_Ref_Plot3_B3,Field2,test,5,12,0.1314205359580085,10.69048144689014,0.01505798921932119
2021_Ref_Plot3_B3::8,2021_Ref_Plot3_B3,Field2,test,7,1,0.7172344845974373,27.152140310203325,0.21971367815704612
2021_Ref_Plot3_B3::80,2021_Ref_Plot3_B3,Field2,test,4,13,0.09180617298696832,8.013034263384114,0.031868442304351735
2021_Ref_Plot3_B3::85,2021_Ref_Plot3_B3,Field2,test,5,14,0.08008748137468809,7.514557904904574,0.042523532104484625
2021_Ref_Plot3_B6::16,2021_Ref_Plot3_B6,Field2,test,8,2,0.7979812821295575,30.237050924738437,0.3310289131925947
2021_Ref_Plot3_B6::22,2021_Ref_Plot3_B6,Field2,test,6,3,0.36192206079320094,18.127810913307016,0.132505129027565
2021_Ref_Plot3_B6::27,2021_Ref_Plot3_B6,Field2,test,5,4,0.34968213671734966,16.9815604473385,0.1289533428281045
2021_Ref_Plot3_B6::35,2021_Ref_Plot3_B6,Field2,test,8,5,0.18994841564174939,13.55812177456069,0.04998182943858135
2021_Ref_Plot3_B6::44,2021_Ref_Plot3_B6,Field2,test,9,6,0.1268944894367364,9.004046315318485,0.060417058822518896
2021_Ref_Plot3_B6::50,2021_Ref_Plot3_B6,Field2,test,6,7,0.1801774438160865,9.506636953150009,0.13077614086427575
2021_Ref_Plot3_B6::57,2021_Ref_Plot3_B6,Field2,test,7,8,0.10256339967418344,9.568200058819068,0.03298080760560281
2021_Ref_Plot3_B6::65,2021_Ref_Plot3_B6,Field2,test,8,9,0.12282618407557888,9.88232845909505,0.06469446099173717
2021_Ref_Plot3_B6::69,2021_Ref_Plot3_B6,Field2,test,4,10,0.24776173354604283,12.282224723026038,0.12557222668740967
2021_Ref_Plot3_B6::71,2021_Ref_Plot3_B6,Field2,test,2,11,0.13315073688826443,9.18839746098393,0.09554249403530697
2021_Ref_Plot3_B6::76,2021_Ref_Plot3_B6,Field2,test,5,12,0.1470518469890452,12.014261980603298,0.027044554392865936
2021_Ref_Plot3_B6::8,2021_Ref_Plot3_B6,Field2,test,7,1,0.7243437386879091,25.992929002196334,0.22617380594043282
2021_Ref_Plot3_B6::80,2021_Ref_Plot3_B6,Field2,test,4,13,0.06154098885253084,6.915733623854857,0.00412898571301038
2021_Ref_Plot3_B6::85,2021_Ref_Plot3_B6,Field2,test,5,14,0.11155899624067889,7.573019445266805,0.04970132708111368
2021_Ref_Plot3_B7::16,2021_Ref_Plot3_B7,Field2,test,8,2,0.7805736324519055,29.182132085286145,0.31771676407402505
2021_Ref_Plot3_B7::22,2021_Ref_Plot3_B7,Field2,test,6,3,0.3295856639489359,17.780062134996044,0.09909227070806259
2021_Ref_Plot3_B7::27,2021_Ref_Plot3_B7,Field2,test,5,4,0.33209975943334163,17.171973734552783,0.11171486799035373
2021_Ref_Plot3_B7::35,2021_Ref_Plot3_B7,Field2,test,8,5,0.15407390166948778,12.301015182178777,0.016841480960531185
2021_Ref_Plot3_B7::44,2021_Ref_Plot3_B7,Field2,test,9,6,0.11561332022906406,9.180622355419626,0.051008080943267205
2021_Ref_Plot3_B7::50,2021_Ref_Plot3_B7,Field2,test,6,7,0.14985501118049538,9.812825345655945,0.10988969759240595
2021_Ref_Plot3_B7::57,2021_Ref_Plot3_B7,Field2,test,7,8,0.09319034478222295,9.529537192399706,0.03160191383405831
2021_Ref_Plot3_B7::65,2021_Ref_Plot3_B7,Field2,test,8,9,0.11742911180498183,9.542121348040064,0.05782440340992334
2021_Ref_Plot3_B7::69,2021_Ref_Plot3_B7,Field2,test,4,10,0.22071564836380544,12.367855801070299,0.10116273758647287
2021_Ref_Plot3_B7::71,2021_Ref_Plot3_B7,Field2,test,2,11,0.13692455342592477,9.626354032702753,0.12362437802022498
2021_Ref_Plot3_B7::76,2021_Ref_Plot3_B7,Field2,test,5,12,0.11652447114994584,11.268725210023954,0.011829650496693716
2021_Ref_Plot3_B7::8,2021_Ref_Plot3_B7,Field2,test,7,1,0.7334217904025765,25.781274404155617,0.23016642988655608
2021_Ref_Plot3_B7::80,2021_Ref_Plot3_B7,Field2,test,4,13,0.0676399788605241,7.674316169825733,0.016302267122457813
2021_Ref_Plot3_B7::85,2021_Ref_Plot3_B7,Field2,test,5,14,0.10606429148350137,8.913403943340874,0.06582424372572568
2021_Ref_Plot3_B8::16,2021_Ref_Plot3_B8,Field2,test,8,2,0.7981922920911427,30.01735424792949,0.32460314392140854
2021_Ref_Plot3_B8::22,2021_Ref_Plot3_B8,Field2,test,6,3,0.3338236989204913,17.923664745595566,0.10415434965753745
2021_Ref_Plot3_B8::27,2021_Ref_Plot3_B8,Field2,test,5,4,0.27600047986259596,16.045213644515066,0.08053098388637021
2021_Ref_Plot3_B8::35,2021_Ref_Plot3_B8,Field2,test,8,5,0.16682580975789993,12.8673383809706,0.03397583928813426
2021_Ref_Plot3_B8::44,2021_Ref_Plot3_B8,Field2,test,9,6,0.11007887050548355,8.600269404086173,0.03430205218437233
2021_Ref_Plot3_B8::50,2021_Ref_Plot3_B8,Field2,test,6,7,0.14553749548340533,8.830758638399885,0.07923176705318609
2021_Ref_Plot3_B8::57,2021_Ref_Plot3_B8,Field2,test,7,8,0.09178717899279414,9.852871859583143,0.02353653069756426
2021_Ref_Plot3_B8::65,2021_Ref_Plot3_B8,Field2,test,8,9,0.10037148902252158,9.122622466855029,0.04600855879185596
2021_Ref_Plot3_B8::69,2021_Ref_Plot3_B8,Field2,test,4,10,0.1580712205147331,10.861434273411783,0.08423484654942992
2021_Ref_Plot3_B8::71,2021_Ref_Plot3_B8,Field2,test,2,11,0.1303295774755738,8.763703318088941,0.1185600143223081
2021_Ref_Plot3_B8::76,2021_Ref_Plot3_B8,Field2,test,5,12,0.09984085217164633,9.742979559839469,0.014130579141454764
2021_Ref_Plot3_B8::8,2021_Ref_Plot3_B8,Field2,test,7,1,0.7270501411941149,26.050804937858846,0.19951586425408976
2021_Ref_Plot3_B8::80,2021_Ref_Plot3_B8,Field2,test,4,13,0.09887690169879311,9.17490998854873,0.034751804906457226
2021_Ref_Plot3_B8::85,2021_Ref_Plot3_B8,Field2,test,5,14,0.12158163440916553,8.66852874017294,0.06515321458358908
2021_Ref_Plot3_C15::16,2021_Ref_Plot3_C15,Field2,test,8,2,0.7931914233277366,30.37360357532105,0.35147690521371144
2021_Ref_Plot3_C15::22,2021_Ref_Plot3_C15,Field2,test,6,3,0.35457957206871393,16.389731072575426,0.12105284194717521
2021_Ref_Plot3_C15::27,2021_Ref_Plot3_C15,Field2,test,5,4,0.28353113245706324,15.572205913586547,0.08784899172623252
2021_Ref_Plot3_C15::35,2021_Ref_Plot3_C15,Field2,test,8,5,0.15053290833261201,11.86408925015156,0.049211544472995965
2021_Ref_Plot3_C15::44,2021_Ref_Plot3_C15,Field2,test,9,6,0.08022294504867888,7.888766148174905,0.048174866262335636
2021_Ref_Plot3_C15::50,2021_Ref_Plot3_C15,Field2,test,6,7,0.1652566633429375,8.239163646853418,0.10104386749077197
2021_Ref_Plot3_C15::57,2021_Ref_Plot3_C15,Field2,test,7,8,0.09141257516724567,8.8259605715346,0.033520277941136205
2021_Ref_Plot3_C15::65,2021_Ref_Plot3_C15,Field2,test,8,9,0.09392180586180371,8.616960675304487,0.050967402400008514
2021_Ref_Plot3_C15::69,2021_Ref_Plot3_C15,Field2,test,4,10,0.1332194135840378,10.462257587854129,0.0724925749181769
2021_Ref_Plot3_C15::71,2021_Ref_Plot3_C15,Field2,test,2,11,0.11808658042308247,8.512209363125091,0.08851515092275068
2021_Ref_Plot3_C15::76,2021_Ref_Plot3_C15,Field2,test,5,12,0.10110015370725901,11.33566114535434,0.027467138795508453
2021_Ref_Plot3_C15::8,2021_Ref_Plot3_C15,Field2,test,7,1,0.7287244411118968,26.132539456944393,0.23803784530939417
2021_Ref_Plot3_C15::80,2021_Ref_Plot3_C15,Field2,test,4,13,0.11060633013802629,8.976554414026609,0.05889559696207362
2021_Ref_Plot3_C15::85,2021_Ref_Plot3_C15,Field2,test,5,14,0.12633693658814263,9.796357368214858,0.06268582719096542
2021_Ref_Plot3_C2::16,2021_Ref_Plot3_C2,Field2,test,8,2,0.8103909203337704,30.914641755359412,0.3796978420804228
2021_Ref_Plot3_C2::22,2021_Ref_Plot3_C2,Field2,test,6,3,0.3223494069319117,16.793953608308964,0.10578422431137995
2021_Ref_Plot3_C2::27,2021_Ref_Plot3_C2,Field2,test,5,4,0.30125122118206465,16.063525740411663,0.09962942119678352
2021_Ref_Plot3_C2::35,2021_Ref_Plot3_C2,Field2,test,8,5,0.18234863468825976,12.593390402205102,0.04473534392193709
2021_Ref_Plot3_C2::44,2021_Ref_Plot3_C2,Field2,test,9,6,0.09460820609581529,9.022224869949621,0.028036554245866024
2021_Ref_Plot3_C2::50,2021_Ref_Plot3_C2,Field2,test,6,7,0.14836105635124808,8.663436078849418,0.0919482954397434
2021_Ref_Plot3_C2::57,2021_Ref_Plot3_C2,Field2,test,7,8,0.13193331432847277,9.835465485305022,0.057021200877600875
2021_Ref_Plot3_C2::65,2021_Ref_Plot3_C2,Field2,test,8,9,0.11728178188891498,8.58092261202861,0.057461374010757835
2021_Ref_Plot3_C2::69,2021_Ref_Plot3_C2,Field2,test,4,10,0.17156394951757847,10.85784457683829,0.07643528232367101
2021_Ref_Plot3_C2::71,2021_Ref_Plot3_C2,Field2,test,2,11,0.13238517659748283,9.161454737240716,0.10735399084654017
2021_Ref_Plot3_C2::76,2021_Ref_Plot3_C2,Field2,test,5,12,0.14941249170662405,12.305263392118126,0.01890697211607188
2021_Ref_Plot3_C2::8,2021_Ref_Plot3_C2,Field2,test,7,1,0.6963147326835694,26.533516608129844,0.18726476426583913
2021_Ref_Plot3_C2::80,2021_Ref_Plot3_C2,Field2,test,4,13,0.07081635222703449,7.676261974681794,0.014419751210241917
2021_Ref_Plot3_C2::85,2021_Ref_Plot3_C2,Field2,test,5,14,0.13450905161923685,9.560391848648834,0.073147487058788
2021_Ref_Plot3_C3::16,2021_Ref_Plot3_C3,Field2,test,8,2,0.7806123208466887,29.478650918134633,0.3511241348912537
2021_Ref_Plot3_C3::22,2021_Ref_Plot3_C3,Field2,test,6,3,0.34827575935291244,17.318618205153385,0.11781260071662715
2021_Ref_Plot3_C3::27,2021_Ref_Plot3_C3,Field2,test,5,4,0.3029434789551016,15.28046816718618,0.09580933201995488
2021_Ref_Plot3_C3::35,2021_Ref_Plot3_C3,Field2,test,8,5,0.14747531373294506,11.668548705161186,0.024588451552403634
2021_Ref_Plot3_C3::44,2021_Ref_Plot3_C3,Field2,test,9,6,0.08943828769256751,8.904351276482913,0.03398081023053129
2021_Ref_Plot3_C3::50,2021_Ref_Plot3_C3,Field2,test,6,7,0.142635443407888,8.87816523920209,0.08702132504627903
2021_Ref_Plot3_C3::57,2021_Ref_Plot3_C3,Field2,test,7,8,0.0950574881527591,9.36739329352973,0.029243501120252497
2021_Ref_Plot3_C3::65,2021_Ref_Plot3_C3,Field2,test,8,9,0.08684987529288651,9.078219166394156,0.04451299905036579
2021_Ref_Plot3_C3::69,2021_Ref_Plot3_C3,Field2,test,4,10,0.17040976775244385,11.215850362445124,0.07901652428815258
2021_Ref_Plot3_C3::71,2021_Ref_Plot3_C3,Field2,test,2,11,0.10444255692408526,8.475248970023523,0.07218242545195919
2021_Ref_Plot3_C3::76,2021_Ref_Plot3_C3,Field2,test,5,12,0.14807165125554067,11.109868512042688,0.016551036988908505
2021_Ref_Plot3_C3::8,2021_Ref_Plot3_C3,Field2,test,7,1,0.6987822382724996,25.98780197362651,0.19375359300163994
2021_Ref_Plot3_C3::80,2021_Ref_Plot3_C3,Field2,test,4,13,0.08694360033119493,8.775855744294006,0.03248610238185606
2021_Ref_Plot3_C3::85,2021_Ref_Plot3_C3,Field2,test,5,14,0.10994302002883893,9.629786156519163,0.06623643045426048
2021_Ref_Plot3_C4::16,2021_Ref_Plot3_C4,Field2,test,8,2,0.7652144835944602,28.627816458818486,0.33862133615461215
2021_Ref_Plot3_C4::22,2021_Ref_Plot3_C4,Field2,test,6,3,0.3682670332072074,17.201763507643363,0.13475224996411014
2021_Ref_Plot3_C4::27,2021_Ref_Plot3_C4,Field2,test,5,4,0.2880387233945389,14.628231873795832,0.08457599045741067
2021_Ref_Plot3_C4::35,2021_Ref_Plot3_C4,Field2,test,8,5,0.1586393434484791,11.157493519767876,0.040807508626146544
2021_Ref_Plot3_C4::44,2021_Ref_Plot3_C4,Field2,test,9,6,0.11517205727516001,8.379161525920573,0.05634557936330414
2021_Ref_Plot3_C4::50,2021_Ref_Plot3_C4,Field2,test,6,7,0.1487862230154525,8.932958045191228,0.08468456739362563
2021_Ref_Plot3_C4::57,2021_Ref_Plot3_C4,Field2,test,7,8,0.12501732564464801,10.36234445140044,0.0507590648004687
2021_Ref_Plot3_C4::65,2021_Ref_Plot3_C4,Field2,test,8,9,0.09038919046645018,8.57285119861382,0.039950355560429335
2021_Ref_Plot3_C4::69,2021_Ref_Plot3_C4,Field2,test,4,10,0.19794442918498964,11.159402066235113,0.09997195681542172
2021_Ref_Plot3_C4::71,2021_Ref_Plot3_C4,Field2,test,2,11,0.0953069957597203,7.861680195292066,0.042848146803839915
2021_Ref_Plot3_C4::76,2021_Ref_Plot3_C4,Field2,test,5,12,0.1546515930348555,12.093353930150503,0.019420029801035535
2021_Ref_Plot3_C4::8,2021_Ref_Plot3_C4,Field2,test,7,1,0.7043292955313616,26.326119177090565,0.21982703933951458
2021_Ref_Plot3_C4::80,2021_Ref_Plot3_C4,Field2,test,4,13,0.10654359103610157,8.950423606368172,0.04047232266295378
2021_Ref_Plot3_C4::85,2021_Ref_Plot3_C4,Field2,test,5,14,0.11429474777476308,9.52616684024733,0.0584335606697348
2021_Ref_Plot3_D15::16,2021_Ref_Plot3_D15,Field2,test,8,2,0.77332236903254,29.97071044237435,0.33427748720708256
2021_Ref_Plot3_D15::22,2021_Ref_Plot3_D15,Field2,test,6,3,0.3224771211955381,16.361679806011793,0.1064606439979376
2021_Ref_Plot3_D15::27,2021_Ref_Plot3_D15,Field2,test,5,4,0.3199172991571256,16.60125698352944,0.12459136999860985
2021_Ref_Plot3_D15::35,2021_Ref_Plot3_D15,Field2,test,8,5,0.14903333283426443,12.091760936495696,0.028914197806664182
2021_Ref_Plot3_D15::44,2021_Ref_Plot3_D15,Field2,test,9,6,0.07192756162572052,8.716364968540624,0.02451057220213423
2021_Ref_Plot3_D15::50,2021_Ref_Plot3_D15,Field2,test,6,7,0.1378278602838804,8.206122992880147,0.07986796238156436
2021_Ref_Plot3_D15::57,2021_Ref_Plot3_D15,Field2,test,7,8,0.09369389216929554,9.94488445753311,0.04216517762669417
2021_Ref_Plot3_D15::65,2021_Ref_Plot3_D15,Field2,test,8,9,0.08523994973667863,8.103094584057189,0.04595540830178789
2021_Ref_Plot3_D15::69,2021_Ref_Plot3_D15,Field2,test,4,10,0.1313237806988138,10.651325431750918,0.06767734218497781
2021_Ref_Plot3_D15::71,2021_Ref_Plot3_D15,Field2,test,2,11,0.1065189896083315,9.12293309284939,0.08111798664849312
2021_Ref_Plot3_D15::76,2021_Ref_Plot3_D15,Field2,test,5,12,0.10014996715120826,11.699977956429075,0.01731829570114461
2021_Ref_Plot3_D15::8,2021_Ref_Plot3_D15,Field2,test,7,1,0.6992692480801949,26.555380659902905,0.1844495730217757
2021_Ref_Plot3_D15::80,2021_Ref_Plot3_D15,Field2,test,4,13,0.0560706944984033,7.572451195475583,0.008947880996659998
2021_Ref_Plot3_D15::85,2021_Ref_Plot3_D15,Field2,test,5,14,0.14506283518809604,9.701440302723505,0.06862725128795416
2021_Ref_Plot3_D19::16,2021_Ref_Plot3_D19,Field2,test,8,2,0.7721183774293908,29.63703646933685,0.36378513420365133
2021_Ref_Plot3_D19::22,2021_Ref_Plot3_D19,Field2,test,6,3,0.3281834415193355,16.49003646306201,0.11837045713828298
2021_Ref_Plot3_D19::27,2021_Ref_Plot3_D19,Field2,test,5,4,0.24705936865544176,15.751529844832927,0.07565860879291232
2021_Ref_Plot3_D19::35,2021_Ref_Plot3_D19,Field2,test,8,5,0.1431732264989173,12.30643674225804,0.04783373187088207
2021_Ref_Plot3_D19::44,2021_Ref_Plot3_D19,Field2,test,9,6,0.09815618625277193,8.650363774308806,0.03031231505226729
2021_Ref_Plot3_D19::50,2021_Ref_Plot3_D19,Field2,test,6,7,0.13321209031620723,8.008067757107263,0.06003459150718444
2021_Ref_Plot3_D19::57,2021_Ref_Plot3_D19,Field2,test,7,8,0.07361494916650807,9.207157176006495,0.012507952557044441
2021_Ref_Plot3_D19::65,2021_Ref_Plot3_D19,Field2,test,8,9,0.10527249521856354,8.489211308599703,0.06378307030149921
2021_Ref_Plot3_D19::69,2021_Ref_Plot3_D19,Field2,test,4,10,0.19054307622260805,11.557180114981287,0.10065953364356214
2021_Ref_Plot3_D19::71,2021_Ref_Plot3_D19,Field2,test,2,11,0.1144668639262816,8.153760090087058,0.07295724088102576
2021_Ref_Plot3_D19::76,2021_Ref_Plot3_D19,Field2,test,5,12,0.07200225552201867,8.99704815196468,0.016840130036749713
2021_Ref_Plot3_D19::8,2021_Ref_Plot3_D19,Field2,test,7,1,0.67536935792777,24.85070180152337,0.20249186868310137
2021_Ref_Plot3_D19::80,2021_Ref_Plot3_D19,Field2,test,4,13,0.062467919051133865,7.806604292700302,0.02337557314163135
2021_Ref_Plot3_D19::85,2021_Ref_Plot3_D19,Field2,test,5,14,0.11292621986916533,9.044650768481318,0.059145567313950695
2021_Ref_Plot3_D1::16,2021_Ref_Plot3_D1,Field2,test,8,2,0.7823019414077358,30.05662318938709,0.3513179090868704
2021_Ref_Plot3_D1::22,2021_Ref_Plot3_D1,Field2,test,6,3,0.30715025314851424,16.637641645792847,0.09596531396710509
2021_Ref_Plot3_D1::27,2021_Ref_Plot3_D1,Field2,test,5,4,0.31111045854836444,16.413578981927404,0.10189129520575682
2021_Ref_Plot3_D1::35,2021_Ref_Plot3_D1,Field2,test,8,5,0.13452540273671657,12.188107076710725,0.018329879229741084
2021_Ref_Plot3_D1::44,2021_Ref_Plot3_D1,Field2,test,9,6,0.1082160562220434,9.581656303401699,0.03548736506381243
2021_Ref_Plot3_D1::50,2021_Ref_Plot3_D1,Field2,test,6,7,0.12841281889576525,8.689489971170264,0.07618462606326387
2021_Ref_Plot3_D1::57,2021_Ref_Plot3_D1,Field2,test,7,8,0.10758827469905341,10.431168690108363,0.040334344890561084
2021_Ref_Plot3_D1::65,2021_Ref_Plot3_D1,Field2,test,8,9,0.08317097810345757,8.103339404296031,0.0327381431212502
2021_Ref_Plot3_D1::69,2021_Ref_Plot3_D1,Field2,test,4,10,0.16853871597874828,11.480866089386124,0.07809823234679557
2021_Ref_Plot3_D1::71,2021_Ref_Plot3_D1,Field2,test,2,11,0.15886552727045264,7.738377412278934,0.11253892910216957
2021_Ref_Plot3_D1::76,2021_Ref_Plot3_D1,Field2,test,5,12,0.1612108321151249,13.656683454045544,0.04238763193062204
2021_Ref_Plot3_D1::8,2021_Ref_Plot3_D1,Field2,test,7,1,0.6829486608896125,25.70714259913498,0.1627081511088376
2021_Ref_Plot3_D1::80,2021_Ref_Plot3_D1,Field2,test,4,13,0.07182607270617124,7.252661989827507,0.03543209388987342
2021_Ref_Plot3_D1::85,2021_Ref_Plot3_D1,Field2,test,5,14,0.0839346936124696,7.871441212155913,0.04173896281997459
2021_Ref_Plot3_D20::16,2021_Ref_Plot3_D20,Field2,test,8,2,0.792309081637066,29.786522962849915,0.3863930105559452
2021_Ref_Plot3_D20::22,2021_Ref_Plot3_D20,Field2,test,6,3,0.31069056709596876,15.951997243818692,0.1143437400344899
2021_Ref_Plot3_D20::27,2021_Ref_Plot3_D20,Field2,test,5,4,0.23944922969874774,15.77194265010339,0.07323263147033908
2021_Ref_Plot3_D20::35,2021_Ref_Plot3_D20,Field2,test,8,5,0.13515488114214202,12.20004179948656,0.029152040508629153
2021_Ref_Plot3_D20::44,2021_Ref_Plot3_D20,Field2,test,9,6,0.0845921271823397,8.461821865436965,0.019282872518600704
2021_Ref_Plot3_D20::50,2021_Ref_Plot3_D20,Field2,test,6,7,0.12360569637952046,7.999891969370097,0.06627830503807663
2021_Ref_Plot3_D20::57,2021_Ref_Plot3_D20,Field2,test,7,8,0.07020794784285656,9.710689049323824,0.0201153156434155
2021_Ref_Plot3_D20::65,2021_Ref_Plot3_D20,Field2,test,8,9,0.10847476431886945,8.364431598393136,0.059119177068316424
2021_Ref_Plot3_D20::69,2021_Ref_Plot3_D20,Field2,test,4,10,0.17678047656665863,11.68208856473306,0.0867548340775189
2021_Ref_Plot3_D20::71,2021_Ref_Plot3_D20,Field2,test,2,11,0.11187595611711892,8.286591990678739,0.0943922030485881
2021_Ref_Plot3_D20::76,2021_Ref_Plot3_D20,Field2,test,5,12,0.11259266834409466,11.92470504533182,0.0365708217048251
2021_Ref_Plot3_D20::8,2021_Ref_Plot3_D20,Field2,test,7,1,0.7024593664549846,25.1247141572296,0.20543059601277472
2021_Ref_Plot3_D20::80,2021_Ref_Plot3_D20,Field2,test,4,13,0.05118496420486526,7.325632193994335,0.010496449817194609
2021_Ref_Plot3_D20::85,2021_Ref_Plot3_D20,Field2,test,5,14,0.10466076601048872,8.887489596668038,0.05465634041225925
2021_Ref_Plot3_E11::16,2021_Ref_Plot3_E11,Field2,test,8,2,0.7213512697827098,28.606284441362885,0.2783956390194836
2021_Ref_Plot3_E11::22,2021_Ref_Plot3_E11,Field2,test,6,3,0.3081913450703069,16.30376980973554,0.096765821579636
2021_Ref_Plot3_E11::27,2021_Ref_Plot3_E11,Field2,test,5,4,0.2564938514404071,15.598326218974501,0.07339900830573286
2021_Ref_Plot3_E11::35,2021_Ref_Plot3_E11,Field2,test,8,5,0.1282248551046916,11.66634983988242,0.05584061730720725
2021_Ref_Plot3_E11::44,2021_Ref_Plot3_E11,Field2,test,9,6,0.0838638848640949,9.381832754197156,0.03222843357029795
2021_Ref_Plot3_E11::50,2021_Ref_Plot3_E11,Field2,test,6,7,0.13407431238996995,8.786908636453855,0.08361685981229666
2021_Ref_Plot3_E11::57,2021_Ref_Plot3_E11,Field2,test,7,8,0.09417495687505308,10.420975089496807,0.026901210119961376
2021_Ref_Plot3_E11::65,2021_Ref_Plot3_E11,Field2,test,8,9,0.08438124589494977,8.28463410371005,0.03947233390579128
2021_Ref_Plot3_E11::69,2021_Ref_Plot3_E11,Field2,test,4,10,0.1542774029912181,11.747357731955292,0.0765937912918094
2021_Ref_Plot3_E11::71,2021_Ref_Plot3_E11,Field2,test,2,11,0.09608034246857355,7.022277155986431,0.02925274188950563
2021_Ref_Plot3_E11::76,2021_Ref_Plot3_E11,Field2,test,5,12,0.09820763141773663,10.374560636278707,0.016900909857346855
2021_Ref_Plot3_E11::8,2021_Ref_Plot3_E11,Field2,test,7,1,0.642963543413479,25.941711160376695,0.14800818076889782
2021_Ref_Plot3_E11::80,2021_Ref_Plot3_E11,Field2,test,4,13,0.05219768075425337,8.956765386451316,0.009051026663849979
2021_Ref_Plot3_E11::85,2021_Ref_Plot3_E11,Field2,test,5,14,0.08660785310822322,9.281251178191509,0.0445833332750741
2021_Ref_Plot4_A7::16,2021_Ref_Plot4_A7,Field2,test,8,2,0.7835033388077418,29.27397508882331,0.3451921004865277
2021_Ref_Plot4_A7::22,2021_Ref_Plot4_A7,Field2,test,6,3,0.3257229244843159,17.521608863432675,0.10696059575192601
2021_Ref_Plot4_A7::27,2021_Ref_Plot4_A7,Field2,test,5,4,0.44245420233149657,18.90358067180348,0.1627319953878736
2021_Ref_Plot4_A7::35,2021_Ref_Plot4_A7,Field2,test,8,5,0.18055493817525559,14.80274609571762,0.02838249895226567
2021_Ref_Plot4_A7::44,2021_Ref_Plot4_A7,Field2,test,9,6,0.14108257009320338,8.677177755221843,0.02723497404000763
2021_Ref_Plot4_A7::50,2021_Ref_Plot4_A7,Field2,test,6,7,0.13135479403996586,8.727935388240052,0.07742088657629251
2021_Ref_Plot4_A7::57,2021_Ref_Plot4_A7,Field2,test,7,8,0.11670536256070357,7.6872943676848795,0.05493752446112668
2021_Ref_Plot4_A7::65,2021_Ref_Plot4_A7,Field2,test,8,9,0.14050389246612635,10.369513311350717,0.05417342597696661
2021_Ref_Plot4_A7::69,2021_Ref_Plot4_A7,Field2,test,4,10,0.16628168209394387,11.451375442650818,0.10463206293862176
2021_Ref_Plot4_A7::71,2021_Ref_Plot4_A7,Field2,test,2,11,0.09898643719009069,8.552330448850888,0.09865411087547206
2021_Ref_Plot4_A7::76,2021_Ref_Plot4_A7,Field2,test,5,12,0.09936875303357989,10.820640273493815,0.008015319015726797
2021_Ref_Plot4_A7::8,2021_Ref_Plot4_A7,Field2,test,7,1,0.7166068981343344,25.941899843355806,0.2070040116878979
2021_Ref_Plot4_A7::80,2021_Ref_Plot4_A7,Field2,test,4,13,0.10088528551966458,7.892469405445163,0.029787190893570074
2021_Ref_Plot4_A7::85,2021_Ref_Plot4_A7,Field2,test,5,14,0.09827203989696315,8.6287661807449,0.055330899286901235
2021_Ref_Plot4_B11::16,2021_Ref_Plot4_B11,Field2,test,8,2,0.8425966322632332,31.55503735296563,0.3986494527133035
2021_Ref_Plot4_B11::22,2021_Ref_Plot4_B11,Field2,test,6,3,0.3715084565235025,17.666684137141367,0.14232186631367302
2021_Ref_Plot4_B11::27,2021_Ref_Plot4_B11,Field2,test,5,4,0.39973503951330774,18.37046969874332,0.143633104523859
2021_Ref_Plot4_B11::35,2021_Ref_Plot4_B11,Field2,test,8,5,0.20996628729542055,15.254867739617863,0.02928450451859961
2021_Ref_Plot4_B11::44,2021_Ref_Plot4_B11,Field2,test,9,6,0.16598258628689258,10.329716568103596,0.06085889736561005
2021_Ref_Plot4_B11::50,2021_Ref_Plot4_B11,Field2,test,6,7,0.13394310346316515,8.749872998899335,0.07326141176350173
2021_Ref_Plot4_B11::57,2021_Ref_Plot4_B11,Field2,test,7,8,0.1088101757544523,8.533614954070236,0.05263803421210799
2021_Ref_Plot4_B11::65,2021_Ref_Plot4_B11,Field2,test,8,9,0.12006998999993664,10.710816923758617,0.04385571068485154
2021_Ref_Plot4_B11::69,2021_Ref_Plot4_B11,Field2,test,4,10,0.20106096314969266,11.676985689081548,0.0959699008847985
2021_Ref_Plot4_B11::71,2021_Ref_Plot4_B11,Field2,test,2,11,0.09912913837751908,8.506931767839427,0.07924154282563774
2021_Ref_Plot4_B11::76,2021_Ref_Plot4_B11,Field2,test,5,12,0.11512318879902113,11.854825102335822,0.024439334405543023
2021_Ref_Plot4_B11::8,2021_Ref_Plot4_B11,Field2,test,7,1,0.7295740959477234,26.08734697409958,0.19693104454056565
2021_Ref_Plot4_B11::80,2021_Ref_Plot4_B11,Field2,test,4,13,0.06158321175043113,7.798688633797668,0.013995807083235464
2021_Ref_Plot4_B11::85,2021_Ref_Plot4_B11,Field2,test,5,14,0.08437664773736474,7.483946692898434,0.04104597899562103
2021_Ref_Plot4_B12::16,2021_Ref_Plot4_B12,Field2,test,8,2,0.8109663207426281,30.232126105926195,0.3682730677970788
2021_Ref_Plot4_B12::22,2021_Ref_Plot4_B12,Field2,test,6,3,0.3518989513838488,17.469520731093304,0.12982808341847543
2021_Ref_Plot4_B12::27,2021_Ref_Plot4_B12,Field2,test,5,4,0.411412382422027,18.526090534796346,0.1618332183884742
2021_Ref_Plot4_B12::35,2021_Ref_Plot4_B12,Field2,test,8,5,0.19779941135107035,15.153798368163878,0.025024380504368546
2021_Ref_Plot4_B12::44,2021_Ref_Plot4_B12,Field2,test,9,6,0.16101572338986178,10.052997953803866,0.049029282036846214
2021_Ref_Plot4_B12::50,2021_Ref_Plot4_B12,Field2,test,6,7,0.1717829179434459,9.66684777859998,0.0988727920091651
2021_Ref_Plot4_B12::57,2021_Ref_Plot4_B12,Field2,test,7,8,0.11167440878713246,9.307889111149422,0.055627862400309425
2021_Ref_Plot4_B12::65,2021_Ref_Plot4_B12,Field2,test,8,9,0.08596867838243046,10.033162858946707,0.024990987125222942
2021_Ref_Plot4_B12::69,2021_Ref_Plot4_B12,Field2,test,4,10,0.19213717717970194,11.672444838626905,0.07296411938916984
2021_Ref_Plot4_B12::71,2021_Ref_Plot4_B12,Field2,test,2,11,0.12768653051904552,9.154324012262395,0.10016903806566302
2021_Ref_Plot4_B12::76,2021_Ref_Plot4_B12,Field2,test,5,12,0.10670866882392532,11.470993021355342,0.03612976824906975
2021_Ref_Plot4_B12::8,2021_Ref_Plot4_B12,Field2,test,7,1,0.7144982464625872,25.819857150451494,0.2088726865920212
2021_Ref_Plot4_B12::80,2021_Ref_Plot4_B12,Field2,test,4,13,0.09368937788604044,8.846075793316183,0.021122950335635514
2021_Ref_Plot4_B12::85,2021_Ref_Plot4_B12,Field2,test,5,14,0.09902215561373412,6.593532838601499,0.028435359770740246
2021_Ref_Plot4_B13::16,2021_Ref_Plot4_B13,Field2,test,8,2,0.8022496482820314,30.014305848610867,0.3482387455846361
2021_Ref_Plot4_B13::22,2021_Ref_Plot4_B13,Field2,test,6,3,0.3284140284368457,17.254532946188167,0.10953412834941152
2021_Ref_Plot4_B13::27,2021_Ref_Plot4_B13,Field2,test,5,4,0.38605522425296285,17.61575364627538,0.14669290776724345
2021_Ref_Plot4_B13::35,2021_Ref_Plot4_B13,Field2,test,8,5,0.1778494324371341,14.131492663781488,0.024795762145193263
2021_Ref_Plot4_B13::44,2021_Ref_Plot4_B13,Field2,test,9,6,0.11458774859465758,8.803455639711768,0.04235169572204619
2021_Ref_Plot4_B13::50,2021_Ref_Plot4_B13,Field2,test,6,7,0.1288664947618832,8.945663596554335,0.0777826090545047
2021_Ref_Plot4_B13::57,2021_Ref_Plot4_B13,Field2,test,7,8,0.09347708695922059,8.615685329564368,0.04087720940407097
2021_Ref_Plot4_B13::65,2021_Ref_Plot4_B13,Field2,test,8,9,0.07130676433711218,9.434951961420534,0.0271850181272228
2021_Ref_Plot4_B13::69,2021_Ref_Plot4_B13,Field2,test,4,10,0.18797806931331587,11.450490904558652,0.0790861944728778
2021_Ref_Plot4_B13::71,2021_Ref_Plot4_B13,Field2,test,2,11,0.12471186068128566,9.63841286172571,0.10266945021456449
2021_Ref_Plot4_B13::76,2021_Ref_Plot4_B13,Field2,test,5,12,0.08746388187256744,10.693265657257811,0.013171866291292845
2021_Ref_Plot4_B13::8,2021_Ref_Plot4_B13,Field2,test,7,1,0.7164215198543366,25.877944839751684,0.2151660623565217
2021_Ref_Plot4_B13::80,2021_Ref_Plot4_B13,Field2,test,4,13,0.08005199309820336,8.076465991704675,0.017468101234267088
2021_Ref_Plot4_B13::85,2021_Ref_Plot4_B13,Field2,test,5,14,0.09596180789563634,7.5643925575500575,0.037929862487577716
2021_Ref_Plot4_B15::16,2021_Ref_Plot4_B15,Field2,test,8,2,0.8194403688788316,30.26265476153551,0.36092487340888546
2021_Ref_Plot4_B15::22,2021_Ref_Plot4_B15,Field2,test,6,3,0.36596330609064714,17.397666280932967,0.14169629377903645
2021_Ref_Plot4_B15::27,2021_Ref_Plot4_B15,Field2,test,5,4,0.35202287274683114,17.181618573102277,0.12077448900374346
2021_Ref_Plot4_B15::35,2021_Ref_Plot4_B15,Field2,test,8,5,0.17125856486351845,13.48389719474171,0.02562844924751252
2021_Ref_Plot4_B15::44,2021_Ref_Plot4_B15,Field2,test,9,6,0.11130430371936363,8.364648836204667,0.034424050965995365
2021_Ref_Plot4_B15::50,2021_Ref_Plot4_B15,Field2,test,6,7,0.12350941005050155,8.328105625523667,0.07325788226353051
2021_Ref_Plot4_B15::57,2021_Ref_Plot4_B15,Field2,test,7,8,0.12261782371592866,9.211634989109454,0.050771840760217034
2021_Ref_Plot4_B15::65,2021_Ref_Plot4_B15,Field2,test,8,9,0.12001299408007836,10.169313459323394,0.04542164865568643
2021_Ref_Plot4_B15::69,2021_Ref_Plot4_B15,Field2,test,4,10,0.21129869349429095,12.217642662458843,0.11940803624967826
2021_Ref_Plot4_B15::71,2021_Ref_Plot4_B15,Field2,test,2,11,0.13310788483800476,9.663528004117186,0.10925759935091514
2021_Ref_Plot4_B15::76,2021_Ref_Plot4_B15,Field2,test,5,12,0.09668360259767089,10.909359247817292,0.0142754012597152
2021_Ref_Plot4_B15::8,2021_Ref_Plot4_B15,Field2,test,7,1,0.7574971307672986,26.790692244225546,0.22240975189222612
2021_Ref_Plot4_B15::80,2021_Ref_Plot4_B15,Field2,test,4,13,0.07715028684807912,7.431118946092157,0.016470327208130874
2021_Ref_Plot4_B15::85,2021_Ref_Plot4_B15,Field2,test,5,14,0.09939028122924214,8.38578840130434,0.035698933319398815
2021_Ref_Plot4_B16::16,2021_Ref_Plot4_B16,Field2,test,8,2,0.843847344518282,31.626355594866162,0.4045597367758001
2021_Ref_Plot4_B16::22,2021_Ref_Plot4_B16,Field2,test,6,3,0.3656742319479986,17.725093835462992,0.1299799963273412
2021_Ref_Plot4_B16::27,2021_Ref_Plot4_B16,Field2,test,5,4,0.38172958023308073,17.721487888001423,0.133402551972406
2021_Ref_Plot4_B16::35,2021_Ref_Plot4_B16,Field2,test,8,5,0.19856293586173854,13.816751991314469,0.03935712075910982
2021_Ref_Plot4_B16::44,2021_Ref_Plot4_B16,Field2,test,9,6,0.10823000229633907,8.814877610709857,0.030687722069789067
2021_Ref_Plot4_B16::50,2021_Ref_Plot4_B16,Field2,test,6,7,0.09583857843670092,7.991662305436273,0.05282424865238668
2021_Ref_Plot4_B16::57,2021_Ref_Plot4_B16,Field2,test,7,8,0.09561980268919339,8.267966674824102,0.04396800128219776
2021_Ref_Plot4_B16::65,2021_Ref_Plot4_B16,Field2,test,8,9,0.09345826780452432,9.797993331558345,0.024680261921550397
2021_Ref_Plot4_B16::69,2021_Ref_Plot4_B16,Field2,test,4,10,0.17892345450264377,11.789681623766022,0.07981771423644317
2021_Ref_Plot4_B16::71,2021_Ref_Plot4_B16,Field2,test,2,11,0.10903728240393401,8.775125377752339,0.08698673084055594
2021_Ref_Plot4_B16::76,2021_Ref_Plot4_B16,Field2,test,5,12,0.11089462730815854,12.551943741940168,0.020875087649380328
2021_Ref_Plot4_B16::8,2021_Ref_Plot4_B16,Field2,test,7,1,0.7395181099705064,26.107911597531107,0.21129944553648172
2021_Ref_Plot4_B16::80,2021_Ref_Plot4_B16,Field2,test,4,13,0.0689215689262657,7.205474513638732,0.03858306697297275
2021_Ref_Plot4_B16::85,2021_Ref_Plot4_B16,Field2,test,5,14,0.08245009167093907,8.305525218415958,0.033300261348517594
2021_Ref_Plot4_B17::16,2021_Ref_Plot4_B17,Field2,test,8,2,0.8357155290417122,31.074008990075907,0.3967618539633044
2021_Ref_Plot4_B17::22,2021_Ref_Plot4_B17,Field2,test,6,3,0.353272710966766,17.87369505204805,0.1271983752190363
2021_Ref_Plot4_B17::27,2021_Ref_Plot4_B17,Field2,test,5,4,0.3618973740904796,17.626108756070952,0.12745858977846602
2021_Ref_Plot4_B17::35,2021_Ref_Plot4_B17,Field2,test,8,5,0.1701723986454151,12.996381402963848,0.032208635382680324
2021_Ref_Plot4_B17::44,2021_Ref_Plot4_B17,Field2,test,9,6,0.1347979371004417,9.03613908320715,0.042910957254701454
2021_Ref_Plot4_B17::50,2021_Ref_Plot4_B17,Field2,test,6,7,0.1292947764446473,8.926993932338767,0.0737881681061387
2021_Ref_Plot4_B17::57,2021_Ref_Plot4_B17,Field2,test,7,8,0.08823688154811675,8.62501190812843,0.03781640017555035
2021_Ref_Plot4_B17::65,2021_Ref_Plot4_B17,Field2,test,8,9,0.07481739956531758,9.436276342331606,0.0106758807622802
2021_Ref_Plot4_B17::69,2021_Ref_Plot4_B17,Field2,test,4,10,0.1380110474017516,10.942844303492603,0.05415445069426601
2021_Ref_Plot4_B17::71,2021_Ref_Plot4_B17,Field2,test,2,11,0.12317717755721376,9.168874393311524,0.11008501792019328
2021_Ref_Plot4_B17::76,2021_Ref_Plot4_B17,Field2,test,5,12,0.11578678017021389,12.52471637477203,0.026078176119163785
2021_Ref_Plot4_B17::8,2021_Ref_Plot4_B17,Field2,test,7,1,0.7198034955624455,25.25726592712371,0.20232237395761496
2021_Ref_Plot4_B17::80,2021_Ref_Plot4_B17,Field2,test,4,13,0.06407628781078317,7.533986631395043,0.015784296857419337
2021_Ref_Plot4_B17::85,2021_Ref_Plot4_B17,Field2,test,5,14,0.08029374476664403,8.493228231723872,0.04361733482883896
2021_Ref_Plot4_C4::16,2021_Ref_Plot4_C4,Field2,test,8,2,0.8087684901347325,30.204445456885374,0.37725632885561716
2021_Ref_Plot4_C4::22,2021_Ref_Plot4_C4,Field2,test,6,3,0.3376671797598257,17.13601726340451,0.11917837428414545
2021_Ref_Plot4_C4::27,2021_Ref_Plot4_C4,Field2,test,5,4,0.363370868946959,16.692664437322758,0.14016461412969575
2021_Ref_Plot4_C4::35,2021_Ref_Plot4_C4,Field2,test,8,5,0.19988883579183644,14.667998286431024,0.049830468694022204
2021_Ref_Plot4_C4::44,2021_Ref_Plot4_C4,Field2,test,9,6,0.11717683190593371,8.930090275990935,0.053065362500636766
2021_Ref_Plot4_C4::50,2021_Ref_Plot4_C4,Field2,test,6,7,0.15834919645211584,9.374892638015403,0.10847898569936255
2021_Ref_Plot4_C4::57,2021_Ref_Plot4_C4,Field2,test,7,8,0.1310900434777528,9.201083896305395,0.060811301699381225
2021_Ref_Plot4_C4::65,2021_Ref_Plot4_C4,Field2,test,8,9,0.1319704222048899,10.418489931770607,0.04455371069992122
2021_Ref_Plot4_C4::69,2021_Ref_Plot4_C4,Field2,test,4,10,0.1809081086863004,11.919334504791046,0.10169882801564067
2021_Ref_Plot4_C4::71,2021_Ref_Plot4_C4,Field2,test,2,11,0.09410707110180533,8.595750012119574,0.06347187903729397
2021_Ref_Plot4_C4::76,2021_Ref_Plot4_C4,Field2,test,5,12,0.11451361868871246,12.136423242892992,0.012981090606955084
2021_Ref_Plot4_C4::8,2021_Ref_Plot4_C4,Field2,test,7,1,0.7243989590980426,25.426498019079837,0.21172546897670702
2021_Ref_Plot4_C4::80,2021_Ref_Plot4_C4,Field2,test,4,13,0.07590744768864156,7.762875911455885,0.01843624253321695
2021_Ref_Plot4_C4::85,2021_Ref_Plot4_C4,Field2,test,5,14,0.0727169574568216,9.151579863135206,0.031175418904297748
2021_Ref_Plot4_D11::16,2021_Ref_Plot4_D11,Field2,test,8,2,0.8164700199520155,30.909030411016566,0.4094565719459347
2021_Ref_Plot4_D11::22,2021_Ref_Plot4_D11,Field2,test,6,3,0.3328688615407398,17.16907214517534,0.124569770107748
2021_Ref_Plot4_D11::27,2021_Ref_Plot4_D11,Field2,test,5,4,0.3667838354823128,17.67246892648947,0.15674936920023905
2021_Ref_Plot4_D11::35,2021_Ref_Plot4_D11,Field2,test,8,5,0.19918612649561176,14.59125151164165,0.0443499282776052
2021_Ref_Plot4_D11::44,2021_Ref_Plot4_D11,Field2,test,9,6,0.12082393688188704,8.672560696253942,0.04349872289929836
2021_Ref_Plot4_D11::50,2021_Ref_Plot4_D11,Field2,test,6,7,0.1215609625535871,9.246076544053357,0.07425248100804256
2021_Ref_Plot4_D11::57,2021_Ref_Plot4_D11,Field2,test,7,8,0.09503553326370007,9.095506221053324,0.022592608384555988
2021_Ref_Plot4_D11::65,2021_Ref_Plot4_D11,Field2,test,8,9,0.07228721585545879,8.103130494756597,0.03031643726664067
2021_Ref_Plot4_D11::69,2021_Ref_Plot4_D11,Field2,test,4,10,0.19610541667513495,12.609772635668966,0.07826805844524445
2021_Ref_Plot4_D11::71,2021_Ref_Plot4_D11,Field2,test,2,11,0.09357651504357789,8.951176337238381,0.08450134522520127
2021_Ref_Plot4_D11::76,2021_Ref_Plot4_D11,Field2,test,5,12,0.15526886180140123,12.774274266939639,0.058333515269230564
2021_Ref_Plot4_D11::8,2021_Ref_Plot4_D11,Field2,test,7,1,0.7195465693331494,27.084049160892434,0.22147389846327054
2021_Ref_Plot4_D11::80,2021_Ref_Plot4_D11,Field2,test,4,13,0.06727724902377054,7.753549117843964,0.05392261634052066
2021_Ref_Plot4_D11::85,2021_Ref_Plot4_D11,Field2,test,5,14,0.15997492349743272,9.903023191600358,0.07458035254244429
2021_Ref_Plot4_D6::16,2021_Ref_Plot4_D6,Field2,test,8,2,0.7714720048492348,29.290045942085868,0.3554783615360806
2021_Ref_Plot4_D6::22,2021_Ref_Plot4_D6,Field2,test,6,3,0.29558302141634957,16.43578201185656,0.10888713653321025
2021_Ref_Plot4_D6::27,2021_Ref_Plot4_D6,Field2,test,5,4,0.3802728142724539,16.385111603682066,0.17137328057358414
2021_Ref_Plot4_D6::35,2021_Ref_Plot4_D6,Field2,test,8,5,0.1782671408111073,14.733210918874795,0.019026214268810116
2021_Ref_Plot4_D6::44,2021_Ref_Plot4_D6,Field2,test,9,6,0.08304191739965906,8.048560761413157,0.03547069287161151
2021_Ref_Plot4_D6::50,2021_Ref_Plot4_D6,Field2,test,6,7,0.12661430747174562,8.716007921663467,0.07998653440294586
2021_Ref_Plot4_D6::57,2021_Ref_Plot4_D6,Field2,test,7,8,0.13966799567831614,9.990914967340949,0.03777610601717363
2021_Ref_Plot4_D6::65,2021_Ref_Plot4_D6,Field2,test,8,9,0.07707653060945674,8.959464170256162,0.034042962148887156
2021_Ref_Plot4_D6::69,2021_Ref_Plot4_D6,Field2,test,4,10,0.15499236137491695,11.863817474359735,0.07382397806466456
2021_Ref_Plot4_D6::71,2021_Ref_Plot4_D6,Field2,test,2,11,0.10209709398309413,8.848958366688475,0.07809991346679698
2021_Ref_Plot4_D6::76,2021_Ref_Plot4_D6,Field2,test,5,12,0.1767927929541999,14.259950009190215,0.05595192628922733
2021_Ref_Plot4_D6::8,2021_Ref_Plot4_D6,Field2,test,7,1,0.7008091008999129,26.82044587511873,0.21988998194684647
2021_Ref_Plot4_D6::80,2021_Ref_Plot4_D6,Field2,test,4,13,0.06705023188521148,7.429894937468966,0.018576050860423906
2021_Ref_Plot4_D6::85,2021_Ref_Plot4_D6,Field2,test,5,14,0.08331151964084112,8.30163444118179,0.03709370685225736
2021_Ref_Plot5_A17::16,2021_Ref_Plot5_A17,Field2,test,8,2,0.773416945898974,29.761404917895913,0.3094939111595618
2021_Ref_Plot5_A17::22,2021_Ref_Plot5_A17,Field2,test,6,3,0.3253386452265015,18.116788965592086,0.10659306964172817
2021_Ref_Plot5_A17::27,2021_Ref_Plot5_A17,Field2,test,5,4,0.32743819434480836,17.411668024912256,0.11336182387843094
2021_Ref_Plot5_A17::35,2021_Ref_Plot5_A17,Field2,test,8,5,0.1032463294630071,11.703466789103285,0.017134584448292065
2021_Ref_Plot5_A17::44,2021_Ref_Plot5_A17,Field2,test,9,6,0.08907157249749646,9.130009412333694,0.028562805868703463
2021_Ref_Plot5_A17::50,2021_Ref_Plot5_A17,Field2,test,6,7,0.1296260569403478,8.09293859578729,0.05777470591096983
2021_Ref_Plot5_A17::69,2021_Ref_Plot5_A17,Field2,test,4,9,0.15294235777621842,11.594033948023876,0.07198481968628868
2021_Ref_Plot5_A17::71,2021_Ref_Plot5_A17,Field2,test,2,10,0.09953783016886429,8.819383499052543,0.1195511669920916
2021_Ref_Plot5_A17::76,2021_Ref_Plot5_A17,Field2,test,5,11,0.12669881888499843,12.726534313731158,0.02552824302370714
2021_Ref_Plot5_A17::8,2021_Ref_Plot5_A17,Field2,test,7,1,0.704745739251932,26.69918206678716,0.18602012640553833
2021_Ref_Plot5_A17::80,2021_Ref_Plot5_A17,Field2,test,4,12,0.12102319137737366,7.929362500486082,0.04643954430866704
2021_Ref_Plot5_A17::85,2021_Ref_Plot5_A17,Field2,test,5,13,0.07841650994391434,7.817158657088823,0.0330108626556704
2021_Ref_Plot5_A19::16,2021_Ref_Plot5_A19,Field2,test,8,2,0.8004907977183139,30.19451151866225,0.31960217021763115
2021_Ref_Plot5_A19::22,2021_Ref_Plot5_A19,Field2,test,6,3,0.3495432106175394,18.624274621875355,0.1076118082277684
2021_Ref_Plot5_A19::27,2021_Ref_Plot5_A19,Field2,test,5,4,0.32258629644420217,17.701767401379872,0.0732905478498238
2021_Ref_Plot5_A19::35,2021_Ref_Plot5_A19,Field2,test,8,5,0.13115295905136148,12.527626612506458,0.03409316718847579
2021_Ref_Plot5_A19::44,2021_Ref_Plot5_A19,Field2,test,9,6,0.11064602808768187,10.01819707263494,0.03539371717483546
2021_Ref_Plot5_A19::50,2021_Ref_Plot5_A19,Field2,test,6,7,0.20047637581232927,8.655201604129575,0.11880745783493159
2021_Ref_Plot5_A19::57,2021_Ref_Plot5_A19,Field2,test,7,8,0.14880913069034982,9.746316779979859,0.05244597542116822
2021_Ref_Plot5_A19::65,2021_Ref_Plot5_A19,Field2,test,8,9,0.11499718841249325,10.767246897534157,0.03936865427783258
2021_Ref_Plot5_A19::69,2021_Ref_Plot5_A19,Field2,test,4,10,0.16656111412011135,11.585270278107952,0.06488093565567588
2021_Ref_Plot5_A19::71,2021_Ref_Plot5_A19,Field2,test,2,11,0.15577120224159322,10.145183347532846,0.1553639647580524
2021_Ref_Plot5_A19::76,2021_Ref_Plot5_A19,Field2,test,5,12,0.14129802421790857,12.727867315209252,0.04699627531851502
2021_Ref_Plot5_A19::8,2021_Ref_Plot5_A19,Field2,test,7,1,0.7109413855294625,26.78618416684481,0.17746676011930568
2021_Ref_Plot5_A19::80,2021_Ref_Plot5_A19,Field2,test,4,13,0.061380113146577486,6.637703001763357,0.032067893274468365
2021_Ref_Plot5_A19::85,2021_Ref_Plot5_A19,Field2,test,5,14,0.06872277559658939,8.584107720344349,0.02855652006916351
2021_Ref_Plot5_B12::16,2021_Ref_Plot5_B12,Field2,test,8,2,0.7941444219706773,29.648144862187422,0.34424226593088375
2021_Ref_Plot5_B12::22,2021_Ref_Plot5_B12,Field2,test,6,3,0.3555501515077069,18.270794409646317,0.13210362605102657
2021_Ref_Plot5_B12::27,2021_Ref_Plot5_B12,Field2,test,5,4,0.3033615585136778,16.407906369766707,0.0768528264968963
2021_Ref_Plot5_B12::35,2021_Ref_Plot5_B12,Field2,test,8,5,0.15434815704966579,12.56464720742255,0.03788767800158146
2021_Ref_Plot5_B12::44,2021_Ref_Plot5_B12,Field2,test,9,6,0.1184058764636654,8.80888270336612,0.03273725544647838
2021_Ref_Plot5_B12::50,2021_Ref_Plot5_B12,Field2,test,6,7,0.11092459326463953,7.897925862856345,0.05565430702338739
2021_Ref_Plot5_B12::57,2021_Ref_Plot5_B12,Field2,test,7,8,0.08214387336016521,9.030092964610342,0.010583930405586582
2021_Ref_Plot5_B12::65,2021_Ref_Plot5_B12,Field2,test,8,9,0.11078996665824052,10.45892087317153,0.04659317537156806
2021_Ref_Plot5_B12::69,2021_Ref_Plot5_B12,Field2,test,4,10,0.17308279157288461,12.062696329041154,0.08971551498569742
2021_Ref_Plot5_B12::71,2021_Ref_Plot5_B12,Field2,test,2,11,0.07192218870306537,8.33417447794904,0.06646865505056222
2021_Ref_Plot5_B12::76,2021_Ref_Plot5_B12,Field2,test,5,12,0.14567366526811934,12.703575197691388,0.05097702130355776
2021_Ref_Plot5_B12::8,2021_Ref_Plot5_B12,Field2,test,7,1,0.7256489430291353,26.43181286212004,0.2526761862668992
2021_Ref_Plot5_B12::80,2021_Ref_Plot5_B12,Field2,test,4,13,0.04143245839661112,6.439172268951495,-0.004197837386661992
2021_Ref_Plot5_B12::85,2021_Ref_Plot5_B12,Field2,test,5,14,0.11401157844505642,8.61008573619513,0.04211715066450442
2021_Ref_Plot5_B14::16,2021_Ref_Plot5_B14,Field2,test,8,2,0.8030149475812195,30.810698568676166,0.35070487507408377
2021_Ref_Plot5_B14::22,2021_Ref_Plot5_B14,Field2,test,6,3,0.29695512382558914,17.375909117245413,0.10508979152157054
2021_Ref_Plot5_B14::27,2021_Ref_Plot5_B14,Field2,test,5,4,0.3365641148878922,17.926422970822138,0.10834403056263307
2021_Ref_Plot5_B14::35,2021_Ref_Plot5_B14,Field2,test,8,5,0.1489443192901151,12.813541140876731,0.03833757048516062
2021_Ref_Plot5_B14::44,2021_Ref_Plot5_B14,Field2,test,9,6,0.11568144682424662,9.910612608579545,0.030896362234302813
2021_Ref_Plot5_B14::50,2021_Ref_Plot5_B14,Field2,test,6,7,0.1306900417362324,8.640249847637643,0.07591805154772997
2021_Ref_Plot5_B14::57,2021_Ref_Plot5_B14,Field2,test,7,8,0.1299702710570092,9.964792801840646,0.04666281582547848
2021_Ref_Plot5_B14::65,2021_Ref_Plot5_B14,Field2,test,8,9,0.12626388886153248,10.861847616194591,0.04038083552901172
2021_Ref_Plot5_B14::69,2021_Ref_Plot5_B14,Field2,test,4,10,0.15388076917896673,11.827203753205275,0.056707643079997705
2021_Ref_Plot5_B14::71,2021_Ref_Plot5_B14,Field2,test,2,11,0.09672334846992736,9.847820504882597,0.10527816572344964
2021_Ref_Plot5_B14::76,2021_Ref_Plot5_B14,Field2,test,5,12,0.11552258705327562,12.51532134313775,0.026724718125508296
2021_Ref_Plot5_B14::8,2021_Ref_Plot5_B14,Field2,test,7,1,0.702354209156268,26.17005590623974,0.2183301391065003
2021_Ref_Plot5_B14::80,2021_Ref_Plot5_B14,Field2,test,4,13,0.08094732427760892,6.6926510526406595,0.029168353824000244
2021_Ref_Plot5_B14::85,2021_Ref_Plot5_B14,Field2,test,5,14,0.07505071029890033,8.338014721886369,0.037064926896021956
2021_Ref_Plot5_C12::16,2021_Ref_Plot5_C12,Field2,test,8,2,0.7903843408990854,29.037537352524595,0.3225558352400895
2021_Ref_Plot5_C12::22,2021_Ref_Plot5_C12,Field2,test,6,3,0.24034770105241884,14.677976190807456,0.07643871442992253
2021_Ref_Plot5_C12::27,2021_Ref_Plot5_C12,Field2,test,5,4,0.25909422076342786,15.526594147609995,0.07152907518909377
2021_Ref_Plot5_C12::35,2021_Ref_Plot5_C12,Field2,test,8,5,0.12092473654079842,11.60990193147704,0.033351463548512615
2021_Ref_Plot5_C12::44,2021_Ref_Plot5_C12,Field2,test,9,6,0.09052381217440437,7.807950187046984,0.022453705687862435
2021_Ref_Plot5_C12::50,2021_Ref_Plot5_C12,Field2,test,6,7,0.1321444739256549,8.143631678158345,0.07447569185919171
2021_Ref_Plot5_C12::57,2021_Ref_Plot5_C12,Field2,test,7,8,0.10374586131478016,8.878767524281118,0.030597115161078922
2021_Ref_Plot5_C12::65,2021_Ref_Plot5_C12,Field2,test,8,9,0.0978168784825124,10.594780690746736,0.029411797713497907
2021_Ref_Plot5_C12::69,2021_Ref_Plot5_C12,Field2,test,4,10,0.17691457180196304,12.652272766145295,0.08533919889894757
2021_Ref_Plot5_C12::71,2021_Ref_Plot5_C12,Field2,test,2,11,0.08676894295342887,8.525445547565418,0.08898991492188581
2021_Ref_Plot5_C12::76,2021_Ref_Plot5_C12,Field2,test,5,12,0.10966348903059848,11.697406053082936,0.014956738530195492
2021_Ref_Plot5_C12::8,2021_Ref_Plot5_C12,Field2,test,7,1,0.7106855016811459,25.452832376837623,0.20246650126062007
2021_Ref_Plot5_C12::80,2021_Ref_Plot5_C12,Field2,test,4,13,0.09521091413276687,7.732167227429702,0.032077721743430904
2021_Ref_Plot5_C12::85,2021_Ref_Plot5_C12,Field2,test,5,14,0.08413233425857192,8.456993239790153,0.029883357762889976
2021_Ref_Plot5_C17::16,2021_Ref_Plot5_C17,Field2,test,8,2,0.7947920442237958,30.00652051474704,0.33939886764680516
2021_Ref_Plot5_C17::22,2021_Ref_Plot5_C17,Field2,test,6,3,0.2664249119366051,15.436670950412614,0.0764388757146408
2021_Ref_Plot5_C17::27,2021_Ref_Plot5_C17,Field2,test,5,4,0.29640439675534874,16.12172282638111,0.09765039323652787
2021_Ref_Plot5_C17::35,2021_Ref_Plot5_C17,Field2,test,8,5,0.1202524307803024,11.985185425380028,0.02303914830356268
2021_Ref_Plot5_C17::44,2021_Ref_Plot5_C17,Field2,test,9,6,0.11027236120365452,9.108573868297112,0.046129315813062795
2021_Ref_Plot5_C17::50,2021_Ref_Plot5_C17,Field2,test,6,7,0.14593511282066138,8.839627353409771,0.08263825982765842
2021_Ref_Plot5_C17::57,2021_Ref_Plot5_C17,Field2,test,7,8,0.15750160622544526,11.040320718386178,0.051857175889640006
2021_Ref_Plot5_C17::65,2021_Ref_Plot5_C17,Field2,test,8,9,0.10272418142160399,10.42748393144143,0.03620579397451574
2021_Ref_Plot5_C17::69,2021_Ref_Plot5_C17,Field2,test,4,10,0.15093746337023542,11.62739331891359,0.058182334306668686
2021_Ref_Plot5_C17::71,2021_Ref_Plot5_C17,Field2,test,2,11,0.058024173027443705,7.463443289197542,0.03367913645482753
2021_Ref_Plot5_C17::76,2021_Ref_Plot5_C17,Field2,test,5,12,0.12064202734794398,12.587529904219782,0.04149273603226358
2021_Ref_Plot5_C17::8,2021_Ref_Plot5_C17,Field2,test,7,1,0.7258364592679664,27.089789878041138,0.23014734894013694
2021_Ref_Plot5_C17::80,2021_Ref_Plot5_C17,Field2,test,4,13,0.07678059935462866,7.68918412472229,0.029048311950759763
2021_Ref_Plot5_C17::85,2021_Ref_Plot5_C17,Field2,test,5,14,0.06976158909358317,8.677126153511317,0.035315215471681885
2021_Ref_Plot5_C18::16,2021_Ref_Plot5_C18,Field2,test,8,2,0.7950128802146658,30.07683850307252,0.3264763894183916
2021_Ref_Plot5_C18::22,2021_Ref_Plot5_C18,Field2,test,6,3,0.26393078926063385,15.080823593129134,0.08049514922849017
2021_Ref_Plot5_C18::27,2021_Ref_Plot5_C18,Field2,test,5,4,0.2927120426430175,16.144276260983673,0.09043786075435764
2021_Ref_Plot5_C18::35,2021_Ref_Plot5_C18,Field2,test,8,5,0.13354795593753122,12.842182972871912,0.036003924583272284
2021_Ref_Plot5_C18::44,2021_Ref_Plot5_C18,Field2,test,9,6,0.11579156048707101,9.036696171321363,0.04482012898562096
2021_Ref_Plot5_C18::50,2021_Ref_Plot5_C18,Field2,test,6,7,0.16842900312499154,9.46555720379138,0.10968056998531006
2021_Ref_Plot5_C18::57,2021_Ref_Plot5_C18,Field2,test,7,8,0.16503768866810653,11.098943644035913,0.06624211461694839
2021_Ref_Plot5_C18::65,2021_Ref_Plot5_C18,Field2,test,8,9,0.09772058223440576,10.539711075640597,0.027547500447984135
2021_Ref_Plot5_C18::69,2021_Ref_Plot5_C18,Field2,test,4,10,0.1529665173442166,11.90756940288865,0.07743402369932015
2021_Ref_Plot5_C18::71,2021_Ref_Plot5_C18,Field2,test,2,11,0.0907281363765655,8.158975218320846,0.09256044072823878
2021_Ref_Plot5_C18::76,2021_Ref_Plot5_C18,Field2,test,5,12,0.14273701620565774,13.41940735557255,0.06244634418373322
2021_Ref_Plot5_C18::8,2021_Ref_Plot5_C18,Field2,test,7,1,0.7249693450349888,27.085666215793523,0.22084639664291267
2021_Ref_Plot5_C18::80,2021_Ref_Plot5_C18,Field2,test,4,13,0.10125022630947707,7.543046254306751,0.053933397526061334
2021_Ref_Plot5_C18::85,2021_Ref_Plot5_C18,Field2,test,5,14,0.10518855916554475,9.050434160048939,0.05113883149235208
2021_Ref_Plot5_D10::16,2021_Ref_Plot5_D10,Field2,test,8,2,0.8083008251417428,30.07897242472993,0.3604498747574738
2021_Ref_Plot5_D10::22,2021_Ref_Plot5_D10,Field2,test,6,3,0.2841319182528157,14.664268820820865,0.09429070086125826
2021_Ref_Plot5_D10::27,2021_Ref_Plot5_D10,Field2,test,5,4,0.25037768154377765,15.304078371664215,0.08214957148013978
2021_Ref_Plot5_D10::35,2021_Ref_Plot5_D10,Field2,test,8,5,0.11462280806872245,11.41776104463366,0.032230171345782925
2021_Ref_Plot5_D10::44,2021_Ref_Plot5_D10,Field2,test,9,6,0.08740892080640399,8.112255631062231,0.03034821458046024
2021_Ref_Plot5_D10::50,2021_Ref_Plot5_D10,Field2,test,6,7,0.11204402189252127,8.070813430532674,0.057614108098593415
2021_Ref_Plot5_D10::57,2021_Ref_Plot5_D10,Field2,test,7,8,0.08860959889463454,9.686297838642455,0.02703387173147741
2021_Ref_Plot5_D10::65,2021_Ref_Plot5_D10,Field2,test,8,9,0.11349743161471831,10.26540194330874,0.04659614542410473
2021_Ref_Plot5_D10::69,2021_Ref_Plot5_D10,Field2,test,4,10,0.1607092221194054,11.791691417990469,0.07864433821798776
2021_Ref_Plot5_D10::71,2021_Ref_Plot5_D10,Field2,test,2,11,0.08753627710056157,8.434813866925557,0.05330981440930285
2021_Ref_Plot5_D10::76,2021_Ref_Plot5_D10,Field2,test,5,12,0.10754586482486443,11.17508612330405,0.02283267854369207
2021_Ref_Plot5_D10::8,2021_Ref_Plot5_D10,Field2,test,7,1,0.7480737612376988,26.67813053222835,0.2141186971772694
2021_Ref_Plot5_D10::80,2021_Ref_Plot5_D10,Field2,test,4,13,0.08719861431778352,7.944311885074747,0.036964245254998765
2021_Ref_Plot5_D10::85,2021_Ref_Plot5_D10,Field2,test,5,14,0.09013593841108614,8.423523774945917,0.04464150163633015
2021_Ref_Plot5_D11::16,2021_Ref_Plot5_D11,Field2,test,8,2,0.8062240322649852,30.349379831343537,0.3679853916773376
2021_Ref_Plot5_D11::22,2021_Ref_Plot5_D11,Field2,test,6,3,0.2580493822011744,14.876517629449125,0.07860123629743537
2021_Ref_Plot5_D11::27,2021_Ref_Plot5_D11,Field2,test,5,4,0.2198114821247823,14.957360421535563,0.062091659912825885
2021_Ref_Plot5_D11::35,2021_Ref_Plot5_D11,Field2,test,8,5,0.11151425392402674,11.15509415016193,0.02692453277042591
2021_Ref_Plot5_D11::44,2021_Ref_Plot5_D11,Field2,test,9,6,0.10223700228191945,8.13019207026368,0.044330522919214264
2021_Ref_Plot5_D11::50,2021_Ref_Plot5_D11,Field2,test,6,7,0.09999237729553984,8.28953767135999,0.040992774870345
2021_Ref_Plot5_D11::57,2021_Ref_Plot5_D11,Field2,test,7,8,0.0996207268831258,10.779082703672858,0.03551532045729316
2021_Ref_Plot5_D11::65,2021_Ref_Plot5_D11,Field2,test,8,9,0.08554388317731983,9.831707890542233,0.03020200406437447
2021_Ref_Plot5_D11::69,2021_Ref_Plot5_D11,Field2,test,4,10,0.16370124469546157,11.448218715475173,0.08235524302549767
2021_Ref_Plot5_D11::71,2021_Ref_Plot5_D11,Field2,test,2,11,0.10558083927719052,8.535527893872217,0.07922672460677345
2021_Ref_Plot5_D11::76,2021_Ref_Plot5_D11,Field2,test,5,12,0.1386302472978472,12.150131408995623,0.0429654627425907
2021_Ref_Plot5_D11::8,2021_Ref_Plot5_D11,Field2,test,7,1,0.7492432313809806,26.806899435080393,0.24068773245398806
2021_Ref_Plot5_D11::80,2021_Ref_Plot5_D11,Field2,test,4,13,0.06718788493998036,8.770655250967243,0.04674422112735143
2021_Ref_Plot5_D11::85,2021_Ref_Plot5_D11,Field2,test,5,14,0.06913959730657646,8.020751623582862,0.014873565098689121
2021_Ref_Plot5_D9::16,2021_Ref_Plot5_D9,Field2,test,8,2,0.8140620842222158,31.376628314222437,0.3836919754123654
2021_Ref_Plot5_D9::22,2021_Ref_Plot5_D9,Field2,test,6,3,0.2536031547558741,14.26376129812488,0.08145357504709529
2021_Ref_Plot5_D9::27,2021_Ref_Plot5_D9,Field2,test,5,4,0.1659580303335497,13.521429723147662,0.04172417482389255
2021_Ref_Plot5_D9::35,2021_Ref_Plot5_D9,Field2,test,8,5,0.12280010468426404,10.577131125493537,0.0365828845818142
2021_Ref_Plot5_D9::44,2021_Ref_Plot5_D9,Field2,test,9,6,0.09805444342304089,8.326438657599214,0.039492333188508796
2021_Ref_Plot5_D9::50,2021_Ref_Plot5_D9,Field2,test,6,7,0.1265746330164703,8.566542386934096,0.06746263357961212
2021_Ref_Plot5_D9::57,2021_Ref_Plot5_D9,Field2,test,7,8,0.09985911380313217,9.863277534655534,0.03252597021191951
2021_Ref_Plot5_D9::65,2021_Ref_Plot5_D9,Field2,test,8,9,0.10199328212507201,10.250118994475521,0.03349979601156397
2021_Ref_Plot5_D9::69,2021_Ref_Plot5_D9,Field2,test,4,10,0.12343884819770683,11.111569138109111,0.05423147864027706
2021_Ref_Plot5_D9::71,2021_Ref_Plot5_D9,Field2,test,2,11,0.0954464607648959,8.733403507481162,0.0727945649494236
2021_Ref_Plot5_D9::76,2021_Ref_Plot5_D9,Field2,test,5,12,0.10754180902394585,11.421660929014543,0.022065029176461515
2021_Ref_Plot5_D9::8,2021_Ref_Plot5_D9,Field2,test,7,1,0.7528341754651011,27.090201833912076,0.22595700666897411
2021_Ref_Plot5_D9::80,2021_Ref_Plot5_D9,Field2,test,4,13,0.0847015211963601,7.811526021781548,0.0374448471677841
2021_Ref_Plot5_D9::85,2021_Ref_Plot5_D9,Field2,test,5,14,0.06398504792498744,6.77357270668654,0.019618210150807513
2021_Ref_Plot5_E11::16,2021_Ref_Plot5_E11,Field2,test,8,2,0.7486654281786546,27.91745191337123,0.29264688514375903
2021_Ref_Plot5_E11::22,2021_Ref_Plot5_E11,Field2,test,6,3,0.27135606860981637,15.980913103321965,0.1002613973746354
2021_Ref_Plot5_E11::27,2021_Ref_Plot5_E11,Field2,test,5,4,0.19145486072693588,14.39229290060981,0.04732995838122421
2021_Ref_Plot5_E11::35,2021_Ref_Plot5_E11,Field2,test,8,5,0.11022150234783949,11.47780398288968,0.02914906807214242
2021_Ref_Plot5_E11::44,2021_Ref_Plot5_E11,Field2,test,9,6,0.06898110565675246,7.8985789312945,0.020255157989839026
2021_Ref_Plot5_E11::50,2021_Ref_Plot5_E11,Field2,test,6,7,0.09069957058539435,8.465928927388862,0.03860015673465688
2021_Ref_Plot5_E11::57,2021_Ref_Plot5_E11,Field2,test,7,8,0.11288386889952047,10.383853238450229,0.03820326952762554
2021_Ref_Plot5_E11::65,2021_Ref_Plot5_E11,Field2,test,8,9,0.09460149065160295,9.099671588555932,0.04295920285833566
2021_Ref_Plot5_E11::69,2021_Ref_Plot5_E11,Field2,test,4,10,0.1525260080910449,11.401802876197662,0.0892505098324019
2021_Ref_Plot5_E11::71,2021_Ref_Plot5_E11,Field2,test,2,11,0.12322166985336958,9.862455701575655,0.09201243165080719
2021_Ref_Plot5_E11::76,2021_Ref_Plot5_E11,Field2,test,5,12,0.08402038945782951,9.820062456586852,0.014821612002276495
2021_Ref_Plot5_E11::8,2021_Ref_Plot5_E11,Field2,test,7,1,0.7044889447331438,25.64040951502323,0.16722036702372714
2021_Ref_Plot5_E11::80,2021_Ref_Plot5_E11,Field2,test,4,13,0.07635556813194062,8.94998204416516,0.036169171403850106
2021_Ref_Plot5_E11::85,2021_Ref_Plot5_E11,Field2,test,5,14,0.077469622747892,8.525982970997859,0.04422452279719384
2021_Ref_Plot5_E3::16,2021_Ref_Plot5_E3,Field2,test,8,2,0.780332553506601,30.042400534869998,0.3070316922740084
2021_Ref_Plot5_E3::22,2021_Ref_Plot5_E3,Field2,test,6,3,0.3306422499784804,17.33596106675108,0.10720969387421657
2021_Ref_Plot5_E3::27,2021_Ref_Plot5_E3,Field2,test,5,4,0.2718744148136391,15.534972412615273,0.11179403778866905
2021_Ref_Plot5_E3::35,2021_Ref_Plot5_E3,Field2,test,8,5,0.11865502181935378,11.16462153933291,0.03652940036170418
2021_Ref_Plot5_E3::44,2021_Ref_Plot5_E3,Field2,test,9,6,0.10465032183663925,9.121143756876899,0.04615139124971863
2021_Ref_Plot5_E3::50,2021_Ref_Plot5_E3,Field2,test,6,7,0.14485280340949272,9.24379443133512,0.08612194628055449
2021_Ref_Plot5_E3::57,2021_Ref_Plot5_E3,Field2,test,7,8,0.09240898881130166,9.997359757772472,0.011540495718845066
2021_Ref_Plot5_E3::65,2021_Ref_Plot5_E3,Field2,test,8,9,0.08071103114677063,9.30182606269412,0.026008565620138185
2021_Ref_Plot5_E3::69,2021_Ref_Plot5_E3,Field2,test,4,10,0.1288794031116004,11.905078443259757,0.042397321443522804
2021_Ref_Plot5_E3::71,2021_Ref_Plot5_E3,Field2,test,2,11,0.08933480328031489,8.470806539321762,0.06473079444074246
2021_Ref_Plot5_E3::76,2021_Ref_Plot5_E3,Field2,test,5,12,0.09711652879780149,10.40573287863716,0.008257453780611478
2021_Ref_Plot5_E3::8,2021_Ref_Plot5_E3,Field2,test,7,1,0.6991151546715911,26.088982149195875,0.19523528883419175
2021_Ref_Plot5_E3::80,2021_Ref_Plot5_E3,Field2,test,4,13,0.053792403333061456,6.875610432380675,0.003538010665468861
2021_Ref_Plot5_E3::85,2021_Ref_Plot5_E3,Field2,test,5,14,0.04742423946524837,7.943684393600519,0.01621207999879319
2021_Ref_Plot5_E7::16,2021_Ref_Plot5_E7,Field2,test,8,2,0.7785871729744098,29.909801916297422,0.2994432612021098
2021_Ref_Plot5_E7::22,2021_Ref_Plot5_E7,Field2,test,6,3,0.29032212143046293,15.029236404021134,0.0776915920611444
2021_Ref_Plot5_E7::27,2021_Ref_Plot5_E7,Field2,test,5,4,0.2647705892093671,15.750841327588176,0.07637079708838751
2021_Ref_Plot5_E7::35,2021_Ref_Plot5_E7,Field2,test,8,5,0.13470240602123448,11.704155308005792,0.025148698969804366
2021_Ref_Plot5_E7::44,2021_Ref_Plot5_E7,Field2,test,9,6,0.09455292128114878,8.483589407386564,0.037813867637121856
2021_Ref_Plot5_E7::50,2021_Ref_Plot5_E7,Field2,test,6,7,0.15956813859306537,9.385934741471132,0.09988232648595935
2021_Ref_Plot5_E7::57,2021_Ref_Plot5_E7,Field2,test,7,8,0.10289764671480117,10.527821160312559,0.03812453643076622
2021_Ref_Plot5_E7::65,2021_Ref_Plot5_E7,Field2,test,8,9,0.11648862097453304,9.979280139732156,0.0494023912784688
2021_Ref_Plot5_E7::69,2021_Ref_Plot5_E7,Field2,test,4,10,0.1532693301480977,12.145385340767277,0.06426364160782617
2021_Ref_Plot5_E7::71,2021_Ref_Plot5_E7,Field2,test,2,11,0.11353781818136155,9.172709085741742,0.09247931493075735
2021_Ref_Plot5_E7::76,2021_Ref_Plot5_E7,Field2,test,5,12,0.10148130288678985,11.278103896823811,0.016936965345066696
2021_Ref_Plot5_E7::8,2021_Ref_Plot5_E7,Field2,test,7,1,0.7187220156587973,26.560087301129414,0.19518490867127872
2021_Ref_Plot5_E7::80,2021_Ref_Plot5_E7,Field2,test,4,13,0.08447298608904741,9.113687001968207,0.04183175661087663
2021_Ref_Plot5_E7::85,2021_Ref_Plot5_E7,Field2,test,5,14,0.08294075518024067,9.602096026795303,0.03557676474511443
