pair_id,plant_id,field,split,gap_days,n_input_frames,ssim,psnr,structure_ssim,n_train_images,thin_group
2020_Ref_Plot1_A10::22,2020_Ref_Plot1_A10,Field1,test,7,1,0.28542455533791605,19.11409900404304,0.03574464042518881,174,False
2020_Ref_Plot1_A10::28,2020_Ref_Plot1_A10,Field1,test,6,2,0.6482985014457544,26.830188677029895,0.16330778917924707,174,False
2020_Ref_Plot1_A10::36,2020_Ref_Plot1_A10,Field1,test,8,3,0.1477630942446111,14.474409131826336,0.025427572528932012,174,False
2020_Ref_Plot1_A10::42,2020_Ref_Plot1_A10,Field1,test,6,4,0.2579362013860211,16.818662474141593,0.034852172557497244,174,False
2020_Ref_Plot1_A10::51,2020_Ref_Plot1_A10,Field1,test,9,5,0.13330992538275901,12.460343823145772,0.024102923193818036,174,False
2020_Ref_Plot1_A10::83,2020_Ref_Plot1_A10,Field1,test,32,6,0.17367224010269555,15.022049450862152,0.022833624604068067,140,False
2020_Ref_Plot1_A93::22,2020_Ref_Plot1_A93,Field1,test,7,1,0.27598431190958705,19.330785696509448,0.031972840869402656,174,False
2020_Ref_Plot1_A93::28,2020_Ref_Plot1_A93,Field1,test,6,2,0.6688360874821905,26.983336823040275,0.17332505993918643,174,False
2020_Ref_Plot1_A93::36,2020_Ref_Plot1_A93,Field1,test,8,3,0.1583573555416771,14.569357998081871,0.021391262245214464,174,False
2020_Ref_Plot1_A93::42,2020_Ref_Plot1_A93,Field1,test,6,4,0.25958309124006157,16.62086045515239,0.03433681365456004,174,False
2020_Ref_Plot1_A93::51,2020_Ref_Plot1_A93,Field1,test,9,5,0.13437739117314706,12.016246968687415,0.02709299990811675,174,False
2020_Ref_Plot1_A94::22,2020_Ref_Plot1_A94,Field1,test,7,1,0.3094394745415614,19.916753704156505,0.04016338782519449,174,False
2020_Ref_Plot1_A94::28,2020_Ref_Plot1_A94,Field1,test,6,2,0.6784678836426496,27.51609255787821,0.18937576398216954,174,False
2020_Ref_Plot1_A94::36,2020_Ref_Plot1_A94,Field1,test,8,3,0.1827568392423711,15.960229815040062,0.04135815601141957,174,False
2020_Ref_Plot1_A94::42,2020_Ref_Plot1_A94,Field1,test,6,4,0.2376599575020731,16.675193598557208,0.031036781543176406,174,False
2020_Ref_Plot1_A94::51,2020_Ref_Plot1_A94,Field1,test,9,5,0.1400656348935169,11.938931276935495,0.01577461794976953,174,False
2020_Ref_Plot1_B1::22,2020_Ref_Plot1_B1,Field1,test,7,1,0.22713051705384615,18.16800102998381,0.02431220550948773,174,False
2020_Ref_Plot1_B1::28,2020_Ref_Plot1_B1,Field1,test,6,2,0.6559158553035084,27.349257891015345,0.14543223522984183,174,False
2020_Ref_Plot1_B1::36,2020_Ref_Plot1_B1,Field1,test,8,3,0.1469875833966433,14.15582541140514,0.02295864622371665,174,False
2020_Ref_Plot1_B1::42,2020_Ref_Plot1_B1,Field1,test,6,4,0.2589071961452317,17.473767373815992,0.03531474703235117,174,False
2020_Ref_Plot1_B1::51,2020_Ref_Plot1_B1,Field1,test,9,5,0.12631479690331363,11.749874667897549,0.02526525873864299,174,False
2020_Ref_Plot1_B1::83,2020_Ref_Plot1_B1,Field1,test,32,6,0.2846897157216416,16.138197996537055,0.03475873259283429,140,False
2020_Ref_Plot1_B10::22,2020_Ref_Plot1_B10,Field1,test,7,1,0.2625941301306591,18.420627842614174,0.027575800586940404,174,False
2020_Ref_Plot1_B10::28,2020_Ref_Plot1_B10,Field1,test,6,2,0.6191373727835117,26.741447779485693,0.13480495010018353,174,False
2020_Ref_Plot1_B10::36,2020_Ref_Plot1_B10,Field1,test,8,3,0.13216525948719512,13.704555264212615,0.021820341523791618,174,False
2020_Ref_Plot1_B10::42,2020_Ref_Plot1_B10,Field1,test,6,4,0.2347605810617214,16.838245612040883,0.030904949213325247,174,False
2020_Ref_Plot1_B10::51,2020_Ref_Plot1_B10,Field1,test,9,5,0.13734582412040028,12.490754219007147,0.020748640899743032,174,False
2020_Ref_Plot1_B10::83,2020_Ref_Plot1_B10,Field1,test,32,6,0.2501209124599453,16.811140555306515,0.028850721971708453,140,False
2020_Ref_Plot1_B7::22,2020_Ref_Plot1_B7,Field1,test,7,1,0.28272069815242973,19.201124588897823,0.035980604535033545,174,False
2020_Ref_Plot1_B7::28,2020_Ref_Plot1_B7,Field1,test,6,2,0.6284133143714135,26.909024612829946,0.12869167718324584,174,False
2020_Ref_Plot1_B7::36,2020_Ref_Plot1_B7,Field1,test,8,3,0.1400337445385712,13.442713498626569,0.029405429118969054,174,False
2020_Ref_Plot1_B7::42,2020_Ref_Plot1_B7,Field1,test,6,4,0.2460158830473691,16.918134154825168,0.03578873325522603,174,False
2020_Ref_Plot1_B7::51,2020_Ref_Plot1_B7,Field1,test,9,5,0.12393922049364736,11.950876076489967,0.022676474555196252,174,False
2020_Ref_Plot1_B7::83,2020_Ref_Plot1_B7,Field1,test,32,6,0.24770126831800102,16.675678330585786,0.030056322224511524,140,False
2020_Ref_Plot1_B94::22,2020_Ref_Plot1_B94,Field1,test,7,1,0.2523113666416374,17.816615137139614,0.029233057917839315,174,False
2020_Ref_Plot1_B94::28,2020_Ref_Plot1_B94,Field1,test,6,2,0.6778113702858269,27.73085709970975,0.1826978873894117,174,False
2020_Ref_Plot1_B94::36,2020_Ref_Plot1_B94,Field1,test,8,3,0.16101264474730204,15.25114555072724,0.019378807131018628,174,False
2020_Ref_Plot1_B94::42,2020_Ref_Plot1_B94,Field1,test,6,4,0.2167711789766186,15.90440051780286,0.031658478185296254,174,False
2020_Ref_Plot1_B94::51,2020_Ref_Plot1_B94,Field1,test,9,5,0.12636032721838766,11.50024861850984,0.019817055183196906,174,False
2020_Ref_Plot1_C1::22,2020_Ref_Plot1_C1,Field1,test,7,1,0.23940368003080126,18.195163807169596,0.03149954337328344,174,False
2020_Ref_Plot1_C1::28,2020_Ref_Plot1_C1,Field1,test,6,2,0.6845700344888647,27.602609288161823,0.15812317894325087,174,False
2020_Ref_Plot1_C1::36,2020_Ref_Plot1_C1,Field1,test,8,3,0.17683606000390406,14.598645722356947,0.03057123830168959,174,False
2020_Ref_Plot1_C1::42,2020_Ref_Plot1_C1,Field1,test,6,4,0.23947845504585394,17.02299997891753,0.022109652553189266,174,False
2020_Ref_Plot1_C1::51,2020_Ref_Plot1_C1,Field1,test,9,5,0.12666332750870793,12.153383312920132,0.019821445991967113,174,False
2020_Ref_Plot1_C1::83,2020_Ref_Plot1_C1,Field1,test,32,6,0.29503423057736483,16.664656380585992,0.023303183985491704,140,False
2020_Ref_Plot1_C92::22,2020_Ref_Plot1_C92,Field1,test,7,1,0.22895372037814712,17.85762509004931,0.02937995527736251,174,False
2020_Ref_Plot1_C92::28,2020_Ref_Plot1_C92,Field1,test,6,2,0.6793659219153679,27.831593802909467,0.19465184249072348,174,False
2020_Ref_Plot1_C92::36,2020_Ref_Plot1_C92,Field1,test,8,3,0.1560225790524906,15.563577457183445,0.032581778132137106,174,False
2020_Ref_Plot1_C92::42,2020_Ref_Plot1_C92,Field1,test,6,4,0.22005577879985194,16.658143126385184,0.025060181957178147,174,False
2020_Ref_Plot1_C92::51,2020_Ref_Plot1_C92,Field1,test,9,5,0.13712733545362535,12.167387341858642,0.013380245565248632,174,False
2020_Ref_Plot1_C98::22,2020_Ref_Plot1_C98,Field1,test,7,1,0.2497827128925796,18.709470552571926,0.04118791527042248,174,False
2020_Ref_Plot1_C98::28,2020_Ref_Plot1_C98,Field1,test,6,2,0.6838525539723901,27.985630094838278,0.15672493009541416,174,False
2020_Ref_Plot1_C98::36,2020_Ref_Plot1_C98,Field1,test,8,3,0.17237188922663757,15.636734839430897,0.03851888193590971,174,False
2020_Ref_Plot1_C98::42,2020_Ref_Plot1_C98,Field1,test,6,4,0.23686840982535895,17.44383642475762,0.037389648471004774,174,False
2020_Ref_Plot1_C98::51,2020_Ref_Plot1_C98,Field1,test,9,5,0.11856625894588961,12.26499051266848,0.02235072979470728,174,False
2020_Ref_Plot2_A2::22,2020_Ref_Plot2_A2,Field1,test,7,1,0.2392525033544027,19.105948333916874,0.029353275035934587,174,False
2020_Ref_Plot2_A2::28,2020_Ref_Plot2_A2,Field1,test,6,2,0.662209972701568,27.23767144580014,0.1473742809990236,174,False
2020_Ref_Plot2_A2::36,2020_Ref_Plot2_A2,Field1,test,8,3,0.15478705268158785,14.382282342975724,0.035448596998929736,174,False
2020_Ref_Plot2_A2::42,2020_Ref_Plot2_A2,Field1,test,6,4,0.26772526005219066,17.452962486765763,0.044121613522092464,174,False
2020_Ref_Plot2_A2::51,2020_Ref_Plot2_A2,Field1,test,9,5,0.11827517720721653,12.030466303991112,0.015681598090759113,174,False
2020_Ref_Plot2_A2::83,2020_Ref_Plot2_A2,Field1,test,32,6,0.21218240117764509,15.43802430255732,0.024857989471483665,140,False
2020_Ref_Plot2_A4::22,2020_Ref_Plot2_A4,Field1,test,7,1,0.22879619539880458,19.243463581036472,0.03196532386571232,174,False
2020_Ref_Plot2_A4::28,2020_Ref_Plot2_A4,Field1,test,6,2,0.6713462481416208,27.54349135514728,0.1819339260713124,174,False
2020_Ref_Plot2_A4::36,2020_Ref_Plot2_A4,Field1,test,8,3,0.15967598366562144,14.836392019687583,0.03979427589847641,174,False
2020_Ref_Plot2_A4::42,2020_Ref_Plot2_A4,Field1,test,6,4,0.2161620482486525,15.756711380979805,0.025525511650859388,174,False
2020_Ref_Plot2_A4::51,2020_Ref_Plot2_A4,Field1,test,9,5,0.12616401938437619,11.985898711282168,0.020993446043518115,174,False
2020_Ref_Plot2_A4::83,2020_Ref_Plot2_A4,Field1,test,32,6,0.15901793713499654,13.160358619053543,0.01493812721361196,140,False
2020_Ref_Plot2_A91::22,2020_Ref_Plot2_A91,Field1,test,7,1,0.23694537255973688,18.982038836266284,0.03175077252986401,174,False
2020_Ref_Plot2_A91::28,2020_Ref_Plot2_A91,Field1,test,6,2,0.6664950960538196,27.6221831735566,0.1485950967492449,174,False
2020_Ref_Plot2_A91::36,2020_Ref_Plot2_A91,Field1,test,8,3,0.16837605953323134,15.607023911507206,0.03425561969878858,174,False
2020_Ref_Plot2_A91::42,2020_Ref_Plot2_A91,Field1,test,6,4,0.28330267981185747,18.505983046004765,0.036625955001121244,174,False
2020_Ref_Plot2_A91::51,2020_Ref_Plot2_A91,Field1,test,9,5,0.1221267168116442,11.89821760956578,0.02289729151949253,174,False
2020_Ref_Plot2_A91::83,2020_Ref_Plot2_A91,Field1,test,32,6,0.26134871513629987,16.72801449078412,0.03017020256893401,140,False
2020_Ref_Plot2_B1::22,2020_Ref_Plot2_B1,Field1,test,7,1,0.22010550251891134,19.17416790133113,0.03085752310202951,174,False
2020_Ref_Plot2_B1::28,2020_Ref_Plot2_B1,Field1,test,6,2,0.6794363068070811,27.44705364770052,0.15364734715168482,174,False
2020_Ref_Plot2_B1::36,2020_Ref_Plot2_B1,Field1,test,8,3,0.1573259827401895,14.829789804258873,0.03441521201219462,174,False
2020_Ref_Plot2_B1::42,2020_Ref_Plot2_B1,Field1,test,6,4,0.2947801487924358,17.857208368468882,0.03870402660188795,174,False
2020_Ref_Plot2_B1::51,2020_Ref_Plot2_B1,Field1,test,9,5,0.11486497275057984,12.064875405317308,0.018041947741322506,174,False
2020_Ref_Plot2_B1::83,2020_Ref_Plot2_B1,Field1,test,32,6,0.20279422343886164,15.416592309163079,0.02152700989685554,140,False
2020_Ref_Plot2_B7::22,2020_Ref_Plot2_B7,Field1,test,7,1,0.26026389691815327,19.450106558399227,0.03389796665527482,174,False
2020_Ref_Plot2_B7::28,2020_Ref_Plot2_B7,Field1,test,6,2,0.6532613691104889,27.642951107500874,0.14610829666338132,174,False
2020_Ref_Plot2_B7::36,2020_Ref_Plot2_B7,Field1,test,8,3,0.15004529890020182,14.696060609483377,0.02740963575165993,174,False
2020_Ref_Plot2_B7::42,2020_Ref_Plot2_B7,Field1,test,6,4,0.24649969217860504,16.822986418171265,0.04135479149419457,174,False
2020_Ref_Plot2_B7::51,2020_Ref_Plot2_B7,Field1,test,9,5,0.12072620249042276,11.234775489572774,0.022282602146884194,174,False
2020_Ref_Plot2_B7::83,2020_Ref_Plot2_B7,Field1,test,32,6,0.1514936919849223,13.949454916398611,0.020882840296345673,140,False
2020_Ref_Plot2_B91::22,2020_Ref_Plot2_B91,Field1,test,7,1,0.20907640266511093,18.479236809126395,0.032247542594477444,174,False
2020_Ref_Plot2_B91::28,2020_Ref_Plot2_B91,Field1,test,6,2,0.6723713697146273,27.840241866306286,0.15494216755321646,174,False
2020_Ref_Plot2_B91::36,2020_Ref_Plot2_B91,Field1,test,8,3,0.15721440881973614,15.41721590091305,0.029081489469518287,174,False
2020_Ref_Plot2_B91::42,2020_Ref_Plot2_B91,Field1,test,6,4,0.24451237974439788,17.357262103559655,0.023865393440903743,174,False
2020_Ref_Plot2_B91::51,2020_Ref_Plot2_B91,Field1,test,9,5,0.10432160380229766,11.743903910290122,0.010797840362663865,174,False
2020_Ref_Plot2_B99::22,2020_Ref_Plot2_B99,Field1,test,7,1,0.24435212021987487,18.455696263353794,0.0232407832787976,174,False
2020_Ref_Plot2_B99::28,2020_Ref_Plot2_B99,Field1,test,6,2,0.6686318574072642,27.15003231343331,0.14809790207807533,174,False
2020_Ref_Plot2_B99::36,2020_Ref_Plot2_B99,Field1,test,8,3,0.13372169040368878,13.70069125760738,0.023116202776383033,174,False
2020_Ref_Plot2_B99::42,2020_Ref_Plot2_B99,Field1,test,6,4,0.24951741571198716,17.520574983175937,0.03126076715357532,174,False
2020_Ref_Plot2_B99::51,2020_Ref_Plot2_B99,Field1,test,9,5,0.10879567372506505,11.706989262016283,0.010347482775846238,174,False
2020_Ref_Plot2_B99::83,2020_Ref_Plot2_B99,Field1,test,32,6,0.2134954075366177,15.79525711533379,0.023193034216373944,140,False
2020_Ref_Plot2_C2::22,2020_Ref_Plot2_C2,Field1,test,7,1,0.22634819474315038,18.94449819196494,0.029194198538680476,174,False
2020_Ref_Plot2_C2::28,2020_Ref_Plot2_C2,Field1,test,6,2,0.6812044313764384,27.459277913438257,0.16508617877549278,174,False
2020_Ref_Plot2_C2::36,2020_Ref_Plot2_C2,Field1,test,8,3,0.17736361471450324,15.042340732803307,0.03835604469086021,174,False
2020_Ref_Plot2_C2::42,2020_Ref_Plot2_C2,Field1,test,6,4,0.27599962316634247,17.10388269110108,0.03644584307361878,174,False
2020_Ref_Plot2_C2::51,2020_Ref_Plot2_C2,Field1,test,9,5,0.12780853888121776,12.436799448302065,0.019895134758008446,174,False
2020_Ref_Plot2_C2::83,2020_Ref_Plot2_C2,Field1,test,32,6,0.20162343677130537,15.31198378670745,0.017131280772589744,140,False
2020_Ref_Plot2_C5::22,2020_Ref_Plot2_C5,Field1,test,7,1,0.23960149895077829,19.676632436933858,0.03338517121372315,174,False
2020_Ref_Plot2_C5::28,2020_Ref_Plot2_C5,Field1,test,6,2,0.6784856051547742,27.85124061891213,0.1669661762813593,174,False
2020_Ref_Plot2_C5::36,2020_Ref_Plot2_C5,Field1,test,8,3,0.18409762083536477,15.34335296955188,0.03391051626646286,174,False
2020_Ref_Plot2_C5::42,2020_Ref_Plot2_C5,Field1,test,6,4,0.2511421194047658,16.229094745026124,0.03625272888644496,174,False
2020_Ref_Plot2_C5::51,2020_Ref_Plot2_C5,Field1,test,9,5,0.1262900764790911,11.895628685625084,0.013859881564531652,174,False
2020_Ref_Plot2_C5::83,2020_Ref_Plot2_C5,Field1,test,32,6,0.16717968407283715,13.88272729066135,0.020530378199837513,140,False
2020_Ref_Plot2_C6::22,2020_Ref_Plot2_C6,Field1,test,7,1,0.22912653854596335,18.991941637758373,0.02623915594837093,174,False
2020_Ref_Plot2_C6::28,2020_Ref_Plot2_C6,Field1,test,6,2,0.6612727917706378,27.401101323474776,0.1493936241300747,174,False
2020_Ref_Plot2_C6::36,2020_Ref_Plot2_C6,Field1,test,8,3,0.17705478860499502,14.888198918443543,0.027530834981896176,174,False
2020_Ref_Plot2_C6::42,2020_Ref_Plot2_C6,Field1,test,6,4,0.22815607134765056,15.4760432139782,0.03356254949325838,174,False
2020_Ref_Plot2_C6::51,2020_Ref_Plot2_C6,Field1,test,9,5,0.14124585714263205,11.947546890965272,0.0184674383447028,174,False
2020_Ref_Plot2_C6::83,2020_Ref_Plot2_C6,Field1,test,32,6,0.15774933390270005,13.673551184382013,0.021488725714896108,140,False
2020_Ref_Plot3_A2::22,2020_Ref_Plot3_A2,Field1,test,7,1,0.22016209060752553,18.97594965326777,0.029833700321558295,174,False
2020_Ref_Plot3_A2::28,2020_Ref_Plot3_A2,Field1,test,6,2,0.6524454453702994,27.0062226819299,0.1467262255104293,174,False
2020_Ref_Plot3_A2::36,2020_Ref_Plot3_A2,Field1,test,8,3,0.1836418928770919,14.906752638950218,0.04172207279903231,174,False
2020_Ref_Plot3_A2::42,2020_Ref_Plot3_A2,Field1,test,6,4,0.22499308785474612,16.271700274531856,0.03195114537034401,174,False
2020_Ref_Plot3_A2::51,2020_Ref_Plot3_A2,Field1,test,9,5,0.11148325002778688,11.85186711766966,0.011947527578680265,174,False
2020_Ref_Plot3_A2::83,2020_Ref_Plot3_A2,Field1,test,32,6,0.17623481047090525,14.614870523110907,0.011559868710237666,140,False
2020_Ref_Plot3_A9::22,2020_Ref_Plot3_A9,Field1,test,7,1,0.2245968737984767,19.307503947154263,0.024671860667500045,174,False
2020_Ref_Plot3_A9::28,2020_Ref_Plot3_A9,Field1,test,6,2,0.6928976081936024,27.49957285481418,0.15618671937097256,174,False
2020_Ref_Plot3_A9::36,2020_Ref_Plot3_A9,Field1,test,8,3,0.14205598317875962,15.020520038984548,0.019531918324426096,174,False
2020_Ref_Plot3_A9::42,2020_Ref_Plot3_A9,Field1,test,6,4,0.2823603608741854,17.46982637769652,0.03645997673615793,174,False
2020_Ref_Plot3_A9::51,2020_Ref_Plot3_A9,Field1,test,9,5,0.12692743755717237,12.106354740130588,0.012600234352521871,174,False
2020_Ref_Plot3_A9::83,2020_Ref_Plot3_A9,Field1,test,32,6,0.2273973010768934,15.16710081109098,0.02456314922440231,140,False
2020_Ref_Plot3_A9::97,2020_Ref_Plot3_A9,Field1,test,14,7,0.21054016326477684,16.77168185808216,0.016323008211286048,7,True
2020_Ref_Plot3_A91::22,2020_Ref_Plot3_A91,Field1,test,7,1,0.21057994308457548,18.896557478751998,0.024538536051364798,174,False
2020_Ref_Plot3_A91::28,2020_Ref_Plot3_A91,Field1,test,6,2,0.6890260536715557,28.378309622838216,0.16010602634213636,174,False
2020_Ref_Plot3_A91::36,2020_Ref_Plot3_A91,Field1,test,8,3,0.17260406770963252,15.311395976800036,0.036500319422845776,174,False
2020_Ref_Plot3_A91::42,2020_Ref_Plot3_A91,Field1,test,6,4,0.25805702446152773,16.97469092570227,0.03542649026528908,174,False
2020_Ref_Plot3_A91::51,2020_Ref_Plot3_A91,Field1,test,9,5,0.10788431254308088,12.394148454514298,0.016805548553869804,174,False
2020_Ref_Plot3_A91::83,2020_Ref_Plot3_A91,Field1,test,32,6,0.21923784161039347,15.861582475414906,0.021115735689663122,140,False
2020_Ref_Plot3_A95::22,2020_Ref_Plot3_A95,Field1,test,7,1,0.2529854016086997,19.61620398656241,0.03337627902170108,174,False
2020_Ref_Plot3_A95::28,2020_Ref_Plot3_A95,Field1,test,6,2,0.6513459453000275,26.843640218104653,0.15518609586636714,174,False
2020_Ref_Plot3_A95::36,2020_Ref_Plot3_A95,Field1,test,8,3,0.14881627805370798,14.30649228453585,0.03601635473399195,174,False
2020_Ref_Plot3_A95::42,2020_Ref_Plot3_A95,Field1,test,6,4,0.24379775490990205,16.90104766695861,0.03477140510319982,174,False
2020_Ref_Plot3_A95::51,2020_Ref_Plot3_A95,Field1,test,9,5,0.12879016663110962,12.200326188924056,0.01952668991580122,174,False
2020_Ref_Plot3_A95::83,2020_Ref_Plot3_A95,Field1,test,32,6,0.20895852096623965,15.783546107927027,0.01841521348345187,140,False
2020_Ref_Plot3_A99::22,2020_Ref_Plot3_A99,Field1,test,7,1,0.24805097729746406,19.336596791718417,0.03542539577126279,174,False
2020_Ref_Plot3_A99::28,2020_Ref_Plot3_A99,Field1,test,6,2,0.6772569185405928,27.46269309473096,0.18244761557956574,174,False
2020_Ref_Plot3_A99::36,2020_Ref_Plot3_A99,Field1,test,8,3,0.17677035748244072,14.655101611547494,0.04100266289582039,174,False
2020_Ref_Plot3_A99::42,2020_Ref_Plot3_A99,Field1,test,6,4,0.27161418003205046,17.392077609833443,0.04799088417336074,174,False
2020_Ref_Plot3_A99::51,2020_Ref_Plot3_A99,Field1,test,9,5,0.13534880841693328,12.384413984319432,0.026536187519358493,174,False
2020_Ref_Plot3_A99::83,2020_Ref_Plot3_A99,Field1,test,32,6,0.17917356071833823,15.135744365201216,0.017458817646223958,140,False
2020_Ref_Plot3_B97::22,2020_Ref_Plot3_B97,Field1,test,7,1,0.23875403984074253,19.277640438078063,0.033549244663333797,174,False
2020_Ref_Plot3_B97::28,2020_Ref_Plot3_B97,Field1,test,6,2,0.6743327761275656,27.270385160840796,0.17137595365651134,174,False
2020_Ref_Plot3_B97::36,2020_Ref_Plot3_B97,Field1,test,8,3,0.17039312152352717,14.039510520809117,0.032649160100616116,174,False
2020_Ref_Plot3_B97::42,2020_Ref_Plot3_B97,Field1,test,6,4,0.26152674214324584,17.010610044513832,0.02332541192913321,174,False
2020_Ref_Plot3_B97::51,2020_Ref_Plot3_B97,Field1,test,9,5,0.1357416950157195,11.868407827991641,0.0128604842717863,174,False
2020_Ref_Plot3_B97::83,2020_Ref_Plot3_B97,Field1,test,32,6,0.18195098436271837,14.636612276188064,0.018614520495027164,140,False
2020_Ref_Plot3_C10::22,2020_Ref_Plot3_C10,Field1,test,7,1,0.22144961277264694,18.49433796339825,0.02665177493038221,174,False
2020_Ref_Plot3_C10::28,2020_Ref_Plot3_C10,Field1,test,6,2,0.6675482103422005,26.799500379149833,0.160199381767508,174,False
2020_Ref_Plot3_C10::36,2020_Ref_Plot3_C10,Field1,test,8,3,0.15900002415533357,14.783857378589042,0.029705756129615554,174,False
2020_Ref_Plot3_C10::42,2020_Ref_Plot3_C10,Field1,test,6,4,0.24217215618596533,16.397556824241086,0.02937455060166805,174,False
2020_Ref_Plot3_C10::51,2020_Ref_Plot3_C10,Field1,test,9,5,0.12356934044386425,12.3271286664254,0.016716116533698252,174,False
2020_Ref_Plot3_C10::83,2020_Ref_Plot3_C10,Field1,test,32,6,0.19296443832390256,14.911546782544264,0.015042866030992844,140,False
2020_Ref_Plot3_C10::97,2020_Ref_Plot3_C10,Field1,test,14,7,0.19542111424953248,16.933837322675352,0.014951009835080608,7,True
2020_Ref_Plot3_C2::22,2020_Ref_Plot3_C2,Field1,test,7,1,0.2412458679533587,19.31913407058519,0.03436726892290238,174,False
2020_Ref_Plot3_C2::28,2020_Ref_Plot3_C2,Field1,test,6,2,0.6548919407595166,26.747836067881718,0.15193310535211887,174,False
2020_Ref_Plot3_C2::36,2020_Ref_Plot3_C2,Field1,test,8,3,0.1634165628835316,14.85872911061029,0.030519609050330368,174,False
2020_Ref_Plot3_C2::42,2020_Ref_Plot3_C2,Field1,test,6,4,0.2716139677015295,16.602730571625152,0.04947670632523815,174,False
2020_Ref_Plot3_C2::51,2020_Ref_Plot3_C2,Field1,test,9,5,0.12500636119022338,11.835968179659876,0.013715956383110581,174,False
2020_Ref_Plot3_C2::83,2020_Ref_Plot3_C2,Field1,test,32,6,0.15512542376513264,14.19207730520178,0.01643111348994913,140,False
2020_Ref_Plot3_C7::22,2020_Ref_Plot3_C7,Field1,test,7,1,0.2600816234406466,19.389474208697177,0.04190760239253395,174,False
2020_Ref_Plot3_C7::28,2020_Ref_Plot3_C7,Field1,test,6,2,0.6495642533429248,26.65282459974762,0.15803727139216808,174,False
2020_Ref_Plot3_C7::36,2020_Ref_Plot3_C7,Field1,test,8,3,0.14867528054692125,14.232312401906677,0.038138998848849456,174,False
2020_Ref_Plot3_C7::42,2020_Ref_Plot3_C7,Field1,test,6,4,0.2563541526404492,17.461889067149336,0.03699797606445489,174,False
2020_Ref_Plot3_C7::51,2020_Ref_Plot3_C7,Field1,test,9,5,0.11800712689126445,12.536682645755375,0.01455502612285913,174,False
2020_Ref_Plot3_C7::83,2020_Ref_Plot3_C7,Field1,test,32,6,0.18812201168158138,15.589453188045148,0.016557884941809473,140,False
2020_Ref_Plot3_C7::97,2020_Ref_Plot3_C7,Field1,test,14,7,0.1739850132783541,15.658059573239608,0.008397659059625426,7,True
2020_Ref_Plot4_A8::22,2020_Ref_Plot4_A8,Field1,test,7,1,0.3139573086740663,21.142960484565023,0.045191279550246995,174,False
2020_Ref_Plot4_A8::28,2020_Ref_Plot4_A8,Field1,test,6,2,0.6629814755859528,23.636022363263116,0.16238385013538376,174,False
2020_Ref_Plot4_A8::36,2020_Ref_Plot4_A8,Field1,test,8,3,0.10164767473730991,14.792908699884126,0.027497658484970273,174,False
2020_Ref_Plot4_A8::42,2020_Ref_Plot4_A8,Field1,test,6,4,0.3093862050144717,18.349796865353902,0.03259587140924396,174,False
2020_Ref_Plot4_A8::51,2020_Ref_Plot4_A8,Field1,test,9,5,0.10000067834530187,11.791562841998042,0.007154573821663238,174,False
2020_Ref_Plot4_A8::83,2020_Ref_Plot4_A8,Field1,test,32,6,0.1664953337402396,15.41086992693688,0.011264448826979674,140,False
2020_Ref_Plot4_A90::22,2020_Ref_Plot4_A90,Field1,test,7,1,0.25665143058574286,19.57455315496865,0.0342485377294249,174,False
2020_Ref_Plot4_A90::28,2020_Ref_Plot4_A90,Field1,test,6,2,0.7219620896238665,27.0912409358586,0.21541815312440774,174,False
2020_Ref_Plot4_A90::36,2020_Ref_Plot4_A90,Field1,test,8,3,0.09933988487135342,14.70665668434866,0.019652516843401344,174,False
2020_Ref_Plot4_A90::42,2020_Ref_Plot4_A90,Field1,test,6,4,0.31001567502649174,18.36514570901003,0.035911078685932414,174,False
2020_Ref_Plot4_A90::51,2020_Ref_Plot4_A90,Field1,test,9,5,0.09614655584734466,11.639093231748024,0.01346462809912883,174,False
2020_Ref_Plot4_A92::22,2020_Ref_Plot4_A92,Field1,test,7,1,0.2672397964555487,19.90928808913567,0.03020912046643644,174,False
2020_Ref_Plot4_A92::28,2020_Ref_Plot4_A92,Field1,test,6,2,0.7063561757121306,26.450693133891903,0.19420078865265353,174,False
2020_Ref_Plot4_A92::36,2020_Ref_Plot4_A92,Field1,test,8,3,0.09521584975683324,14.695828547226045,0.016088775438445526,174,False
2020_Ref_Plot4_A92::42,2020_Ref_Plot4_A92,Field1,test,6,4,0.2899153958225925,17.976557089545903,0.035463854185032354,174,False
2020_Ref_Plot4_A92::51,2020_Ref_Plot4_A92,Field1,test,9,5,0.10460903295517154,12.040329680270458,0.014060404680959305,174,False
2020_Ref_Plot4_B2::22,2020_Ref_Plot4_B2,Field1,test,7,1,0.2779759065671457,20.596202601063922,0.031239795613720464,174,False
2020_Ref_Plot4_B2::28,2020_Ref_Plot4_B2,Field1,test,6,2,0.7202435623373162,26.549408598050313,0.20006725953167817,174,False
2020_Ref_Plot4_B2::36,2020_Ref_Plot4_B2,Field1,test,8,3,0.10371634649909582,15.253495355994989,0.01072477706936436,174,False
2020_Ref_Plot4_B2::42,2020_Ref_Plot4_B2,Field1,test,6,4,0.25885058847012826,16.86094803717158,0.03463242733538102,174,False
2020_Ref_Plot4_B2::51,2020_Ref_Plot4_B2,Field1,test,9,5,0.09933063284608278,12.209136059430428,0.009014175158175602,174,False
2020_Ref_Plot4_B2::83,2020_Ref_Plot4_B2,Field1,test,32,6,0.1616358128595724,13.63306186631499,0.018518484993019155,140,False
2020_Ref_Plot4_B6::22,2020_Ref_Plot4_B6,Field1,test,7,1,0.352507840128818,21.96585920523271,0.0475113931377329,174,False
2020_Ref_Plot4_B6::28,2020_Ref_Plot4_B6,Field1,test,6,2,0.6988126485160984,23.637106800471873,0.2234166809053903,174,False
2020_Ref_Plot4_B6::36,2020_Ref_Plot4_B6,Field1,test,8,3,0.0763501329819805,13.937955399037294,0.013513475361492243,174,False
2020_Ref_Plot4_B6::42,2020_Ref_Plot4_B6,Field1,test,6,4,0.26839046575833075,17.616472724623648,0.03732809077074953,174,False
2020_Ref_Plot4_B6::51,2020_Ref_Plot4_B6,Field1,test,9,5,0.10401449745181612,11.993657074022643,0.016155721081344093,174,False
2020_Ref_Plot4_B6::83,2020_Ref_Plot4_B6,Field1,test,32,6,0.17359275009689115,15.609117517807825,0.012983022782980486,140,False
2020_Ref_Plot4_B95::22,2020_Ref_Plot4_B95,Field1,test,7,1,0.2959686016279938,20.3284385641184,0.03442256954163307,174,False
2020_Ref_Plot4_B95::28,2020_Ref_Plot4_B95,Field1,test,6,2,0.6981102925165996,26.060255841545867,0.209741786960602,174,False
2020_Ref_Plot4_B95::36,2020_Ref_Plot4_B95,Field1,test,8,3,0.08045001735136181,14.333882559050512,0.013490090610839044,174,False
2020_Ref_Plot4_B95::42,2020_Ref_Plot4_B95,Field1,test,6,4,0.27777502763448175,18.0512747366947,0.03290115057751929,174,False
2020_Ref_Plot4_B95::51,2020_Ref_Plot4_B95,Field1,test,9,5,0.10126456214009494,11.609559121815568,0.0050899372662822715,174,False
2020_Ref_Plot4_B95::83,2020_Ref_Plot4_B95,Field1,test,32,6,0.2790994701210312,16.45963694949337,0.033529652576865486,140,False
2020_Ref_Plot4_B97::22,2020_Ref_Plot4_B97,Field1,test,7,1,0.2935372273591006,20.97811522994175,0.03670376586609496,174,False
2020_Ref_Plot4_B97::28,2020_Ref_Plot4_B97,Field1,test,6,2,0.7273503509647122,26.66243614427278,0.2274094966928144,174,False
2020_Ref_Plot4_B97::36,2020_Ref_Plot4_B97,Field1,test,8,3,0.09908082803067005,15.056536923482419,0.017725458980545988,174,False
2020_Ref_Plot4_B97::42,2020_Ref_Plot4_B97,Field1,test,6,4,0.29252899295896084,18.39422824425465,0.03948118986452541,174,False
2020_Ref_Plot4_B97::51,2020_Ref_Plot4_B97,Field1,test,9,5,0.12015071342399548,12.34006500672767,0.019117475535087993,174,False
2020_Ref_Plot4_C91::22,2020_Ref_Plot4_C91,Field1,test,7,1,0.25751717785364087,20.31926814129749,0.0265601337308594,174,False
2020_Ref_Plot4_C91::28,2020_Ref_Plot4_C91,Field1,test,6,2,0.7394833890534834,27.79540753961939,0.20987447992954483,174,False
2020_Ref_Plot4_C91::36,2020_Ref_Plot4_C91,Field1,test,8,3,0.09228676135355296,14.77440911350669,0.017650792702113068,174,False
2020_Ref_Plot4_C91::42,2020_Ref_Plot4_C91,Field1,test,6,4,0.2819320138743234,17.456821662352095,0.032091829895229435,174,False
2020_Ref_Plot4_C91::51,2020_Ref_Plot4_C91,Field1,test,9,5,0.10523460816745844,11.64665129998604,0.00453480545744811,174,False
2021_Ref_Plot1_A11::8,2021_Ref_Plot1_A11,Field2,test,7,1,0.6812329297718643,26.572821603227172,0.07892870025248577,344,False
2021_Ref_Plot1_A11::16,2021_Ref_Plot1_A11,Field2,test,8,2,0.761883675438299,29.79220480850103,0.16991526048876904,344,False
2021_Ref_Plot1_A11::22,2021_Ref_Plot1_A11,Field2,test,6,3,0.2089748500663784,16.597640922236693,0.01548110641335092,344,False
2021_Ref_Plot1_A11::27,2021_Ref_Plot1_A11,Field2,test,5,4,0.27181097425084483,16.157838187550546,0.04076170003940196,344,False
2021_Ref_Plot1_A11::35,2021_Ref_Plot1_A11,Field2,test,8,5,0.11422169966190654,12.795769910318125,0.027885696639251036,344,False
2021_Ref_Plot1_A11::44,2021_Ref_Plot1_A11,Field2,test,9,6,0.11189765965792631,11.653651739831762,0.01536278914068025,344,False
2021_Ref_Plot1_A11::50,2021_Ref_Plot1_A11,Field2,test,6,7,0.06521005835047977,9.571525315058803,0.02008483315260077,344,False
2021_Ref_Plot1_A11::57,2021_Ref_Plot1_A11,Field2,test,7,8,0.08317839466288311,11.559588229205694,0.012017191857480592,341,False
2021_Ref_Plot1_A11::65,2021_Ref_Plot1_A11,Field2,test,8,9,0.07691123345883993,11.700173507794169,0.013858289272879786,341,False
2021_Ref_Plot1_A11::69,2021_Ref_Plot1_A11,Field2,test,4,10,0.10624820152594787,12.03092399930963,0.020825525168360774,344,False
2021_Ref_Plot1_A11::71,2021_Ref_Plot1_A11,Field2,test,2,11,0.056924113621036464,10.803588262216792,0.015077521817494678,344,False
2021_Ref_Plot1_A11::76,2021_Ref_Plot1_A11,Field2,test,5,12,0.12446797439169453,12.270754341703558,0.021713759672886516,340,False
2021_Ref_Plot1_A11::80,2021_Ref_Plot1_A11,Field2,test,4,13,0.07153912159252161,9.654863543277159,0.011286022398835726,340,False
2021_Ref_Plot1_A11::85,2021_Ref_Plot1_A11,Field2,test,5,14,0.04434865114762957,10.341442999383304,0.006299490086959992,344,False
2021_Ref_Plot1_A13::8,2021_Ref_Plot1_A13,Field2,test,7,1,0.6916190536406844,27.397776757451066,0.10499258185922083,344,False
2021_Ref_Plot1_A13::16,2021_Ref_Plot1_A13,Field2,test,8,2,0.7495504662857989,29.44025690602974,0.1775272855707966,344,False
2021_Ref_Plot1_A13::22,2021_Ref_Plot1_A13,Field2,test,6,3,0.20086404553938345,15.960529879278667,0.031114356054426803,344,False
2021_Ref_Plot1_A13::27,2021_Ref_Plot1_A13,Field2,test,5,4,0.2415853789915111,16.41408132912112,0.03407011934049991,344,False
2021_Ref_Plot1_A13::35,2021_Ref_Plot1_A13,Field2,test,8,5,0.10035446243691544,12.152038424269085,0.042080185348653876,344,False
2021_Ref_Plot1_A13::44,2021_Ref_Plot1_A13,Field2,test,9,6,0.11326394522198496,11.28050441225372,0.016597232392674754,344,False
2021_Ref_Plot1_A13::50,2021_Ref_Plot1_A13,Field2,test,6,7,0.069258947118548,9.429235775096114,0.020540824248873393,344,False
2021_Ref_Plot1_A13::57,2021_Ref_Plot1_A13,Field2,test,7,8,0.09371672547987082,11.65390588887696,0.023287480440782327,341,False
2021_Ref_Plot1_A13::65,2021_Ref_Plot1_A13,Field2,test,8,9,0.08666980851216309,12.09691576299873,0.01556528957238678,341,False
2021_Ref_Plot1_A13::69,2021_Ref_Plot1_A13,Field2,test,4,10,0.12149256914774424,13.114637795072678,0.02246448493467141,344,False
2021_Ref_Plot1_A13::71,2021_Ref_Plot1_A13,Field2,test,2,11,0.06870273821699938,10.155855159019264,0.02105319442735103,344,False
2021_Ref_Plot1_A13::76,2021_Ref_Plot1_A13,Field2,test,5,12,0.11539579570734619,13.267525603049673,0.01707344398113988,340,False
2021_Ref_Plot1_A13::80,2021_Ref_Plot1_A13,Field2,test,4,13,0.05666961447009325,9.203185427605721,0.008134307551717462,340,False
2021_Ref_Plot1_A13::85,2021_Ref_Plot1_A13,Field2,test,5,14,0.04366031494393378,9.787784676192793,0.00651702803397566,344,False
2021_Ref_Plot1_A20::8,2021_Ref_Plot1_A20,Field2,test,7,1,0.658253825798083,25.774680338652203,0.09364782585971121,344,False
2021_Ref_Plot1_A20::16,2021_Ref_Plot1_A20,Field2,test,8,2,0.7475293746319117,29.124383275475108,0.16351814411343474,344,False
2021_Ref_Plot1_A20::22,2021_Ref_Plot1_A20,Field2,test,6,3,0.23266850666003303,15.68232727729998,0.02892694943293744,344,False
2021_Ref_Plot1_A20::27,2021_Ref_Plot1_A20,Field2,test,5,4,0.24024426160916268,16.70447990874826,0.033875209342511814,344,False
2021_Ref_Plot1_A20::35,2021_Ref_Plot1_A20,Field2,test,8,5,0.10991009230713096,12.70952637401351,0.03666852827433174,344,False
2021_Ref_Plot1_A20::44,2021_Ref_Plot1_A20,Field2,test,9,6,0.1111398914650108,11.42987541800262,0.01971811946757688,344,False
2021_Ref_Plot1_A20::50,2021_Ref_Plot1_A20,Field2,test,6,7,0.05822622493851226,9.378529530696438,0.017907783682626625,344,False
2021_Ref_Plot1_A20::57,2021_Ref_Plot1_A20,Field2,test,7,8,0.07803880148691425,11.683545844859307,0.011506912003074016,341,False
2021_Ref_Plot1_A20::65,2021_Ref_Plot1_A20,Field2,test,8,9,0.05858739644109836,11.753422312119211,0.009640312926941166,341,False
2021_Ref_Plot1_A20::69,2021_Ref_Plot1_A20,Field2,test,4,10,0.09360570510818927,13.21817100536218,0.01728359817900599,344,False
2021_Ref_Plot1_A20::71,2021_Ref_Plot1_A20,Field2,test,2,11,0.05172874279447109,10.324812012152702,0.023138225584873162,344,False
2021_Ref_Plot1_A20::76,2021_Ref_Plot1_A20,Field2,test,5,12,0.08632692072792188,13.043625306136704,0.015125128419816615,340,False
2021_Ref_Plot1_A20::80,2021_Ref_Plot1_A20,Field2,test,4,13,0.03965436192087734,9.258311937706958,0.017863066972561698,340,False
2021_Ref_Plot1_A20::85,2021_Ref_Plot1_A20,Field2,test,5,14,0.04739539681295463,9.960196648594543,0.02228047730228293,344,False
2021_Ref_Plot1_A3::8,2021_Ref_Plot1_A3,Field2,test,7,1,0.701626208195378,26.48415461276249,0.10778615787580428,344,False
2021_Ref_Plot1_A3::16,2021_Ref_Plot1_A3,Field2,test,8,2,0.7531931340553305,29.42212309151637,0.17880910959375707,344,False
2021_Ref_Plot1_A3::22,2021_Ref_Plot1_A3,Field2,test,6,3,0.1979034279709138,14.275032025669423,0.027955903652050106,344,False
2021_Ref_Plot1_A3::27,2021_Ref_Plot1_A3,Field2,test,5,4,0.23200635755448215,14.59876121666534,0.039263715271790976,344,False
2021_Ref_Plot1_A3::35,2021_Ref_Plot1_A3,Field2,test,8,5,0.10612873094769752,11.49436883112559,0.0235925752654783,344,False
2021_Ref_Plot1_A3::44,2021_Ref_Plot1_A3,Field2,test,9,6,0.11323212591839059,11.40596724332799,0.018096876590875582,344,False
2021_Ref_Plot1_A3::50,2021_Ref_Plot1_A3,Field2,test,6,7,0.06381494979147621,9.284068349541062,0.03307195559419478,344,False
2021_Ref_Plot1_A3::57,2021_Ref_Plot1_A3,Field2,test,7,8,0.08600989236814777,11.193367611789656,0.013723675151392742,341,False
2021_Ref_Plot1_A3::65,2021_Ref_Plot1_A3,Field2,test,8,9,0.07266701524434978,11.136127360782808,0.013068936612229227,341,False
2021_Ref_Plot1_A3::69,2021_Ref_Plot1_A3,Field2,test,4,10,0.09154538299602422,11.40415324956857,0.013932303046903984,344,False
2021_Ref_Plot1_A3::71,2021_Ref_Plot1_A3,Field2,test,2,11,0.08244724870622394,10.370071661323717,0.026211638769307297,344,False
2021_Ref_Plot1_A3::76,2021_Ref_Plot1_A3,Field2,test,5,12,0.18140129695359705,12.866622388532207,0.032266221902102626,340,False
2021_Ref_Plot1_A3::80,2021_Ref_Plot1_A3,Field2,test,4,13,0.0821117942540085,9.440951325073915,0.016426717253549,340,False
2021_Ref_Plot1_A3::85,2021_Ref_Plot1_A3,Field2,test,5,14,0.07979396790380684,9.600108959295822,0.011619588120072391,344,False
2021_Ref_Plot1_B19::8,2021_Ref_Plot1_B19,Field2,test,7,1,0.6821166677401989,26.673933106189217,0.08330784211478118,344,False
2021_Ref_Plot1_B19::16,2021_Ref_Plot1_B19,Field2,test,8,2,0.765975762657026,29.70143008775553,0.16004163941065488,344,False
2021_Ref_Plot1_B19::22,2021_Ref_Plot1_B19,Field2,test,6,3,0.22326975457470535,16.274554270754116,0.019472402960211015,344,False
2021_Ref_Plot1_B19::27,2021_Ref_Plot1_B19,Field2,test,5,4,0.23151304797898994,16.798012815859757,0.02508353496714159,344,False
2021_Ref_Plot1_B19::35,2021_Ref_Plot1_B19,Field2,test,8,5,0.1284166699640967,13.46666876518408,0.01729635145862655,344,False
2021_Ref_Plot1_B19::44,2021_Ref_Plot1_B19,Field2,test,9,6,0.096052720704487,11.103732822644055,0.016497265908682817,344,False
2021_Ref_Plot1_B19::50,2021_Ref_Plot1_B19,Field2,test,6,7,0.04510002582750284,9.807529225495557,0.010635102475418295,344,False
2021_Ref_Plot1_B19::57,2021_Ref_Plot1_B19,Field2,test,7,8,0.06619781365347463,11.724033244646408,0.014215087384067097,341,False
2021_Ref_Plot1_B19::65,2021_Ref_Plot1_B19,Field2,test,8,9,0.051026715138092975,11.754976033799139,0.012888182551332948,341,False
2021_Ref_Plot1_B19::69,2021_Ref_Plot1_B19,Field2,test,4,10,0.09300179776824839,13.182304084600535,0.02054030748379969,344,False
2021_Ref_Plot1_B19::71,2021_Ref_Plot1_B19,Field2,test,2,11,0.04982142772967834,10.41200540321573,0.010972580411783195,344,False
2021_Ref_Plot1_B19::76,2021_Ref_Plot1_B19,Field2,test,5,12,0.10823120756430067,13.975820181845961,0.017630411674228474,340,False
2021_Ref_Plot1_B19::80,2021_Ref_Plot1_B19,Field2,test,4,13,0.04072239675567654,10.133368910570459,0.01205600328386573,340,False
2021_Ref_Plot1_B19::85,2021_Ref_Plot1_B19,Field2,test,5,14,0.03506865935737232,10.139389165394068,0.010865487887916862,344,False
2021_Ref_Plot1_B2::8,2021_Ref_Plot1_B2,Field2,test,7,1,0.7277793101740039,27.676246672002627,0.1252597033053756,344,False
2021_Ref_Plot1_B2::16,2021_Ref_Plot1_B2,Field2,test,8,2,0.7789854724451454,30.294777225712078,0.2014935661884798,344,False
2021_Ref_Plot1_B2::22,2021_Ref_Plot1_B2,Field2,test,6,3,0.2366947287649004,15.790013332410958,0.033366768704754794,344,False
2021_Ref_Plot1_B2::27,2021_Ref_Plot1_B2,Field2,test,5,4,0.2957416584907145,17.454233192640697,0.035442061760166,344,False
2021_Ref_Plot1_B2::35,2021_Ref_Plot1_B2,Field2,test,8,5,0.1527656880948235,13.192986366704195,0.033045281260481466,344,False
2021_Ref_Plot1_B2::44,2021_Ref_Plot1_B2,Field2,test,9,6,0.13100751468450914,11.582577383671405,0.020004754444676948,344,False
2021_Ref_Plot1_B2::50,2021_Ref_Plot1_B2,Field2,test,6,7,0.06962001078025865,8.993572163281637,0.028895476883114134,344,False
2021_Ref_Plot1_B2::57,2021_Ref_Plot1_B2,Field2,test,7,8,0.08553362661840919,11.03967546224544,0.012733666243978299,341,False
2021_Ref_Plot1_B2::65,2021_Ref_Plot1_B2,Field2,test,8,9,0.08261257815861561,11.60612239803309,0.015988374590212247,341,False
2021_Ref_Plot1_B2::69,2021_Ref_Plot1_B2,Field2,test,4,10,0.10330957490831479,12.146114116930127,0.021591187106734883,344,False
2021_Ref_Plot1_B2::71,2021_Ref_Plot1_B2,Field2,test,2,11,0.07006288016369022,9.917584787803028,0.020154084178399978,344,False
2021_Ref_Plot1_B2::76,2021_Ref_Plot1_B2,Field2,test,5,12,0.1402817373328646,14.204220979059869,0.017234853714844962,340,False
2021_Ref_Plot1_B2::80,2021_Ref_Plot1_B2,Field2,test,4,13,0.07279755085448253,9.30961414239918,0.010007785141853964,340,False
2021_Ref_Plot1_B2::85,2021_Ref_Plot1_B2,Field2,test,5,14,0.08552352344797111,9.771445058492281,0.01345125601521666,344,False
2021_Ref_Plot1_B4::8,2021_Ref_Plot1_B4,Field2,test,7,1,0.7248577840606236,28.159128629514186,0.11730637600516168,344,False
2021_Ref_Plot1_B4::16,2021_Ref_Plot1_B4,Field2,test,8,2,0.7882566545303225,30.16112401507542,0.20662061050301353,344,False
2021_Ref_Plot1_B4::22,2021_Ref_Plot1_B4,Field2,test,6,3,0.21096815543394232,15.955388422117977,0.03409309976880001,344,False
2021_Ref_Plot1_B4::27,2021_Ref_Plot1_B4,Field2,test,5,4,0.28645777359120533,17.402300422995797,0.030676147997190248,344,False
2021_Ref_Plot1_B4::35,2021_Ref_Plot1_B4,Field2,test,8,5,0.1330981450199494,12.960114221076992,0.031960311991854916,344,False
2021_Ref_Plot1_B4::44,2021_Ref_Plot1_B4,Field2,test,9,6,0.12441682707357361,11.777813965922146,0.018967631056037482,344,False
2021_Ref_Plot1_B4::50,2021_Ref_Plot1_B4,Field2,test,6,7,0.07187235587838935,9.194650274235816,0.022289634149561668,344,False
2021_Ref_Plot1_B4::57,2021_Ref_Plot1_B4,Field2,test,7,8,0.09323991317509124,11.685951032480805,0.01837129550776916,341,False
2021_Ref_Plot1_B4::65,2021_Ref_Plot1_B4,Field2,test,8,9,0.08175923548854253,11.39418968078235,0.008375070959732568,341,False
2021_Ref_Plot1_B4::69,2021_Ref_Plot1_B4,Field2,test,4,10,0.11647978533951775,12.645426962595703,0.020388232557108418,344,False
2021_Ref_Plot1_B4::71,2021_Ref_Plot1_B4,Field2,test,2,11,0.06594205182620166,9.901057452920298,0.018864855510949175,344,False
2021_Ref_Plot1_B4::76,2021_Ref_Plot1_B4,Field2,test,5,12,0.20473483566527947,13.977205055993434,0.03329375381765509,340,False
2021_Ref_Plot1_B4::80,2021_Ref_Plot1_B4,Field2,test,4,13,0.08455560374959348,8.832455238492878,0.018880727437476822,340,False
2021_Ref_Plot1_B4::85,2021_Ref_Plot1_B4,Field2,test,5,14,0.09084186517373476,9.517261356814396,0.016879908471473838,344,False
2021_Ref_Plot1_B7::8,2021_Ref_Plot1_B7,Field2,test,7,1,0.70532832061699,27.034424084621925,0.12761771352273135,344,False
2021_Ref_Plot1_B7::16,2021_Ref_Plot1_B7,Field2,test,8,2,0.7639655379686346,29.814986635967053,0.20380132838917567,344,False
2021_Ref_Plot1_B7::22,2021_Ref_Plot1_B7,Field2,test,6,3,0.20439034147040816,15.494265055934672,0.029373475347574726,344,False
2021_Ref_Plot1_B7::27,2021_Ref_Plot1_B7,Field2,test,5,4,0.26501631703951656,17.389631052240983,0.04122605623772256,344,False
2021_Ref_Plot1_B7::35,2021_Ref_Plot1_B7,Field2,test,8,5,0.14471932750248176,13.390373141340257,0.02390322426181404,344,False
2021_Ref_Plot1_B7::44,2021_Ref_Plot1_B7,Field2,test,9,6,0.13529220700065334,12.726236076331404,0.023706835407787483,344,False
2021_Ref_Plot1_B7::50,2021_Ref_Plot1_B7,Field2,test,6,7,0.070857076100439,9.677411474094887,0.025341079603253238,344,False
2021_Ref_Plot1_B7::57,2021_Ref_Plot1_B7,Field2,test,7,8,0.10077450546527006,11.776759829541273,0.01451227882814666,341,False
2021_Ref_Plot1_B7::65,2021_Ref_Plot1_B7,Field2,test,8,9,0.09357581652765994,11.954385832806944,0.0181558426818085,341,False
2021_Ref_Plot1_B7::69,2021_Ref_Plot1_B7,Field2,test,4,10,0.09735945895320249,12.27666754823124,0.02225207368948504,344,False
2021_Ref_Plot1_B7::71,2021_Ref_Plot1_B7,Field2,test,2,11,0.06150597639216798,10.313181246938498,0.020840871940319916,344,False
2021_Ref_Plot1_B7::85,2021_Ref_Plot1_B7,Field2,test,5,13,0.08078872035152256,9.831593383571327,0.014233801110712912,344,False
2021_Ref_Plot1_C18::8,2021_Ref_Plot1_C18,Field2,test,7,1,0.7142370959544951,27.373318205295732,0.12321380534124673,344,False
2021_Ref_Plot1_C18::16,2021_Ref_Plot1_C18,Field2,test,8,2,0.7651580224839525,29.780797832044193,0.1921461083224864,344,False
2021_Ref_Plot1_C18::22,2021_Ref_Plot1_C18,Field2,test,6,3,0.21262621571144824,13.721817241541224,0.01813435474750634,344,False
2021_Ref_Plot1_C18::27,2021_Ref_Plot1_C18,Field2,test,5,4,0.19321627275630301,15.057910088391678,0.0286073860657406,344,False
2021_Ref_Plot1_C18::35,2021_Ref_Plot1_C18,Field2,test,8,5,0.11834846054994334,12.894536507680991,0.03472401229699651,344,False
2021_Ref_Plot1_C18::44,2021_Ref_Plot1_C18,Field2,test,9,6,0.09640304847667225,10.587600686599073,0.011727164627288712,344,False
2021_Ref_Plot1_C18::50,2021_Ref_Plot1_C18,Field2,test,6,7,0.05653165579783603,9.445442422926106,0.016237239431713464,344,False
2021_Ref_Plot1_C18::57,2021_Ref_Plot1_C18,Field2,test,7,8,0.08296946571570518,11.493875036798336,0.015753068270569808,341,False
2021_Ref_Plot1_C18::65,2021_Ref_Plot1_C18,Field2,test,8,9,0.06798294387071102,11.03449629058794,0.011319623537072391,341,False
2021_Ref_Plot1_C18::69,2021_Ref_Plot1_C18,Field2,test,4,10,0.12098979358353419,13.15655808427405,0.02486989598222238,344,False
2021_Ref_Plot1_C18::71,2021_Ref_Plot1_C18,Field2,test,2,11,0.05219998052220235,10.287049132136346,0.008548899786326948,344,False
2021_Ref_Plot1_C18::76,2021_Ref_Plot1_C18,Field2,test,5,12,0.13931096486043212,14.626058003008547,0.025858952470023445,340,False
2021_Ref_Plot1_C18::80,2021_Ref_Plot1_C18,Field2,test,4,13,0.03824313519250705,10.881923848868206,0.008020328236098646,340,False
2021_Ref_Plot1_C18::85,2021_Ref_Plot1_C18,Field2,test,5,14,0.034246710953430896,10.364282845239067,0.016862084268791967,344,False
2021_Ref_Plot1_C6::8,2021_Ref_Plot1_C6,Field2,test,7,1,0.7162074351350795,27.98844389527407,0.12812831357709176,344,False
2021_Ref_Plot1_C6::16,2021_Ref_Plot1_C6,Field2,test,8,2,0.7846480476004808,30.014082272184332,0.20751641833394657,344,False
2021_Ref_Plot1_C6::22,2021_Ref_Plot1_C6,Field2,test,6,3,0.2046637145122555,14.632114894102939,0.027325916481838915,344,False
2021_Ref_Plot1_C6::27,2021_Ref_Plot1_C6,Field2,test,5,4,0.2758259668003567,16.44961492709056,0.033812350451445095,344,False
2021_Ref_Plot1_C6::35,2021_Ref_Plot1_C6,Field2,test,8,5,0.16145792980122542,13.095889116592039,0.020337721251699636,344,False
2021_Ref_Plot1_C6::44,2021_Ref_Plot1_C6,Field2,test,9,6,0.13145581267561823,13.380526236932628,0.017109772001761645,344,False
2021_Ref_Plot1_C6::50,2021_Ref_Plot1_C6,Field2,test,6,7,0.061669823442523475,9.453653772703781,0.014477104419170607,344,False
2021_Ref_Plot1_C6::57,2021_Ref_Plot1_C6,Field2,test,7,8,0.11529152989813625,11.35053839728662,0.013891429831222024,341,False
2021_Ref_Plot1_C6::65,2021_Ref_Plot1_C6,Field2,test,8,9,0.08444201611682704,11.280709309214316,0.02115583957093507,341,False
2021_Ref_Plot1_C6::69,2021_Ref_Plot1_C6,Field2,test,4,10,0.10510299194418628,12.17728594398132,0.029725193525251662,344,False
2021_Ref_Plot1_C6::71,2021_Ref_Plot1_C6,Field2,test,2,11,0.06779446807609442,10.29426134858734,0.006283078767059293,344,False
2021_Ref_Plot1_C6::76,2021_Ref_Plot1_C6,Field2,test,5,12,0.1456988968750651,12.821249079711365,0.04136880888269018,340,False
2021_Ref_Plot1_C6::80,2021_Ref_Plot1_C6,Field2,test,4,13,0.08032903877866633,9.173049031226538,0.02532870899396551,340,False
2021_Ref_Plot1_C6::85,2021_Ref_Plot1_C6,Field2,test,5,14,0.10924869225817375,9.474216350790153,0.02651055722262872,344,False
2021_Ref_Plot1_D18::8,2021_Ref_Plot1_D18,Field2,test,7,1,0.7136971421459665,27.633536145872025,0.13584864374102038,344,False
2021_Ref_Plot1_D18::16,2021_Ref_Plot1_D18,Field2,test,8,2,0.7410875113459672,28.78990498066278,0.1610649894008433,344,False
2021_Ref_Plot1_D18::22,2021_Ref_Plot1_D18,Field2,test,6,3,0.212750490185491,13.839387963719068,0.02560688013115519,344,False
2021_Ref_Plot1_D18::27,2021_Ref_Plot1_D18,Field2,test,5,4,0.19290224472096076,15.581613348374395,0.02241586477001659,344,False
2021_Ref_Plot1_D18::35,2021_Ref_Plot1_D18,Field2,test,8,5,0.11668380359655185,11.929263307186703,0.02293400382599751,344,False
2021_Ref_Plot1_D18::44,2021_Ref_Plot1_D18,Field2,test,9,6,0.10373516521432348,10.353523448173949,0.014999297645332506,344,False
2021_Ref_Plot1_D18::50,2021_Ref_Plot1_D18,Field2,test,6,7,0.07450555898540011,9.353727848821167,0.01511147196838366,344,False
2021_Ref_Plot1_D18::57,2021_Ref_Plot1_D18,Field2,test,7,8,0.1062476673363108,11.600004324483491,0.013900094294998099,341,False
2021_Ref_Plot1_D18::65,2021_Ref_Plot1_D18,Field2,test,8,9,0.06818707187968355,11.289620589679409,0.010982804130578129,341,False
2021_Ref_Plot1_D18::69,2021_Ref_Plot1_D18,Field2,test,4,10,0.09597561901578229,12.350702841173891,0.013151862933454005,344,False
2021_Ref_Plot1_D18::71,2021_Ref_Plot1_D18,Field2,test,2,11,0.058347996444889035,10.199061034866752,0.022733866212810285,344,False
2021_Ref_Plot1_D18::76,2021_Ref_Plot1_D18,Field2,test,5,12,0.13703213262685784,14.043822468448706,0.010935184484524416,340,False
2021_Ref_Plot1_D18::80,2021_Ref_Plot1_D18,Field2,test,4,13,0.050729971540539855,9.580520643707345,0.016274559854169656,340,False
2021_Ref_Plot1_D18::85,2021_Ref_Plot1_D18,Field2,test,5,14,0.046024055292101705,10.069526638095205,0.016024220631455654,344,False
2021_Ref_Plot1_D4::8,2021_Ref_Plot1_D4,Field2,test,7,1,0.7171083648733793,27.32077127615877,0.13413290277168502,344,False
2021_Ref_Plot1_D4::16,2021_Ref_Plot1_D4,Field2,test,8,2,0.7441887860854717,28.573998856713246,0.175085669528541,344,False
2021_Ref_Plot1_D4::22,2021_Ref_Plot1_D4,Field2,test,6,3,0.19016610313228963,15.49642952953139,0.01933214483254899,344,False
2021_Ref_Plot1_D4::27,2021_Ref_Plot1_D4,Field2,test,5,4,0.21983848170684514,15.469736605541009,0.02796747694164738,344,False
2021_Ref_Plot1_D4::35,2021_Ref_Plot1_D4,Field2,test,8,5,0.13165607683304564,12.612331855292558,0.035226319923770205,344,False
2021_Ref_Plot1_D4::44,2021_Ref_Plot1_D4,Field2,test,9,6,0.12957998996546186,11.583235353663397,0.01390459985885899,344,False
2021_Ref_Plot1_D4::50,2021_Ref_Plot1_D4,Field2,test,6,7,0.06571710031784415,9.36467108104532,0.027388503202277585,344,False
2021_Ref_Plot1_D4::57,2021_Ref_Plot1_D4,Field2,test,7,8,0.08612262694989814,11.774897709420225,0.016499302855882345,341,False
2021_Ref_Plot1_D4::65,2021_Ref_Plot1_D4,Field2,test,8,9,0.07680230621739076,11.553462328985244,0.020860733673293084,341,False
2021_Ref_Plot1_D4::69,2021_Ref_Plot1_D4,Field2,test,4,10,0.1077728520522611,12.76849779409824,0.019599524033298895,344,False
2021_Ref_Plot1_D4::71,2021_Ref_Plot1_D4,Field2,test,2,11,0.07033376258716585,10.359904049697274,0.020606626327518238,344,False
2021_Ref_Plot1_D4::76,2021_Ref_Plot1_D4,Field2,test,5,12,0.15642288158267617,12.680021385192157,0.01988433611772389,340,False
2021_Ref_Plot1_D4::80,2021_Ref_Plot1_D4,Field2,test,4,13,0.08560530341295086,9.01619202448984,0.010153111797050059,340,False
2021_Ref_Plot1_D4::85,2021_Ref_Plot1_D4,Field2,test,5,14,0.08644152805832549,9.719588458987996,0.01996786240605157,344,False
2021_Ref_Plot1_D6::8,2021_Ref_Plot1_D6,Field2,test,7,1,0.6964196784944194,27.633138824056154,0.12466400108312402,344,False
2021_Ref_Plot1_D6::16,2021_Ref_Plot1_D6,Field2,test,8,2,0.7447444275295574,28.447685554360373,0.1801406687348347,344,False
2021_Ref_Plot1_D6::22,2021_Ref_Plot1_D6,Field2,test,6,3,0.1882837913869233,14.607691407487184,0.02048692100526823,344,False
2021_Ref_Plot1_D6::27,2021_Ref_Plot1_D6,Field2,test,5,4,0.24925338849475662,15.79404280940956,0.02845469254615789,344,False
2021_Ref_Plot1_D6::35,2021_Ref_Plot1_D6,Field2,test,8,5,0.15054229592452922,12.54105989634773,0.023250187301978812,344,False
2021_Ref_Plot1_D6::44,2021_Ref_Plot1_D6,Field2,test,9,6,0.12007501813791803,11.837037715749588,0.018049641215624985,344,False
2021_Ref_Plot1_D6::50,2021_Ref_Plot1_D6,Field2,test,6,7,0.07737034968778339,9.220323115651665,0.015042276594152724,344,False
2021_Ref_Plot1_D6::57,2021_Ref_Plot1_D6,Field2,test,7,8,0.09317177160062891,11.764048730148453,0.010710316318136175,341,False
2021_Ref_Plot1_D6::65,2021_Ref_Plot1_D6,Field2,test,8,9,0.08686229767955107,11.523326331830788,0.020597137902817125,341,False
2021_Ref_Plot1_D6::69,2021_Ref_Plot1_D6,Field2,test,4,10,0.10524956359410272,12.587329563520058,0.021544684889279853,344,False
2021_Ref_Plot1_D6::71,2021_Ref_Plot1_D6,Field2,test,2,11,0.06164160109018201,10.156657685538102,0.010723089360616684,344,False
2021_Ref_Plot1_D6::76,2021_Ref_Plot1_D6,Field2,test,5,12,0.17940132124987848,13.896662494481129,0.031591050165054806,340,False
2021_Ref_Plot1_D6::80,2021_Ref_Plot1_D6,Field2,test,4,13,0.06689402518906505,8.80080943298147,0.02003534839060929,340,False
2021_Ref_Plot1_D6::85,2021_Ref_Plot1_D6,Field2,test,5,14,0.07988963212768042,9.585214556244626,0.027961377290520346,344,False
2021_Ref_Plot1_E2::8,2021_Ref_Plot1_E2,Field2,test,7,1,0.7051793467349317,27.334474199076734,0.09693666328166249,344,False
2021_Ref_Plot1_E2::16,2021_Ref_Plot1_E2,Field2,test,8,2,0.747381785805478,28.488395058333783,0.18052209543598835,344,False
2021_Ref_Plot1_E2::22,2021_Ref_Plot1_E2,Field2,test,6,3,0.1823746582452852,14.840510159230307,0.010233678280916118,344,False
2021_Ref_Plot1_E2::27,2021_Ref_Plot1_E2,Field2,test,5,4,0.23313756449033027,15.115200143862706,0.022525693552637845,344,False
2021_Ref_Plot1_E2::35,2021_Ref_Plot1_E2,Field2,test,8,5,0.14334367338079426,11.733287829295618,0.025753847989148936,344,False
2021_Ref_Plot1_E2::44,2021_Ref_Plot1_E2,Field2,test,9,6,0.10659845208979413,10.75627035570575,0.015468997345628071,344,False
2021_Ref_Plot1_E2::50,2021_Ref_Plot1_E2,Field2,test,6,7,0.06483940826243272,8.995757564553916,0.014647348378975827,344,False
2021_Ref_Plot1_E2::57,2021_Ref_Plot1_E2,Field2,test,7,8,0.0932480704523746,11.541306448340972,0.010148929005643799,341,False
2021_Ref_Plot1_E2::65,2021_Ref_Plot1_E2,Field2,test,8,9,0.0833277520288639,11.599906051943904,0.01693009248877619,341,False
2021_Ref_Plot1_E2::69,2021_Ref_Plot1_E2,Field2,test,4,10,0.1212695104745467,12.418393101851642,0.02407641580023019,344,False
2021_Ref_Plot1_E2::71,2021_Ref_Plot1_E2,Field2,test,2,11,0.06922569569456116,9.9679937232594,0.017214021902949052,344,False
2021_Ref_Plot1_E2::76,2021_Ref_Plot1_E2,Field2,test,5,12,0.13051656883668108,13.086034115703802,0.01714661568022143,340,False
2021_Ref_Plot1_E2::80,2021_Ref_Plot1_E2,Field2,test,4,13,0.08747552574487366,8.930473735234564,0.010667185339735126,340,False
2021_Ref_Plot1_E2::85,2021_Ref_Plot1_E2,Field2,test,5,14,0.08664773214301698,9.227366452163363,0.0117808317651137,344,False
2021_Ref_Plot1_E8::8,2021_Ref_Plot1_E8,Field2,test,7,1,0.6818592572520809,27.366879406055556,0.09605483909857941,344,False
2021_Ref_Plot1_E8::16,2021_Ref_Plot1_E8,Field2,test,8,2,0.7324418411355252,28.63230915272379,0.16314558131436752,344,False
2021_Ref_Plot1_E8::22,2021_Ref_Plot1_E8,Field2,test,6,3,0.17642176327643685,14.180975847965602,0.01960911481215672,344,False
2021_Ref_Plot1_E8::27,2021_Ref_Plot1_E8,Field2,test,5,4,0.1990906652119432,15.046546873874115,0.027443129883069343,344,False
2021_Ref_Plot1_E8::35,2021_Ref_Plot1_E8,Field2,test,8,5,0.1423967052023837,11.790367880615854,0.022911550935962543,344,False
2021_Ref_Plot1_E8::44,2021_Ref_Plot1_E8,Field2,test,9,6,0.11431283114680967,11.12632664885506,0.01671344391354036,344,False
2021_Ref_Plot1_E8::50,2021_Ref_Plot1_E8,Field2,test,6,7,0.07120093919683754,9.846601947942698,0.013834884473262404,344,False
2021_Ref_Plot1_E8::57,2021_Ref_Plot1_E8,Field2,test,7,8,0.09181834259417142,11.485534105629698,0.01798348429810118,341,False
2021_Ref_Plot1_E8::65,2021_Ref_Plot1_E8,Field2,test,8,9,0.082044972309049,11.518309042271262,0.018810648466481138,341,False
2021_Ref_Plot1_E8::69,2021_Ref_Plot1_E8,Field2,test,4,10,0.10234221065511313,12.394996669838388,0.018765003432407373,344,False
2021_Ref_Plot1_E8::71,2021_Ref_Plot1_E8,Field2,test,2,11,0.07087548002268568,10.099127195759579,0.0232017585651474,344,False
2021_Ref_Plot1_E8::76,2021_Ref_Plot1_E8,Field2,test,5,12,0.172076311590227,14.44130384016582,0.024073239713556585,340,False
2021_Ref_Plot1_E8::80,2021_Ref_Plot1_E8,Field2,test,4,13,0.07761769996121116,9.366165547177857,0.020399105126397803,340,False
2021_Ref_Plot1_E8::85,2021_Ref_Plot1_E8,Field2,test,5,14,0.06239816637586831,9.517921113287095,0.009336015276455403,344,False
2021_Ref_Plot2_A1::8,2021_Ref_Plot2_A1,Field2,test,7,1,0.5901861291247587,24.45798251120231,0.06354556558051107,344,False
2021_Ref_Plot2_A1::16,2021_Ref_Plot2_A1,Field2,test,8,2,0.7084126426314779,28.124631590621615,0.1313914058968061,344,False
2021_Ref_Plot2_A1::22,2021_Ref_Plot2_A1,Field2,test,6,3,0.24531760409000727,15.933413538557563,0.04325705964847134,344,False
2021_Ref_Plot2_A1::27,2021_Ref_Plot2_A1,Field2,test,5,4,0.32744087400792676,16.536544799181662,0.037562005242257106,344,False
2021_Ref_Plot2_A1::35,2021_Ref_Plot2_A1,Field2,test,8,5,0.13115709009586382,13.395423915083658,0.03534962318837886,344,False
2021_Ref_Plot2_A1::44,2021_Ref_Plot2_A1,Field2,test,9,6,0.09438456093726123,12.742889275896074,0.01665289734849472,344,False
2021_Ref_Plot2_A1::50,2021_Ref_Plot2_A1,Field2,test,6,7,0.07408867852543043,10.010712093545894,0.024198078405581525,344,False
2021_Ref_Plot2_A1::57,2021_Ref_Plot2_A1,Field2,test,7,8,0.12594107880535518,11.310280871702098,0.021931787946987472,341,False
2021_Ref_Plot2_A1::65,2021_Ref_Plot2_A1,Field2,test,8,9,0.09477845523274393,11.090656781599629,0.02088389917775152,341,False
2021_Ref_Plot2_A1::69,2021_Ref_Plot2_A1,Field2,test,4,10,0.10292922499190621,11.059458533656736,0.020960358006169022,344,False
2021_Ref_Plot2_A1::71,2021_Ref_Plot2_A1,Field2,test,2,11,0.07629973966929253,9.078292784073664,0.017759372411102217,344,False
2021_Ref_Plot2_A1::76,2021_Ref_Plot2_A1,Field2,test,5,12,0.19278506518758312,11.126511379413543,0.020190754369290822,340,False
2021_Ref_Plot2_A1::80,2021_Ref_Plot2_A1,Field2,test,4,13,0.08791568785599786,9.258851279766953,0.011758267450450038,340,False
2021_Ref_Plot2_A1::85,2021_Ref_Plot2_A1,Field2,test,5,14,0.07327947836787259,9.292309056971819,0.00915231818271326,344,False
2021_Ref_Plot2_A13::8,2021_Ref_Plot2_A13,Field2,test,7,1,0.606793798506099,24.843185308632147,0.07700436619855758,344,False
2021_Ref_Plot2_A13::16,2021_Ref_Plot2_A13,Field2,test,8,2,0.7638746753142237,30.217867952221674,0.1579931949338535,344,False
2021_Ref_Plot2_A13::22,2021_Ref_Plot2_A13,Field2,test,6,3,0.2792562602015532,16.975636316124866,0.03605347994628696,344,False
2021_Ref_Plot2_A13::27,2021_Ref_Plot2_A13,Field2,test,5,4,0.35000532147293434,17.729509864731845,0.05204038217454667,344,False
2021_Ref_Plot2_A13::35,2021_Ref_Plot2_A13,Field2,test,8,5,0.13092795970863516,13.703938351790066,0.029553276945936912,344,False
2021_Ref_Plot2_A13::44,2021_Ref_Plot2_A13,Field2,test,9,6,0.08313307769930194,10.887627493848353,0.016948634639095732,344,False
2021_Ref_Plot2_A13::50,2021_Ref_Plot2_A13,Field2,test,6,7,0.0712350414118054,9.635753987521264,0.01738477151286201,344,False
2021_Ref_Plot2_A13::57,2021_Ref_Plot2_A13,Field2,test,7,8,0.09641266550773803,10.984939410505687,0.011510909863424177,341,False
2021_Ref_Plot2_A13::65,2021_Ref_Plot2_A13,Field2,test,8,9,0.08741361154415929,11.144331741914632,0.012915756755293011,341,False
2021_Ref_Plot2_A13::69,2021_Ref_Plot2_A13,Field2,test,4,10,0.09514271650623318,11.36868597644317,0.017531383860207698,344,False
2021_Ref_Plot2_A13::71,2021_Ref_Plot2_A13,Field2,test,2,11,0.07089616396172783,10.080028941407626,0.01523591365393054,344,False
2021_Ref_Plot2_A13::76,2021_Ref_Plot2_A13,Field2,test,5,12,0.10809481030540469,12.311658820488427,0.018255657803756906,340,False
2021_Ref_Plot2_A13::80,2021_Ref_Plot2_A13,Field2,test,4,13,0.10194646334150607,8.86015103679736,0.01989078881365747,340,False
2021_Ref_Plot2_A13::85,2021_Ref_Plot2_A13,Field2,test,5,14,0.06996471843639593,9.453560320354505,0.009735965087559875,344,False
2021_Ref_Plot2_A15::8,2021_Ref_Plot2_A15,Field2,test,7,1,0.6217435085782405,25.482329463276777,0.0693508795173813,344,False
2021_Ref_Plot2_A15::16,2021_Ref_Plot2_A15,Field2,test,8,2,0.7220367992560277,28.965600422108476,0.1322884325707713,344,False
2021_Ref_Plot2_A15::22,2021_Ref_Plot2_A15,Field2,test,6,3,0.2607906794053383,16.29303205912133,0.013157557949500536,344,False
2021_Ref_Plot2_A15::27,2021_Ref_Plot2_A15,Field2,test,5,4,0.3173168747143554,16.8180226718522,0.03159656247993784,344,False
2021_Ref_Plot2_A15::35,2021_Ref_Plot2_A15,Field2,test,8,5,0.12308098481442548,12.397165713453616,0.032280890724705115,344,False
2021_Ref_Plot2_A15::44,2021_Ref_Plot2_A15,Field2,test,9,6,0.08673744263497091,10.788943183876427,0.006193938247543592,344,False
2021_Ref_Plot2_A15::50,2021_Ref_Plot2_A15,Field2,test,6,7,0.0783179774364031,9.108016253274013,0.021218308412875413,344,False
2021_Ref_Plot2_A15::57,2021_Ref_Plot2_A15,Field2,test,7,8,0.08714134354944193,10.677360062409022,0.013331283422831755,341,False
2021_Ref_Plot2_A15::65,2021_Ref_Plot2_A15,Field2,test,8,9,0.07778068784661386,10.940611594121957,0.015720581543489202,341,False
2021_Ref_Plot2_A15::69,2021_Ref_Plot2_A15,Field2,test,4,10,0.08880167425341694,11.358019166795687,0.01624662117172344,344,False
2021_Ref_Plot2_A15::71,2021_Ref_Plot2_A15,Field2,test,2,11,0.0739155418441911,9.881079772343075,0.012809718498086837,344,False
2021_Ref_Plot2_A15::76,2021_Ref_Plot2_A15,Field2,test,5,12,0.10995709820290755,11.705311138055714,0.01659752858237505,340,False
2021_Ref_Plot2_A15::80,2021_Ref_Plot2_A15,Field2,test,4,13,0.11352321435946944,8.394360911927329,0.013344839324920428,340,False
2021_Ref_Plot2_A15::85,2021_Ref_Plot2_A15,Field2,test,5,14,0.09397485601115028,8.651780484521229,0.015310111730080815,344,False
2021_Ref_Plot2_B17::8,2021_Ref_Plot2_B17,Field2,test,7,1,0.6541036960372596,25.814590000208458,0.11837261619716198,344,False
2021_Ref_Plot2_B17::16,2021_Ref_Plot2_B17,Field2,test,8,2,0.7376916318775315,29.256175590163945,0.15767838998450484,344,False
2021_Ref_Plot2_B17::22,2021_Ref_Plot2_B17,Field2,test,6,3,0.2549203756288472,16.556666114710307,0.047826803978456206,344,False
2021_Ref_Plot2_B17::27,2021_Ref_Plot2_B17,Field2,test,5,4,0.2841115894545918,17.456016073459395,0.03866339693347904,344,False
2021_Ref_Plot2_B17::35,2021_Ref_Plot2_B17,Field2,test,8,5,0.13028438612378543,13.016318899394626,0.045451483978361844,344,False
2021_Ref_Plot2_B17::44,2021_Ref_Plot2_B17,Field2,test,9,6,0.08691541079924768,10.808033549123868,0.016617289714230668,344,False
2021_Ref_Plot2_B17::50,2021_Ref_Plot2_B17,Field2,test,6,7,0.06603019781079499,9.345898220587886,0.019439551398779096,344,False
2021_Ref_Plot2_B17::57,2021_Ref_Plot2_B17,Field2,test,7,8,0.09350661516995011,11.275528384892969,0.01468762600008481,341,False
2021_Ref_Plot2_B17::65,2021_Ref_Plot2_B17,Field2,test,8,9,0.07029626129737344,10.444323913956646,0.007746211504334178,341,False
2021_Ref_Plot2_B17::69,2021_Ref_Plot2_B17,Field2,test,4,10,0.11140111833841741,12.044379025923373,0.022500774618719105,344,False
2021_Ref_Plot2_B17::71,2021_Ref_Plot2_B17,Field2,test,2,11,0.07077792966507586,10.012230881428703,0.02417375078651381,344,False
2021_Ref_Plot2_B17::76,2021_Ref_Plot2_B17,Field2,test,5,12,0.12887564069754984,10.471707125523428,0.020430561947722654,340,False
2021_Ref_Plot2_B17::80,2021_Ref_Plot2_B17,Field2,test,4,13,0.12186088691269044,8.252655706254938,0.006334825262060436,340,False
2021_Ref_Plot2_B17::85,2021_Ref_Plot2_B17,Field2,test,5,14,0.10727823214613715,8.577499689043483,0.017351249969777726,344,False
2021_Ref_Plot2_B4::8,2021_Ref_Plot2_B4,Field2,test,7,1,0.6531137998643887,25.113699608286225,0.09407334114029806,344,False
2021_Ref_Plot2_B4::16,2021_Ref_Plot2_B4,Field2,test,8,2,0.7266268737530469,28.99093599386603,0.1440524539735899,344,False
2021_Ref_Plot2_B4::22,2021_Ref_Plot2_B4,Field2,test,6,3,0.26085647871522927,17.972905365087502,0.03335424201501379,344,False
2021_Ref_Plot2_B4::27,2021_Ref_Plot2_B4,Field2,test,5,4,0.35819069556686606,18.896134181829943,0.047655451579991404,344,False
2021_Ref_Plot2_B4::35,2021_Ref_Plot2_B4,Field2,test,8,5,0.12200238691412968,13.561138653389062,0.026041868838095266,344,False
2021_Ref_Plot2_B4::44,2021_Ref_Plot2_B4,Field2,test,9,6,0.10801415942353265,13.63817335718709,0.01430804762309247,344,False
2021_Ref_Plot2_B4::50,2021_Ref_Plot2_B4,Field2,test,6,7,0.07288082135339442,9.880583566247882,0.04058442141838463,344,False
2021_Ref_Plot2_B4::57,2021_Ref_Plot2_B4,Field2,test,7,8,0.10258745141593806,11.21544483215795,0.017231080155457747,341,False
2021_Ref_Plot2_B4::65,2021_Ref_Plot2_B4,Field2,test,8,9,0.07773691030885187,9.843390864319732,0.01201215249199596,341,False
2021_Ref_Plot2_B4::69,2021_Ref_Plot2_B4,Field2,test,4,10,0.11064262545222492,11.65792489390155,0.024018291511678655,344,False
2021_Ref_Plot2_B4::71,2021_Ref_Plot2_B4,Field2,test,2,11,0.06938917690359166,10.21619526605614,0.019729693370916773,344,False
2021_Ref_Plot2_B4::76,2021_Ref_Plot2_B4,Field2,test,5,12,0.1846471987131507,13.890058175629758,0.02298269122574208,340,False
2021_Ref_Plot2_B4::80,2021_Ref_Plot2_B4,Field2,test,4,13,0.09485969128774176,9.256662921298233,0.009805664088221616,340,False
2021_Ref_Plot2_B4::85,2021_Ref_Plot2_B4,Field2,test,5,14,0.09451395582883654,9.016802978928789,0.014169705090752294,344,False
2021_Ref_Plot2_C1::8,2021_Ref_Plot2_C1,Field2,test,7,1,0.6479198257624258,24.448415170674398,0.10453377115272376,344,False
2021_Ref_Plot2_C1::16,2021_Ref_Plot2_C1,Field2,test,8,2,0.7097630090491812,27.50350871544745,0.1482682760609139,344,False
2021_Ref_Plot2_C1::22,2021_Ref_Plot2_C1,Field2,test,6,3,0.23489703646186158,15.75334987806235,0.019345792912544887,344,False
2021_Ref_Plot2_C1::27,2021_Ref_Plot2_C1,Field2,test,5,4,0.28534483014708234,16.993327949977967,0.031277750582144624,344,False
2021_Ref_Plot2_C1::35,2021_Ref_Plot2_C1,Field2,test,8,5,0.12040501497164813,13.127673507816995,0.027291025707019047,344,False
2021_Ref_Plot2_C1::44,2021_Ref_Plot2_C1,Field2,test,9,6,0.09695625791780509,12.634719813686798,0.012922104901581816,344,False
2021_Ref_Plot2_C1::50,2021_Ref_Plot2_C1,Field2,test,6,7,0.0739927987697921,9.515010264640939,0.02562471919045945,344,False
2021_Ref_Plot2_C1::57,2021_Ref_Plot2_C1,Field2,test,7,8,0.10246500666227822,11.350802734891307,0.017882864291107435,341,False
2021_Ref_Plot2_C1::65,2021_Ref_Plot2_C1,Field2,test,8,9,0.07413586913842907,10.099537405836205,0.01451433971249341,341,False
2021_Ref_Plot2_C1::69,2021_Ref_Plot2_C1,Field2,test,4,10,0.09881409504728145,11.782067302131907,0.016861960929862075,344,False
2021_Ref_Plot2_C1::71,2021_Ref_Plot2_C1,Field2,test,2,11,0.08875374815162461,9.203704262145022,0.015901854189614085,344,False
2021_Ref_Plot2_C1::76,2021_Ref_Plot2_C1,Field2,test,5,12,0.19043123165847,13.935751800337218,0.017652724709167775,340,False
2021_Ref_Plot2_C1::80,2021_Ref_Plot2_C1,Field2,test,4,13,0.09103296846847429,8.83277081505359,0.010426531123867756,340,False
2021_Ref_Plot2_C1::85,2021_Ref_Plot2_C1,Field2,test,5,14,0.05595580575383832,9.450029149935158,0.010667970694790491,344,False
2021_Ref_Plot2_C10::8,2021_Ref_Plot2_C10,Field2,test,7,1,0.6641832248731467,25.472708622555317,0.11442074557813087,344,False
2021_Ref_Plot2_C10::16,2021_Ref_Plot2_C10,Field2,test,8,2,0.7374351888735661,28.871321474067564,0.1600410493551784,344,False
2021_Ref_Plot2_C10::22,2021_Ref_Plot2_C10,Field2,test,6,3,0.22916260832572335,15.825006057304812,0.024970656271934615,344,False
2021_Ref_Plot2_C10::27,2021_Ref_Plot2_C10,Field2,test,5,4,0.27347188305748155,16.039912606984675,0.03316196304118154,344,False
2021_Ref_Plot2_C10::35,2021_Ref_Plot2_C10,Field2,test,8,5,0.11730768665140101,12.378970736570382,0.04384215305662891,344,False
2021_Ref_Plot2_C10::44,2021_Ref_Plot2_C10,Field2,test,9,6,0.10017429373452706,12.125213567411775,0.01740139840630435,344,False
2021_Ref_Plot2_C10::50,2021_Ref_Plot2_C10,Field2,test,6,7,0.0664988288652711,9.40313892372725,0.020587749947143033,344,False
2021_Ref_Plot2_C10::57,2021_Ref_Plot2_C10,Field2,test,7,8,0.08536991919151983,10.937424538715913,0.019662987398753173,341,False
2021_Ref_Plot2_C10::65,2021_Ref_Plot2_C10,Field2,test,8,9,0.059285073405522415,9.357928765300619,0.01288521538336067,341,False
2021_Ref_Plot2_C10::69,2021_Ref_Plot2_C10,Field2,test,4,10,0.09477526830988585,11.575912959357815,0.019822314817008628,344,False
2021_Ref_Plot2_C10::71,2021_Ref_Plot2_C10,Field2,test,2,11,0.08326720802970368,9.8027577717919,0.008777307675953213,344,False
2021_Ref_Plot2_C10::76,2021_Ref_Plot2_C10,Field2,test,5,12,0.12403826671461504,12.55904848716819,0.016438825694111522,340,False
2021_Ref_Plot2_C10::80,2021_Ref_Plot2_C10,Field2,test,4,13,0.08077824296318921,9.27928216033998,0.01633420005064153,340,False
2021_Ref_Plot2_C10::85,2021_Ref_Plot2_C10,Field2,test,5,14,0.07439603515632992,9.088271412793354,0.017885163650744218,344,False
2021_Ref_Plot2_C16::8,2021_Ref_Plot2_C16,Field2,test,7,1,0.6430262135186884,25.052844682247336,0.057970468108044494,344,False
2021_Ref_Plot2_C16::16,2021_Ref_Plot2_C16,Field2,test,8,2,0.7453421346890102,28.553079488819066,0.1327901086860026,344,False
2021_Ref_Plot2_C16::22,2021_Ref_Plot2_C16,Field2,test,6,3,0.24732283488243964,15.190524090833295,0.011767888440327865,344,False
2021_Ref_Plot2_C16::27,2021_Ref_Plot2_C16,Field2,test,5,4,0.2649550022933624,16.06577955078121,0.03230933339407628,344,False
2021_Ref_Plot2_C16::35,2021_Ref_Plot2_C16,Field2,test,8,5,0.1161802686883504,11.721400645762913,0.020591010399708655,344,False
2021_Ref_Plot2_C16::44,2021_Ref_Plot2_C16,Field2,test,9,6,0.09177075512698528,10.806212157358498,0.015919878630768172,344,False
2021_Ref_Plot2_C16::50,2021_Ref_Plot2_C16,Field2,test,6,7,0.07188417189274447,9.312153468906663,0.021144724323780825,344,False
2021_Ref_Plot2_C16::57,2021_Ref_Plot2_C16,Field2,test,7,8,0.08713339826962836,11.248015896551038,0.006865148647571516,341,False
2021_Ref_Plot2_C16::65,2021_Ref_Plot2_C16,Field2,test,8,9,0.06843349632233588,10.235133977545239,0.00837577845718566,341,False
2021_Ref_Plot2_C16::69,2021_Ref_Plot2_C16,Field2,test,4,10,0.10997257743955859,11.819922651847563,0.024511553551666197,344,False
2021_Ref_Plot2_C16::71,2021_Ref_Plot2_C16,Field2,test,2,11,0.09681741758278926,8.74543674041099,0.012288791487354686,344,False
2021_Ref_Plot2_C16::76,2021_Ref_Plot2_C16,Field2,test,5,12,0.1587935150218979,11.198218936734234,0.02177007394812535,340,False
2021_Ref_Plot2_C16::80,2021_Ref_Plot2_C16,Field2,test,4,13,0.08152219193334435,8.928857308273926,0.01875044940864593,340,False
2021_Ref_Plot2_C16::85,2021_Ref_Plot2_C16,Field2,test,5,14,0.07154320120386733,9.044623879426867,0.017451960210713817,344,False
2021_Ref_Plot2_C18::8,2021_Ref_Plot2_C18,Field2,test,7,1,0.6733337901081494,26.658704904374364,0.10560616861261325,344,False
2021_Ref_Plot2_C18::16,2021_Ref_Plot2_C18,Field2,test,8,2,0.749949999270599,29.481447078179013,0.17371659431837588,344,False
2021_Ref_Plot2_C18::22,2021_Ref_Plot2_C18,Field2,test,6,3,0.25381290805630136,16.349279856182672,0.02382808744317142,344,False
2021_Ref_Plot2_C18::27,2021_Ref_Plot2_C18,Field2,test,5,4,0.2452942245792541,16.235054461652282,0.02879614686100133,344,False
2021_Ref_Plot2_C18::35,2021_Ref_Plot2_C18,Field2,test,8,5,0.14742443029706345,12.96928114134915,0.04539070036950845,344,False
2021_Ref_Plot2_C18::44,2021_Ref_Plot2_C18,Field2,test,9,6,0.09037770261820917,10.878691637385172,0.01889646594061976,344,False
2021_Ref_Plot2_C18::50,2021_Ref_Plot2_C18,Field2,test,6,7,0.06819747920202975,9.460110967965726,0.020799873840987432,344,False
2021_Ref_Plot2_C18::57,2021_Ref_Plot2_C18,Field2,test,7,8,0.07919578884419139,11.647855670406521,0.016023161578203254,341,False
2021_Ref_Plot2_C18::65,2021_Ref_Plot2_C18,Field2,test,8,9,0.06148251016579586,10.159348155300501,0.011077080147868665,341,False
2021_Ref_Plot2_C18::69,2021_Ref_Plot2_C18,Field2,test,4,10,0.10263921401608468,12.278000166755227,0.019921269190663893,344,False
2021_Ref_Plot2_C18::71,2021_Ref_Plot2_C18,Field2,test,2,11,0.08085377795069705,9.029308955643195,0.01201472491633592,344,False
2021_Ref_Plot2_C18::76,2021_Ref_Plot2_C18,Field2,test,5,12,0.1511500589043299,12.663722802202887,0.015355263010804044,340,False
2021_Ref_Plot2_C18::80,2021_Ref_Plot2_C18,Field2,test,4,13,0.09761416973327985,9.115917578724178,0.016286184697225616,340,False
2021_Ref_Plot2_C18::85,2021_Ref_Plot2_C18,Field2,test,5,14,0.08213997446026844,9.240232373322431,0.009561584985970834,344,False
2021_Ref_Plot2_C2::8,2021_Ref_Plot2_C2,Field2,test,7,1,0.6608091077421582,25.09523089364626,0.10702813634196719,344,False
2021_Ref_Plot2_C2::16,2021_Ref_Plot2_C2,Field2,test,8,2,0.7101075390962999,28.619911638502206,0.1408959901468982,344,False
2021_Ref_Plot2_C2::22,2021_Ref_Plot2_C2,Field2,test,6,3,0.2631336978166178,16.528707172524893,0.032795167817874636,344,False
2021_Ref_Plot2_C2::27,2021_Ref_Plot2_C2,Field2,test,5,4,0.33346391222009025,17.7740499740028,0.04903272796443001,344,False
2021_Ref_Plot2_C2::35,2021_Ref_Plot2_C2,Field2,test,8,5,0.13287450542935794,13.376283284204188,0.02866580175342841,344,False
2021_Ref_Plot2_C2::44,2021_Ref_Plot2_C2,Field2,test,9,6,0.10408058673204146,13.201265348645798,0.016580126671611954,344,False
2021_Ref_Plot2_C2::50,2021_Ref_Plot2_C2,Field2,test,6,7,0.07774694827930811,9.664679550110261,0.028758147247146256,344,False
2021_Ref_Plot2_C2::57,2021_Ref_Plot2_C2,Field2,test,7,8,0.10352401317999532,11.362089692212967,0.01965448209031564,341,False
2021_Ref_Plot2_C2::65,2021_Ref_Plot2_C2,Field2,test,8,9,0.08273983059121597,9.643634141257866,0.01709112518613451,341,False
2021_Ref_Plot2_C2::69,2021_Ref_Plot2_C2,Field2,test,4,10,0.10220417594118758,11.768719337994453,0.02659983282967792,344,False
2021_Ref_Plot2_C2::71,2021_Ref_Plot2_C2,Field2,test,2,11,0.08942142361395229,8.41399294931406,0.014379768485479824,344,False
2021_Ref_Plot2_C2::76,2021_Ref_Plot2_C2,Field2,test,5,12,0.20720424196318168,14.55992670145366,0.025209930760769494,340,False
2021_Ref_Plot2_C2::80,2021_Ref_Plot2_C2,Field2,test,4,13,0.10170017470611585,9.077163360490125,0.01962234929238063,340,False
2021_Ref_Plot2_C2::85,2021_Ref_Plot2_C2,Field2,test,5,14,0.07014612479667834,9.732142710431397,0.01513187553825949,344,False
2021_Ref_Plot2_C3::8,2021_Ref_Plot2_C3,Field2,test,7,1,0.6645229467193897,25.72408038973409,0.11433532157992728,344,False
2021_Ref_Plot2_C3::16,2021_Ref_Plot2_C3,Field2,test,8,2,0.7335483856278632,29.36024949136135,0.15518208069010517,344,False
2021_Ref_Plot2_C3::22,2021_Ref_Plot2_C3,Field2,test,6,3,0.23949915695244792,15.129497429705784,0.033045581421563414,344,False
2021_Ref_Plot2_C3::27,2021_Ref_Plot2_C3,Field2,test,5,4,0.31577777242269445,17.62939426141842,0.03302229140249464,344,False
2021_Ref_Plot2_C3::35,2021_Ref_Plot2_C3,Field2,test,8,5,0.13925273947444836,13.162618526733976,0.024224976574191454,344,False
2021_Ref_Plot2_C3::44,2021_Ref_Plot2_C3,Field2,test,9,6,0.1147118928005512,13.472344517204744,0.01553458396774389,344,False
2021_Ref_Plot2_C3::50,2021_Ref_Plot2_C3,Field2,test,6,7,0.06953446805626538,9.76081402387445,0.025520358920758872,344,False
2021_Ref_Plot2_C3::57,2021_Ref_Plot2_C3,Field2,test,7,8,0.10099123496145036,11.575650609025953,0.019431794188912086,341,False
2021_Ref_Plot2_C3::65,2021_Ref_Plot2_C3,Field2,test,8,9,0.07766470333190648,9.516602925361155,0.011816067597291405,341,False
2021_Ref_Plot2_C3::69,2021_Ref_Plot2_C3,Field2,test,4,10,0.10131557685442867,12.023175041435035,0.020484925177027023,344,False
2021_Ref_Plot2_C3::71,2021_Ref_Plot2_C3,Field2,test,2,11,0.06440806048196064,9.728621384434183,0.0166810730876281,344,False
2021_Ref_Plot2_C3::76,2021_Ref_Plot2_C3,Field2,test,5,12,0.15636197748039837,13.947739848096885,0.01688942108717825,340,False
2021_Ref_Plot2_C3::80,2021_Ref_Plot2_C3,Field2,test,4,13,0.06834715789940578,9.546252917761798,0.01134999537373645,340,False
2021_Ref_Plot2_C3::85,2021_Ref_Plot2_C3,Field2,test,5,14,0.07176765398762112,9.81065094457485,0.011642160514621852,344,False
2021_Ref_Plot2_D12::8,2021_Ref_Plot2_D12,Field2,test,7,1,0.6810947829233468,26.535710902872204,0.11696277083483975,344,False
2021_Ref_Plot2_D12::16,2021_Ref_Plot2_D12,Field2,test,8,2,0.7280486592404961,29.038989404333787,0.15922710827089784,344,False
2021_Ref_Plot2_D12::22,2021_Ref_Plot2_D12,Field2,test,6,3,0.1703434879410318,15.477544641622941,0.024300052488612466,344,False
2021_Ref_Plot2_D12::27,2021_Ref_Plot2_D12,Field2,test,5,4,0.19655940034495642,15.89968849793488,0.027970344956738506,344,False
2021_Ref_Plot2_D12::35,2021_Ref_Plot2_D12,Field2,test,8,5,0.11439290552597424,12.496572820222232,0.03752479378799417,344,False
2021_Ref_Plot2_D12::44,2021_Ref_Plot2_D12,Field2,test,9,6,0.08230872642545224,11.310875325825474,0.011941273756020809,344,False
2021_Ref_Plot2_D12::50,2021_Ref_Plot2_D12,Field2,test,6,7,0.05812603101124014,9.560568225181942,0.018419999660843806,344,False
2021_Ref_Plot2_D12::57,2021_Ref_Plot2_D12,Field2,test,7,8,0.07397655111319512,11.74658216573123,0.015192143208649667,341,False
2021_Ref_Plot2_D12::65,2021_Ref_Plot2_D12,Field2,test,8,9,0.0514406158506853,9.881940170685942,0.01217530164697122,341,False
2021_Ref_Plot2_D12::69,2021_Ref_Plot2_D12,Field2,test,4,10,0.08797993973134517,12.960748027770514,0.014093139159202529,344,False
2021_Ref_Plot2_D12::71,2021_Ref_Plot2_D12,Field2,test,2,11,0.07151968566403376,9.533681257415706,0.012641584576809459,344,False
2021_Ref_Plot2_D12::76,2021_Ref_Plot2_D12,Field2,test,5,12,0.11225953770049808,12.457717263754242,0.01973180970512768,340,False
2021_Ref_Plot2_D12::80,2021_Ref_Plot2_D12,Field2,test,4,13,0.04840488489176781,10.086823294278727,0.009385881659205663,340,False
2021_Ref_Plot2_D12::85,2021_Ref_Plot2_D12,Field2,test,5,14,0.03684765256675173,10.554128587715681,0.013709969656066297,344,False
2021_Ref_Plot2_D5::8,2021_Ref_Plot2_D5,Field2,test,7,1,0.6955692076175333,27.295811419375163,0.1275606587767686,344,False
2021_Ref_Plot2_D5::16,2021_Ref_Plot2_D5,Field2,test,8,2,0.7513207027911338,29.91925187722486,0.17467708022138187,344,False
2021_Ref_Plot2_D5::22,2021_Ref_Plot2_D5,Field2,test,6,3,0.17813298578430758,15.728461728656685,0.01730946542190677,344,False
2021_Ref_Plot2_D5::27,2021_Ref_Plot2_D5,Field2,test,5,4,0.20697067043141837,16.036250216939255,0.02895832964710933,344,False
2021_Ref_Plot2_D5::35,2021_Ref_Plot2_D5,Field2,test,8,5,0.11442927198861787,12.769903393865302,0.033523772227545844,344,False
2021_Ref_Plot2_D5::44,2021_Ref_Plot2_D5,Field2,test,9,6,0.08898608060328654,11.817714765973378,0.017131431628661233,344,False
2021_Ref_Plot2_D5::50,2021_Ref_Plot2_D5,Field2,test,6,7,0.046562872953574114,9.807090031691558,0.012691427606484083,344,False
2021_Ref_Plot2_D5::57,2021_Ref_Plot2_D5,Field2,test,7,8,0.0803102460823747,11.366007749942353,0.01314936622625737,341,False
2021_Ref_Plot2_D5::65,2021_Ref_Plot2_D5,Field2,test,8,9,0.06380718238610461,9.339848694637615,0.0053762829808019505,341,False
2021_Ref_Plot2_D5::69,2021_Ref_Plot2_D5,Field2,test,4,10,0.09923442655340509,12.355329414810916,0.01762754890424745,344,False
2021_Ref_Plot2_D5::71,2021_Ref_Plot2_D5,Field2,test,2,11,0.06015702602295612,10.13671612540563,0.011969766507023043,344,False
2021_Ref_Plot2_D5::76,2021_Ref_Plot2_D5,Field2,test,5,12,0.14620859887155938,13.647262944608642,0.01868413032716027,340,False
2021_Ref_Plot2_D5::80,2021_Ref_Plot2_D5,Field2,test,4,13,0.0470770912044727,9.664959843924704,0.011313155136233832,340,False
2021_Ref_Plot2_D5::85,2021_Ref_Plot2_D5,Field2,test,5,14,0.04065902321555509,9.881058793661468,0.004559852500890262,344,False
2021_Ref_Plot2_E1::8,2021_Ref_Plot2_E1,Field2,test,7,1,0.6369405524993584,25.441768928845363,0.1071634242154858,344,False
2021_Ref_Plot2_E1::16,2021_Ref_Plot2_E1,Field2,test,8,2,0.6884414009386871,28.06131167819192,0.14929991958011715,344,False
2021_Ref_Plot2_E1::22,2021_Ref_Plot2_E1,Field2,test,6,3,0.18297202277471802,15.1781167713327,0.020416372500825695,344,False
2021_Ref_Plot2_E1::27,2021_Ref_Plot2_E1,Field2,test,5,4,0.16946788445603422,14.767163832427723,0.018424276862161096,344,False
2021_Ref_Plot2_E1::35,2021_Ref_Plot2_E1,Field2,test,8,5,0.09716197714345687,12.344140191363024,0.02104948887755031,344,False
2021_Ref_Plot2_E1::44,2021_Ref_Plot2_E1,Field2,test,9,6,0.10631647948032479,12.258460803254458,0.016031062912570403,344,False
2021_Ref_Plot2_E1::50,2021_Ref_Plot2_E1,Field2,test,6,7,0.05767969383275989,10.006261226813768,0.011984214422322646,344,False
2021_Ref_Plot2_E1::57,2021_Ref_Plot2_E1,Field2,test,7,8,0.07728119695012305,11.663904099960705,0.016202288032424503,341,False
2021_Ref_Plot2_E1::65,2021_Ref_Plot2_E1,Field2,test,8,9,0.04526485831452457,10.047577091575246,0.0036786248874347274,341,False
2021_Ref_Plot2_E1::69,2021_Ref_Plot2_E1,Field2,test,4,10,0.08198844160404353,12.611266993545431,0.010703454607774393,344,False
2021_Ref_Plot2_E1::71,2021_Ref_Plot2_E1,Field2,test,2,11,0.0644582887200853,9.012380468889482,0.017870633047512904,344,False
2021_Ref_Plot2_E1::76,2021_Ref_Plot2_E1,Field2,test,5,12,0.14245041559442534,14.238383173878917,0.020620264695191133,340,False
2021_Ref_Plot2_E1::80,2021_Ref_Plot2_E1,Field2,test,4,13,0.05376738157115449,10.560637025158513,0.008199341336830729,340,False
2021_Ref_Plot2_E1::85,2021_Ref_Plot2_E1,Field2,test,5,14,0.03439435054139739,10.890434846974022,0.010745029803661089,344,False
2021_Ref_Plot2_E18::8,2021_Ref_Plot2_E18,Field2,test,7,1,0.6302026077538551,25.60476653332742,0.0690018768613514,344,False
2021_Ref_Plot2_E18::16,2021_Ref_Plot2_E18,Field2,test,8,2,0.7109541133539409,27.609116610097033,0.13978756261896688,344,False
2021_Ref_Plot2_E18::22,2021_Ref_Plot2_E18,Field2,test,6,3,0.22044125503928624,15.109828922409651,0.010911010225821775,344,False
2021_Ref_Plot2_E18::27,2021_Ref_Plot2_E18,Field2,test,5,4,0.2050893004983428,15.238715774262639,0.02390990691848894,344,False
2021_Ref_Plot2_E18::35,2021_Ref_Plot2_E18,Field2,test,8,5,0.11027823869985183,12.855084874425557,0.018362697993936913,344,False
2021_Ref_Plot2_E18::44,2021_Ref_Plot2_E18,Field2,test,9,6,0.0789246203721231,12.243093357242241,0.012698389175291537,344,False
2021_Ref_Plot2_E18::50,2021_Ref_Plot2_E18,Field2,test,6,7,0.04744826238976754,10.221982744452502,0.012125273614640324,344,False
2021_Ref_Plot2_E18::57,2021_Ref_Plot2_E18,Field2,test,7,8,0.05734239076917887,11.765565735940342,0.007567687793078704,341,False
2021_Ref_Plot2_E18::65,2021_Ref_Plot2_E18,Field2,test,8,9,0.05590498885620118,10.183628926080159,0.014363131146730492,341,False
2021_Ref_Plot2_E18::69,2021_Ref_Plot2_E18,Field2,test,4,10,0.08986854889944766,12.674267389433236,0.015261429235725708,344,False
2021_Ref_Plot2_E18::71,2021_Ref_Plot2_E18,Field2,test,2,11,0.062064664381308615,9.723892982617523,0.020260524508776967,344,False
2021_Ref_Plot2_E18::76,2021_Ref_Plot2_E18,Field2,test,5,12,0.09492817586761115,11.973040176591534,0.01191402639263718,340,False
2021_Ref_Plot2_E18::80,2021_Ref_Plot2_E18,Field2,test,4,13,0.03869255717195481,10.19513238720926,0.008528114088394195,340,False
2021_Ref_Plot2_E18::85,2021_Ref_Plot2_E18,Field2,test,5,14,0.0387090542056849,10.748131564391183,0.007663349140464216,344,False
2021_Ref_Plot2_E7::8,2021_Ref_Plot2_E7,Field2,test,7,1,0.6283707251769508,25.688643393789803,0.09795436885412938,344,False
2021_Ref_Plot2_E7::16,2021_Ref_Plot2_E7,Field2,test,8,2,0.6661998464244611,27.005644383568644,0.13449896117187207,344,False
2021_Ref_Plot2_E7::22,2021_Ref_Plot2_E7,Field2,test,6,3,0.15583080507860989,14.20594384506442,0.019878218728141845,344,False
2021_Ref_Plot2_E7::27,2021_Ref_Plot2_E7,Field2,test,5,4,0.15643913837762102,15.439011868373358,0.021814974983836985,344,False
2021_Ref_Plot2_E7::35,2021_Ref_Plot2_E7,Field2,test,8,5,0.09249078862724468,12.47730426318692,0.009233675122340274,344,False
2021_Ref_Plot2_E7::44,2021_Ref_Plot2_E7,Field2,test,9,6,0.0880204327087536,11.798813773461085,0.008492370931475346,344,False
2021_Ref_Plot2_E7::50,2021_Ref_Plot2_E7,Field2,test,6,7,0.039132234882191745,10.353837452687563,0.009904382598385315,344,False
2021_Ref_Plot2_E7::57,2021_Ref_Plot2_E7,Field2,test,7,8,0.068203156722502,11.820723919648302,0.009687239514271823,341,False
2021_Ref_Plot2_E7::65,2021_Ref_Plot2_E7,Field2,test,8,9,0.05212019378706167,9.741604522957331,0.011271472721112459,341,False
2021_Ref_Plot2_E7::69,2021_Ref_Plot2_E7,Field2,test,4,10,0.0806654795288118,12.631782476668942,0.014532867100289266,344,False
2021_Ref_Plot2_E7::71,2021_Ref_Plot2_E7,Field2,test,2,11,0.05788971548933112,10.189196408679614,0.013965605848852494,344,False
2021_Ref_Plot2_E7::76,2021_Ref_Plot2_E7,Field2,test,5,12,0.10547861683047521,13.45080457697366,0.014504085376827017,340,False
2021_Ref_Plot2_E7::80,2021_Ref_Plot2_E7,Field2,test,4,13,0.038789235663423766,10.70240438384153,0.004339384598639289,340,False
2021_Ref_Plot2_E7::85,2021_Ref_Plot2_E7,Field2,test,5,14,0.03939548380090472,10.83211005308807,0.010124039199056347,344,False
2021_Ref_Plot3_A6::8,2021_Ref_Plot3_A6,Field2,test,7,1,0.6934464571790504,26.63526574570366,0.10397927078380859,344,False
2021_Ref_Plot3_A6::16,2021_Ref_Plot3_A6,Field2,test,8,2,0.7582833184123619,29.51804767349597,0.16771875499309274,344,False
2021_Ref_Plot3_A6::22,2021_Ref_Plot3_A6,Field2,test,6,3,0.2271806643065538,15.365911048126515,0.031147494433015906,344,False
2021_Ref_Plot3_A6::27,2021_Ref_Plot3_A6,Field2,test,5,4,0.22701357383846335,15.81150140538636,0.022609926344144847,344,False
2021_Ref_Plot3_A6::35,2021_Ref_Plot3_A6,Field2,test,8,5,0.14380269420759784,13.168158153809973,0.028597127163502576,344,False
2021_Ref_Plot3_A6::44,2021_Ref_Plot3_A6,Field2,test,9,6,0.10003544231599189,9.713655635874325,0.011873260178206616,344,False
2021_Ref_Plot3_A6::50,2021_Ref_Plot3_A6,Field2,test,6,7,0.0690866364223283,9.57398338576369,0.02727409615662872,344,False
2021_Ref_Plot3_A6::57,2021_Ref_Plot3_A6,Field2,test,7,8,0.10109750339339435,9.99899381332601,0.012125701590378317,341,False
2021_Ref_Plot3_A6::65,2021_Ref_Plot3_A6,Field2,test,8,9,0.08633868034713937,11.542135168836332,0.01277191101999464,341,False
2021_Ref_Plot3_A6::69,2021_Ref_Plot3_A6,Field2,test,4,10,0.1309446695505312,11.86701249022185,0.028153157896969042,344,False
2021_Ref_Plot3_A6::71,2021_Ref_Plot3_A6,Field2,test,2,11,0.05857417017348032,10.297174851842092,0.021589965408568345,344,False
2021_Ref_Plot3_A6::76,2021_Ref_Plot3_A6,Field2,test,5,12,0.16603994523597762,13.415952087622445,0.02293848285711181,340,False
2021_Ref_Plot3_A6::80,2021_Ref_Plot3_A6,Field2,test,4,13,0.08711596138886507,9.031432764888562,0.021272216565573262,340,False
2021_Ref_Plot3_A6::85,2021_Ref_Plot3_A6,Field2,test,5,14,0.07977342300021964,9.55223696038041,0.009157747498761191,344,False
2021_Ref_Plot3_A7::8,2021_Ref_Plot3_A7,Field2,test,7,1,0.69222098594417,26.275823783335813,0.09356070065613924,344,False
2021_Ref_Plot3_A7::16,2021_Ref_Plot3_A7,Field2,test,8,2,0.762258347293819,29.554917954105207,0.1639101620852999,344,False
2021_Ref_Plot3_A7::22,2021_Ref_Plot3_A7,Field2,test,6,3,0.23800736850305068,15.783679933516034,0.028078480126149278,344,False
2021_Ref_Plot3_A7::27,2021_Ref_Plot3_A7,Field2,test,5,4,0.27547593795972,16.201534761284893,0.04925015539760265,344,False
2021_Ref_Plot3_A7::35,2021_Ref_Plot3_A7,Field2,test,8,5,0.1296852148022518,12.695903914752096,0.034489788846410276,344,False
2021_Ref_Plot3_A7::44,2021_Ref_Plot3_A7,Field2,test,9,6,0.11216907155995572,9.36978521060754,0.01848121015904104,344,False
2021_Ref_Plot3_A7::50,2021_Ref_Plot3_A7,Field2,test,6,7,0.06863552621839011,9.604664218173966,0.020493205578100537,344,False
2021_Ref_Plot3_A7::57,2021_Ref_Plot3_A7,Field2,test,7,8,0.0929520741138961,10.329005439682742,0.01762689592357201,341,False
2021_Ref_Plot3_A7::65,2021_Ref_Plot3_A7,Field2,test,8,9,0.07760019530806571,11.390522241461182,0.020090627012602797,341,False
2021_Ref_Plot3_A7::69,2021_Ref_Plot3_A7,Field2,test,4,10,0.11470968631835898,12.04674816432667,0.017970232952795186,344,False
2021_Ref_Plot3_A7::71,2021_Ref_Plot3_A7,Field2,test,2,11,0.05692087733076942,10.242854149573361,0.020213610391644828,344,False
2021_Ref_Plot3_A7::76,2021_Ref_Plot3_A7,Field2,test,5,12,0.13594300550294336,11.999148621513708,0.016971009225970106,340,False
2021_Ref_Plot3_A7::80,2021_Ref_Plot3_A7,Field2,test,4,13,0.07324227031588904,9.319155508931638,0.010063746231814644,340,False
2021_Ref_Plot3_A7::85,2021_Ref_Plot3_A7,Field2,test,5,14,0.05606336485033218,9.514050251384662,0.0090990550196634,344,False
2021_Ref_Plot3_B1::8,2021_Ref_Plot3_B1,Field2,test,7,1,0.6678324642616477,25.92115412791244,0.08542636888949588,344,False
2021_Ref_Plot3_B1::16,2021_Ref_Plot3_B1,Field2,test,8,2,0.7642226705261943,29.927112684812368,0.17705672249454624,344,False
2021_Ref_Plot3_B1::22,2021_Ref_Plot3_B1,Field2,test,6,3,0.22680142593304323,16.268272730912944,0.023343471485206012,344,False
2021_Ref_Plot3_B1::27,2021_Ref_Plot3_B1,Field2,test,5,4,0.2618513556732024,16.68528306521601,0.023549161458787025,344,False
2021_Ref_Plot3_B1::35,2021_Ref_Plot3_B1,Field2,test,8,5,0.15610641129127337,13.23230023393668,0.03352863717566778,344,False
2021_Ref_Plot3_B1::44,2021_Ref_Plot3_B1,Field2,test,9,6,0.12758614148327876,8.931435571414783,0.021262587161574576,344,False
2021_Ref_Plot3_B1::50,2021_Ref_Plot3_B1,Field2,test,6,7,0.07226290833986661,9.422387573518812,0.023198642347196895,344,False
2021_Ref_Plot3_B1::57,2021_Ref_Plot3_B1,Field2,test,7,8,0.1066420783102507,10.935053170855625,0.011885416313824032,341,False
2021_Ref_Plot3_B1::65,2021_Ref_Plot3_B1,Field2,test,8,9,0.08546377709183091,10.389138001976699,0.013696609177438077,341,False
2021_Ref_Plot3_B1::69,2021_Ref_Plot3_B1,Field2,test,4,10,0.11088363566995203,11.618033305376764,0.01921802892844279,344,False
2021_Ref_Plot3_B1::71,2021_Ref_Plot3_B1,Field2,test,2,11,0.05934846712972348,10.229685376648604,0.026233522362261143,344,False
2021_Ref_Plot3_B1::76,2021_Ref_Plot3_B1,Field2,test,5,12,0.13975580496051473,11.841940222309681,0.013017964198389693,340,False
2021_Ref_Plot3_B1::80,2021_Ref_Plot3_B1,Field2,test,4,13,0.09427436292707043,9.158482917236368,0.011198204225788903,340,False
2021_Ref_Plot3_B1::85,2021_Ref_Plot3_B1,Field2,test,5,14,0.06939001999688311,9.731166697234233,0.009106712856173413,344,False
2021_Ref_Plot3_B10::8,2021_Ref_Plot3_B10,Field2,test,7,1,0.707939527644664,26.932633649966387,0.10142682508287212,344,False
2021_Ref_Plot3_B10::16,2021_Ref_Plot3_B10,Field2,test,8,2,0.77940292594521,30.212430047575314,0.19998759711370576,344,False
2021_Ref_Plot3_B10::22,2021_Ref_Plot3_B10,Field2,test,6,3,0.21873478164275528,16.022777782215467,0.03405466607260865,344,False
2021_Ref_Plot3_B10::27,2021_Ref_Plot3_B10,Field2,test,5,4,0.2850393850593888,16.558010079083335,0.03063186605233386,344,False
2021_Ref_Plot3_B10::35,2021_Ref_Plot3_B10,Field2,test,8,5,0.1725645947768637,13.727380580789418,0.0278358977415159,344,False
2021_Ref_Plot3_B10::44,2021_Ref_Plot3_B10,Field2,test,9,6,0.15415655465485897,8.799042523470455,0.03205186991584898,344,False
2021_Ref_Plot3_B10::50,2021_Ref_Plot3_B10,Field2,test,6,7,0.07938111110731055,9.661738350219695,0.026986147474610978,344,False
2021_Ref_Plot3_B10::57,2021_Ref_Plot3_B10,Field2,test,7,8,0.09543092712564467,10.272102930046326,0.02202503561617512,341,False
2021_Ref_Plot3_B10::65,2021_Ref_Plot3_B10,Field2,test,8,9,0.08680158812584278,10.965770928051482,0.021874801824808485,341,False
2021_Ref_Plot3_B10::69,2021_Ref_Plot3_B10,Field2,test,4,10,0.10074826924530218,11.621023297786587,0.018818450536093725,344,False
2021_Ref_Plot3_B10::71,2021_Ref_Plot3_B10,Field2,test,2,11,0.07242956014521146,9.836166757912734,0.0189833363056052,344,False
2021_Ref_Plot3_B10::76,2021_Ref_Plot3_B10,Field2,test,5,12,0.11418564915746704,12.681460776907517,0.016338475638269456,340,False
2021_Ref_Plot3_B10::80,2021_Ref_Plot3_B10,Field2,test,4,13,0.0825099633017702,9.42475786483966,0.02174708285687321,340,False
2021_Ref_Plot3_B10::85,2021_Ref_Plot3_B10,Field2,test,5,14,0.06602222614130124,9.637825177380002,0.009079961001590375,344,False
2021_Ref_Plot3_B12::8,2021_Ref_Plot3_B12,Field2,test,7,1,0.7087059162272165,27.462223416673396,0.10205872407602362,344,False
2021_Ref_Plot3_B12::16,2021_Ref_Plot3_B12,Field2,test,8,2,0.7855722728581144,30.746142219622897,0.19649971005577035,344,False
2021_Ref_Plot3_B12::22,2021_Ref_Plot3_B12,Field2,test,6,3,0.21584892797405844,16.035841567768465,0.02110330739997243,344,False
2021_Ref_Plot3_B12::27,2021_Ref_Plot3_B12,Field2,test,5,4,0.2564391962657791,16.42636726957131,0.02366239914167943,344,False
2021_Ref_Plot3_B12::35,2021_Ref_Plot3_B12,Field2,test,8,5,0.1511258671274075,13.169942595551884,0.03907562474287319,344,False
2021_Ref_Plot3_B12::44,2021_Ref_Plot3_B12,Field2,test,9,6,0.130527825961014,8.702980295076053,0.017462122463836428,344,False
2021_Ref_Plot3_B12::50,2021_Ref_Plot3_B12,Field2,test,6,7,0.08486887110064804,9.490874376188655,0.011323359062020115,344,False
2021_Ref_Plot3_B12::57,2021_Ref_Plot3_B12,Field2,test,7,8,0.08291248394120643,10.117656636900168,0.02022150864796791,341,False
2021_Ref_Plot3_B12::65,2021_Ref_Plot3_B12,Field2,test,8,9,0.07820088283441265,10.790330468923742,0.010711821569283107,341,False
2021_Ref_Plot3_B12::69,2021_Ref_Plot3_B12,Field2,test,4,10,0.10053503353346897,11.624283936956601,0.01951497170901086,344,False
2021_Ref_Plot3_B12::71,2021_Ref_Plot3_B12,Field2,test,2,11,0.06761074811289931,10.097750986018294,0.013938080357771759,344,False
2021_Ref_Plot3_B12::76,2021_Ref_Plot3_B12,Field2,test,5,12,0.12177406833944009,12.590488826979499,0.016200502389819568,340,False
2021_Ref_Plot3_B12::80,2021_Ref_Plot3_B12,Field2,test,4,13,0.056608322747860214,9.48442673727295,0.015717233455585015,340,False
2021_Ref_Plot3_B12::85,2021_Ref_Plot3_B12,Field2,test,5,14,0.0661756852389412,9.96333727520838,0.01136314896446029,344,False
2021_Ref_Plot3_B17::8,2021_Ref_Plot3_B17,Field2,test,7,1,0.7049961263404199,27.85571821752759,0.09780401437695048,344,False
2021_Ref_Plot3_B17::16,2021_Ref_Plot3_B17,Field2,test,8,2,0.7814488552212732,30.461293888821924,0.19100553760812677,344,False
2021_Ref_Plot3_B17::22,2021_Ref_Plot3_B17,Field2,test,6,3,0.21088642096290863,14.921758839673378,0.015694165754140676,344,False
2021_Ref_Plot3_B17::27,2021_Ref_Plot3_B17,Field2,test,5,4,0.21462659929135972,14.391379893308072,0.021114822603705955,344,False
2021_Ref_Plot3_B17::35,2021_Ref_Plot3_B17,Field2,test,8,5,0.12822227337253223,12.953736076533119,0.02575520471333538,344,False
2021_Ref_Plot3_B17::44,2021_Ref_Plot3_B17,Field2,test,9,6,0.11500620834100272,8.905823265797437,0.017738462694479627,344,False
2021_Ref_Plot3_B17::50,2021_Ref_Plot3_B17,Field2,test,6,7,0.07281068685029886,9.336422119420865,0.010653528158032619,344,False
2021_Ref_Plot3_B17::57,2021_Ref_Plot3_B17,Field2,test,7,8,0.07935771058776504,9.924752263779979,0.01756103740299279,341,False
2021_Ref_Plot3_B17::65,2021_Ref_Plot3_B17,Field2,test,8,9,0.07491363793114474,10.60868624407393,0.02373826141742133,341,False
2021_Ref_Plot3_B17::69,2021_Ref_Plot3_B17,Field2,test,4,10,0.09665154269956087,11.17885303761125,0.02403146098895722,344,False
2021_Ref_Plot3_B17::71,2021_Ref_Plot3_B17,Field2,test,2,11,0.07192885500439622,9.644852533030468,0.01514645776619308,344,False
2021_Ref_Plot3_B17::76,2021_Ref_Plot3_B17,Field2,test,5,12,0.11712173041000745,10.722112123867177,0.018401777740446913,340,False
2021_Ref_Plot3_B17::80,2021_Ref_Plot3_B17,Field2,test,4,13,0.05732692807313242,9.290190112471702,0.00842670298610794,340,False
2021_Ref_Plot3_B17::85,2021_Ref_Plot3_B17,Field2,test,5,14,0.06123909190535031,9.45919309259484,0.013237156588766326,344,False
2021_Ref_Plot3_B3::8,2021_Ref_Plot3_B3,Field2,test,7,1,0.6819151280043201,26.641072147235413,0.08695791639182754,344,False
2021_Ref_Plot3_B3::16,2021_Ref_Plot3_B3,Field2,test,8,2,0.7775837398330565,29.979045343410316,0.1868710594653084,344,False
2021_Ref_Plot3_B3::22,2021_Ref_Plot3_B3,Field2,test,6,3,0.223779920140454,16.353857563246642,0.01798485726799951,344,False
2021_Ref_Plot3_B3::27,2021_Ref_Plot3_B3,Field2,test,5,4,0.2600676642710339,16.818205472218672,0.029103062670401327,344,False
2021_Ref_Plot3_B3::35,2021_Ref_Plot3_B3,Field2,test,8,5,0.16914428879668156,13.928062039229307,0.035201461635427,344,False
2021_Ref_Plot3_B3::44,2021_Ref_Plot3_B3,Field2,test,9,6,0.11565338611823393,9.495929410836832,0.019372126134941575,344,False
2021_Ref_Plot3_B3::50,2021_Ref_Plot3_B3,Field2,test,6,7,0.07504023675602058,9.623438618659304,0.02709394995246097,344,False
2021_Ref_Plot3_B3::57,2021_Ref_Plot3_B3,Field2,test,7,8,0.09255309167440608,10.816552217742396,0.02502296440537802,341,False
2021_Ref_Plot3_B3::65,2021_Ref_Plot3_B3,Field2,test,8,9,0.08451511584181547,11.181986305193554,0.022194761031310656,341,False
2021_Ref_Plot3_B3::69,2021_Ref_Plot3_B3,Field2,test,4,10,0.11886533890241402,11.664953178598832,0.028218126576311064,344,False
2021_Ref_Plot3_B3::71,2021_Ref_Plot3_B3,Field2,test,2,11,0.08825191249052285,9.644429942307628,0.02129343332137581,344,False
2021_Ref_Plot3_B3::76,2021_Ref_Plot3_B3,Field2,test,5,12,0.1749352570903625,11.85137143106634,0.017799073478798746,340,False
2021_Ref_Plot3_B3::80,2021_Ref_Plot3_B3,Field2,test,4,13,0.09630087808268477,9.122512516345022,0.01568953681652654,340,False
2021_Ref_Plot3_B3::85,2021_Ref_Plot3_B3,Field2,test,5,14,0.0679869771926504,9.393907172346136,0.007055385518988791,344,False
2021_Ref_Plot3_B6::8,2021_Ref_Plot3_B6,Field2,test,7,1,0.6947749344104626,26.506181212938763,0.10380351042141385,344,False
2021_Ref_Plot3_B6::16,2021_Ref_Plot3_B6,Field2,test,8,2,0.7799006871800162,30.172058924064235,0.18459991839761575,344,False
2021_Ref_Plot3_B6::22,2021_Ref_Plot3_B6,Field2,test,6,3,0.24043704412306646,16.538199922585736,0.033106545999825834,344,False
2021_Ref_Plot3_B6::27,2021_Ref_Plot3_B6,Field2,test,5,4,0.2643620923333944,16.559437651006174,0.029006360711947413,344,False
2021_Ref_Plot3_B6::35,2021_Ref_Plot3_B6,Field2,test,8,5,0.16445221836735333,13.532052296443736,0.032323547992780206,344,False
2021_Ref_Plot3_B6::44,2021_Ref_Plot3_B6,Field2,test,9,6,0.12214563297698787,8.888613014134014,0.021512345318897355,344,False
2021_Ref_Plot3_B6::50,2021_Ref_Plot3_B6,Field2,test,6,7,0.07172460576551502,9.203810458979971,0.02660710622646391,344,False
2021_Ref_Plot3_B6::57,2021_Ref_Plot3_B6,Field2,test,7,8,0.0995575007203594,10.838353587656915,0.015158349059041334,341,False
2021_Ref_Plot3_B6::65,2021_Ref_Plot3_B6,Field2,test,8,9,0.07672379633598043,10.756944169878741,0.022481372615690613,341,False
2021_Ref_Plot3_B6::69,2021_Ref_Plot3_B6,Field2,test,4,10,0.12572295513256956,11.989304087798335,0.029443567187508336,344,False
2021_Ref_Plot3_B6::71,2021_Ref_Plot3_B6,Field2,test,2,11,0.07312138508149053,10.267470106541747,0.018044698210010302,344,False
2021_Ref_Plot3_B6::76,2021_Ref_Plot3_B6,Field2,test,5,12,0.1898758638308916,13.193844105912254,0.02340354651699934,340,False
2021_Ref_Plot3_B6::80,2021_Ref_Plot3_B6,Field2,test,4,13,0.08796940514818159,9.083385737826802,0.013248002251709728,340,False
2021_Ref_Plot3_B6::85,2021_Ref_Plot3_B6,Field2,test,5,14,0.08247574932258399,9.093526172677524,0.012232330619438927,344,False
2021_Ref_Plot3_B7::8,2021_Ref_Plot3_B7,Field2,test,7,1,0.7058425152287703,26.46585182397243,0.11360773314024938,344,False
2021_Ref_Plot3_B7::16,2021_Ref_Plot3_B7,Field2,test,8,2,0.7671577739831633,29.404617031070824,0.18769051688678973,344,False
2021_Ref_Plot3_B7::22,2021_Ref_Plot3_B7,Field2,test,6,3,0.22640141604192135,16.12149210719083,0.026220022729643584,344,False
2021_Ref_Plot3_B7::27,2021_Ref_Plot3_B7,Field2,test,5,4,0.24961744730711768,16.27840556499536,0.035886022174903776,344,False
2021_Ref_Plot3_B7::35,2021_Ref_Plot3_B7,Field2,test,8,5,0.15885277679365498,13.556594334665178,0.02097612490480716,344,False
2021_Ref_Plot3_B7::44,2021_Ref_Plot3_B7,Field2,test,9,6,0.1170334598392395,9.352378971639252,0.021114245921406295,344,False
2021_Ref_Plot3_B7::50,2021_Ref_Plot3_B7,Field2,test,6,7,0.06400889436694666,9.834534051758485,0.026735427715000745,344,False
2021_Ref_Plot3_B7::57,2021_Ref_Plot3_B7,Field2,test,7,8,0.08875264051619618,10.797239810800612,0.02071854986837848,341,False
2021_Ref_Plot3_B7::65,2021_Ref_Plot3_B7,Field2,test,8,9,0.07257720844388965,10.503799330398957,0.021067125937648118,341,False
2021_Ref_Plot3_B7::69,2021_Ref_Plot3_B7,Field2,test,4,10,0.1284012241844278,12.456816960001882,0.02174613756701407,344,False
2021_Ref_Plot3_B7::71,2021_Ref_Plot3_B7,Field2,test,2,11,0.06854091317817984,10.153007880139608,0.023772393411101635,344,False
2021_Ref_Plot3_B7::76,2021_Ref_Plot3_B7,Field2,test,5,12,0.14578206415977144,12.680597629988648,0.017597343273154837,340,False
2021_Ref_Plot3_B7::80,2021_Ref_Plot3_B7,Field2,test,4,13,0.06794866677862814,9.432360646777333,0.012163610850403399,340,False
2021_Ref_Plot3_B7::85,2021_Ref_Plot3_B7,Field2,test,5,14,0.061174893464320666,9.402335997204753,0.010422127598719659,344,False
2021_Ref_Plot3_B8::8,2021_Ref_Plot3_B8,Field2,test,7,1,0.7028937061006456,26.787076491967923,0.09740118838675534,344,False
2021_Ref_Plot3_B8::16,2021_Ref_Plot3_B8,Field2,test,8,2,0.7797835571240279,29.90673163487658,0.19176271503680806,344,False
2021_Ref_Plot3_B8::22,2021_Ref_Plot3_B8,Field2,test,6,3,0.22198078072721394,16.480427424941062,0.014244262092051348,344,False
2021_Ref_Plot3_B8::27,2021_Ref_Plot3_B8,Field2,test,5,4,0.2308580950376009,16.004890612123834,0.030848051169944088,344,False
2021_Ref_Plot3_B8::35,2021_Ref_Plot3_B8,Field2,test,8,5,0.15783957163497253,13.40730473120961,0.019517561328427392,344,False
2021_Ref_Plot3_B8::44,2021_Ref_Plot3_B8,Field2,test,9,6,0.10454108849510169,9.214250371540864,0.016822702975465145,344,False
2021_Ref_Plot3_B8::50,2021_Ref_Plot3_B8,Field2,test,6,7,0.060688292957166705,9.372674668559638,0.010447193519254067,344,False
2021_Ref_Plot3_B8::57,2021_Ref_Plot3_B8,Field2,test,7,8,0.0824270649823939,11.033254206176133,0.011934114727915533,341,False
2021_Ref_Plot3_B8::65,2021_Ref_Plot3_B8,Field2,test,8,9,0.0908615021159498,10.770984049366692,0.016329861918416486,341,False
2021_Ref_Plot3_B8::69,2021_Ref_Plot3_B8,Field2,test,4,10,0.1070803013251923,12.046234158978903,0.03063216126201482,344,False
2021_Ref_Plot3_B8::71,2021_Ref_Plot3_B8,Field2,test,2,11,0.07813342039537012,10.108130720665528,0.025627646632505437,344,False
2021_Ref_Plot3_B8::76,2021_Ref_Plot3_B8,Field2,test,5,12,0.12244266507804095,11.226213717312216,0.016900502660893994,340,False
2021_Ref_Plot3_B8::80,2021_Ref_Plot3_B8,Field2,test,4,13,0.07474279470401263,8.87049666930244,0.008099783805767322,340,False
2021_Ref_Plot3_B8::85,2021_Ref_Plot3_B8,Field2,test,5,14,0.07609891277994273,8.875439107175312,0.010321308041116448,344,False
2021_Ref_Plot3_C15::8,2021_Ref_Plot3_C15,Field2,test,7,1,0.7044082418145918,26.895475548109378,0.11546891331516858,344,False
2021_Ref_Plot3_C15::16,2021_Ref_Plot3_C15,Field2,test,8,2,0.7539500336811766,29.771530301897414,0.17932538137880583,344,False
2021_Ref_Plot3_C15::22,2021_Ref_Plot3_C15,Field2,test,6,3,0.22661315182357233,15.29724386216822,0.016747643129723693,344,False
2021_Ref_Plot3_C15::27,2021_Ref_Plot3_C15,Field2,test,5,4,0.22510643541654404,15.734209692625063,0.022980309603544847,344,False
2021_Ref_Plot3_C15::35,2021_Ref_Plot3_C15,Field2,test,8,5,0.12332183026496836,12.392536316305048,0.04117013452388151,344,False
2021_Ref_Plot3_C15::44,2021_Ref_Plot3_C15,Field2,test,9,6,0.08671634298184583,9.333721561534517,0.006186825801662714,344,False
2021_Ref_Plot3_C15::50,2021_Ref_Plot3_C15,Field2,test,6,7,0.0767204688137665,9.022462228417107,0.021488482193351525,344,False
2021_Ref_Plot3_C15::57,2021_Ref_Plot3_C15,Field2,test,7,8,0.07709882096843355,10.342618682332796,0.012761346461027136,341,False
2021_Ref_Plot3_C15::65,2021_Ref_Plot3_C15,Field2,test,8,9,0.06318740155110769,9.52425884014513,0.005674297495302197,341,False
2021_Ref_Plot3_C15::69,2021_Ref_Plot3_C15,Field2,test,4,10,0.09030719382151083,11.872935331249204,0.018099685122377595,344,False
2021_Ref_Plot3_C15::71,2021_Ref_Plot3_C15,Field2,test,2,11,0.06846044503513406,9.841056982110814,0.012950555243004905,344,False
2021_Ref_Plot3_C15::76,2021_Ref_Plot3_C15,Field2,test,5,12,0.11152181536933749,11.71660501790038,0.013958090213815522,340,False
2021_Ref_Plot3_C15::80,2021_Ref_Plot3_C15,Field2,test,4,13,0.07853933838633693,9.38833285842214,0.008327337039832858,340,False
2021_Ref_Plot3_C15::85,2021_Ref_Plot3_C15,Field2,test,5,14,0.07233082383575629,9.476766087255887,0.010789654218579352,344,False
2021_Ref_Plot3_C2::8,2021_Ref_Plot3_C2,Field2,test,7,1,0.6780925095796883,26.961746377434295,0.10468536596055954,344,False
2021_Ref_Plot3_C2::16,2021_Ref_Plot3_C2,Field2,test,8,2,0.7702762939930188,30.248546906859204,0.1809979832396563,344,False
2021_Ref_Plot3_C2::22,2021_Ref_Plot3_C2,Field2,test,6,3,0.2193926130434735,15.566673592503692,0.030241146265507182,344,False
2021_Ref_Plot3_C2::27,2021_Ref_Plot3_C2,Field2,test,5,4,0.2253735261387815,15.86620893279299,0.029192369972592804,344,False
2021_Ref_Plot3_C2::35,2021_Ref_Plot3_C2,Field2,test,8,5,0.15873616047540373,12.912481623722563,0.03999615539522441,344,False
2021_Ref_Plot3_C2::44,2021_Ref_Plot3_C2,Field2,test,9,6,0.10098478564294976,9.881722736934687,0.018458711007063835,344,False
2021_Ref_Plot3_C2::50,2021_Ref_Plot3_C2,Field2,test,6,7,0.06356019656457938,9.457694557480156,0.020940097830663786,344,False
2021_Ref_Plot3_C2::57,2021_Ref_Plot3_C2,Field2,test,7,8,0.09207843819135976,11.090452282382493,0.015043741198618172,341,False
2021_Ref_Plot3_C2::65,2021_Ref_Plot3_C2,Field2,test,8,9,0.08201887267333899,9.637517966428113,0.012593265288051015,341,False
2021_Ref_Plot3_C2::69,2021_Ref_Plot3_C2,Field2,test,4,10,0.12962890031674446,11.681728766718944,0.014602042762901802,344,False
2021_Ref_Plot3_C2::71,2021_Ref_Plot3_C2,Field2,test,2,11,0.07947529252664988,10.211976910694453,0.01461548423144576,344,False
2021_Ref_Plot3_C2::76,2021_Ref_Plot3_C2,Field2,test,5,12,0.17610809357903748,13.995661808062497,0.023265647596244467,340,False
2021_Ref_Plot3_C2::80,2021_Ref_Plot3_C2,Field2,test,4,13,0.07649585366248107,9.331264520351999,0.010695936508501936,340,False
2021_Ref_Plot3_C2::85,2021_Ref_Plot3_C2,Field2,test,5,14,0.06769999675706388,9.729058145821707,0.007879947324760838,344,False
2021_Ref_Plot3_C3::8,2021_Ref_Plot3_C3,Field2,test,7,1,0.6812447921430232,26.591815185726343,0.10245096885640256,344,False
2021_Ref_Plot3_C3::16,2021_Ref_Plot3_C3,Field2,test,8,2,0.7462543057914885,29.465437690685157,0.17057812557780158,344,False
2021_Ref_Plot3_C3::22,2021_Ref_Plot3_C3,Field2,test,6,3,0.22849590595940095,15.803380099127931,0.03132698790818457,344,False
2021_Ref_Plot3_C3::27,2021_Ref_Plot3_C3,Field2,test,5,4,0.23714623009331412,15.602987423906088,0.027434643080328357,344,False
2021_Ref_Plot3_C3::35,2021_Ref_Plot3_C3,Field2,test,8,5,0.1396652521462184,12.628853186001257,0.0347727914189683,344,False
2021_Ref_Plot3_C3::44,2021_Ref_Plot3_C3,Field2,test,9,6,0.09178255846851742,9.66783931566205,0.020257011131669497,344,False
2021_Ref_Plot3_C3::50,2021_Ref_Plot3_C3,Field2,test,6,7,0.06696686947821272,9.37180895857483,0.020192212923245082,344,False
2021_Ref_Plot3_C3::57,2021_Ref_Plot3_C3,Field2,test,7,8,0.08833540339898077,11.075593732238492,0.010803002701736017,341,False
2021_Ref_Plot3_C3::65,2021_Ref_Plot3_C3,Field2,test,8,9,0.073877059321275,10.287686338277533,0.016879898193210924,341,False
2021_Ref_Plot3_C3::69,2021_Ref_Plot3_C3,Field2,test,4,10,0.11988144703715696,12.123614762924099,0.022042775006833715,344,False
2021_Ref_Plot3_C3::71,2021_Ref_Plot3_C3,Field2,test,2,11,0.08609692157273789,10.2130819298972,0.016114387356794473,344,False
2021_Ref_Plot3_C3::76,2021_Ref_Plot3_C3,Field2,test,5,12,0.1936621559922291,13.21625127244644,0.021599262714974556,340,False
2021_Ref_Plot3_C3::80,2021_Ref_Plot3_C3,Field2,test,4,13,0.08227181980745481,9.16388363824058,0.011842137931100623,340,False
2021_Ref_Plot3_C3::85,2021_Ref_Plot3_C3,Field2,test,5,14,0.06535428773392042,9.619731237438858,0.010712778784277814,344,False
2021_Ref_Plot3_C4::8,2021_Ref_Plot3_C4,Field2,test,7,1,0.6783870913267512,26.640887185139086,0.11375974663621158,344,False
2021_Ref_Plot3_C4::16,2021_Ref_Plot3_C4,Field2,test,8,2,0.7314247763533922,28.832446660456203,0.18382983403903025,344,False
2021_Ref_Plot3_C4::22,2021_Ref_Plot3_C4,Field2,test,6,3,0.22975468505676858,16.11406099360101,0.027213887070917576,344,False
2021_Ref_Plot3_C4::27,2021_Ref_Plot3_C4,Field2,test,5,4,0.22384069635583084,15.480834756903334,0.023124308930520032,344,False
2021_Ref_Plot3_C4::35,2021_Ref_Plot3_C4,Field2,test,8,5,0.1111026359247012,11.79213127365905,0.03428074070121037,344,False
2021_Ref_Plot3_C4::44,2021_Ref_Plot3_C4,Field2,test,9,6,0.09662326408473114,9.094573888156106,0.021885031972571942,344,False
2021_Ref_Plot3_C4::50,2021_Ref_Plot3_C4,Field2,test,6,7,0.06858709646672927,9.173092505957698,0.026972073239313145,344,False
2021_Ref_Plot3_C4::57,2021_Ref_Plot3_C4,Field2,test,7,8,0.08013988882143377,10.951897483285876,0.01085765837472468,341,False
2021_Ref_Plot3_C4::65,2021_Ref_Plot3_C4,Field2,test,8,9,0.07275498581681715,9.897758107904718,0.01663049887996026,341,False
2021_Ref_Plot3_C4::69,2021_Ref_Plot3_C4,Field2,test,4,10,0.12309183096044025,11.515370310239668,0.017127038191213584,344,False
2021_Ref_Plot3_C4::71,2021_Ref_Plot3_C4,Field2,test,2,11,0.0986209738349999,9.86946261516075,0.03175461727044046,344,False
2021_Ref_Plot3_C4::76,2021_Ref_Plot3_C4,Field2,test,5,12,0.1759798138971719,12.412184347372026,0.011805883119176627,340,False
2021_Ref_Plot3_C4::80,2021_Ref_Plot3_C4,Field2,test,4,13,0.0960719133343559,9.289005778738703,0.01603651774384511,340,False
2021_Ref_Plot3_C4::85,2021_Ref_Plot3_C4,Field2,test,5,14,0.0728332562804473,9.322675143942964,0.0153895145327871,344,False
2021_Ref_Plot3_D1::8,2021_Ref_Plot3_D1,Field2,test,7,1,0.6852966735714775,26.41098534114116,0.1368221942746886,344,False
2021_Ref_Plot3_D1::16,2021_Ref_Plot3_D1,Field2,test,8,2,0.7405335944573089,29.46659364160203,0.18586685529536867,344,False
2021_Ref_Plot3_D1::22,2021_Ref_Plot3_D1,Field2,test,6,3,0.20796166739811753,16.42068494285617,0.02841037636497202,344,False
2021_Ref_Plot3_D1::27,2021_Ref_Plot3_D1,Field2,test,5,4,0.23350783217753693,17.05085453223547,0.03626865158674754,344,False
2021_Ref_Plot3_D1::35,2021_Ref_Plot3_D1,Field2,test,8,5,0.1537829678340413,13.416032738304292,0.03035923001992062,344,False
2021_Ref_Plot3_D1::44,2021_Ref_Plot3_D1,Field2,test,9,6,0.11268079707901285,10.23227760022644,0.017387668118727356,344,False
2021_Ref_Plot3_D1::50,2021_Ref_Plot3_D1,Field2,test,6,7,0.07593241192708633,9.68498200671071,0.030991779454249285,344,False
2021_Ref_Plot3_D1::57,2021_Ref_Plot3_D1,Field2,test,7,8,0.10982586288961517,11.712519303139754,0.0178453856382594,341,False
2021_Ref_Plot3_D1::65,2021_Ref_Plot3_D1,Field2,test,8,9,0.07832431077085608,9.415279006221509,0.013075228873337718,341,False
2021_Ref_Plot3_D1::69,2021_Ref_Plot3_D1,Field2,test,4,10,0.10723827470043891,12.358643056434222,0.023359701822501078,344,False
2021_Ref_Plot3_D1::71,2021_Ref_Plot3_D1,Field2,test,2,11,0.0801467467452512,9.326883212540222,0.026997499241634224,344,False
2021_Ref_Plot3_D1::76,2021_Ref_Plot3_D1,Field2,test,5,12,0.13949228684641146,13.827247904938885,0.026179270291191208,340,False
2021_Ref_Plot3_D1::80,2021_Ref_Plot3_D1,Field2,test,4,13,0.07529792086050524,9.322211439581686,0.012428621114555054,340,False
2021_Ref_Plot3_D1::85,2021_Ref_Plot3_D1,Field2,test,5,14,0.06710000755484162,9.175432375968551,0.009705953779050445,344,False
2021_Ref_Plot3_D15::8,2021_Ref_Plot3_D15,Field2,test,7,1,0.6803493328997008,27.069911626759172,0.11657012049022916,344,False
2021_Ref_Plot3_D15::16,2021_Ref_Plot3_D15,Field2,test,8,2,0.7345050334739666,29.853459976967635,0.1691192528744969,344,False
2021_Ref_Plot3_D15::22,2021_Ref_Plot3_D15,Field2,test,6,3,0.2175541067983462,16.542314972883396,0.027726629306002885,344,False
2021_Ref_Plot3_D15::27,2021_Ref_Plot3_D15,Field2,test,5,4,0.21479338321473054,16.62714356902309,0.03178591075210697,344,False
2021_Ref_Plot3_D15::35,2021_Ref_Plot3_D15,Field2,test,8,5,0.14437843183872,12.97837754179055,0.03537051998235824,344,False
2021_Ref_Plot3_D15::44,2021_Ref_Plot3_D15,Field2,test,9,6,0.08745518892254876,10.187120585901443,0.014806915409846275,344,False
2021_Ref_Plot3_D15::50,2021_Ref_Plot3_D15,Field2,test,6,7,0.06467056961411043,9.137989593388806,0.01808711624504874,344,False
2021_Ref_Plot3_D15::57,2021_Ref_Plot3_D15,Field2,test,7,8,0.08539169620144023,11.20732966206804,0.020336387223543178,341,False
2021_Ref_Plot3_D15::65,2021_Ref_Plot3_D15,Field2,test,8,9,0.056177178842294416,9.138837136582898,0.01160329457414821,341,False
2021_Ref_Plot3_D15::69,2021_Ref_Plot3_D15,Field2,test,4,10,0.08586701464280307,11.880338016566132,0.022177238233766883,344,False
2021_Ref_Plot3_D15::71,2021_Ref_Plot3_D15,Field2,test,2,11,0.07063160276186513,10.369435938045836,0.024942417290733713,344,False
2021_Ref_Plot3_D15::76,2021_Ref_Plot3_D15,Field2,test,5,12,0.1323913878338067,13.225175840383956,0.023448046951190366,340,False
2021_Ref_Plot3_D15::80,2021_Ref_Plot3_D15,Field2,test,4,13,0.07482724417636066,9.662922194327841,0.012654640329168675,340,False
2021_Ref_Plot3_D15::85,2021_Ref_Plot3_D15,Field2,test,5,14,0.08908596049009802,9.515213160581302,0.012469058822919389,344,False
2021_Ref_Plot3_D19::8,2021_Ref_Plot3_D19,Field2,test,7,1,0.6569648443702579,25.69121468580083,0.09679109541028018,344,False
2021_Ref_Plot3_D19::16,2021_Ref_Plot3_D19,Field2,test,8,2,0.7165322097474279,28.616011918301247,0.1504720463148256,344,False
2021_Ref_Plot3_D19::22,2021_Ref_Plot3_D19,Field2,test,6,3,0.178934245606196,15.62586871739837,0.006877265552387713,344,False
2021_Ref_Plot3_D19::27,2021_Ref_Plot3_D19,Field2,test,5,4,0.20425605185370896,16.337211682140406,0.029393445109096233,344,False
2021_Ref_Plot3_D19::35,2021_Ref_Plot3_D19,Field2,test,8,5,0.15096547102021082,12.664332900236989,0.038681227193268705,344,False
2021_Ref_Plot3_D19::44,2021_Ref_Plot3_D19,Field2,test,9,6,0.09644172988586214,10.118808446600758,0.016304176019868725,344,False
2021_Ref_Plot3_D19::50,2021_Ref_Plot3_D19,Field2,test,6,7,0.0645705006324997,9.184370132725308,0.013975513372919373,344,False
2021_Ref_Plot3_D19::57,2021_Ref_Plot3_D19,Field2,test,7,8,0.08865748893684951,11.050931932494784,0.01780478769371988,341,False
2021_Ref_Plot3_D19::65,2021_Ref_Plot3_D19,Field2,test,8,9,0.07320490579442147,9.097653151187636,0.010244128901294666,341,False
2021_Ref_Plot3_D19::69,2021_Ref_Plot3_D19,Field2,test,4,10,0.10160577183377327,12.093518263313205,0.013692055595910416,344,False
2021_Ref_Plot3_D19::71,2021_Ref_Plot3_D19,Field2,test,2,11,0.08601044897679293,9.77623813562918,0.010578265879657009,344,False
2021_Ref_Plot3_D19::76,2021_Ref_Plot3_D19,Field2,test,5,12,0.09578148312326916,10.9591300374871,0.014333217836418204,340,False
2021_Ref_Plot3_D19::80,2021_Ref_Plot3_D19,Field2,test,4,13,0.06731351358721242,9.562475649212605,0.008732190973073662,340,False
2021_Ref_Plot3_D19::85,2021_Ref_Plot3_D19,Field2,test,5,14,0.054365332561348755,9.808774354137578,0.007299775198380462,344,False
2021_Ref_Plot3_D20::8,2021_Ref_Plot3_D20,Field2,test,7,1,0.6768073165224723,25.653843732664356,0.09731875643349104,344,False
2021_Ref_Plot3_D20::16,2021_Ref_Plot3_D20,Field2,test,8,2,0.7379097924640116,28.43581990979777,0.1678179249318711,344,False
2021_Ref_Plot3_D20::22,2021_Ref_Plot3_D20,Field2,test,6,3,0.1712975635479105,15.461163280714844,0.0018005334014470162,344,False
2021_Ref_Plot3_D20::27,2021_Ref_Plot3_D20,Field2,test,5,4,0.18862130661579127,16.151508494464156,0.023076530607730225,344,False
2021_Ref_Plot3_D20::35,2021_Ref_Plot3_D20,Field2,test,8,5,0.1405747760998994,12.40752647951826,0.03808783798332639,344,False
2021_Ref_Plot3_D20::44,2021_Ref_Plot3_D20,Field2,test,9,6,0.09571644510783983,10.096022993851403,0.021530380804711896,344,False
2021_Ref_Plot3_D20::50,2021_Ref_Plot3_D20,Field2,test,6,7,0.0592569676906077,9.216704067220679,0.019425150643701126,344,False
2021_Ref_Plot3_D20::57,2021_Ref_Plot3_D20,Field2,test,7,8,0.09128993614530373,11.154125599123565,0.01034898796266236,341,False
2021_Ref_Plot3_D20::65,2021_Ref_Plot3_D20,Field2,test,8,9,0.07424683326476496,8.844557785725128,0.010413731437957494,341,False
2021_Ref_Plot3_D20::69,2021_Ref_Plot3_D20,Field2,test,4,10,0.10656168688887381,12.380672279765886,0.016441759763979494,344,False
2021_Ref_Plot3_D20::71,2021_Ref_Plot3_D20,Field2,test,2,11,0.06628428807206029,9.534360242491825,0.011969162234532319,344,False
2021_Ref_Plot3_D20::76,2021_Ref_Plot3_D20,Field2,test,5,12,0.1243345168933544,12.26954816412736,0.020835367690242194,340,False
2021_Ref_Plot3_D20::80,2021_Ref_Plot3_D20,Field2,test,4,13,0.07211684950496061,9.54841520760226,0.01134741195969206,340,False
2021_Ref_Plot3_D20::85,2021_Ref_Plot3_D20,Field2,test,5,14,0.06305124709809912,9.554910855954747,0.012657297547339881,344,False
2021_Ref_Plot3_E11::8,2021_Ref_Plot3_E11,Field2,test,7,1,0.6431759793459007,26.664010092935037,0.09041154359737247,344,False
2021_Ref_Plot3_E11::16,2021_Ref_Plot3_E11,Field2,test,8,2,0.6892317627011068,28.258427910364023,0.14671932362147005,344,False
2021_Ref_Plot3_E11::22,2021_Ref_Plot3_E11,Field2,test,6,3,0.19640615810294607,15.074569029550549,0.02610737572516068,344,False
2021_Ref_Plot3_E11::27,2021_Ref_Plot3_E11,Field2,test,5,4,0.18645171616203185,15.233841396320662,0.02313821232700444,344,False
2021_Ref_Plot3_E11::35,2021_Ref_Plot3_E11,Field2,test,8,5,0.13888950189795274,12.855288449683881,0.04505237827038552,344,False
2021_Ref_Plot3_E11::44,2021_Ref_Plot3_E11,Field2,test,9,6,0.08611511990506614,10.753811086734494,0.020119070001006566,344,False
2021_Ref_Plot3_E11::50,2021_Ref_Plot3_E11,Field2,test,6,7,0.06741283558349183,9.272092430930382,0.017940615621553347,344,False
2021_Ref_Plot3_E11::57,2021_Ref_Plot3_E11,Field2,test,7,8,0.08803796803562441,11.359202504561443,0.012671550230566013,341,False
2021_Ref_Plot3_E11::65,2021_Ref_Plot3_E11,Field2,test,8,9,0.05518112427093317,9.314614833397325,0.014099273381668439,341,False
2021_Ref_Plot3_E11::69,2021_Ref_Plot3_E11,Field2,test,4,10,0.098772941099092,12.79177759642296,0.015131427866973182,344,False
2021_Ref_Plot3_E11::71,2021_Ref_Plot3_E11,Field2,test,2,11,0.09996778126315482,7.966727133084865,0.01385683984536871,344,False
2021_Ref_Plot3_E11::76,2021_Ref_Plot3_E11,Field2,test,5,12,0.11689045420555293,11.42106620471621,0.015685656797171748,340,False
2021_Ref_Plot3_E11::80,2021_Ref_Plot3_E11,Field2,test,4,13,0.0474992350627044,9.990915326676465,0.013282672239194483,340,False
2021_Ref_Plot3_E11::85,2021_Ref_Plot3_E11,Field2,test,5,14,0.045847752635844806,10.162936533487883,0.008687618082116322,344,False
2021_Ref_Plot4_A7::8,2021_Ref_Plot4_A7,Field2,test,7,1,0.7037429132513356,25.946862452240026,0.10897403270887679,344,False
2021_Ref_Plot4_A7::16,2021_Ref_Plot4_A7,Field2,test,8,2,0.7568927841106369,28.78239659442307,0.17742214146377425,344,False
2021_Ref_Plot4_A7::22,2021_Ref_Plot4_A7,Field2,test,6,3,0.2040908452886622,14.919641705948363,0.03184694744958808,344,False
2021_Ref_Plot4_A7::27,2021_Ref_Plot4_A7,Field2,test,5,4,0.3156076548111142,15.682714677029793,0.0408188050261048,344,False
2021_Ref_Plot4_A7::35,2021_Ref_Plot4_A7,Field2,test,8,5,0.18107939217851285,14.619373052537059,0.0308712385514711,344,False
2021_Ref_Plot4_A7::44,2021_Ref_Plot4_A7,Field2,test,9,6,0.1427855195845416,8.785559402489008,0.02077907019051615,344,False
2021_Ref_Plot4_A7::50,2021_Ref_Plot4_A7,Field2,test,6,7,0.08734880199495317,9.214327598805438,0.01932287144053343,344,False
2021_Ref_Plot4_A7::57,2021_Ref_Plot4_A7,Field2,test,7,8,0.10045411978306222,8.428317314363992,0.00526738460750047,341,False
2021_Ref_Plot4_A7::65,2021_Ref_Plot4_A7,Field2,test,8,9,0.11842247409588418,11.226448661774302,0.0085686458265432,341,False
2021_Ref_Plot4_A7::69,2021_Ref_Plot4_A7,Field2,test,4,10,0.09923348684387391,11.684753647184298,0.017863851907012843,344,False
2021_Ref_Plot4_A7::71,2021_Ref_Plot4_A7,Field2,test,2,11,0.06835143051245775,10.067531748651486,0.01813064660794623,344,False
2021_Ref_Plot4_A7::76,2021_Ref_Plot4_A7,Field2,test,5,12,0.1347513253954798,11.404309769504643,0.015862601102158938,340,False
2021_Ref_Plot4_A7::80,2021_Ref_Plot4_A7,Field2,test,4,13,0.10660614717663475,9.13328904584363,0.023928840771027398,340,False
2021_Ref_Plot4_A7::85,2021_Ref_Plot4_A7,Field2,test,5,14,0.07558153330417673,9.623524282865768,0.019894472734798375,344,False
2021_Ref_Plot4_B11::8,2021_Ref_Plot4_B11,Field2,test,7,1,0.7166759088285982,26.59952142312541,0.10132413021017464,344,False
2021_Ref_Plot4_B11::16,2021_Ref_Plot4_B11,Field2,test,8,2,0.8056546869661179,30.433201110475885,0.19168020893105986,344,False
2021_Ref_Plot4_B11::22,2021_Ref_Plot4_B11,Field2,test,6,3,0.17434806931877675,14.739575596618327,0.007417343456539578,344,False
2021_Ref_Plot4_B11::27,2021_Ref_Plot4_B11,Field2,test,5,4,0.2488453115804046,13.85380096401323,0.029473650191201965,344,False
2021_Ref_Plot4_B11::35,2021_Ref_Plot4_B11,Field2,test,8,5,0.1835281606390561,13.903720952869419,0.02133738395021545,344,False
2021_Ref_Plot4_B11::44,2021_Ref_Plot4_B11,Field2,test,9,6,0.1385796520962491,9.133367284252238,0.01256982004372205,344,False
2021_Ref_Plot4_B11::50,2021_Ref_Plot4_B11,Field2,test,6,7,0.08990082407624776,9.58474083578536,0.011511053928437534,344,False
2021_Ref_Plot4_B11::57,2021_Ref_Plot4_B11,Field2,test,7,8,0.11067341649944949,9.625256338765112,0.019481436090873074,341,False
2021_Ref_Plot4_B11::65,2021_Ref_Plot4_B11,Field2,test,8,9,0.10410457000818858,11.614270747456226,0.01801567007308087,341,False
2021_Ref_Plot4_B11::69,2021_Ref_Plot4_B11,Field2,test,4,10,0.1267760932166937,12.243527654974764,0.024223222489925974,344,False
2021_Ref_Plot4_B11::71,2021_Ref_Plot4_B11,Field2,test,2,11,0.06520860750520986,9.965211144540675,0.0233687908204356,344,False
2021_Ref_Plot4_B11::76,2021_Ref_Plot4_B11,Field2,test,5,12,0.10772467255242103,12.984165032752674,0.017340046560210303,340,False
2021_Ref_Plot4_B11::80,2021_Ref_Plot4_B11,Field2,test,4,13,0.05625387715354809,9.123457599268466,0.010977756796062483,340,False
2021_Ref_Plot4_B11::85,2021_Ref_Plot4_B11,Field2,test,5,14,0.10194160810081132,9.182866565147695,0.026322092314975117,344,False
2021_Ref_Plot4_B12::8,2021_Ref_Plot4_B12,Field2,test,7,1,0.7032655848921098,26.385154164360408,0.10998123188509026,344,False
2021_Ref_Plot4_B12::16,2021_Ref_Plot4_B12,Field2,test,8,2,0.7833310115545006,29.47996800529511,0.20192626607266687,344,False
2021_Ref_Plot4_B12::22,2021_Ref_Plot4_B12,Field2,test,6,3,0.1898953789905906,14.922525590436841,0.034088959950998546,344,False
2021_Ref_Plot4_B12::27,2021_Ref_Plot4_B12,Field2,test,5,4,0.23888094744881136,13.869308819234824,0.030631857125988336,344,False
2021_Ref_Plot4_B12::35,2021_Ref_Plot4_B12,Field2,test,8,5,0.1836845303648048,14.118030839323168,0.023313574382086477,344,False
2021_Ref_Plot4_B12::44,2021_Ref_Plot4_B12,Field2,test,9,6,0.14223906907064024,9.307844772797976,0.025836720855327514,344,False
2021_Ref_Plot4_B12::50,2021_Ref_Plot4_B12,Field2,test,6,7,0.08673302974957692,9.835785947037346,0.030217598863745698,344,False
2021_Ref_Plot4_B12::57,2021_Ref_Plot4_B12,Field2,test,7,8,0.11135214741694399,9.690464258209149,0.027544855271705287,341,False
2021_Ref_Plot4_B12::65,2021_Ref_Plot4_B12,Field2,test,8,9,0.09415962213582339,12.067177896161585,0.021730650866398114,341,False
2021_Ref_Plot4_B12::69,2021_Ref_Plot4_B12,Field2,test,4,10,0.14614271972846446,12.884566076502136,0.03706880660379799,344,False
2021_Ref_Plot4_B12::71,2021_Ref_Plot4_B12,Field2,test,2,11,0.06357601292504027,10.40685599359663,0.025158717224968357,344,False
2021_Ref_Plot4_B12::76,2021_Ref_Plot4_B12,Field2,test,5,12,0.1195411785047628,13.660166534445839,0.02130124259839753,340,False
2021_Ref_Plot4_B12::80,2021_Ref_Plot4_B12,Field2,test,4,13,0.05751525704029958,9.03340066844801,0.015293947907865906,340,False
2021_Ref_Plot4_B12::85,2021_Ref_Plot4_B12,Field2,test,5,14,0.11793266775590176,9.441339672826395,0.01828627935183558,344,False
2021_Ref_Plot4_B13::8,2021_Ref_Plot4_B13,Field2,test,7,1,0.7038617098937161,26.462459094154525,0.11346311286928848,344,False
2021_Ref_Plot4_B13::16,2021_Ref_Plot4_B13,Field2,test,8,2,0.778113112873028,29.301601722880243,0.1978559174629576,344,False
2021_Ref_Plot4_B13::22,2021_Ref_Plot4_B13,Field2,test,6,3,0.1916422889033632,15.33391402267741,0.03234989316400568,344,False
2021_Ref_Plot4_B13::27,2021_Ref_Plot4_B13,Field2,test,5,4,0.2352586101628906,14.659434633836021,0.03419900659137273,344,False
2021_Ref_Plot4_B13::35,2021_Ref_Plot4_B13,Field2,test,8,5,0.1669922657089877,14.103545148547116,0.020958020318001928,344,False
2021_Ref_Plot4_B13::44,2021_Ref_Plot4_B13,Field2,test,9,6,0.12261045193466341,9.191611953713043,0.010363982965373723,344,False
2021_Ref_Plot4_B13::50,2021_Ref_Plot4_B13,Field2,test,6,7,0.07811919459670257,9.3463512752416,0.020105059724486007,344,False
2021_Ref_Plot4_B13::57,2021_Ref_Plot4_B13,Field2,test,7,8,0.09801293246485786,9.185331494787278,0.022431647649393555,341,False
2021_Ref_Plot4_B13::65,2021_Ref_Plot4_B13,Field2,test,8,9,0.08870813263603282,11.553571166847725,0.009742427628580205,341,False
2021_Ref_Plot4_B13::69,2021_Ref_Plot4_B13,Field2,test,4,10,0.14650827281943324,11.950394147799216,0.024826232128359552,344,False
2021_Ref_Plot4_B13::71,2021_Ref_Plot4_B13,Field2,test,2,11,0.0648703092004858,10.597745515309825,0.02889975030660652,344,False
2021_Ref_Plot4_B13::76,2021_Ref_Plot4_B13,Field2,test,5,12,0.11103279847799215,12.146970622672626,0.011497070708664571,340,False
2021_Ref_Plot4_B13::80,2021_Ref_Plot4_B13,Field2,test,4,13,0.07253201293261208,9.08802191058775,0.030057832667853206,340,False
2021_Ref_Plot4_B13::85,2021_Ref_Plot4_B13,Field2,test,5,14,0.09680181312811059,9.427461846722101,0.022559881737356083,344,False
2021_Ref_Plot4_B15::8,2021_Ref_Plot4_B15,Field2,test,7,1,0.7408074005253754,27.46060890703604,0.13727902634967415,344,False
2021_Ref_Plot4_B15::16,2021_Ref_Plot4_B15,Field2,test,8,2,0.7954099275892398,30.046400146269846,0.2246319222477819,344,False
2021_Ref_Plot4_B15::22,2021_Ref_Plot4_B15,Field2,test,6,3,0.19906496712315733,14.815078045042716,0.03171573393762683,344,False
2021_Ref_Plot4_B15::27,2021_Ref_Plot4_B15,Field2,test,5,4,0.22800165761156407,13.977152963302844,0.03284208120916554,344,False
2021_Ref_Plot4_B15::35,2021_Ref_Plot4_B15,Field2,test,8,5,0.16911115342925623,13.430548582137249,0.025739860967873257,344,False
2021_Ref_Plot4_B15::44,2021_Ref_Plot4_B15,Field2,test,9,6,0.12089927167802927,9.718629198894227,0.024775048688600157,344,False
2021_Ref_Plot4_B15::50,2021_Ref_Plot4_B15,Field2,test,6,7,0.08096234294967695,9.474385617071517,0.023413422602073842,344,False
2021_Ref_Plot4_B15::57,2021_Ref_Plot4_B15,Field2,test,7,8,0.0952315535543138,9.64241581276145,0.02838431291373452,341,False
2021_Ref_Plot4_B15::65,2021_Ref_Plot4_B15,Field2,test,8,9,0.08966781006011669,11.706641289395968,0.022127035963249577,341,False
2021_Ref_Plot4_B15::69,2021_Ref_Plot4_B15,Field2,test,4,10,0.1591683321035828,12.780442110226414,0.026862072603969857,344,False
2021_Ref_Plot4_B15::71,2021_Ref_Plot4_B15,Field2,test,2,11,0.06953919700987739,10.454936975369316,0.017824009388928565,344,False
2021_Ref_Plot4_B15::76,2021_Ref_Plot4_B15,Field2,test,5,12,0.1148117499849473,12.060159489654076,0.0223501478225955,340,False
2021_Ref_Plot4_B15::80,2021_Ref_Plot4_B15,Field2,test,4,13,0.079350423620183,9.006116551674667,0.012816824066275774,340,False
2021_Ref_Plot4_B15::85,2021_Ref_Plot4_B15,Field2,test,5,14,0.09014652161887104,9.469385435139658,0.011686897224582472,344,False
2021_Ref_Plot4_B16::8,2021_Ref_Plot4_B16,Field2,test,7,1,0.7266776621947767,26.71522737799069,0.11267568134108932,344,False
2021_Ref_Plot4_B16::16,2021_Ref_Plot4_B16,Field2,test,8,2,0.8016315391095357,30.06657678847835,0.20622034264733313,344,False
2021_Ref_Plot4_B16::22,2021_Ref_Plot4_B16,Field2,test,6,3,0.19779008963627587,15.222557158935182,0.03320932761493308,344,False
2021_Ref_Plot4_B16::27,2021_Ref_Plot4_B16,Field2,test,5,4,0.2531584407892025,14.42538732980224,0.030956048087044507,344,False
2021_Ref_Plot4_B16::35,2021_Ref_Plot4_B16,Field2,test,8,5,0.18215400236263726,13.284317019054477,0.025783595147815034,344,False
2021_Ref_Plot4_B16::44,2021_Ref_Plot4_B16,Field2,test,9,6,0.11257583392664637,9.254627984357063,0.015550170923060703,344,False
2021_Ref_Plot4_B16::50,2021_Ref_Plot4_B16,Field2,test,6,7,0.07687955132795989,9.502313577591371,0.017380467647945007,344,False
2021_Ref_Plot4_B16::57,2021_Ref_Plot4_B16,Field2,test,7,8,0.08996382114888411,9.625976136641583,0.016409561870867874,341,False
2021_Ref_Plot4_B16::65,2021_Ref_Plot4_B16,Field2,test,8,9,0.0901979970568756,11.52652956801007,0.018894818713977263,341,False
2021_Ref_Plot4_B16::69,2021_Ref_Plot4_B16,Field2,test,4,10,0.14061638657360032,12.63221959886552,0.02757937613912456,344,False
2021_Ref_Plot4_B16::71,2021_Ref_Plot4_B16,Field2,test,2,11,0.06517723942023039,10.549698689753308,0.019820507976324512,344,False
2021_Ref_Plot4_B16::76,2021_Ref_Plot4_B16,Field2,test,5,12,0.11685848126235791,13.756521949906414,0.018468512202997327,340,False
2021_Ref_Plot4_B16::80,2021_Ref_Plot4_B16,Field2,test,4,13,0.07524390088985412,9.207311388333313,0.020701282307674956,340,False
2021_Ref_Plot4_B16::85,2021_Ref_Plot4_B16,Field2,test,5,14,0.07814369686868915,9.76526460056461,0.01310965880557955,344,False
2021_Ref_Plot4_B17::8,2021_Ref_Plot4_B17,Field2,test,7,1,0.7111155011883454,26.06527106434694,0.12083084897973959,344,False
2021_Ref_Plot4_B17::16,2021_Ref_Plot4_B17,Field2,test,8,2,0.795691177956169,29.4796675501115,0.20303162615103298,344,False
2021_Ref_Plot4_B17::22,2021_Ref_Plot4_B17,Field2,test,6,3,0.1885025982737769,15.275350706982309,0.022189336619962252,344,False
2021_Ref_Plot4_B17::27,2021_Ref_Plot4_B17,Field2,test,5,4,0.24538014262951924,15.315424870753567,0.029815947936230762,344,False
2021_Ref_Plot4_B17::35,2021_Ref_Plot4_B17,Field2,test,8,5,0.1655939155467656,13.593294085811568,0.03092846189936002,344,False
2021_Ref_Plot4_B17::44,2021_Ref_Plot4_B17,Field2,test,9,6,0.11471710561527627,9.294959348942173,0.01507646568201781,344,False
2021_Ref_Plot4_B17::50,2021_Ref_Plot4_B17,Field2,test,6,7,0.06537188698557811,9.584066874913264,0.023595615384606323,344,False
2021_Ref_Plot4_B17::57,2021_Ref_Plot4_B17,Field2,test,7,8,0.08540963592456001,9.595267656603115,0.01560831213771904,341,False
2021_Ref_Plot4_B17::65,2021_Ref_Plot4_B17,Field2,test,8,9,0.07536842345923574,11.116929084296352,0.012554987504238268,341,False
2021_Ref_Plot4_B17::69,2021_Ref_Plot4_B17,Field2,test,4,10,0.1016951141469871,11.962278211097008,0.020343489380143197,344,False
2021_Ref_Plot4_B17::71,2021_Ref_Plot4_B17,Field2,test,2,11,0.0561453024911542,10.298928878023787,0.03302348999318845,344,False
2021_Ref_Plot4_B17::76,2021_Ref_Plot4_B17,Field2,test,5,12,0.1223745191314614,13.257681387954165,0.02204598504177348,340,False
2021_Ref_Plot4_B17::80,2021_Ref_Plot4_B17,Field2,test,4,13,0.07189993751562897,9.479037484439798,0.012777522455027281,340,False
2021_Ref_Plot4_B17::85,2021_Ref_Plot4_B17,Field2,test,5,14,0.062491547356904154,9.671392041143747,0.013151039746554238,344,False
2021_Ref_Plot4_C4::8,2021_Ref_Plot4_C4,Field2,test,7,1,0.7159313130510978,25.914274510666377,0.12959233430836653,344,False
2021_Ref_Plot4_C4::16,2021_Ref_Plot4_C4,Field2,test,8,2,0.7752777891100813,29.234050101732606,0.20153487624507346,344,False
2021_Ref_Plot4_C4::22,2021_Ref_Plot4_C4,Field2,test,6,3,0.19087507333077205,14.303617525062434,0.019305967062215688,344,False
2021_Ref_Plot4_C4::27,2021_Ref_Plot4_C4,Field2,test,5,4,0.21887799435515864,14.501577917330128,0.023250465258772883,344,False
2021_Ref_Plot4_C4::35,2021_Ref_Plot4_C4,Field2,test,8,5,0.20314047936159252,14.797688172244483,0.03568484777850091,344,False
2021_Ref_Plot4_C4::44,2021_Ref_Plot4_C4,Field2,test,9,6,0.11732568313261378,9.477078587293878,0.02089941667269373,344,False
2021_Ref_Plot4_C4::50,2021_Ref_Plot4_C4,Field2,test,6,7,0.07185884216810884,9.386396148039854,0.024002162809618647,344,False
2021_Ref_Plot4_C4::57,2021_Ref_Plot4_C4,Field2,test,7,8,0.11485051504753169,9.35593190502766,0.01744261203020439,341,False
2021_Ref_Plot4_C4::65,2021_Ref_Plot4_C4,Field2,test,8,9,0.10433008581092833,11.379787975438983,0.016804476820266465,341,False
2021_Ref_Plot4_C4::69,2021_Ref_Plot4_C4,Field2,test,4,10,0.12064294806076371,12.588486104710622,0.02391059943877093,344,False
2021_Ref_Plot4_C4::71,2021_Ref_Plot4_C4,Field2,test,2,11,0.08196400635893535,9.819324362799689,0.014736581677338805,344,False
2021_Ref_Plot4_C4::76,2021_Ref_Plot4_C4,Field2,test,5,12,0.13566210099136936,12.950520793403212,0.01858814983791929,340,False
2021_Ref_Plot4_C4::80,2021_Ref_Plot4_C4,Field2,test,4,13,0.07648110312935012,9.525952567635281,0.010956447343169081,340,False
2021_Ref_Plot4_C4::85,2021_Ref_Plot4_C4,Field2,test,5,14,0.060299302073718315,9.501953276191475,0.006948993372663097,344,False
2021_Ref_Plot4_D11::8,2021_Ref_Plot4_D11,Field2,test,7,1,0.695571199207754,27.018207810686874,0.14091534814760626,344,False
2021_Ref_Plot4_D11::16,2021_Ref_Plot4_D11,Field2,test,8,2,0.76430943392739,30.116702090408445,0.20109591681760294,344,False
2021_Ref_Plot4_D11::22,2021_Ref_Plot4_D11,Field2,test,6,3,0.17079014556414818,14.785975273898801,0.014366655198722822,344,False
2021_Ref_Plot4_D11::27,2021_Ref_Plot4_D11,Field2,test,5,4,0.18401124145123218,14.149669208554933,0.025576192959983125,344,False
2021_Ref_Plot4_D11::35,2021_Ref_Plot4_D11,Field2,test,8,5,0.1852202184354421,14.616741505323368,0.03103986548646528,344,False
2021_Ref_Plot4_D11::44,2021_Ref_Plot4_D11,Field2,test,9,6,0.12370076948138299,9.219629594965118,0.026186150533225375,344,False
2021_Ref_Plot4_D11::50,2021_Ref_Plot4_D11,Field2,test,6,7,0.06699688983472346,9.76729475678735,0.01586348209223439,344,False
2021_Ref_Plot4_D11::57,2021_Ref_Plot4_D11,Field2,test,7,8,0.0920354268301732,10.809411904811842,0.013794611255128424,341,False
2021_Ref_Plot4_D11::65,2021_Ref_Plot4_D11,Field2,test,8,9,0.06319489099421642,9.427628314901424,0.009664047940193992,341,False
2021_Ref_Plot4_D11::69,2021_Ref_Plot4_D11,Field2,test,4,10,0.12240767869958498,12.761451166073343,0.022561760207472303,344,False
2021_Ref_Plot4_D11::71,2021_Ref_Plot4_D11,Field2,test,2,11,0.07091294630453616,9.882166346793738,0.012337168889561908,344,False
2021_Ref_Plot4_D11::76,2021_Ref_Plot4_D11,Field2,test,5,12,0.11193029305563425,12.879375843952815,0.03084685629122033,340,False
2021_Ref_Plot4_D11::80,2021_Ref_Plot4_D11,Field2,test,4,13,0.056995169715440046,8.853673432553602,0.01663125271805781,340,False
2021_Ref_Plot4_D11::85,2021_Ref_Plot4_D11,Field2,test,5,14,0.07738210668764396,8.976196905059128,0.023211366720323687,344,False
2021_Ref_Plot4_D6::8,2021_Ref_Plot4_D6,Field2,test,7,1,0.6762836648547562,26.872461067381074,0.12146551125414294,344,False
2021_Ref_Plot4_D6::16,2021_Ref_Plot4_D6,Field2,test,8,2,0.7347727788008981,29.385916480398922,0.17365045162073914,344,False
2021_Ref_Plot4_D6::22,2021_Ref_Plot4_D6,Field2,test,6,3,0.16207769302643793,15.069577737581259,0.025455805274553385,344,False
2021_Ref_Plot4_D6::27,2021_Ref_Plot4_D6,Field2,test,5,4,0.19259314052833407,15.085489916135927,0.032071148427697,344,False
2021_Ref_Plot4_D6::35,2021_Ref_Plot4_D6,Field2,test,8,5,0.17820225451764746,15.27613778788185,0.02480517456131948,344,False
2021_Ref_Plot4_D6::44,2021_Ref_Plot4_D6,Field2,test,9,6,0.09840718340987005,9.285046814745478,0.021410298599031305,344,False
2021_Ref_Plot4_D6::50,2021_Ref_Plot4_D6,Field2,test,6,7,0.06728157914304304,9.17914999307073,0.009205274184751214,344,False
2021_Ref_Plot4_D6::57,2021_Ref_Plot4_D6,Field2,test,7,8,0.13992956878494398,11.320874885628951,0.01760951622481429,341,False
2021_Ref_Plot4_D6::65,2021_Ref_Plot4_D6,Field2,test,8,9,0.07381159507926831,10.785917390451104,0.010766004230687045,341,False
2021_Ref_Plot4_D6::69,2021_Ref_Plot4_D6,Field2,test,4,10,0.09889992769266102,12.397298054312769,0.0183677040454948,344,False
2021_Ref_Plot4_D6::71,2021_Ref_Plot4_D6,Field2,test,2,11,0.06421874947236539,10.338502572593258,0.015088190640317556,344,False
2021_Ref_Plot4_D6::76,2021_Ref_Plot4_D6,Field2,test,5,12,0.1193221169593462,13.077200509760626,0.02901891655647503,340,False
2021_Ref_Plot4_D6::80,2021_Ref_Plot4_D6,Field2,test,4,13,0.07583749173753977,9.466934756980205,0.01592036381433142,340,False
2021_Ref_Plot4_D6::85,2021_Ref_Plot4_D6,Field2,test,5,14,0.054306299502371654,9.966561111607765,0.011419627483545969,344,False
2021_Ref_Plot5_A17::8,2021_Ref_Plot5_A17,Field2,test,7,1,0.6989257922369142,26.162220900632263,0.10086196989359134,344,False
2021_Ref_Plot5_A17::16,2021_Ref_Plot5_A17,Field2,test,8,2,0.7580778260463634,28.104762496254562,0.16586222298910253,344,False
2021_Ref_Plot5_A17::22,2021_Ref_Plot5_A17,Field2,test,6,3,0.1982949421609157,15.553987215685405,0.014742911844303761,344,False
2021_Ref_Plot5_A17::27,2021_Ref_Plot5_A17,Field2,test,5,4,0.2445412979345476,16.330538962809364,0.034985051341558944,344,False
2021_Ref_Plot5_A17::35,2021_Ref_Plot5_A17,Field2,test,8,5,0.11742156761269838,12.770737732953759,0.024592185148064088,344,False
2021_Ref_Plot5_A17::44,2021_Ref_Plot5_A17,Field2,test,9,6,0.09146379635799701,10.401510048950826,0.013352538308086503,344,False
2021_Ref_Plot5_A17::50,2021_Ref_Plot5_A17,Field2,test,6,7,0.06754938052661173,9.120326416189307,0.022406063270571756,344,False
2021_Ref_Plot5_A17::69,2021_Ref_Plot5_A17,Field2,test,4,9,0.09535947825193263,11.968813415104108,0.025061278195675416,344,False
2021_Ref_Plot5_A17::71,2021_Ref_Plot5_A17,Field2,test,2,10,0.05984198216875086,10.27269243144568,0.011982952589199625,344,False
2021_Ref_Plot5_A17::76,2021_Ref_Plot5_A17,Field2,test,5,11,0.12925645341996664,13.532488726895336,0.02183845230420686,340,False
2021_Ref_Plot5_A17::80,2021_Ref_Plot5_A17,Field2,test,4,12,0.09184990559474326,8.797549033493684,0.009114673383792777,340,False
2021_Ref_Plot5_A17::85,2021_Ref_Plot5_A17,Field2,test,5,13,0.06711598588840435,9.08561312566566,0.019680064706030027,344,False
2021_Ref_Plot5_A19::8,2021_Ref_Plot5_A19,Field2,test,7,1,0.706464599003641,26.868797766291138,0.11170283465840353,344,False
2021_Ref_Plot5_A19::16,2021_Ref_Plot5_A19,Field2,test,8,2,0.7859026003492645,28.29659656660222,0.21262074952411797,344,False
2021_Ref_Plot5_A19::22,2021_Ref_Plot5_A19,Field2,test,6,3,0.2515308016534014,16.575561612814333,0.027222653545041012,344,False
2021_Ref_Plot5_A19::27,2021_Ref_Plot5_A19,Field2,test,5,4,0.2748325536230773,16.834805445873325,0.02956404807686853,344,False
2021_Ref_Plot5_A19::35,2021_Ref_Plot5_A19,Field2,test,8,5,0.13389706288947248,12.625227100223649,0.030170582530209083,344,False
2021_Ref_Plot5_A19::44,2021_Ref_Plot5_A19,Field2,test,9,6,0.11233326226813149,11.198309525703849,0.02103492221356167,344,False
2021_Ref_Plot5_A19::50,2021_Ref_Plot5_A19,Field2,test,6,7,0.08340061715741436,8.88322147660756,0.02752110200209625,344,False
2021_Ref_Plot5_A19::57,2021_Ref_Plot5_A19,Field2,test,7,8,0.14155992046201796,10.779777205596284,0.020696240184459792,341,False
2021_Ref_Plot5_A19::65,2021_Ref_Plot5_A19,Field2,test,8,9,0.09640799213436303,11.579301035230177,0.02206517737172016,341,False
2021_Ref_Plot5_A19::69,2021_Ref_Plot5_A19,Field2,test,4,10,0.12283181392700891,12.18955666702323,0.023831119823450264,344,False
2021_Ref_Plot5_A19::71,2021_Ref_Plot5_A19,Field2,test,2,11,0.05736432102237445,10.393880579991047,0.019486737021201624,344,False
2021_Ref_Plot5_A19::76,2021_Ref_Plot5_A19,Field2,test,5,12,0.11535374896705296,13.166600176937973,0.02184161769214364,340,False
2021_Ref_Plot5_A19::80,2021_Ref_Plot5_A19,Field2,test,4,13,0.05781820709033161,9.299015601494204,-0.00046918367846144335,340,False
2021_Ref_Plot5_A19::85,2021_Ref_Plot5_A19,Field2,test,5,14,0.051396524804181665,9.808353454437315,0.012053162004405994,344,False
2021_Ref_Plot5_B12::8,2021_Ref_Plot5_B12,Field2,test,7,1,0.7056186522026575,26.012487849793654,0.10395283805734698,344,False
2021_Ref_Plot5_B12::16,2021_Ref_Plot5_B12,Field2,test,8,2,0.768911988623343,28.724509005167256,0.1886236521901821,344,False
2021_Ref_Plot5_B12::22,2021_Ref_Plot5_B12,Field2,test,6,3,0.21949296565318588,15.221335216478018,0.01986370700987289,344,False
2021_Ref_Plot5_B12::27,2021_Ref_Plot5_B12,Field2,test,5,4,0.23696477735900226,15.326634302777205,0.035485849110211715,344,False
2021_Ref_Plot5_B12::35,2021_Ref_Plot5_B12,Field2,test,8,5,0.1209573542805966,12.05523780471174,0.026307512240245953,344,False
2021_Ref_Plot5_B12::44,2021_Ref_Plot5_B12,Field2,test,9,6,0.11249269778936721,9.50857863099556,0.014140800828805982,344,False
2021_Ref_Plot5_B12::50,2021_Ref_Plot5_B12,Field2,test,6,7,0.08381815592809722,8.900135400548255,0.012026146541470991,344,False
2021_Ref_Plot5_B12::57,2021_Ref_Plot5_B12,Field2,test,7,8,0.08868480398043832,10.517101137641758,0.01317864838057467,341,False
2021_Ref_Plot5_B12::65,2021_Ref_Plot5_B12,Field2,test,8,9,0.0850972560523839,11.546737101203998,0.011872016747751825,341,False
2021_Ref_Plot5_B12::69,2021_Ref_Plot5_B12,Field2,test,4,10,0.10326577315611267,12.296336489685585,0.023269766951293708,344,False
2021_Ref_Plot5_B12::71,2021_Ref_Plot5_B12,Field2,test,2,11,0.05856180380925691,10.224714738994155,0.017568072878481143,344,False
2021_Ref_Plot5_B12::76,2021_Ref_Plot5_B12,Field2,test,5,12,0.11623571137856903,12.909083316693469,0.026625871700690397,340,False
2021_Ref_Plot5_B12::80,2021_Ref_Plot5_B12,Field2,test,4,13,0.06753344690552877,9.400308357214088,0.01157388785162031,340,False
2021_Ref_Plot5_B12::85,2021_Ref_Plot5_B12,Field2,test,5,14,0.1036227636996172,9.861917604742038,0.02344566109887121,344,False
2021_Ref_Plot5_B14::8,2021_Ref_Plot5_B14,Field2,test,7,1,0.6846441727886097,25.794271566289208,0.09773074553238337,344,False
2021_Ref_Plot5_B14::16,2021_Ref_Plot5_B14,Field2,test,8,2,0.7700519380473109,28.23052820120332,0.17510015058875122,344,False
2021_Ref_Plot5_B14::22,2021_Ref_Plot5_B14,Field2,test,6,3,0.18243020080059832,15.281544766172317,0.023800906399779935,344,False
2021_Ref_Plot5_B14::27,2021_Ref_Plot5_B14,Field2,test,5,4,0.22014997291179536,14.69094716706509,0.022452409247968645,344,False
2021_Ref_Plot5_B14::35,2021_Ref_Plot5_B14,Field2,test,8,5,0.13348232922607042,12.312957944258764,0.02718720288358742,344,False
2021_Ref_Plot5_B14::44,2021_Ref_Plot5_B14,Field2,test,9,6,0.11200452123739642,10.220826601738228,0.014809409246483933,344,False
2021_Ref_Plot5_B14::50,2021_Ref_Plot5_B14,Field2,test,6,7,0.07756924444492676,9.558410749692284,0.028551716546090945,344,False
2021_Ref_Plot5_B14::57,2021_Ref_Plot5_B14,Field2,test,7,8,0.10932273665668242,10.728772657938134,0.020886056961145837,341,False
2021_Ref_Plot5_B14::65,2021_Ref_Plot5_B14,Field2,test,8,9,0.08255009136986229,11.525655299479126,0.012353811290250533,341,False
2021_Ref_Plot5_B14::69,2021_Ref_Plot5_B14,Field2,test,4,10,0.11354585115819386,12.47840344867374,0.0205886562734821,344,False
2021_Ref_Plot5_B14::71,2021_Ref_Plot5_B14,Field2,test,2,11,0.05563360153370589,10.48506337730146,0.02160254745741912,344,False
2021_Ref_Plot5_B14::76,2021_Ref_Plot5_B14,Field2,test,5,12,0.13830356879199002,13.931902487728303,0.023030965743342645,340,False
2021_Ref_Plot5_B14::80,2021_Ref_Plot5_B14,Field2,test,4,13,0.08409608280581189,8.895210083000851,0.026655306847914405,340,False
2021_Ref_Plot5_B14::85,2021_Ref_Plot5_B14,Field2,test,5,14,0.05850837588152385,9.830022217601844,0.012758482917492283,344,False
2021_Ref_Plot5_C12::8,2021_Ref_Plot5_C12,Field2,test,7,1,0.7047486044692177,25.655351026081178,0.1099969544147694,344,False
2021_Ref_Plot5_C12::16,2021_Ref_Plot5_C12,Field2,test,8,2,0.7723964297080282,28.407076560394806,0.2007211462010095,344,False
2021_Ref_Plot5_C12::22,2021_Ref_Plot5_C12,Field2,test,6,3,0.16524860501860864,13.707263750282879,0.008346140917323257,344,False
2021_Ref_Plot5_C12::27,2021_Ref_Plot5_C12,Field2,test,5,4,0.19091422232036345,15.17324643080973,0.02648473305786731,344,False
2021_Ref_Plot5_C12::35,2021_Ref_Plot5_C12,Field2,test,8,5,0.11404662270285926,11.830936967918483,0.026631029778543907,344,False
2021_Ref_Plot5_C12::44,2021_Ref_Plot5_C12,Field2,test,9,6,0.10580379969949984,9.450963082075797,0.001051262690524994,344,False
2021_Ref_Plot5_C12::50,2021_Ref_Plot5_C12,Field2,test,6,7,0.08519908932057892,8.878886591589893,0.01888226218413976,344,False
2021_Ref_Plot5_C12::57,2021_Ref_Plot5_C12,Field2,test,7,8,0.0878120123296476,10.302973416036084,0.006077361967449966,341,False
2021_Ref_Plot5_C12::65,2021_Ref_Plot5_C12,Field2,test,8,9,0.09161928136938668,11.783964034796226,0.01554279379204664,341,False
2021_Ref_Plot5_C12::69,2021_Ref_Plot5_C12,Field2,test,4,10,0.12044130863398816,12.600703211747742,0.024436942579045846,344,False
2021_Ref_Plot5_C12::71,2021_Ref_Plot5_C12,Field2,test,2,11,0.06560120569284272,10.210010131954961,0.021803872416804225,344,False
2021_Ref_Plot5_C12::76,2021_Ref_Plot5_C12,Field2,test,5,12,0.12807648970496696,13.646119330434587,0.019149344090854288,340,False
2021_Ref_Plot5_C12::80,2021_Ref_Plot5_C12,Field2,test,4,13,0.09857072253759593,9.178917603050433,0.01904301513182057,340,False
2021_Ref_Plot5_C12::85,2021_Ref_Plot5_C12,Field2,test,5,14,0.08320810170599534,9.606040278132554,0.012646630377182654,344,False
2021_Ref_Plot5_C17::8,2021_Ref_Plot5_C17,Field2,test,7,1,0.7054127714179383,26.744870479202,0.12167209909711964,344,False
2021_Ref_Plot5_C17::16,2021_Ref_Plot5_C17,Field2,test,8,2,0.7653548212021909,28.936291984393158,0.1892021822999858,344,False
2021_Ref_Plot5_C17::22,2021_Ref_Plot5_C17,Field2,test,6,3,0.19304748970619431,15.269194179870432,0.026816993435657833,344,False
2021_Ref_Plot5_C17::27,2021_Ref_Plot5_C17,Field2,test,5,4,0.20944626178882308,15.98727927446891,0.0260641389877647,344,False
2021_Ref_Plot5_C17::35,2021_Ref_Plot5_C17,Field2,test,8,5,0.12092712319025013,12.754273813723112,0.024451384964693904,344,False
2021_Ref_Plot5_C17::44,2021_Ref_Plot5_C17,Field2,test,9,6,0.10631619072816996,10.01045153708108,0.027290839447375804,344,False
2021_Ref_Plot5_C17::50,2021_Ref_Plot5_C17,Field2,test,6,7,0.0814060453285926,9.331979450128694,0.03359380042947533,344,False
2021_Ref_Plot5_C17::57,2021_Ref_Plot5_C17,Field2,test,7,8,0.12391488403810076,11.37327843541465,0.02156060000771264,341,False
2021_Ref_Plot5_C17::65,2021_Ref_Plot5_C17,Field2,test,8,9,0.08016474382108874,11.638884517606476,0.012015454189192696,341,False
2021_Ref_Plot5_C17::69,2021_Ref_Plot5_C17,Field2,test,4,10,0.10630416074155481,11.844664847876496,0.01728357010658507,344,False
2021_Ref_Plot5_C17::71,2021_Ref_Plot5_C17,Field2,test,2,11,0.0733207343853499,10.06922184451798,0.014984362744394901,344,False
2021_Ref_Plot5_C17::76,2021_Ref_Plot5_C17,Field2,test,5,12,0.10325392265861666,13.2805142093416,0.02011342504326001,340,False
2021_Ref_Plot5_C17::80,2021_Ref_Plot5_C17,Field2,test,4,13,0.08064756800072505,9.287199170894159,0.01237528789900454,340,False
2021_Ref_Plot5_C17::85,2021_Ref_Plot5_C17,Field2,test,5,14,0.052445991651470125,9.900076673303126,0.012364092502962686,344,False
2021_Ref_Plot5_C18::8,2021_Ref_Plot5_C18,Field2,test,7,1,0.7001879940712269,26.75331744040056,0.1214372225784215,344,False
2021_Ref_Plot5_C18::16,2021_Ref_Plot5_C18,Field2,test,8,2,0.7763729274165053,28.8592046694199,0.21411842150885768,344,False
2021_Ref_Plot5_C18::22,2021_Ref_Plot5_C18,Field2,test,6,3,0.18397879369011952,14.89076413957874,0.018791779497224277,344,False
2021_Ref_Plot5_C18::27,2021_Ref_Plot5_C18,Field2,test,5,4,0.21297055491844577,16.133320949614962,0.03033978350897931,344,False
2021_Ref_Plot5_C18::35,2021_Ref_Plot5_C18,Field2,test,8,5,0.12938980173432996,12.972568972873688,0.02861540530020014,344,False
2021_Ref_Plot5_C18::44,2021_Ref_Plot5_C18,Field2,test,9,6,0.1057230123697468,9.902471173111016,0.017804875246372524,344,False
2021_Ref_Plot5_C18::50,2021_Ref_Plot5_C18,Field2,test,6,7,0.07202186163763784,9.332675870572627,0.028300519386627324,344,False
2021_Ref_Plot5_C18::57,2021_Ref_Plot5_C18,Field2,test,7,8,0.11803734674959221,11.663143263484198,0.019474350474533435,341,False
2021_Ref_Plot5_C18::65,2021_Ref_Plot5_C18,Field2,test,8,9,0.0863216774544981,11.587684083282127,0.014995443536696221,341,False
2021_Ref_Plot5_C18::69,2021_Ref_Plot5_C18,Field2,test,4,10,0.10043274715838661,12.231756856041232,0.018043620183693074,344,False
2021_Ref_Plot5_C18::71,2021_Ref_Plot5_C18,Field2,test,2,11,0.05960823920268071,9.792420040784659,0.013163835643077089,344,False
2021_Ref_Plot5_C18::76,2021_Ref_Plot5_C18,Field2,test,5,12,0.09835853962954033,13.102880795020738,0.018424668726232753,340,False
2021_Ref_Plot5_C18::80,2021_Ref_Plot5_C18,Field2,test,4,13,0.09750924446527313,8.971113599358873,0.013255164723840331,340,False
2021_Ref_Plot5_C18::85,2021_Ref_Plot5_C18,Field2,test,5,14,0.05791804995558905,9.348168445599612,0.008460259214389388,344,False
2021_Ref_Plot5_D10::8,2021_Ref_Plot5_D10,Field2,test,7,1,0.7276587481586517,26.569393951605683,0.0961395589054477,344,False
2021_Ref_Plot5_D10::16,2021_Ref_Plot5_D10,Field2,test,8,2,0.7747354858560698,29.25402565079937,0.15282574123909318,344,False
2021_Ref_Plot5_D10::22,2021_Ref_Plot5_D10,Field2,test,6,3,0.17935127058210734,15.130772701273305,0.010624175036166007,344,False
2021_Ref_Plot5_D10::27,2021_Ref_Plot5_D10,Field2,test,5,4,0.16115963578435877,13.825609638274374,0.009047931425316758,344,False
2021_Ref_Plot5_D10::35,2021_Ref_Plot5_D10,Field2,test,8,5,0.1150841419797028,12.174720247857664,0.038823698112188006,344,False
2021_Ref_Plot5_D10::44,2021_Ref_Plot5_D10,Field2,test,9,6,0.1064178169492499,9.594358360507401,0.023494953208931708,344,False
2021_Ref_Plot5_D10::50,2021_Ref_Plot5_D10,Field2,test,6,7,0.07998671123332822,9.543557681747266,0.020325553325888337,344,False
2021_Ref_Plot5_D10::57,2021_Ref_Plot5_D10,Field2,test,7,8,0.08635684279006485,11.21037939204757,0.01806813120866211,341,False
2021_Ref_Plot5_D10::65,2021_Ref_Plot5_D10,Field2,test,8,9,0.08157070466351811,11.525246856760527,0.018204748112199028,341,False
2021_Ref_Plot5_D10::69,2021_Ref_Plot5_D10,Field2,test,4,10,0.09688310819839925,12.373330116942986,0.015361655132170238,344,False
2021_Ref_Plot5_D10::71,2021_Ref_Plot5_D10,Field2,test,2,11,0.07236852099625035,10.340889078320316,0.012077963448106263,344,False
2021_Ref_Plot5_D10::76,2021_Ref_Plot5_D10,Field2,test,5,12,0.11164431882820071,13.423934341020608,0.019224796275476394,340,False
2021_Ref_Plot5_D10::80,2021_Ref_Plot5_D10,Field2,test,4,13,0.06228263960384187,9.460195942350541,0.013178006581785157,340,False
2021_Ref_Plot5_D10::85,2021_Ref_Plot5_D10,Field2,test,5,14,0.06747686452324247,9.96885373097657,0.01764454701688639,344,False
2021_Ref_Plot5_D11::8,2021_Ref_Plot5_D11,Field2,test,7,1,0.7294197983514534,27.171842657911508,0.14181242928079024,344,False
2021_Ref_Plot5_D11::16,2021_Ref_Plot5_D11,Field2,test,8,2,0.7739269117754027,29.832604946670944,0.20126331273298378,344,False
2021_Ref_Plot5_D11::22,2021_Ref_Plot5_D11,Field2,test,6,3,0.18854619776838463,15.32396770834379,0.0220737478671447,344,False
2021_Ref_Plot5_D11::27,2021_Ref_Plot5_D11,Field2,test,5,4,0.15871644924384912,13.745165758730876,0.01856015859249113,344,False
2021_Ref_Plot5_D11::35,2021_Ref_Plot5_D11,Field2,test,8,5,0.12418731220816069,12.235546555979504,0.025707254212105127,344,False
2021_Ref_Plot5_D11::44,2021_Ref_Plot5_D11,Field2,test,9,6,0.09964548246366285,9.585449459667036,0.01980052809725264,344,False
2021_Ref_Plot5_D11::50,2021_Ref_Plot5_D11,Field2,test,6,7,0.07715054069753999,9.638337561701839,0.02211517928106198,344,False
2021_Ref_Plot5_D11::57,2021_Ref_Plot5_D11,Field2,test,7,8,0.0872652987183374,11.630746258959082,0.016011211815546468,341,False
2021_Ref_Plot5_D11::65,2021_Ref_Plot5_D11,Field2,test,8,9,0.08054337825141297,11.444695597320443,0.008986867995624525,341,False
2021_Ref_Plot5_D11::69,2021_Ref_Plot5_D11,Field2,test,4,10,0.09995382548726389,12.408911783060024,0.016156710066494374,344,False
2021_Ref_Plot5_D11::71,2021_Ref_Plot5_D11,Field2,test,2,11,0.06611354357713833,10.12673415708324,0.010786236748242304,344,False
2021_Ref_Plot5_D11::76,2021_Ref_Plot5_D11,Field2,test,5,12,0.11524428340186625,12.926846700346037,0.016692818139630236,340,False
2021_Ref_Plot5_D11::80,2021_Ref_Plot5_D11,Field2,test,4,13,0.059417525646274096,9.787457417747696,0.02073524787116828,340,False
2021_Ref_Plot5_D11::85,2021_Ref_Plot5_D11,Field2,test,5,14,0.07661046967381853,10.495654806455548,0.020763526729374527,344,False
2021_Ref_Plot5_D9::8,2021_Ref_Plot5_D9,Field2,test,7,1,0.7316260187866193,26.420242301712882,0.09842948968390564,344,False
2021_Ref_Plot5_D9::16,2021_Ref_Plot5_D9,Field2,test,8,2,0.7802974414469999,29.419092039847484,0.17111570988374777,344,False
2021_Ref_Plot5_D9::22,2021_Ref_Plot5_D9,Field2,test,6,3,0.17063530752523237,14.028665484351393,0.01555825201618638,344,False
2021_Ref_Plot5_D9::27,2021_Ref_Plot5_D9,Field2,test,5,4,0.12920370569969075,12.510246483646675,0.013423289097549905,344,False
2021_Ref_Plot5_D9::35,2021_Ref_Plot5_D9,Field2,test,8,5,0.10908222059699409,10.946372288007865,0.019453965888892387,344,False
2021_Ref_Plot5_D9::44,2021_Ref_Plot5_D9,Field2,test,9,6,0.09441666359186444,9.575603992627158,0.011296811988890737,344,False
2021_Ref_Plot5_D9::50,2021_Ref_Plot5_D9,Field2,test,6,7,0.07296015965054718,9.517511952820772,0.015966493837591356,344,False
2021_Ref_Plot5_D9::57,2021_Ref_Plot5_D9,Field2,test,7,8,0.08881897606421096,11.147101692977198,0.017529516689209233,341,False
2021_Ref_Plot5_D9::65,2021_Ref_Plot5_D9,Field2,test,8,9,0.08316153718251977,11.450262739358617,0.019519951184704374,341,False
2021_Ref_Plot5_D9::69,2021_Ref_Plot5_D9,Field2,test,4,10,0.09483549796580448,12.393742795147816,0.01770887963914317,344,False
2021_Ref_Plot5_D9::71,2021_Ref_Plot5_D9,Field2,test,2,11,0.06555116340700542,10.597510640176173,0.012842767023697008,344,False
2021_Ref_Plot5_D9::76,2021_Ref_Plot5_D9,Field2,test,5,12,0.13530602055688243,13.547433009536618,0.020844761976252443,340,False
2021_Ref_Plot5_D9::80,2021_Ref_Plot5_D9,Field2,test,4,13,0.06553424309517887,9.369500367379999,0.018602262903356544,340,False
2021_Ref_Plot5_D9::85,2021_Ref_Plot5_D9,Field2,test,5,14,0.07453557334450482,9.565619522795993,0.010935626876441795,344,False
2021_Ref_Plot5_E11::8,2021_Ref_Plot5_E11,Field2,test,7,1,0.712773173144302,26.63164003775347,0.12038105763666848,344,False
2021_Ref_Plot5_E11::16,2021_Ref_Plot5_E11,Field2,test,8,2,0.7377140193239161,28.60441871252319,0.19096588796963027,344,False
2021_Ref_Plot5_E11::22,2021_Ref_Plot5_E11,Field2,test,6,3,0.16532066371312437,14.050982350612644,0.023196689690093555,344,False
2021_Ref_Plot5_E11::27,2021_Ref_Plot5_E11,Field2,test,5,4,0.1437601603642187,14.42438609221526,0.023007919272617656,344,False
2021_Ref_Plot5_E11::35,2021_Ref_Plot5_E11,Field2,test,8,5,0.11835298502288827,12.192857739866405,0.036617451559753184,344,False
2021_Ref_Plot5_E11::44,2021_Ref_Plot5_E11,Field2,test,9,6,0.08570531793666801,9.982275932882585,0.013410425056976375,344,False
2021_Ref_Plot5_E11::50,2021_Ref_Plot5_E11,Field2,test,6,7,0.05690487100962675,9.468839051147986,0.014536825841671557,344,False
2021_Ref_Plot5_E11::57,2021_Ref_Plot5_E11,Field2,test,7,8,0.09711851619313917,11.625834926559712,0.017559515452727822,341,False
2021_Ref_Plot5_E11::65,2021_Ref_Plot5_E11,Field2,test,8,9,0.06907915904724105,10.592288835152319,0.00803172337002859,341,False
2021_Ref_Plot5_E11::69,2021_Ref_Plot5_E11,Field2,test,4,10,0.1048258850803531,12.069313521249516,0.020338264750610745,344,False
2021_Ref_Plot5_E11::71,2021_Ref_Plot5_E11,Field2,test,2,11,0.05670933901426408,10.291975697060192,0.016739881428872474,344,False
2021_Ref_Plot5_E11::76,2021_Ref_Plot5_E11,Field2,test,5,12,0.11151362401873573,12.12262132630647,0.018260841680010343,340,False
2021_Ref_Plot5_E11::80,2021_Ref_Plot5_E11,Field2,test,4,13,0.056738152895572234,9.408655490355097,0.014445466285858693,340,False
2021_Ref_Plot5_E11::85,2021_Ref_Plot5_E11,Field2,test,5,14,0.06719861648996456,10.21478284223345,0.00740404213108627,344,False
2021_Ref_Plot5_E3::8,2021_Ref_Plot5_E3,Field2,test,7,1,0.6880843493577579,26.98720212491962,0.11235580724591461,344,False
2021_Ref_Plot5_E3::16,2021_Ref_Plot5_E3,Field2,test,8,2,0.7674447218961529,30.12395704824212,0.189555587992266,344,False
2021_Ref_Plot5_E3::22,2021_Ref_Plot5_E3,Field2,test,6,3,0.2059740213556919,16.28674736224469,0.02628754945789776,344,False
2021_Ref_Plot5_E3::27,2021_Ref_Plot5_E3,Field2,test,5,4,0.1861779495883211,15.776302753271656,0.030604216182860706,344,False
2021_Ref_Plot5_E3::35,2021_Ref_Plot5_E3,Field2,test,8,5,0.12197193170386685,12.524197439600202,0.02396868829885948,344,False
2021_Ref_Plot5_E3::44,2021_Ref_Plot5_E3,Field2,test,9,6,0.08853645860747549,9.942093183384676,0.01655402544179585,344,False
2021_Ref_Plot5_E3::50,2021_Ref_Plot5_E3,Field2,test,6,7,0.07478833513670381,9.187109500216566,0.020773388046122956,344,False
2021_Ref_Plot5_E3::57,2021_Ref_Plot5_E3,Field2,test,7,8,0.10258663635238467,11.570373257801167,0.026093093156894055,341,False
2021_Ref_Plot5_E3::65,2021_Ref_Plot5_E3,Field2,test,8,9,0.06264500293577212,10.876067891859913,0.019235381938193213,341,False
2021_Ref_Plot5_E3::69,2021_Ref_Plot5_E3,Field2,test,4,10,0.12518097035215933,12.904950032652287,0.01688792239410801,344,False
2021_Ref_Plot5_E3::71,2021_Ref_Plot5_E3,Field2,test,2,11,0.07069418995020414,9.933927434205351,0.003948952201439595,344,False
2021_Ref_Plot5_E3::76,2021_Ref_Plot5_E3,Field2,test,5,12,0.13159941165669728,12.510947003936927,0.028029375616170818,340,False
2021_Ref_Plot5_E3::80,2021_Ref_Plot5_E3,Field2,test,4,13,0.07214867063416543,9.457132569212632,0.015963347720138736,340,False
2021_Ref_Plot5_E3::85,2021_Ref_Plot5_E3,Field2,test,5,14,0.05151559262242472,10.03367447416791,0.01213358129274283,344,False
2021_Ref_Plot5_E7::8,2021_Ref_Plot5_E7,Field2,test,7,1,0.7171861175311731,27.433158867706034,0.12619585917946669,344,False
2021_Ref_Plot5_E7::16,2021_Ref_Plot5_E7,Field2,test,8,2,0.7753063664619133,30.296852215675244,0.20442758835405733,344,False
2021_Ref_Plot5_E7::22,2021_Ref_Plot5_E7,Field2,test,6,3,0.19994637019351078,13.346446047909604,0.02746747397307987,344,False
2021_Ref_Plot5_E7::27,2021_Ref_Plot5_E7,Field2,test,5,4,0.17826080518128087,14.899164434460765,0.02806644667143433,344,False
2021_Ref_Plot5_E7::35,2021_Ref_Plot5_E7,Field2,test,8,5,0.12622078101776435,12.554827207122766,0.03166686529332496,344,False
2021_Ref_Plot5_E7::44,2021_Ref_Plot5_E7,Field2,test,9,6,0.10192353671423655,9.791539576892848,0.0178013287718268,344,False
2021_Ref_Plot5_E7::50,2021_Ref_Plot5_E7,Field2,test,6,7,0.0843001819667335,9.347130816246562,0.021135528402975973,344,False
2021_Ref_Plot5_E7::57,2021_Ref_Plot5_E7,Field2,test,7,8,0.09080728944116101,11.591268803495558,0.011449177513557745,341,False
2021_Ref_Plot5_E7::65,2021_Ref_Plot5_E7,Field2,test,8,9,0.06672538485504631,10.98405802446473,0.013077387250064581,341,False
2021_Ref_Plot5_E7::69,2021_Ref_Plot5_E7,Field2,test,4,10,0.11038957521631991,12.954968092661831,0.013322409668715472,344,False
2021_Ref_Plot5_E7::71,2021_Ref_Plot5_E7,Field2,test,2,11,0.06774525898125511,10.474915029644922,0.011414320060172702,344,False
2021_Ref_Plot5_E7::76,2021_Ref_Plot5_E7,Field2,test,5,12,0.1339564893813723,12.839329566904457,0.02106312506170491,340,False
2021_Ref_Plot5_E7::80,2021_Ref_Plot5_E7,Field2,test,4,13,0.06629586482752163,9.729285208629031,0.01385998612713356,340,False
2021_Ref_Plot5_E7::85,2021_Ref_Plot5_E7,Field2,test,5,14,0.05681046768375526,10.272634875008785,0.010951344043471957,344,False
