pair_id,plant_id,field,split,gap_days,n_input_frames,ssim,psnr,structure_ssim
2020_Ref_Plot1_A10::22,2020_Ref_Plot1_A10,Field1,test,7,1,0.34393490562714346,19.095649645155834,0.09429322119346584
2020_Ref_Plot1_A10::28,2020_Ref_Plot1_A10,Field1,test,6,2,0.6814570825651479,27.776026395086863,0.1808845295657758
2020_Ref_Plot1_A10::36,2020_Ref_Plot1_A10,Field1,test,8,3,0.17289301011749078,14.27896341963709,0.04651469039507081
2020_Ref_Plot1_A10::42,2020_Ref_Plot1_A10,Field1,test,6,4,0.2888395256192043,17.42966391334834,0.04925718451233348
2020_Ref_Plot1_A10::51,2020_Ref_Plot1_A10,Field1,test,9,5,0.1433213494560633,12.425582709917528,0.04592363654313178
2020_Ref_Plot1_A10::83,2020_Ref_Plot1_A10,Field1,test,32,6,0.17792888986437885,15.046235211560274,0.027498737761545385
2020_Ref_Plot1_A93::22,2020_Ref_Plot1_A93,Field1,test,7,1,0.3257223687241833,20.54718148541383,0.07184081877655872
2020_Ref_Plot1_A93::28,2020_Ref_Plot1_A93,Field1,test,6,2,0.7236386923346342,28.986429588658797,0.19377488165122853
2020_Ref_Plot1_A93::36,2020_Ref_Plot1_A93,Field1,test,8,3,0.18119346244426962,14.925098365716988,0.04610392026949476
2020_Ref_Plot1_A93::42,2020_Ref_Plot1_A93,Field1,test,6,4,0.28805919149984033,17.462641067809013,0.045332264140360415
2020_Ref_Plot1_A93::51,2020_Ref_Plot1_A93,Field1,test,9,5,0.14876150259285734,11.829137102824186,0.0540371365380761
2020_Ref_Plot1_A94::22,2020_Ref_Plot1_A94,Field1,test,7,1,0.3545790631863914,20.622286181186066,0.07748758397830403
2020_Ref_Plot1_A94::28,2020_Ref_Plot1_A94,Field1,test,6,2,0.7142488317327432,28.60652892798803,0.20695897770203375
2020_Ref_Plot1_A94::36,2020_Ref_Plot1_A94,Field1,test,8,3,0.19898617225010243,15.549113253465283,0.05051781998395161
2020_Ref_Plot1_A94::42,2020_Ref_Plot1_A94,Field1,test,6,4,0.24816878124836972,16.80715683006389,0.034381452416989595
2020_Ref_Plot1_A94::51,2020_Ref_Plot1_A94,Field1,test,9,5,0.1562778925682288,11.507631424233233,0.043722017786109416
2020_Ref_Plot1_B10::22,2020_Ref_Plot1_B10,Field1,test,7,1,0.3453423741859693,18.927687689085104,0.11365079796210342
2020_Ref_Plot1_B10::28,2020_Ref_Plot1_B10,Field1,test,6,2,0.6479420849528359,27.469120285405335,0.14389619917481483
2020_Ref_Plot1_B10::36,2020_Ref_Plot1_B10,Field1,test,8,3,0.13676296224265014,13.257343820863596,0.0257431645148762
2020_Ref_Plot1_B10::42,2020_Ref_Plot1_B10,Field1,test,6,4,0.26110005764512567,16.93084432470282,0.05519291610995619
2020_Ref_Plot1_B10::51,2020_Ref_Plot1_B10,Field1,test,9,5,0.14457691248503365,12.452972402006877,0.023922331149324814
2020_Ref_Plot1_B10::83,2020_Ref_Plot1_B10,Field1,test,32,6,0.2573719197062278,16.92738970703581,0.04902796198816012
2020_Ref_Plot1_B1::22,2020_Ref_Plot1_B1,Field1,test,7,1,0.29111875370845486,18.919758999437043,0.07721404205636581
2020_Ref_Plot1_B1::28,2020_Ref_Plot1_B1,Field1,test,6,2,0.6829669142786511,28.34238289762296,0.1770190590786891
2020_Ref_Plot1_B1::36,2020_Ref_Plot1_B1,Field1,test,8,3,0.15010351136223712,13.462350106272496,0.02650465096339958
2020_Ref_Plot1_B1::42,2020_Ref_Plot1_B1,Field1,test,6,4,0.27203113062392686,17.375459813113785,0.046408342483291246
2020_Ref_Plot1_B1::51,2020_Ref_Plot1_B1,Field1,test,9,5,0.13853720080470838,11.53379777945704,0.06074583417862377
2020_Ref_Plot1_B1::83,2020_Ref_Plot1_B1,Field1,test,32,6,0.30028121763039467,16.32751287794695,0.04799139781057835
2020_Ref_Plot1_B7::22,2020_Ref_Plot1_B7,Field1,test,7,1,0.40188108657114047,19.97900054929765,0.15398966214474039
2020_Ref_Plot1_B7::28,2020_Ref_Plot1_B7,Field1,test,6,2,0.6418441702862906,27.31574551455695,0.14221533036186326
2020_Ref_Plot1_B7::36,2020_Ref_Plot1_B7,Field1,test,8,3,0.148016947437857,13.45352896573541,0.0369516259862921
2020_Ref_Plot1_B7::42,2020_Ref_Plot1_B7,Field1,test,6,4,0.2666326562145762,17.40378496965043,0.0442876395164618
2020_Ref_Plot1_B7::51,2020_Ref_Plot1_B7,Field1,test,9,5,0.12967247108369823,11.650231933526012,0.04474599369571883
2020_Ref_Plot1_B7::83,2020_Ref_Plot1_B7,Field1,test,32,6,0.25135359364290905,16.57354448249606,0.027414554494305767
2020_Ref_Plot1_B94::22,2020_Ref_Plot1_B94,Field1,test,7,1,0.29202495924672894,18.92494447877011,0.06254309243772657
2020_Ref_Plot1_B94::28,2020_Ref_Plot1_B94,Field1,test,6,2,0.7164429420417132,29.270937089510987,0.19719095251327862
2020_Ref_Plot1_B94::36,2020_Ref_Plot1_B94,Field1,test,8,3,0.17868383627068,15.05362413150461,0.04534812140416923
2020_Ref_Plot1_B94::42,2020_Ref_Plot1_B94,Field1,test,6,4,0.2288641958588602,16.457238620986217,0.04558446026012636
2020_Ref_Plot1_B94::51,2020_Ref_Plot1_B94,Field1,test,9,5,0.1362053367230417,11.825970435373083,0.04513161272410591
2020_Ref_Plot1_C1::22,2020_Ref_Plot1_C1,Field1,test,7,1,0.3264366536931662,19.042242547967998,0.10957193380850629
2020_Ref_Plot1_C1::28,2020_Ref_Plot1_C1,Field1,test,6,2,0.7089932907918314,28.878221214237698,0.18074799042985173
2020_Ref_Plot1_C1::36,2020_Ref_Plot1_C1,Field1,test,8,3,0.2047530168071913,14.948604904727008,0.051560046776602884
2020_Ref_Plot1_C1::42,2020_Ref_Plot1_C1,Field1,test,6,4,0.2693305237543797,17.70349972159232,0.05225622564986852
2020_Ref_Plot1_C1::51,2020_Ref_Plot1_C1,Field1,test,9,5,0.1334405249555457,11.980674264843518,0.0511885118023247
2020_Ref_Plot1_C1::83,2020_Ref_Plot1_C1,Field1,test,32,6,0.3197933801088076,17.120122193145,0.05315476930452464
2020_Ref_Plot1_C92::22,2020_Ref_Plot1_C92,Field1,test,7,1,0.26857661229435775,19.11865489755001,0.055002276579889126
2020_Ref_Plot1_C92::28,2020_Ref_Plot1_C92,Field1,test,6,2,0.7258486745222831,29.72532117020911,0.19950473996169812
2020_Ref_Plot1_C92::36,2020_Ref_Plot1_C92,Field1,test,8,3,0.1499802744429037,13.746303763487607,0.022793964072123134
2020_Ref_Plot1_C92::42,2020_Ref_Plot1_C92,Field1,test,6,4,0.22718126831912477,16.631580602051866,0.027988864750434862
2020_Ref_Plot1_C92::51,2020_Ref_Plot1_C92,Field1,test,9,5,0.15450196451219642,12.495479201453186,0.060045078329326235
2020_Ref_Plot1_C98::22,2020_Ref_Plot1_C98,Field1,test,7,1,0.30169879545175754,19.277751789443723,0.09101800027444011
2020_Ref_Plot1_C98::28,2020_Ref_Plot1_C98,Field1,test,6,2,0.7004618594801914,28.453037057378342,0.17174992034618877
2020_Ref_Plot1_C98::36,2020_Ref_Plot1_C98,Field1,test,8,3,0.17272862134046638,14.702029817730839,0.030994216677033254
2020_Ref_Plot1_C98::42,2020_Ref_Plot1_C98,Field1,test,6,4,0.24649788766706285,17.161070443689766,0.044427317624192775
2020_Ref_Plot1_C98::51,2020_Ref_Plot1_C98,Field1,test,9,5,0.12864581353107704,12.010236709475144,0.04799981279379006
2020_Ref_Plot2_A2::22,2020_Ref_Plot2_A2,Field1,test,7,1,0.26677604279180905,19.94366013280288,0.05268557976458639
2020_Ref_Plot2_A2::28,2020_Ref_Plot2_A2,Field1,test,6,2,0.6866043768501008,27.903990824796786,0.16120596918835264
2020_Ref_Plot2_A2::36,2020_Ref_Plot2_A2,Field1,test,8,3,0.17917877881193214,14.619857021452706,0.05648170459606048
2020_Ref_Plot2_A2::42,2020_Ref_Plot2_A2,Field1,test,6,4,0.2842609330592875,17.857616025499127,0.050722507826204896
2020_Ref_Plot2_A2::51,2020_Ref_Plot2_A2,Field1,test,9,5,0.12866625969322587,11.911919943932762,0.045545252707091435
2020_Ref_Plot2_A2::83,2020_Ref_Plot2_A2,Field1,test,32,6,0.21455314032935002,15.372528639271428,0.01985671930872875
2020_Ref_Plot2_A4::22,2020_Ref_Plot2_A4,Field1,test,7,1,0.24658324013975016,19.56153411886438,0.038818603276855185
2020_Ref_Plot2_A4::28,2020_Ref_Plot2_A4,Field1,test,6,2,0.6968878408275225,28.3626490279887,0.19546735692701075
2020_Ref_Plot2_A4::36,2020_Ref_Plot2_A4,Field1,test,8,3,0.18865907359720926,14.927538946711776,0.06182636853876937
2020_Ref_Plot2_A4::42,2020_Ref_Plot2_A4,Field1,test,6,4,0.22479539579498964,16.02282211587266,0.034076507564426255
2020_Ref_Plot2_A4::51,2020_Ref_Plot2_A4,Field1,test,9,5,0.13064423616010193,11.790233854586639,0.029392776848097994
2020_Ref_Plot2_A4::83,2020_Ref_Plot2_A4,Field1,test,32,6,0.16330447118828925,13.508304318574522,0.028828186255390995
2020_Ref_Plot2_A91::22,2020_Ref_Plot2_A91,Field1,test,7,1,0.279880985339893,19.607164046109816,0.05473867747890923
2020_Ref_Plot2_A91::28,2020_Ref_Plot2_A91,Field1,test,6,2,0.6893571830012776,28.359298059435293,0.16676231841518918
2020_Ref_Plot2_A91::36,2020_Ref_Plot2_A91,Field1,test,8,3,0.18728686340266373,15.283619077488842,0.04773310464961356
2020_Ref_Plot2_A91::42,2020_Ref_Plot2_A91,Field1,test,6,4,0.299893099324302,18.472075448456486,0.054945389819511116
2020_Ref_Plot2_A91::51,2020_Ref_Plot2_A91,Field1,test,9,5,0.13569139668589064,11.899298095605298,0.06186231119386736
2020_Ref_Plot2_A91::83,2020_Ref_Plot2_A91,Field1,test,32,6,0.2693038671237537,16.741977601513412,0.03515055799871485
2020_Ref_Plot2_B1::22,2020_Ref_Plot2_B1,Field1,test,7,1,0.26496965812339685,19.672392806953493,0.0597558831737556
2020_Ref_Plot2_B1::28,2020_Ref_Plot2_B1,Field1,test,6,2,0.7023030450373802,28.527694497149902,0.169008197416802
2020_Ref_Plot2_B1::36,2020_Ref_Plot2_B1,Field1,test,8,3,0.1578975072649275,13.943883210509249,0.03908073754717367
2020_Ref_Plot2_B1::42,2020_Ref_Plot2_B1,Field1,test,6,4,0.3077749010296517,18.104704924585075,0.04896159974251068
2020_Ref_Plot2_B1::51,2020_Ref_Plot2_B1,Field1,test,9,5,0.11508294528965457,11.641411854038013,0.027879578524299318
2020_Ref_Plot2_B1::83,2020_Ref_Plot2_B1,Field1,test,32,6,0.21071744707440468,15.350763298647326,0.0312875814032111
2020_Ref_Plot2_B7::22,2020_Ref_Plot2_B7,Field1,test,7,1,0.3020966429897283,19.80891072093186,0.059845326767229826
2020_Ref_Plot2_B7::28,2020_Ref_Plot2_B7,Field1,test,6,2,0.664026574748716,28.06568988830613,0.15987324637961023
2020_Ref_Plot2_B7::36,2020_Ref_Plot2_B7,Field1,test,8,3,0.1678630348999429,14.47740578018353,0.035855485682332974
2020_Ref_Plot2_B7::42,2020_Ref_Plot2_B7,Field1,test,6,4,0.26598186990582656,17.25070143856623,0.05384455910741532
2020_Ref_Plot2_B7::51,2020_Ref_Plot2_B7,Field1,test,9,5,0.12736626650544017,10.91472597235416,0.056537004426067745
2020_Ref_Plot2_B7::83,2020_Ref_Plot2_B7,Field1,test,32,6,0.16018274421365564,14.218041897275892,0.02207643874020147
2020_Ref_Plot2_B91::22,2020_Ref_Plot2_B91,Field1,test,7,1,0.2804094188921498,18.74442275248666,0.07986142866083941
2020_Ref_Plot2_B91::28,2020_Ref_Plot2_B91,Field1,test,6,2,0.6925054373710825,28.564428142785907,0.1763549883113564
2020_Ref_Plot2_B91::36,2020_Ref_Plot2_B91,Field1,test,8,3,0.18143214867063448,15.539468236608055,0.05486767566278728
2020_Ref_Plot2_B91::42,2020_Ref_Plot2_B91,Field1,test,6,4,0.2576354286972428,17.483675865969527,0.03119017502710707
2020_Ref_Plot2_B91::51,2020_Ref_Plot2_B91,Field1,test,9,5,0.11611185305838034,11.549447586971143,0.05084472856197977
2020_Ref_Plot2_B99::22,2020_Ref_Plot2_B99,Field1,test,7,1,0.29542557522035673,19.324560720532652,0.058101994575138025
2020_Ref_Plot2_B99::28,2020_Ref_Plot2_B99,Field1,test,6,2,0.6854398002179346,28.031723047272983,0.17035525578594002
2020_Ref_Plot2_B99::36,2020_Ref_Plot2_B99,Field1,test,8,3,0.14216714673973813,13.435586535760107,0.023533415063589472
2020_Ref_Plot2_B99::42,2020_Ref_Plot2_B99,Field1,test,6,4,0.26222571402125894,17.928412086592637,0.042531178690614214
2020_Ref_Plot2_B99::51,2020_Ref_Plot2_B99,Field1,test,9,5,0.1143556854790967,11.674041201662014,0.03670389813226531
2020_Ref_Plot2_B99::83,2020_Ref_Plot2_B99,Field1,test,32,6,0.22739307337165912,16.12527911260869,0.034485151878559585
2020_Ref_Plot2_C2::22,2020_Ref_Plot2_C2,Field1,test,7,1,0.27743910441779834,19.480101755221288,0.0630442750966121
2020_Ref_Plot2_C2::28,2020_Ref_Plot2_C2,Field1,test,6,2,0.7138430960517329,28.71981447007653,0.19017922489948405
2020_Ref_Plot2_C2::36,2020_Ref_Plot2_C2,Field1,test,8,3,0.19965311333724092,15.179338871214899,0.06195199773735368
2020_Ref_Plot2_C2::42,2020_Ref_Plot2_C2,Field1,test,6,4,0.296044683256504,17.42772214018948,0.05450474114394558
2020_Ref_Plot2_C2::51,2020_Ref_Plot2_C2,Field1,test,9,5,0.1557504592721416,12.322220155225157,0.06733795718842095
2020_Ref_Plot2_C2::83,2020_Ref_Plot2_C2,Field1,test,32,6,0.21022557350951518,15.390663183425339,0.03330787949428336
2020_Ref_Plot2_C5::22,2020_Ref_Plot2_C5,Field1,test,7,1,0.29529356362189313,20.150741209304268,0.06942259142022626
2020_Ref_Plot2_C5::28,2020_Ref_Plot2_C5,Field1,test,6,2,0.7075772766322239,28.772631243799953,0.19000645679448167
2020_Ref_Plot2_C5::36,2020_Ref_Plot2_C5,Field1,test,8,3,0.19899028414360184,15.393907281664987,0.05083802782137319
2020_Ref_Plot2_C5::42,2020_Ref_Plot2_C5,Field1,test,6,4,0.2616530240357382,16.662944787136805,0.038748352808339055
2020_Ref_Plot2_C5::51,2020_Ref_Plot2_C5,Field1,test,9,5,0.13093280509612135,11.388462725394142,0.041143718952607405
2020_Ref_Plot2_C5::83,2020_Ref_Plot2_C5,Field1,test,32,6,0.17080626149532607,13.957447535259206,0.026762079426035073
2020_Ref_Plot2_C6::22,2020_Ref_Plot2_C6,Field1,test,7,1,0.28037672865597785,19.840816788724396,0.060129884344683
2020_Ref_Plot2_C6::28,2020_Ref_Plot2_C6,Field1,test,6,2,0.6826694409113893,28.207793013778687,0.17340869178372958
2020_Ref_Plot2_C6::36,2020_Ref_Plot2_C6,Field1,test,8,3,0.19622620379105685,15.512929706063552,0.04395537889116487
2020_Ref_Plot2_C6::42,2020_Ref_Plot2_C6,Field1,test,6,4,0.24531280415684384,16.36543336181016,0.05160605309711355
2020_Ref_Plot2_C6::51,2020_Ref_Plot2_C6,Field1,test,9,5,0.16666449517558565,11.980222214987908,0.057739312486733176
2020_Ref_Plot2_C6::83,2020_Ref_Plot2_C6,Field1,test,32,6,0.1585761440863099,13.762172945543012,0.023331127611093
2020_Ref_Plot3_A2::22,2020_Ref_Plot3_A2,Field1,test,7,1,0.23845832831609318,18.900654730206753,0.03087324485759508
2020_Ref_Plot3_A2::28,2020_Ref_Plot3_A2,Field1,test,6,2,0.6715310544474943,27.528600668041022,0.1627581853606658
2020_Ref_Plot3_A2::36,2020_Ref_Plot3_A2,Field1,test,8,3,0.2025503768195717,14.985269825406448,0.05071401868565638
2020_Ref_Plot3_A2::42,2020_Ref_Plot3_A2,Field1,test,6,4,0.24813347075610845,16.59774708977709,0.04599257946627298
2020_Ref_Plot3_A2::51,2020_Ref_Plot3_A2,Field1,test,9,5,0.1166781370961879,11.769505122388015,0.041103021182644466
2020_Ref_Plot3_A2::83,2020_Ref_Plot3_A2,Field1,test,32,6,0.18389532049147791,14.705606061518171,0.02453333805402086
2020_Ref_Plot3_A91::22,2020_Ref_Plot3_A91,Field1,test,7,1,0.22005699379399765,19.69936285202074,0.027737092532843906
2020_Ref_Plot3_A91::28,2020_Ref_Plot3_A91,Field1,test,6,2,0.7028768163226645,28.875923928808458,0.17065756104057805
2020_Ref_Plot3_A91::36,2020_Ref_Plot3_A91,Field1,test,8,3,0.1847299412073421,14.843431452282987,0.04049413314921869
2020_Ref_Plot3_A91::42,2020_Ref_Plot3_A91,Field1,test,6,4,0.26761626540140154,16.903656197116522,0.04354689694753627
2020_Ref_Plot3_A91::51,2020_Ref_Plot3_A91,Field1,test,9,5,0.10918930020880908,12.071132637910383,0.027088687537648207
2020_Ref_Plot3_A91::83,2020_Ref_Plot3_A91,Field1,test,32,6,0.2267313358679678,15.803894401584976,0.03244768046342266
2020_Ref_Plot3_A95::22,2020_Ref_Plot3_A95,Field1,test,7,1,0.291807822363253,19.92951280977873,0.06089638164626003
2020_Ref_Plot3_A95::28,2020_Ref_Plot3_A95,Field1,test,6,2,0.6612232408175952,27.025460829876504,0.15614763003170656
2020_Ref_Plot3_A95::36,2020_Ref_Plot3_A95,Field1,test,8,3,0.16518165905368434,13.946180999894874,0.038455225253088664
2020_Ref_Plot3_A95::42,2020_Ref_Plot3_A95,Field1,test,6,4,0.26210053055210575,16.812536251224653,0.05049787579885741
2020_Ref_Plot3_A95::51,2020_Ref_Plot3_A95,Field1,test,9,5,0.13654073425250382,11.805013476255876,0.040376610557436715
2020_Ref_Plot3_A95::83,2020_Ref_Plot3_A95,Field1,test,32,6,0.21762009903058818,15.678173381582795,0.035791874346010256
2020_Ref_Plot3_A99::22,2020_Ref_Plot3_A99,Field1,test,7,1,0.27462315227261325,19.288556198225827,0.05238851720055018
2020_Ref_Plot3_A99::28,2020_Ref_Plot3_A99,Field1,test,6,2,0.69760484344533,28.04835713402118,0.1824661653610501
2020_Ref_Plot3_A99::36,2020_Ref_Plot3_A99,Field1,test,8,3,0.18948336236099708,14.160133708956412,0.049060462653007536
2020_Ref_Plot3_A99::42,2020_Ref_Plot3_A99,Field1,test,6,4,0.3013944860634707,18.222502867015418,0.07337796446210185
2020_Ref_Plot3_A99::51,2020_Ref_Plot3_A99,Field1,test,9,5,0.13836482907119124,11.73093636699665,0.03325700814133696
2020_Ref_Plot3_A99::83,2020_Ref_Plot3_A99,Field1,test,32,6,0.18029970884068702,15.012150048827412,0.02544320851299757
2020_Ref_Plot3_A9::22,2020_Ref_Plot3_A9,Field1,test,7,1,0.2574618680690785,20.06530082079331,0.04484616903683181
2020_Ref_Plot3_A9::28,2020_Ref_Plot3_A9,Field1,test,6,2,0.706578204662133,28.1242903669305,0.1720769189792735
2020_Ref_Plot3_A9::36,2020_Ref_Plot3_A9,Field1,test,8,3,0.1421863261864995,14.583348092292587,0.025138605898019046
2020_Ref_Plot3_A9::42,2020_Ref_Plot3_A9,Field1,test,6,4,0.30289706990523474,19.079720502218922,0.0505416846567843
2020_Ref_Plot3_A9::51,2020_Ref_Plot3_A9,Field1,test,9,5,0.14294526038365774,11.91653566068998,0.048787348704331164
2020_Ref_Plot3_A9::83,2020_Ref_Plot3_A9,Field1,test,32,6,0.24104293829094625,15.762039513170789,0.04575430323361213
2020_Ref_Plot3_A9::97,2020_Ref_Plot3_A9,Field1,test,14,7,0.30695017150863807,18.457329895043443,0.04256432274452591
2020_Ref_Plot3_B97::22,2020_Ref_Plot3_B97,Field1,test,7,1,0.29177612066182057,19.747437061301838,0.0695197516008577
2020_Ref_Plot3_B97::28,2020_Ref_Plot3_B97,Field1,test,6,2,0.6981049856701483,27.918100329638207,0.18973428877042783
2020_Ref_Plot3_B97::36,2020_Ref_Plot3_B97,Field1,test,8,3,0.1949508455892706,14.731267352150713,0.04902311666348743
2020_Ref_Plot3_B97::42,2020_Ref_Plot3_B97,Field1,test,6,4,0.2828162116315156,17.505484391777507,0.04486658429464309
2020_Ref_Plot3_B97::51,2020_Ref_Plot3_B97,Field1,test,9,5,0.14232682187784432,11.697930722971643,0.04366770938731854
2020_Ref_Plot3_B97::83,2020_Ref_Plot3_B97,Field1,test,32,6,0.1887505165252231,14.418234614049892,0.02761646131325761
2020_Ref_Plot3_C10::22,2020_Ref_Plot3_C10,Field1,test,7,1,0.24211890793899804,18.979588656100866,0.03534809169694125
2020_Ref_Plot3_C10::28,2020_Ref_Plot3_C10,Field1,test,6,2,0.6783151266193473,27.407121357715965,0.16746723798889016
2020_Ref_Plot3_C10::36,2020_Ref_Plot3_C10,Field1,test,8,3,0.13852931377930555,12.646202106797265,0.020268527315707732
2020_Ref_Plot3_C10::42,2020_Ref_Plot3_C10,Field1,test,6,4,0.2629963634191352,17.05959370407665,0.045173868981011285
2020_Ref_Plot3_C10::51,2020_Ref_Plot3_C10,Field1,test,9,5,0.12665766165323347,11.854731856875178,0.035318820593884845
2020_Ref_Plot3_C10::83,2020_Ref_Plot3_C10,Field1,test,32,6,0.19636315776090388,14.65858064640784,0.02010261551161653
2020_Ref_Plot3_C10::97,2020_Ref_Plot3_C10,Field1,test,14,7,0.26930647284431836,17.587282163724694,0.0387725345249013
2020_Ref_Plot3_C2::22,2020_Ref_Plot3_C2,Field1,test,7,1,0.2789865592274477,19.6450360297015,0.051144284438231304
2020_Ref_Plot3_C2::28,2020_Ref_Plot3_C2,Field1,test,6,2,0.6617515365028869,26.91039265434977,0.15779572916246354
2020_Ref_Plot3_C2::36,2020_Ref_Plot3_C2,Field1,test,8,3,0.17906851402956317,14.593250228926697,0.04248126244706644
2020_Ref_Plot3_C2::42,2020_Ref_Plot3_C2,Field1,test,6,4,0.28903087399857036,16.85789046378975,0.0553046042929424
2020_Ref_Plot3_C2::51,2020_Ref_Plot3_C2,Field1,test,9,5,0.12825435800876495,11.96713780147202,0.03148987584691193
2020_Ref_Plot3_C2::83,2020_Ref_Plot3_C2,Field1,test,32,6,0.15749062605320438,14.218611105551211,0.021714494582629418
2020_Ref_Plot3_C7::22,2020_Ref_Plot3_C7,Field1,test,7,1,0.29743379867715725,19.881966955606355,0.06431893465883168
2020_Ref_Plot3_C7::28,2020_Ref_Plot3_C7,Field1,test,6,2,0.6598765058909422,26.89786028147257,0.17485208030127375
2020_Ref_Plot3_C7::36,2020_Ref_Plot3_C7,Field1,test,8,3,0.18424769827606333,14.627923330518433,0.06359605893977792
2020_Ref_Plot3_C7::42,2020_Ref_Plot3_C7,Field1,test,6,4,0.2730262715818834,17.670194446702233,0.050594554475229495
2020_Ref_Plot3_C7::51,2020_Ref_Plot3_C7,Field1,test,9,5,0.12846407467215817,12.71421381018449,0.044416987045407676
2020_Ref_Plot3_C7::83,2020_Ref_Plot3_C7,Field1,test,32,6,0.19102150859191647,15.595167735481745,0.03229174681732441
2020_Ref_Plot3_C7::97,2020_Ref_Plot3_C7,Field1,test,14,7,0.23877891580425673,16.678874175948494,0.02449963712560013
2020_Ref_Plot4_A8::22,2020_Ref_Plot4_A8,Field1,test,7,1,0.3388051853918985,22.112541544449456,0.0749006225825373
2020_Ref_Plot4_A8::28,2020_Ref_Plot4_A8,Field1,test,6,2,0.7241748176127052,27.43730139649834,0.19289566139169778
2020_Ref_Plot4_A8::36,2020_Ref_Plot4_A8,Field1,test,8,3,0.09776553731159215,14.16352015585596,0.02140665286458201
2020_Ref_Plot4_A8::42,2020_Ref_Plot4_A8,Field1,test,6,4,0.34374179749875466,19.152590245229952,0.06338990393050334
2020_Ref_Plot4_A8::51,2020_Ref_Plot4_A8,Field1,test,9,5,0.10138121236757809,11.499523286469328,0.021984353591880983
2020_Ref_Plot4_A8::83,2020_Ref_Plot4_A8,Field1,test,32,6,0.17567185760839413,15.34887513717463,0.023411145767922404
2020_Ref_Plot4_A90::22,2020_Ref_Plot4_A90,Field1,test,7,1,0.2625633092648791,20.11301363724623,0.03776915090351951
2020_Ref_Plot4_A90::28,2020_Ref_Plot4_A90,Field1,test,6,2,0.747326872225968,28.990300281637534,0.22237617222774914
2020_Ref_Plot4_A90::36,2020_Ref_Plot4_A90,Field1,test,8,3,0.10335852152666887,14.622881838273159,0.01998725614634322
2020_Ref_Plot4_A90::42,2020_Ref_Plot4_A90,Field1,test,6,4,0.32454993849584984,18.467564780703558,0.049964705570454855
2020_Ref_Plot4_A90::51,2020_Ref_Plot4_A90,Field1,test,9,5,0.10020716390832103,11.23397351305885,0.0357597709557881
2020_Ref_Plot4_A92::22,2020_Ref_Plot4_A92,Field1,test,7,1,0.2755356762713275,20.56716567091911,0.039829885345197116
2020_Ref_Plot4_A92::28,2020_Ref_Plot4_A92,Field1,test,6,2,0.7435181460539178,29.374142115558506,0.1979531825703684
2020_Ref_Plot4_A92::36,2020_Ref_Plot4_A92,Field1,test,8,3,0.09969838239966662,15.131231478403006,0.0237903645744761
2020_Ref_Plot4_A92::42,2020_Ref_Plot4_A92,Field1,test,6,4,0.30445223417386374,18.413816171779466,0.049964467326130475
2020_Ref_Plot4_A92::51,2020_Ref_Plot4_A92,Field1,test,9,5,0.11685666169886953,12.185028276188461,0.03734009029534499
2020_Ref_Plot4_B2::22,2020_Ref_Plot4_B2,Field1,test,7,1,0.2873420283239394,20.97568269217561,0.04321123048147989
2020_Ref_Plot4_B2::28,2020_Ref_Plot4_B2,Field1,test,6,2,0.7610078429717687,29.86111661859222,0.21933167307852675
2020_Ref_Plot4_B2::36,2020_Ref_Plot4_B2,Field1,test,8,3,0.10900078480877227,15.605238974790705,0.017366430371232897
2020_Ref_Plot4_B2::42,2020_Ref_Plot4_B2,Field1,test,6,4,0.2651044817003039,16.865176042532944,0.02880494485156204
2020_Ref_Plot4_B2::51,2020_Ref_Plot4_B2,Field1,test,9,5,0.1028238612509224,11.836438006200938,0.021454834973267046
2020_Ref_Plot4_B2::83,2020_Ref_Plot4_B2,Field1,test,32,6,0.16600427341203347,13.689773649762344,0.019552251456474892
2020_Ref_Plot4_B6::22,2020_Ref_Plot4_B6,Field1,test,7,1,0.37194275378925296,22.840153604382138,0.06376205470399716
2020_Ref_Plot4_B6::28,2020_Ref_Plot4_B6,Field1,test,6,2,0.7844447592315261,29.297444976160488,0.2486612255847416
2020_Ref_Plot4_B6::36,2020_Ref_Plot4_B6,Field1,test,8,3,0.07474362693559565,13.672459746385403,0.018710845594587692
2020_Ref_Plot4_B6::42,2020_Ref_Plot4_B6,Field1,test,6,4,0.3006174341334442,18.646583305863263,0.05853064384191118
2020_Ref_Plot4_B6::51,2020_Ref_Plot4_B6,Field1,test,9,5,0.10827985055874889,11.916911428438915,0.03296030324566823
2020_Ref_Plot4_B6::83,2020_Ref_Plot4_B6,Field1,test,32,6,0.17991295433452606,15.549637674895626,0.024166398187549613
2020_Ref_Plot4_B95::22,2020_Ref_Plot4_B95,Field1,test,7,1,0.3040699290256528,21.04545907740772,0.04678103023563309
2020_Ref_Plot4_B95::28,2020_Ref_Plot4_B95,Field1,test,6,2,0.7364213088528152,28.88399260696329,0.22049399135790876
2020_Ref_Plot4_B95::36,2020_Ref_Plot4_B95,Field1,test,8,3,0.07681559772514394,14.056861858009812,0.00676665596532482
2020_Ref_Plot4_B95::42,2020_Ref_Plot4_B95,Field1,test,6,4,0.3001101191813181,18.493054055671323,0.04706907158686421
2020_Ref_Plot4_B95::51,2020_Ref_Plot4_B95,Field1,test,9,5,0.10454935859586473,11.560394215039171,0.01637364239769112
2020_Ref_Plot4_B95::83,2020_Ref_Plot4_B95,Field1,test,32,6,0.28699376552772776,16.44493543016395,0.04412417000978459
2020_Ref_Plot4_B97::22,2020_Ref_Plot4_B97,Field1,test,7,1,0.29928043643627533,21.166591089295107,0.04228166835073722
2020_Ref_Plot4_B97::28,2020_Ref_Plot4_B97,Field1,test,6,2,0.7629525674344544,29.26134403248073,0.24149895991097894
2020_Ref_Plot4_B97::36,2020_Ref_Plot4_B97,Field1,test,8,3,0.1023268172930959,14.964337818063111,0.02030743996483645
2020_Ref_Plot4_B97::42,2020_Ref_Plot4_B97,Field1,test,6,4,0.30794597869247564,18.534944868699505,0.04359092006418419
2020_Ref_Plot4_B97::51,2020_Ref_Plot4_B97,Field1,test,9,5,0.1221105896958603,11.987778327876338,0.03543036316491841
2020_Ref_Plot4_C91::22,2020_Ref_Plot4_C91,Field1,test,7,1,0.26771867407576777,21.008624853877368,0.03676202593892056
2020_Ref_Plot4_C91::28,2020_Ref_Plot4_C91,Field1,test,6,2,0.7612656937955856,29.579803226795182,0.2059137852658509
2020_Ref_Plot4_C91::36,2020_Ref_Plot4_C91,Field1,test,8,3,0.09644750896722275,15.07337331271917,0.023535259400993498
2020_Ref_Plot4_C91::42,2020_Ref_Plot4_C91,Field1,test,6,4,0.2926749316748099,17.681689445872863,0.03835899367521526
2020_Ref_Plot4_C91::51,2020_Ref_Plot4_C91,Field1,test,9,5,0.1169485088917636,11.7835602206558,0.04126931862898819
2021_Ref_Plot1_A11::16,2021_Ref_Plot1_A11,Field2,test,8,2,0.8110455424567525,31.344468082683733,0.3946899601029017
2021_Ref_Plot1_A11::22,2021_Ref_Plot1_A11,Field2,test,6,3,0.30364414249579547,17.5550160575433,0.07011054380991866
2021_Ref_Plot1_A11::27,2021_Ref_Plot1_A11,Field2,test,5,4,0.3578034348246739,17.106839975807002,0.1260328293686136
2021_Ref_Plot1_A11::35,2021_Ref_Plot1_A11,Field2,test,8,5,0.11881063029277585,12.278679121302511,0.02249004486430787
2021_Ref_Plot1_A11::44,2021_Ref_Plot1_A11,Field2,test,9,6,0.13164823006163,14.707308702692046,0.013156098638755614
2021_Ref_Plot1_A11::50,2021_Ref_Plot1_A11,Field2,test,6,7,0.08166412520312312,9.450561426471465,0.057603538492491335
2021_Ref_Plot1_A11::57,2021_Ref_Plot1_A11,Field2,test,7,8,0.0945830735720129,11.075137359624508,0.025127841065807496
2021_Ref_Plot1_A11::65,2021_Ref_Plot1_A11,Field2,test,8,9,0.10428475998758906,11.286733518684004,0.02972069352022836
2021_Ref_Plot1_A11::69,2021_Ref_Plot1_A11,Field2,test,4,10,0.1766736953278035,13.10996413768381,0.11614431637741258
2021_Ref_Plot1_A11::71,2021_Ref_Plot1_A11,Field2,test,2,11,0.0931528087540913,10.639766537635339,0.08911998517615569
2021_Ref_Plot1_A11::76,2021_Ref_Plot1_A11,Field2,test,5,12,0.12103189591350476,12.183490895916778,0.015178332174473097
2021_Ref_Plot1_A11::8,2021_Ref_Plot1_A11,Field2,test,7,1,0.7153541580982083,27.33479362192247,0.20358723652215371
2021_Ref_Plot1_A11::80,2021_Ref_Plot1_A11,Field2,test,4,13,0.06284703948963766,7.604218457336768,0.017456449500277842
2021_Ref_Plot1_A11::85,2021_Ref_Plot1_A11,Field2,test,5,14,0.07025182559129384,9.621036569208146,0.03386926708606212
2021_Ref_Plot1_A13::16,2021_Ref_Plot1_A13,Field2,test,8,2,0.8004677700344494,30.507223904651404,0.393476324663988
2021_Ref_Plot1_A13::22,2021_Ref_Plot1_A13,Field2,test,6,3,0.27083923013387584,17.054042608712024,0.07290166212397138
2021_Ref_Plot1_A13::27,2021_Ref_Plot1_A13,Field2,test,5,4,0.31539861661690144,17.418502034390563,0.10372266580190583
2021_Ref_Plot1_A13::35,2021_Ref_Plot1_A13,Field2,test,8,5,0.12580668690039912,12.405172232448225,0.058421547076215545
2021_Ref_Plot1_A13::44,2021_Ref_Plot1_A13,Field2,test,9,6,0.13208930090965107,14.262153280146734,0.016751747776726604
2021_Ref_Plot1_A13::50,2021_Ref_Plot1_A13,Field2,test,6,7,0.0852239301989361,9.019146826752404,0.04371129160535907
2021_Ref_Plot1_A13::57,2021_Ref_Plot1_A13,Field2,test,7,8,0.12877417614959086,12.06749257426461,0.058267037479948346
2021_Ref_Plot1_A13::65,2021_Ref_Plot1_A13,Field2,test,8,9,0.1145170704246493,12.290896652754377,0.04361623455038967
2021_Ref_Plot1_A13::69,2021_Ref_Plot1_A13,Field2,test,4,10,0.15370499850166616,13.637830544949965,0.07706577915529203
2021_Ref_Plot1_A13::71,2021_Ref_Plot1_A13,Field2,test,2,11,0.07161546412486484,9.447073264702121,0.06325766905951803
2021_Ref_Plot1_A13::76,2021_Ref_Plot1_A13,Field2,test,5,12,0.10987260271918496,12.657225716150457,0.009917309621958434
2021_Ref_Plot1_A13::8,2021_Ref_Plot1_A13,Field2,test,7,1,0.7134613923693359,27.90847552859406,0.1909678124551521
2021_Ref_Plot1_A13::80,2021_Ref_Plot1_A13,Field2,test,4,13,0.06297058759321446,8.716261581044183,0.01129968408201049
2021_Ref_Plot1_A13::85,2021_Ref_Plot1_A13,Field2,test,5,14,0.05077851024471749,9.347526678510926,0.014448578309216187
2021_Ref_Plot1_A20::16,2021_Ref_Plot1_A20,Field2,test,8,2,0.8108653311202091,31.439558753524622,0.4223505484595047
2021_Ref_Plot1_A20::22,2021_Ref_Plot1_A20,Field2,test,6,3,0.3041170510925182,17.210991970000467,0.08298005472987614
2021_Ref_Plot1_A20::27,2021_Ref_Plot1_A20,Field2,test,5,4,0.331472113486123,17.67818000708473,0.11485978828591206
2021_Ref_Plot1_A20::35,2021_Ref_Plot1_A20,Field2,test,8,5,0.13275395812753762,12.572207756662255,0.034256456628262925
2021_Ref_Plot1_A20::44,2021_Ref_Plot1_A20,Field2,test,9,6,0.12997739735511765,14.4383686148626,0.020136024432259945
2021_Ref_Plot1_A20::50,2021_Ref_Plot1_A20,Field2,test,6,7,0.07752024458090852,9.220460501639302,0.056968088948665556
2021_Ref_Plot1_A20::57,2021_Ref_Plot1_A20,Field2,test,7,8,0.08279237244294704,11.106636532829338,0.02786683121005061
2021_Ref_Plot1_A20::65,2021_Ref_Plot1_A20,Field2,test,8,9,0.07735809815756388,11.781371921702615,0.0367927055619631
2021_Ref_Plot1_A20::69,2021_Ref_Plot1_A20,Field2,test,4,10,0.12157523954360465,13.274593327454404,0.048979712266465435
2021_Ref_Plot1_A20::71,2021_Ref_Plot1_A20,Field2,test,2,11,0.0518539122332822,9.67127271757853,0.046795180806753524
2021_Ref_Plot1_A20::76,2021_Ref_Plot1_A20,Field2,test,5,12,0.11028300410402105,14.285462390350416,0.020857813422559362
2021_Ref_Plot1_A20::8,2021_Ref_Plot1_A20,Field2,test,7,1,0.6777660523395705,26.133232619559614,0.1729931269474476
2021_Ref_Plot1_A20::80,2021_Ref_Plot1_A20,Field2,test,4,13,0.049069582281563884,9.366365529315868,0.03378003956639833
2021_Ref_Plot1_A20::85,2021_Ref_Plot1_A20,Field2,test,5,14,0.06450729761479669,10.50147550560007,0.030805701150147403
2021_Ref_Plot1_A3::16,2021_Ref_Plot1_A3,Field2,test,8,2,0.7964951656746737,31.050506228253447,0.35978877502730916
2021_Ref_Plot1_A3::22,2021_Ref_Plot1_A3,Field2,test,6,3,0.25944172460683096,15.71877324454727,0.0632503628350994
2021_Ref_Plot1_A3::27,2021_Ref_Plot1_A3,Field2,test,5,4,0.30172884793592347,16.246557409147456,0.08228291912676423
2021_Ref_Plot1_A3::35,2021_Ref_Plot1_A3,Field2,test,8,5,0.1164115141852472,11.371509323548443,0.03423871325286525
2021_Ref_Plot1_A3::44,2021_Ref_Plot1_A3,Field2,test,9,6,0.1317849380358382,14.7074348961963,0.022768700717390344
2021_Ref_Plot1_A3::50,2021_Ref_Plot1_A3,Field2,test,6,7,0.09615022603586298,9.153365066598656,0.09937012771700308
2021_Ref_Plot1_A3::57,2021_Ref_Plot1_A3,Field2,test,7,8,0.10967103406488088,11.450546847091196,0.047965215234869386
2021_Ref_Plot1_A3::65,2021_Ref_Plot1_A3,Field2,test,8,9,0.11310483864891739,11.645586709813516,0.06513224226162623
2021_Ref_Plot1_A3::69,2021_Ref_Plot1_A3,Field2,test,4,10,0.16320087361348334,12.641553359175468,0.11873680128340479
2021_Ref_Plot1_A3::71,2021_Ref_Plot1_A3,Field2,test,2,11,0.09508434468448673,9.560704422239496,0.06856178151399289
2021_Ref_Plot1_A3::76,2021_Ref_Plot1_A3,Field2,test,5,12,0.18412080401603456,13.08208085555407,0.03770047112140558
2021_Ref_Plot1_A3::8,2021_Ref_Plot1_A3,Field2,test,7,1,0.731401350228563,27.108530949367882,0.2156726776551611
2021_Ref_Plot1_A3::80,2021_Ref_Plot1_A3,Field2,test,4,13,0.07232378291132481,8.149176643861503,0.007282668862175294
2021_Ref_Plot1_A3::85,2021_Ref_Plot1_A3,Field2,test,5,14,0.08724576105306474,9.192642068154557,0.034263813713454515
2021_Ref_Plot1_B19::16,2021_Ref_Plot1_B19,Field2,test,8,2,0.8126431035445233,30.997299646857183,0.3774536579195334
2021_Ref_Plot1_B19::22,2021_Ref_Plot1_B19,Field2,test,6,3,0.3163039851515838,16.993646463858635,0.07793483234732142
2021_Ref_Plot1_B19::27,2021_Ref_Plot1_B19,Field2,test,5,4,0.3386852801182008,17.18990066528948,0.1314233872109875
2021_Ref_Plot1_B19::35,2021_Ref_Plot1_B19,Field2,test,8,5,0.1394792050668915,13.035252050914913,0.02151124653672308
2021_Ref_Plot1_B19::44,2021_Ref_Plot1_B19,Field2,test,9,6,0.10907444860169785,13.5495469835407,0.01994584494361049
2021_Ref_Plot1_B19::50,2021_Ref_Plot1_B19,Field2,test,6,7,0.06875146387355442,9.353854350501019,0.04813759332732589
2021_Ref_Plot1_B19::57,2021_Ref_Plot1_B19,Field2,test,7,8,0.07758223439929922,12.193127722320847,0.021141031437543045
2021_Ref_Plot1_B19::65,2021_Ref_Plot1_B19,Field2,test,8,9,0.0619273705328631,12.030195267561375,0.02177321552438286
2021_Ref_Plot1_B19::69,2021_Ref_Plot1_B19,Field2,test,4,10,0.1231944497324124,13.585926070388489,0.04899623442175299
2021_Ref_Plot1_B19::71,2021_Ref_Plot1_B19,Field2,test,2,11,0.05400242859277941,9.842336196996717,0.055298916408102444
2021_Ref_Plot1_B19::76,2021_Ref_Plot1_B19,Field2,test,5,12,0.12713714807837603,14.337996124981045,0.019606081479735082
2021_Ref_Plot1_B19::8,2021_Ref_Plot1_B19,Field2,test,7,1,0.716039434694186,27.661923781344736,0.20088474476393003
2021_Ref_Plot1_B19::80,2021_Ref_Plot1_B19,Field2,test,4,13,0.05119299451156039,10.384182804135156,0.006065605108460004
2021_Ref_Plot1_B19::85,2021_Ref_Plot1_B19,Field2,test,5,14,0.050174590278302504,11.58097265001377,0.03127293529692744
2021_Ref_Plot1_B2::16,2021_Ref_Plot1_B2,Field2,test,8,2,0.8043683504803946,31.63729049361433,0.3355157585166683
2021_Ref_Plot1_B2::22,2021_Ref_Plot1_B2,Field2,test,6,3,0.3253772873449327,17.683393667859306,0.10093464259007487
2021_Ref_Plot1_B2::27,2021_Ref_Plot1_B2,Field2,test,5,4,0.3958464554759395,18.623840647756165,0.1319010568862388
2021_Ref_Plot1_B2::35,2021_Ref_Plot1_B2,Field2,test,8,5,0.18164638652111753,14.176319610041297,0.04767505405965825
2021_Ref_Plot1_B2::44,2021_Ref_Plot1_B2,Field2,test,9,6,0.1533047127580941,14.834891655614996,0.023282262121515487
2021_Ref_Plot1_B2::50,2021_Ref_Plot1_B2,Field2,test,6,7,0.08106686102578615,8.537890568817518,0.0531727811245529
2021_Ref_Plot1_B2::57,2021_Ref_Plot1_B2,Field2,test,7,8,0.12168241425114949,11.296752280919737,0.03627314218014615
2021_Ref_Plot1_B2::65,2021_Ref_Plot1_B2,Field2,test,8,9,0.09372831476179377,11.573346120034994,0.02573349447922478
2021_Ref_Plot1_B2::69,2021_Ref_Plot1_B2,Field2,test,4,10,0.13821292647148317,12.402210585986747,0.06704373078666802
2021_Ref_Plot1_B2::71,2021_Ref_Plot1_B2,Field2,test,2,11,0.09419292271393342,9.943698092007443,0.09099459172871699
2021_Ref_Plot1_B2::76,2021_Ref_Plot1_B2,Field2,test,5,12,0.16798735597702993,15.319787197355206,0.032032859963567806
2021_Ref_Plot1_B2::8,2021_Ref_Plot1_B2,Field2,test,7,1,0.7467273717009344,28.20748903479474,0.2132397787618988
2021_Ref_Plot1_B2::80,2021_Ref_Plot1_B2,Field2,test,4,13,0.10084807295360544,8.417736081856708,0.037275151572565925
2021_Ref_Plot1_B2::85,2021_Ref_Plot1_B2,Field2,test,5,14,0.07690642013033121,9.029360713563959,0.016088401788353277
2021_Ref_Plot1_B4::16,2021_Ref_Plot1_B4,Field2,test,8,2,0.8108957472003301,31.38743301554742,0.35476552684455687
2021_Ref_Plot1_B4::22,2021_Ref_Plot1_B4,Field2,test,6,3,0.2828411966845212,17.095723901457582,0.08046753572754177
2021_Ref_Plot1_B4::27,2021_Ref_Plot1_B4,Field2,test,5,4,0.36732422581059293,17.65182988198172,0.10905714410844702
2021_Ref_Plot1_B4::35,2021_Ref_Plot1_B4,Field2,test,8,5,0.1511383297753994,12.913504734837602,0.038587459971468493
2021_Ref_Plot1_B4::44,2021_Ref_Plot1_B4,Field2,test,9,6,0.14743816099479826,15.239023184660404,0.01873634736356319
2021_Ref_Plot1_B4::50,2021_Ref_Plot1_B4,Field2,test,6,7,0.08056859243442947,8.583313026717063,0.06022792866193082
2021_Ref_Plot1_B4::57,2021_Ref_Plot1_B4,Field2,test,7,8,0.10650554778285004,11.092050729670557,0.025666273590561083
2021_Ref_Plot1_B4::65,2021_Ref_Plot1_B4,Field2,test,8,9,0.09123183044095406,11.134257083966336,0.03726627479087844
2021_Ref_Plot1_B4::69,2021_Ref_Plot1_B4,Field2,test,4,10,0.13785392030898297,13.35470852432029,0.05067016542231682
2021_Ref_Plot1_B4::71,2021_Ref_Plot1_B4,Field2,test,2,11,0.09360526821574454,10.158444523066208,0.09075860672677487
2021_Ref_Plot1_B4::76,2021_Ref_Plot1_B4,Field2,test,5,12,0.23222070297913897,14.710346569598434,0.04615825393317488
2021_Ref_Plot1_B4::8,2021_Ref_Plot1_B4,Field2,test,7,1,0.7500096820013845,29.095287859746286,0.21858628494034724
2021_Ref_Plot1_B4::80,2021_Ref_Plot1_B4,Field2,test,4,13,0.08724563380774915,7.8139506648739685,0.04577220775901026
2021_Ref_Plot1_B4::85,2021_Ref_Plot1_B4,Field2,test,5,14,0.0869613279893446,8.849886915583781,0.01938630922931358
2021_Ref_Plot1_B7::16,2021_Ref_Plot1_B7,Field2,test,8,2,0.7936969637476423,31.357802523378346,0.3407564297257998
2021_Ref_Plot1_B7::22,2021_Ref_Plot1_B7,Field2,test,6,3,0.29344555139554107,17.033897682559353,0.0850169778810651
2021_Ref_Plot1_B7::27,2021_Ref_Plot1_B7,Field2,test,5,4,0.33259204811499493,17.979141394246138,0.10484414149446131
2021_Ref_Plot1_B7::35,2021_Ref_Plot1_B7,Field2,test,8,5,0.14590308605691085,13.145725840677889,0.02354634473394108
2021_Ref_Plot1_B7::44,2021_Ref_Plot1_B7,Field2,test,9,6,0.1577018173532492,15.557954234290609,0.025761466118855773
2021_Ref_Plot1_B7::50,2021_Ref_Plot1_B7,Field2,test,6,7,0.10529043087502504,9.80311078058328,0.08196671555572158
2021_Ref_Plot1_B7::57,2021_Ref_Plot1_B7,Field2,test,7,8,0.11704814559291234,11.453697804363031,0.033044947022442046
2021_Ref_Plot1_B7::65,2021_Ref_Plot1_B7,Field2,test,8,9,0.10603004145638861,11.364469282227532,0.03404061316181166
2021_Ref_Plot1_B7::69,2021_Ref_Plot1_B7,Field2,test,4,10,0.1365438002486035,12.59530100285011,0.06883616232071255
2021_Ref_Plot1_B7::71,2021_Ref_Plot1_B7,Field2,test,2,11,0.09148857231674729,10.693681046588818,0.08464164117788199
2021_Ref_Plot1_B7::8,2021_Ref_Plot1_B7,Field2,test,7,1,0.7254706671819872,27.399626411026734,0.19970958028397753
2021_Ref_Plot1_B7::85,2021_Ref_Plot1_B7,Field2,test,5,13,0.06954417900935043,8.934418415493067,-0.0015343220655004144
2021_Ref_Plot1_C18::16,2021_Ref_Plot1_C18,Field2,test,8,2,0.8072619435537464,30.62393341817547,0.3705974424012352
2021_Ref_Plot1_C18::22,2021_Ref_Plot1_C18,Field2,test,6,3,0.30756026431222044,16.420607272535037,0.09508280965164057
2021_Ref_Plot1_C18::27,2021_Ref_Plot1_C18,Field2,test,5,4,0.2712242827885534,16.15770861736746,0.0901234179955973
2021_Ref_Plot1_C18::35,2021_Ref_Plot1_C18,Field2,test,8,5,0.13230019436573537,12.463201051432812,0.045014439992378696
2021_Ref_Plot1_C18::44,2021_Ref_Plot1_C18,Field2,test,9,6,0.13096733446185344,15.129126338673817,0.028136059376780403
2021_Ref_Plot1_C18::50,2021_Ref_Plot1_C18,Field2,test,6,7,0.06906620634446582,8.617207490738766,0.04342786971914129
2021_Ref_Plot1_C18::57,2021_Ref_Plot1_C18,Field2,test,7,8,0.09822420068290295,11.567511095478116,0.03199839654600237
2021_Ref_Plot1_C18::65,2021_Ref_Plot1_C18,Field2,test,8,9,0.08691968048670078,11.393669864330825,0.037657824288549906
2021_Ref_Plot1_C18::69,2021_Ref_Plot1_C18,Field2,test,4,10,0.15240866440778694,13.376068419350503,0.06341437636900876
2021_Ref_Plot1_C18::71,2021_Ref_Plot1_C18,Field2,test,2,11,0.07556427135378462,10.518650895627058,0.0806910392734953
2021_Ref_Plot1_C18::76,2021_Ref_Plot1_C18,Field2,test,5,12,0.13768743451320517,14.390591086517237,0.01929551290799592
2021_Ref_Plot1_C18::8,2021_Ref_Plot1_C18,Field2,test,7,1,0.7331009555640658,27.75727777377011,0.18267054929649484
2021_Ref_Plot1_C18::80,2021_Ref_Plot1_C18,Field2,test,4,13,0.0372271278351379,10.317532065357211,0.012385474608954856
2021_Ref_Plot1_C18::85,2021_Ref_Plot1_C18,Field2,test,5,14,0.04114148895659849,11.31957671174401,0.013543008104346633
2021_Ref_Plot1_C6::16,2021_Ref_Plot1_C6,Field2,test,8,2,0.8222955795372893,31.90452541485368,0.38160922302276407
2021_Ref_Plot1_C6::22,2021_Ref_Plot1_C6,Field2,test,6,3,0.3120776814680064,17.197194488548277,0.09401656128887133
2021_Ref_Plot1_C6::27,2021_Ref_Plot1_C6,Field2,test,5,4,0.3604301363891418,17.789859607637005,0.10680364051792658
2021_Ref_Plot1_C6::35,2021_Ref_Plot1_C6,Field2,test,8,5,0.16679096780404176,13.807862704728036,0.02910866045525056
2021_Ref_Plot1_C6::44,2021_Ref_Plot1_C6,Field2,test,9,6,0.1395240060054276,15.045073841007675,0.01798440995764377
2021_Ref_Plot1_C6::50,2021_Ref_Plot1_C6,Field2,test,6,7,0.1050956504613827,9.255913454069274,0.06700435895297423
2021_Ref_Plot1_C6::57,2021_Ref_Plot1_C6,Field2,test,7,8,0.11942900121083828,10.734325968567406,0.03145670396558445
2021_Ref_Plot1_C6::65,2021_Ref_Plot1_C6,Field2,test,8,9,0.12034907866536948,11.278643095241572,0.05133067171099324
2021_Ref_Plot1_C6::69,2021_Ref_Plot1_C6,Field2,test,4,10,0.14075219839611416,12.613389425724531,0.09135826241451506
2021_Ref_Plot1_C6::71,2021_Ref_Plot1_C6,Field2,test,2,11,0.08511998983294045,9.781104817665051,0.07750346798993703
2021_Ref_Plot1_C6::76,2021_Ref_Plot1_C6,Field2,test,5,12,0.2056920669835681,15.265931555613356,0.05996214717771897
2021_Ref_Plot1_C6::8,2021_Ref_Plot1_C6,Field2,test,7,1,0.7360778301326789,28.321527646256243,0.2077843624659329
2021_Ref_Plot1_C6::80,2021_Ref_Plot1_C6,Field2,test,4,13,0.08284168160582518,9.33206461928338,0.0582179276671125
2021_Ref_Plot1_C6::85,2021_Ref_Plot1_C6,Field2,test,5,14,0.11700615367322785,8.846302654287188,0.032843079064226434
2021_Ref_Plot1_D18::16,2021_Ref_Plot1_D18,Field2,test,8,2,0.7969322483352576,30.51879649085361,0.3682440956132799
2021_Ref_Plot1_D18::22,2021_Ref_Plot1_D18,Field2,test,6,3,0.31130103616310173,16.820803551571707,0.0919386915497368
2021_Ref_Plot1_D18::27,2021_Ref_Plot1_D18,Field2,test,5,4,0.31592795541289986,16.35797613371373,0.1314187142379752
2021_Ref_Plot1_D18::35,2021_Ref_Plot1_D18,Field2,test,8,5,0.11878092498833936,11.907160513509691,0.03360303279359077
2021_Ref_Plot1_D18::44,2021_Ref_Plot1_D18,Field2,test,9,6,0.14988382957235546,16.011380148847067,0.022672416749588947
2021_Ref_Plot1_D18::50,2021_Ref_Plot1_D18,Field2,test,6,7,0.08693949225595225,8.879722820832502,0.051072775814804315
2021_Ref_Plot1_D18::57,2021_Ref_Plot1_D18,Field2,test,7,8,0.11355876936690397,11.730182564574015,0.021354708053929673
2021_Ref_Plot1_D18::65,2021_Ref_Plot1_D18,Field2,test,8,9,0.08054521434935426,11.213293688881445,0.02362338582968034
2021_Ref_Plot1_D18::69,2021_Ref_Plot1_D18,Field2,test,4,10,0.1266054974590449,12.42477971424938,0.07046892521730418
2021_Ref_Plot1_D18::71,2021_Ref_Plot1_D18,Field2,test,2,11,0.0929703698868028,10.659009177448732,0.09597913493546839
2021_Ref_Plot1_D18::76,2021_Ref_Plot1_D18,Field2,test,5,12,0.1675290312714314,15.269125147041638,0.03952423113602446
2021_Ref_Plot1_D18::8,2021_Ref_Plot1_D18,Field2,test,7,1,0.7329309120306257,28.358042141615186,0.18894895389256808
2021_Ref_Plot1_D18::80,2021_Ref_Plot1_D18,Field2,test,4,13,0.0661322853150262,9.933720158936982,0.0236854364734537
2021_Ref_Plot1_D18::85,2021_Ref_Plot1_D18,Field2,test,5,14,0.05272483211285902,9.695949881944323,0.02476487227189221
2021_Ref_Plot1_D4::16,2021_Ref_Plot1_D4,Field2,test,8,2,0.7800907282308341,30.372183262837325,0.3237891826576845
2021_Ref_Plot1_D4::22,2021_Ref_Plot1_D4,Field2,test,6,3,0.26285061788520947,17.05069634738316,0.06781842516928673
2021_Ref_Plot1_D4::27,2021_Ref_Plot1_D4,Field2,test,5,4,0.30952792257079637,16.449467938717124,0.0950231063648956
2021_Ref_Plot1_D4::35,2021_Ref_Plot1_D4,Field2,test,8,5,0.14464141968147545,12.701374268186642,0.03556901885307417
2021_Ref_Plot1_D4::44,2021_Ref_Plot1_D4,Field2,test,9,6,0.1498731653093012,15.033211880048707,0.017326721657331356
2021_Ref_Plot1_D4::50,2021_Ref_Plot1_D4,Field2,test,6,7,0.07398093019857847,8.77140687195835,0.03478688616488635
2021_Ref_Plot1_D4::57,2021_Ref_Plot1_D4,Field2,test,7,8,0.11469845010701962,12.093513174739494,0.030191403199129177
2021_Ref_Plot1_D4::65,2021_Ref_Plot1_D4,Field2,test,8,9,0.08543903388563578,11.61945906563197,0.04000899579746573
2021_Ref_Plot1_D4::69,2021_Ref_Plot1_D4,Field2,test,4,10,0.16477089925397495,13.530386821160224,0.10390189968106463
2021_Ref_Plot1_D4::71,2021_Ref_Plot1_D4,Field2,test,2,11,0.10883265253925266,10.659087228136418,0.11383665947977514
2021_Ref_Plot1_D4::76,2021_Ref_Plot1_D4,Field2,test,5,12,0.15799668577725703,12.469043853066417,0.030236593339450717
2021_Ref_Plot1_D4::8,2021_Ref_Plot1_D4,Field2,test,7,1,0.7300759154582109,27.60805246481773,0.1764298112651913
2021_Ref_Plot1_D4::80,2021_Ref_Plot1_D4,Field2,test,4,13,0.08730882933765736,7.90942536966161,0.022680095287948385
2021_Ref_Plot1_D4::85,2021_Ref_Plot1_D4,Field2,test,5,14,0.12975593542124217,10.194569317308432,0.05743083885682478
2021_Ref_Plot1_D6::16,2021_Ref_Plot1_D6,Field2,test,8,2,0.7882078792265,30.440534652923695,0.3302069965299006
2021_Ref_Plot1_D6::22,2021_Ref_Plot1_D6,Field2,test,6,3,0.27816221116392864,16.499836263521544,0.07988728421714136
2021_Ref_Plot1_D6::27,2021_Ref_Plot1_D6,Field2,test,5,4,0.358557819345245,17.28579493281995,0.1212262211014309
2021_Ref_Plot1_D6::35,2021_Ref_Plot1_D6,Field2,test,8,5,0.15329411832567336,12.83146584617449,0.02400295022167016
2021_Ref_Plot1_D6::44,2021_Ref_Plot1_D6,Field2,test,9,6,0.14183804142729917,15.206976379002734,0.023576170834554804
2021_Ref_Plot1_D6::50,2021_Ref_Plot1_D6,Field2,test,6,7,0.09776936626406481,9.198761014835956,0.06160572446908687
2021_Ref_Plot1_D6::57,2021_Ref_Plot1_D6,Field2,test,7,8,0.13868039277940128,11.730938760630192,0.049544722523061344
2021_Ref_Plot1_D6::65,2021_Ref_Plot1_D6,Field2,test,8,9,0.12857807086097942,11.668627896070372,0.061537480107718825
2021_Ref_Plot1_D6::69,2021_Ref_Plot1_D6,Field2,test,4,10,0.16248907218859593,13.028032995137238,0.08984545177698833
2021_Ref_Plot1_D6::71,2021_Ref_Plot1_D6,Field2,test,2,11,0.08490357361527756,10.020817490770295,0.08598190971247265
2021_Ref_Plot1_D6::76,2021_Ref_Plot1_D6,Field2,test,5,12,0.21740557811330663,15.896059710994017,0.030675814436306324
2021_Ref_Plot1_D6::8,2021_Ref_Plot1_D6,Field2,test,7,1,0.7082127213217438,27.77582344445147,0.16763868883268018
2021_Ref_Plot1_D6::80,2021_Ref_Plot1_D6,Field2,test,4,13,0.09459350813483423,10.165933543343378,0.08462486542311438
2021_Ref_Plot1_D6::85,2021_Ref_Plot1_D6,Field2,test,5,14,0.08878253559600284,8.731952092416012,0.02006941484450215
2021_Ref_Plot1_E2::16,2021_Ref_Plot1_E2,Field2,test,8,2,0.7775519893832613,30.153428071458272,0.2974839834595945
2021_Ref_Plot1_E2::22,2021_Ref_Plot1_E2,Field2,test,6,3,0.269777638900035,15.672072163309906,0.058260465694974395
2021_Ref_Plot1_E2::27,2021_Ref_Plot1_E2,Field2,test,5,4,0.2980971286295001,15.303050195770709,0.10788254478286884
2021_Ref_Plot1_E2::35,2021_Ref_Plot1_E2,Field2,test,8,5,0.12941591355903018,10.86740148688172,0.02160198818033753
2021_Ref_Plot1_E2::44,2021_Ref_Plot1_E2,Field2,test,9,6,0.1261672711414022,14.316275288243476,0.01038564344148307
2021_Ref_Plot1_E2::50,2021_Ref_Plot1_E2,Field2,test,6,7,0.0883008768502323,8.970998760661672,0.05609403088650332
2021_Ref_Plot1_E2::57,2021_Ref_Plot1_E2,Field2,test,7,8,0.11166881984357518,11.646619133152754,0.030972813120849575
2021_Ref_Plot1_E2::65,2021_Ref_Plot1_E2,Field2,test,8,9,0.08530438097922537,11.128415972058212,0.01947267566160988
2021_Ref_Plot1_E2::69,2021_Ref_Plot1_E2,Field2,test,4,10,0.15966550563029244,12.692077459169175,0.07044159917649291
2021_Ref_Plot1_E2::71,2021_Ref_Plot1_E2,Field2,test,2,11,0.10197529809624684,10.071092599012347,0.1021324673276058
2021_Ref_Plot1_E2::76,2021_Ref_Plot1_E2,Field2,test,5,12,0.13003419775648353,13.200989398871606,0.007221537261826721
2021_Ref_Plot1_E2::8,2021_Ref_Plot1_E2,Field2,test,7,1,0.7289681738067656,28.311093937883378,0.17842845059535634
2021_Ref_Plot1_E2::80,2021_Ref_Plot1_E2,Field2,test,4,13,0.1120679300078981,9.037707476635878,0.03997216775967921
2021_Ref_Plot1_E2::85,2021_Ref_Plot1_E2,Field2,test,5,14,0.11252339715766917,8.983549374164355,0.050461664339620634
2021_Ref_Plot1_E8::16,2021_Ref_Plot1_E8,Field2,test,8,2,0.7605020690538898,29.85060649041277,0.2840523030386361
2021_Ref_Plot1_E8::22,2021_Ref_Plot1_E8,Field2,test,6,3,0.2940826520826319,15.881133044934783,0.10101231463958389
2021_Ref_Plot1_E8::27,2021_Ref_Plot1_E8,Field2,test,5,4,0.28448633472350054,16.257544831969163,0.10098298126250746
2021_Ref_Plot1_E8::35,2021_Ref_Plot1_E8,Field2,test,8,5,0.1608785370086813,12.843520772931711,0.04373764918887731
2021_Ref_Plot1_E8::44,2021_Ref_Plot1_E8,Field2,test,9,6,0.1504689810781055,15.569878621690467,0.02762328873780864
2021_Ref_Plot1_E8::50,2021_Ref_Plot1_E8,Field2,test,6,7,0.09605150580054866,9.589534166649427,0.06242840945907478
2021_Ref_Plot1_E8::57,2021_Ref_Plot1_E8,Field2,test,7,8,0.09846675201690948,11.213386358205542,0.025363782739112255
2021_Ref_Plot1_E8::65,2021_Ref_Plot1_E8,Field2,test,8,9,0.09457318615629957,11.427151623563683,0.033246970662589984
2021_Ref_Plot1_E8::69,2021_Ref_Plot1_E8,Field2,test,4,10,0.14464669223484486,12.98325008395788,0.05738344907822878
2021_Ref_Plot1_E8::71,2021_Ref_Plot1_E8,Field2,test,2,11,0.10404212697058964,10.36805315275429,0.1150260404348266
2021_Ref_Plot1_E8::76,2021_Ref_Plot1_E8,Field2,test,5,12,0.1853008370284276,14.602346573791072,0.02548038854338869
2021_Ref_Plot1_E8::8,2021_Ref_Plot1_E8,Field2,test,7,1,0.6955256147325262,27.881365785740595,0.14328309495901784
2021_Ref_Plot1_E8::80,2021_Ref_Plot1_E8,Field2,test,4,13,0.08571983764610387,8.71937195925086,0.02381388445763265
2021_Ref_Plot1_E8::85,2021_Ref_Plot1_E8,Field2,test,5,14,0.06977925397296941,9.081170653858422,0.025709573681140428
2021_Ref_Plot2_A13::16,2021_Ref_Plot2_A13,Field2,test,8,2,0.8161585797581595,31.658695726334095,0.39179659449734094
2021_Ref_Plot2_A13::22,2021_Ref_Plot2_A13,Field2,test,6,3,0.3281901048963749,18.92766388438104,0.07165791600331493
2021_Ref_Plot2_A13::27,2021_Ref_Plot2_A13,Field2,test,5,4,0.4106950416966238,19.00618421210933,0.11023782454104142
2021_Ref_Plot2_A13::35,2021_Ref_Plot2_A13,Field2,test,8,5,0.14290808808913966,13.146318560450128,0.021394266802897962
2021_Ref_Plot2_A13::44,2021_Ref_Plot2_A13,Field2,test,9,6,0.09499373820730418,11.03040275775712,0.02743988842340352
2021_Ref_Plot2_A13::50,2021_Ref_Plot2_A13,Field2,test,6,7,0.12376329803342194,9.560295975887971,0.07674016035914889
2021_Ref_Plot2_A13::57,2021_Ref_Plot2_A13,Field2,test,7,8,0.12168262395191433,10.790653711979964,0.04764523178109011
2021_Ref_Plot2_A13::65,2021_Ref_Plot2_A13,Field2,test,8,9,0.12175618130742259,11.712706102294042,0.043780355297870895
2021_Ref_Plot2_A13::69,2021_Ref_Plot2_A13,Field2,test,4,10,0.12405293933560045,12.105344182645524,0.06363445000107244
2021_Ref_Plot2_A13::71,2021_Ref_Plot2_A13,Field2,test,2,11,0.10294607949792722,10.083944121290802,0.08511599166080616
2021_Ref_Plot2_A13::76,2021_Ref_Plot2_A13,Field2,test,5,12,0.11729255359775899,12.642477289808586,0.027341288598295883
2021_Ref_Plot2_A13::8,2021_Ref_Plot2_A13,Field2,test,7,1,0.6419511300097271,25.904935352515718,0.152637483989837
2021_Ref_Plot2_A13::80,2021_Ref_Plot2_A13,Field2,test,4,13,0.13824384516825816,8.737747534727323,0.04354891488058252
2021_Ref_Plot2_A13::85,2021_Ref_Plot2_A13,Field2,test,5,14,0.09261403961827637,9.592033063481232,0.0416908070510751
2021_Ref_Plot2_A15::16,2021_Ref_Plot2_A15,Field2,test,8,2,0.7724875037207233,30.264962509241617,0.3191754306508431
2021_Ref_Plot2_A15::22,2021_Ref_Plot2_A15,Field2,test,6,3,0.31917877831239305,18.429848084367958,0.05290175433644259
2021_Ref_Plot2_A15::27,2021_Ref_Plot2_A15,Field2,test,5,4,0.3877619327183249,18.070899093054436,0.09712083917167794
2021_Ref_Plot2_A15::35,2021_Ref_Plot2_A15,Field2,test,8,5,0.13534327524566223,12.334837287198974,0.03550629585822602
2021_Ref_Plot2_A15::44,2021_Ref_Plot2_A15,Field2,test,9,6,0.09561742902160465,10.790203450633264,0.024938942659881294
2021_Ref_Plot2_A15::50,2021_Ref_Plot2_A15,Field2,test,6,7,0.1268483823165358,9.436126992374742,0.08013728339553511
2021_Ref_Plot2_A15::57,2021_Ref_Plot2_A15,Field2,test,7,8,0.11639565550937321,10.684066238432377,0.041980269617819976
2021_Ref_Plot2_A15::65,2021_Ref_Plot2_A15,Field2,test,8,9,0.12414694302417695,11.673904899229727,0.05527353145082568
2021_Ref_Plot2_A15::69,2021_Ref_Plot2_A15,Field2,test,4,10,0.14144327668960827,12.388145115464992,0.09429196390247828
2021_Ref_Plot2_A15::71,2021_Ref_Plot2_A15,Field2,test,2,11,0.0924151539456066,9.561949557930195,0.09525620320356987
2021_Ref_Plot2_A15::76,2021_Ref_Plot2_A15,Field2,test,5,12,0.11103506502654953,12.037658423596138,0.024895309484786313
2021_Ref_Plot2_A15::8,2021_Ref_Plot2_A15,Field2,test,7,1,0.6642894214738703,27.26389913174696,0.17761924489857991
2021_Ref_Plot2_A15::80,2021_Ref_Plot2_A15,Field2,test,4,13,0.11868788069811247,8.89970714040463,0.0340589540098421
2021_Ref_Plot2_A15::85,2021_Ref_Plot2_A15,Field2,test,5,14,0.13582484666682032,9.99400286189902,0.06670823557677741
2021_Ref_Plot2_A1::16,2021_Ref_Plot2_A1,Field2,test,8,2,0.7576953103978902,29.611763008615224,0.32072135100177085
2021_Ref_Plot2_A1::22,2021_Ref_Plot2_A1,Field2,test,6,3,0.29227576922796056,17.774815406857854,0.05880839336966233
2021_Ref_Plot2_A1::27,2021_Ref_Plot2_A1,Field2,test,5,4,0.41676373083408863,17.550476799841135,0.14501784276443497
2021_Ref_Plot2_A1::35,2021_Ref_Plot2_A1,Field2,test,8,5,0.13422529332030367,13.127289507102018,0.02305707631959134
2021_Ref_Plot2_A1::44,2021_Ref_Plot2_A1,Field2,test,9,6,0.09972479537935448,12.473610558523394,0.015767695474916098
2021_Ref_Plot2_A1::50,2021_Ref_Plot2_A1,Field2,test,6,7,0.14974021836254403,10.519614665720365,0.07615985480718401
2021_Ref_Plot2_A1::57,2021_Ref_Plot2_A1,Field2,test,7,8,0.15992516107051305,11.65209865266883,0.05536844293749181
2021_Ref_Plot2_A1::65,2021_Ref_Plot2_A1,Field2,test,8,9,0.1393107391107604,11.453813794106713,0.06503842678990593
2021_Ref_Plot2_A1::69,2021_Ref_Plot2_A1,Field2,test,4,10,0.14342381106463295,12.285263390565628,0.09759309857661452
2021_Ref_Plot2_A1::71,2021_Ref_Plot2_A1,Field2,test,2,11,0.07480037313257741,8.896794670585463,0.04922944945972095
2021_Ref_Plot2_A1::76,2021_Ref_Plot2_A1,Field2,test,5,12,0.19712100630882978,11.985526226469496,0.02307614278011431
2021_Ref_Plot2_A1::8,2021_Ref_Plot2_A1,Field2,test,7,1,0.6171767273320986,25.824410449626463,0.14043034146810285
2021_Ref_Plot2_A1::80,2021_Ref_Plot2_A1,Field2,test,4,13,0.09160297360226309,8.882447977639353,0.015593785062588081
2021_Ref_Plot2_A1::85,2021_Ref_Plot2_A1,Field2,test,5,14,0.12072499665916124,9.901499953810635,0.05789393289467998
2021_Ref_Plot2_B17::16,2021_Ref_Plot2_B17,Field2,test,8,2,0.7752787055819438,30.09076211384354,0.30409824341554037
2021_Ref_Plot2_B17::22,2021_Ref_Plot2_B17,Field2,test,6,3,0.3254973673962947,18.093068906012242,0.07435221820769654
2021_Ref_Plot2_B17::27,2021_Ref_Plot2_B17,Field2,test,5,4,0.35459964467095434,17.84454227443909,0.10059634052636658
2021_Ref_Plot2_B17::35,2021_Ref_Plot2_B17,Field2,test,8,5,0.13776713672853677,13.000766120179781,0.03289489914697595
2021_Ref_Plot2_B17::44,2021_Ref_Plot2_B17,Field2,test,9,6,0.10487743614172834,11.266777980875517,0.03616602112667222
2021_Ref_Plot2_B17::50,2021_Ref_Plot2_B17,Field2,test,6,7,0.11287196714616166,9.02785528329071,0.08658771507193555
2021_Ref_Plot2_B17::57,2021_Ref_Plot2_B17,Field2,test,7,8,0.12584867901384322,11.728179276267825,0.05928418358800047
2021_Ref_Plot2_B17::65,2021_Ref_Plot2_B17,Field2,test,8,9,0.08944177904030037,10.456040254569178,0.035349198475264014
2021_Ref_Plot2_B17::69,2021_Ref_Plot2_B17,Field2,test,4,10,0.1355723950435077,12.387135658345322,0.06745606302685724
2021_Ref_Plot2_B17::71,2021_Ref_Plot2_B17,Field2,test,2,11,0.09542104536236773,9.461997082370495,0.07757615165633637
2021_Ref_Plot2_B17::76,2021_Ref_Plot2_B17,Field2,test,5,12,0.1351689982163681,11.77502954530251,0.021586080727127047
2021_Ref_Plot2_B17::8,2021_Ref_Plot2_B17,Field2,test,7,1,0.686486710912086,27.419377406498345,0.19213131386175814
2021_Ref_Plot2_B17::80,2021_Ref_Plot2_B17,Field2,test,4,13,0.1543731471987995,9.354119716527618,0.04831494850120267
2021_Ref_Plot2_B17::85,2021_Ref_Plot2_B17,Field2,test,5,14,0.18249143368510123,11.059793956841633,0.0928156420747026
2021_Ref_Plot2_B4::16,2021_Ref_Plot2_B4,Field2,test,8,2,0.7697495041266104,30.4253036709107,0.2992293740577588
2021_Ref_Plot2_B4::22,2021_Ref_Plot2_B4,Field2,test,6,3,0.2903979276507097,18.418583157970406,0.053803925629194824
2021_Ref_Plot2_B4::27,2021_Ref_Plot2_B4,Field2,test,5,4,0.4464298979562698,19.34218645008785,0.15545292700461916
2021_Ref_Plot2_B4::35,2021_Ref_Plot2_B4,Field2,test,8,5,0.15419648853486223,13.533791383433112,0.04167015747399133
2021_Ref_Plot2_B4::44,2021_Ref_Plot2_B4,Field2,test,9,6,0.11697508792759827,12.863882027562441,0.025928923842947392
2021_Ref_Plot2_B4::50,2021_Ref_Plot2_B4,Field2,test,6,7,0.13378583977348923,9.639201579072495,0.09050096726591741
2021_Ref_Plot2_B4::57,2021_Ref_Plot2_B4,Field2,test,7,8,0.1445113641479895,11.028234668127268,0.05928203111851461
2021_Ref_Plot2_B4::65,2021_Ref_Plot2_B4,Field2,test,8,9,0.09928594349233204,10.285547077583406,0.0515678079471922
2021_Ref_Plot2_B4::69,2021_Ref_Plot2_B4,Field2,test,4,10,0.1456812619915425,12.518151469480427,0.07812245461590961
2021_Ref_Plot2_B4::71,2021_Ref_Plot2_B4,Field2,test,2,11,0.12844407128208704,10.450098429574087,0.1116037475255421
2021_Ref_Plot2_B4::76,2021_Ref_Plot2_B4,Field2,test,5,12,0.20728685322563592,14.001182414795574,0.047735907284241756
2021_Ref_Plot2_B4::8,2021_Ref_Plot2_B4,Field2,test,7,1,0.6731333301998781,27.04462374071502,0.144651734163598
2021_Ref_Plot2_B4::80,2021_Ref_Plot2_B4,Field2,test,4,13,0.09669303701375002,8.651634460926648,0.03022693907556341
2021_Ref_Plot2_B4::85,2021_Ref_Plot2_B4,Field2,test,5,14,0.10901254665306558,9.185042375070122,0.041694320981633275
2021_Ref_Plot2_C10::16,2021_Ref_Plot2_C10,Field2,test,8,2,0.7692873456782863,29.637904281397688,0.30423774012051036
2021_Ref_Plot2_C10::22,2021_Ref_Plot2_C10,Field2,test,6,3,0.3174526758223692,17.006790143850598,0.09055697018072972
2021_Ref_Plot2_C10::27,2021_Ref_Plot2_C10,Field2,test,5,4,0.3307763860495613,16.637690639028648,0.09380279157202755
2021_Ref_Plot2_C10::35,2021_Ref_Plot2_C10,Field2,test,8,5,0.13263949104980843,12.347876794133043,0.04529054266704491
2021_Ref_Plot2_C10::44,2021_Ref_Plot2_C10,Field2,test,9,6,0.10180397996032058,11.864180369421183,0.017941618590221347
2021_Ref_Plot2_C10::50,2021_Ref_Plot2_C10,Field2,test,6,7,0.10048010430709174,9.130281072015896,0.07672944307224262
2021_Ref_Plot2_C10::57,2021_Ref_Plot2_C10,Field2,test,7,8,0.09521382989012737,10.470556216647475,0.02508216723576156
2021_Ref_Plot2_C10::65,2021_Ref_Plot2_C10,Field2,test,8,9,0.08630585371134887,9.917188181896648,0.06882703112630105
2021_Ref_Plot2_C10::69,2021_Ref_Plot2_C10,Field2,test,4,10,0.15516452242326628,12.506508761499152,0.09725789775693686
2021_Ref_Plot2_C10::71,2021_Ref_Plot2_C10,Field2,test,2,11,0.09188569828718046,9.45370109574186,0.04673541708297914
2021_Ref_Plot2_C10::76,2021_Ref_Plot2_C10,Field2,test,5,12,0.12934746827910898,12.970376411467434,0.02680538347272548
2021_Ref_Plot2_C10::8,2021_Ref_Plot2_C10,Field2,test,7,1,0.691880402565998,26.903653999043044,0.1809293630326296
2021_Ref_Plot2_C10::80,2021_Ref_Plot2_C10,Field2,test,4,13,0.1002629263287947,9.016823826197506,0.03187336542975234
2021_Ref_Plot2_C10::85,2021_Ref_Plot2_C10,Field2,test,5,14,0.12396950706905634,9.811773389819875,0.07535070352576025
2021_Ref_Plot2_C16::16,2021_Ref_Plot2_C16,Field2,test,8,2,0.7807328512430375,29.926930964344116,0.3087167693841905
2021_Ref_Plot2_C16::22,2021_Ref_Plot2_C16,Field2,test,6,3,0.3156523370476453,16.687395001586477,0.06768257150724957
2021_Ref_Plot2_C16::27,2021_Ref_Plot2_C16,Field2,test,5,4,0.32935258466120076,17.59561659232553,0.09141471430345209
2021_Ref_Plot2_C16::35,2021_Ref_Plot2_C16,Field2,test,8,5,0.14508953551029466,12.75213988174652,0.03193346493820393
2021_Ref_Plot2_C16::44,2021_Ref_Plot2_C16,Field2,test,9,6,0.10869054108101493,11.715535885896859,0.036686722747352504
2021_Ref_Plot2_C16::50,2021_Ref_Plot2_C16,Field2,test,6,7,0.10019101304879817,9.317797359706967,0.0582406358502345
2021_Ref_Plot2_C16::57,2021_Ref_Plot2_C16,Field2,test,7,8,0.11053890907225573,11.68272491667436,0.04302555745942822
2021_Ref_Plot2_C16::65,2021_Ref_Plot2_C16,Field2,test,8,9,0.09387915858590394,10.858620429085509,0.0578261168165694
2021_Ref_Plot2_C16::69,2021_Ref_Plot2_C16,Field2,test,4,10,0.14325159098105913,12.521521662315946,0.06575781641675374
2021_Ref_Plot2_C16::71,2021_Ref_Plot2_C16,Field2,test,2,11,0.09328202775764016,8.821329808378406,0.05027740831320952
2021_Ref_Plot2_C16::76,2021_Ref_Plot2_C16,Field2,test,5,12,0.15514617501421923,11.622930008100328,0.018969724199196937
2021_Ref_Plot2_C16::8,2021_Ref_Plot2_C16,Field2,test,7,1,0.6832576733147496,26.892992953260194,0.17137268639331493
2021_Ref_Plot2_C16::80,2021_Ref_Plot2_C16,Field2,test,4,13,0.0985819590252869,9.018197617922114,0.03417594880459163
2021_Ref_Plot2_C16::85,2021_Ref_Plot2_C16,Field2,test,5,14,0.142610331564568,10.894648088393415,0.09070614845562744
2021_Ref_Plot2_C18::16,2021_Ref_Plot2_C18,Field2,test,8,2,0.7766518955978876,30.26974760035059,0.2978791050511486
2021_Ref_Plot2_C18::22,2021_Ref_Plot2_C18,Field2,test,6,3,0.3147553476469253,17.19952531516733,0.058881880680161036
2021_Ref_Plot2_C18::27,2021_Ref_Plot2_C18,Field2,test,5,4,0.31724623330628005,17.552485255423402,0.08595474275484782
2021_Ref_Plot2_C18::35,2021_Ref_Plot2_C18,Field2,test,8,5,0.15820767778460665,12.758507177858576,0.05502878253033641
2021_Ref_Plot2_C18::44,2021_Ref_Plot2_C18,Field2,test,9,6,0.09213995010107623,10.518694178632671,0.028624389247276505
2021_Ref_Plot2_C18::50,2021_Ref_Plot2_C18,Field2,test,6,7,0.1064271892723773,9.162497163210356,0.06990689053564997
2021_Ref_Plot2_C18::57,2021_Ref_Plot2_C18,Field2,test,7,8,0.11277362229967909,11.336145687937835,0.04657169727245866
2021_Ref_Plot2_C18::65,2021_Ref_Plot2_C18,Field2,test,8,9,0.09712406366340538,10.516157226068334,0.055851787672533224
2021_Ref_Plot2_C18::69,2021_Ref_Plot2_C18,Field2,test,4,10,0.14615054110526712,12.401666296870504,0.07239558564721177
2021_Ref_Plot2_C18::71,2021_Ref_Plot2_C18,Field2,test,2,11,0.07401346683268054,8.86403178005774,0.037943475710948214
2021_Ref_Plot2_C18::76,2021_Ref_Plot2_C18,Field2,test,5,12,0.14611827711776695,12.339816282605181,0.018965521394812997
2021_Ref_Plot2_C18::8,2021_Ref_Plot2_C18,Field2,test,7,1,0.694277658913033,27.158674581782417,0.16474784474302562
2021_Ref_Plot2_C18::80,2021_Ref_Plot2_C18,Field2,test,4,13,0.09629492410633833,8.995020931627002,0.01883044628215864
2021_Ref_Plot2_C18::85,2021_Ref_Plot2_C18,Field2,test,5,14,0.08582172008784668,8.595815975322793,0.0324156578431184
2021_Ref_Plot2_C1::16,2021_Ref_Plot2_C1,Field2,test,8,2,0.7463714812549308,28.991907108819852,0.2888809296331908
2021_Ref_Plot2_C1::22,2021_Ref_Plot2_C1,Field2,test,6,3,0.3036824095354407,17.102985906688605,0.07597189692998804
2021_Ref_Plot2_C1::27,2021_Ref_Plot2_C1,Field2,test,5,4,0.38848905819688295,17.81436711710135,0.15295855550131535
2021_Ref_Plot2_C1::35,2021_Ref_Plot2_C1,Field2,test,8,5,0.14242599930352537,13.203200165880096,0.04046193672433772
2021_Ref_Plot2_C1::44,2021_Ref_Plot2_C1,Field2,test,9,6,0.10251209503888863,12.866516853393167,0.0190079270126602
2021_Ref_Plot2_C1::50,2021_Ref_Plot2_C1,Field2,test,6,7,0.14042044441808185,9.992120481510419,0.10571952763112241
2021_Ref_Plot2_C1::57,2021_Ref_Plot2_C1,Field2,test,7,8,0.1274947902674255,10.967756848721153,0.045102704625757224
2021_Ref_Plot2_C1::65,2021_Ref_Plot2_C1,Field2,test,8,9,0.08745819289477079,9.703103661822498,0.036266354523467166
2021_Ref_Plot2_C1::69,2021_Ref_Plot2_C1,Field2,test,4,10,0.1551354812926203,12.788926250116182,0.09722146382879898
2021_Ref_Plot2_C1::71,2021_Ref_Plot2_C1,Field2,test,2,11,0.11480345632646997,8.987293008878463,0.08976001536148621
2021_Ref_Plot2_C1::76,2021_Ref_Plot2_C1,Field2,test,5,12,0.19202367057643796,14.190973706831805,0.013961232584128838
2021_Ref_Plot2_C1::8,2021_Ref_Plot2_C1,Field2,test,7,1,0.6553580117676643,25.41825510803224,0.12425401275969404
2021_Ref_Plot2_C1::80,2021_Ref_Plot2_C1,Field2,test,4,13,0.08406714981578306,8.47123570964323,0.022218681262430158
2021_Ref_Plot2_C1::85,2021_Ref_Plot2_C1,Field2,test,5,14,0.07977837917525767,8.998229105051855,0.03672746917932201
2021_Ref_Plot2_C2::16,2021_Ref_Plot2_C2,Field2,test,8,2,0.7534330189226868,29.916953695759684,0.2891340730299815
2021_Ref_Plot2_C2::22,2021_Ref_Plot2_C2,Field2,test,6,3,0.2899151901800843,16.949161269138465,0.050775540762830175
2021_Ref_Plot2_C2::27,2021_Ref_Plot2_C2,Field2,test,5,4,0.436154298061388,19.35875780662905,0.16562287287839944
2021_Ref_Plot2_C2::35,2021_Ref_Plot2_C2,Field2,test,8,5,0.14216998005756648,13.169426633330595,0.021718226033540355
2021_Ref_Plot2_C2::44,2021_Ref_Plot2_C2,Field2,test,9,6,0.09596499210314151,12.350685669411952,0.007232385244471527
2021_Ref_Plot2_C2::50,2021_Ref_Plot2_C2,Field2,test,6,7,0.1385259671365648,10.101258917855107,0.08636708089240151
2021_Ref_Plot2_C2::57,2021_Ref_Plot2_C2,Field2,test,7,8,0.12992243150307958,11.548425543843123,0.04889299745220384
2021_Ref_Plot2_C2::65,2021_Ref_Plot2_C2,Field2,test,8,9,0.09676155619260467,10.007847825576073,0.041700123609278036
2021_Ref_Plot2_C2::69,2021_Ref_Plot2_C2,Field2,test,4,10,0.12671992128853957,12.056294446573045,0.06459602019544808
2021_Ref_Plot2_C2::71,2021_Ref_Plot2_C2,Field2,test,2,11,0.08574231257670258,7.976805650097667,0.04636797313037223
2021_Ref_Plot2_C2::76,2021_Ref_Plot2_C2,Field2,test,5,12,0.20365501204315395,14.564000883314513,0.019695754846700178
2021_Ref_Plot2_C2::8,2021_Ref_Plot2_C2,Field2,test,7,1,0.682436867101452,26.687532760192493,0.15267938044820603
2021_Ref_Plot2_C2::80,2021_Ref_Plot2_C2,Field2,test,4,13,0.09453240608561785,7.94199826809731,0.025611907233678437
2021_Ref_Plot2_C2::85,2021_Ref_Plot2_C2,Field2,test,5,14,0.09282166381960132,9.288565233040146,0.03778906055520912
2021_Ref_Plot2_C3::16,2021_Ref_Plot2_C3,Field2,test,8,2,0.7717407558025887,30.676531883517036,0.3062981108652525
2021_Ref_Plot2_C3::22,2021_Ref_Plot2_C3,Field2,test,6,3,0.30761905012712304,18.206078598916548,0.07299874805239782
2021_Ref_Plot2_C3::27,2021_Ref_Plot2_C3,Field2,test,5,4,0.42664094436327066,19.66051226581837,0.1443958545413057
2021_Ref_Plot2_C3::35,2021_Ref_Plot2_C3,Field2,test,8,5,0.14921008349477163,13.427740493456069,0.029499956339506906
2021_Ref_Plot2_C3::44,2021_Ref_Plot2_C3,Field2,test,9,6,0.12081168964489825,12.915481244153531,0.026070679366540717
2021_Ref_Plot2_C3::50,2021_Ref_Plot2_C3,Field2,test,6,7,0.11893980630736856,9.826779718576843,0.09402623616423518
2021_Ref_Plot2_C3::57,2021_Ref_Plot2_C3,Field2,test,7,8,0.11645373314294062,11.778356437399651,0.0519582701672527
2021_Ref_Plot2_C3::65,2021_Ref_Plot2_C3,Field2,test,8,9,0.10139386636992394,10.321058145405662,0.05079503946000103
2021_Ref_Plot2_C3::69,2021_Ref_Plot2_C3,Field2,test,4,10,0.13049628957051176,12.482087077920713,0.05786684060185044
2021_Ref_Plot2_C3::71,2021_Ref_Plot2_C3,Field2,test,2,11,0.09987359816346669,9.914358749675696,0.08948159390315241
2021_Ref_Plot2_C3::76,2021_Ref_Plot2_C3,Field2,test,5,12,0.18974280113216002,14.953261575446742,0.027840879300244894
2021_Ref_Plot2_C3::8,2021_Ref_Plot2_C3,Field2,test,7,1,0.6804706610647191,27.049387887129868,0.16342221309915933
2021_Ref_Plot2_C3::80,2021_Ref_Plot2_C3,Field2,test,4,13,0.05587077140732918,8.036390775052517,0.0022556619362398334
2021_Ref_Plot2_C3::85,2021_Ref_Plot2_C3,Field2,test,5,14,0.0769094784599552,9.948736669574798,0.011365011818339347
2021_Ref_Plot2_D12::16,2021_Ref_Plot2_D12,Field2,test,8,2,0.7631642052226498,30.089345341088084,0.3134192981808473
2021_Ref_Plot2_D12::22,2021_Ref_Plot2_D12,Field2,test,6,3,0.2577806520290672,16.682381139176634,0.07898111714887675
2021_Ref_Plot2_D12::27,2021_Ref_Plot2_D12,Field2,test,5,4,0.27207960553226934,16.44181519065731,0.08822767737469041
2021_Ref_Plot2_D12::35,2021_Ref_Plot2_D12,Field2,test,8,5,0.12383746274075592,12.167331342120534,0.04722982809181932
2021_Ref_Plot2_D12::44,2021_Ref_Plot2_D12,Field2,test,9,6,0.08623725506716286,11.370277159135506,0.016358463610443304
2021_Ref_Plot2_D12::50,2021_Ref_Plot2_D12,Field2,test,6,7,0.09131043015893177,9.413534452505935,0.06560634168121843
2021_Ref_Plot2_D12::57,2021_Ref_Plot2_D12,Field2,test,7,8,0.07761408319546907,11.29112593748224,0.01976205374032901
2021_Ref_Plot2_D12::65,2021_Ref_Plot2_D12,Field2,test,8,9,0.06549752363436978,9.733039059925837,0.03385020855944924
2021_Ref_Plot2_D12::69,2021_Ref_Plot2_D12,Field2,test,4,10,0.12077519072144836,13.097896579760919,0.05611148029250835
2021_Ref_Plot2_D12::71,2021_Ref_Plot2_D12,Field2,test,2,11,0.06660960937998428,8.836075376020673,0.02909190082678005
2021_Ref_Plot2_D12::76,2021_Ref_Plot2_D12,Field2,test,5,12,0.11440687353093414,12.353479203106856,0.018827205023748392
2021_Ref_Plot2_D12::8,2021_Ref_Plot2_D12,Field2,test,7,1,0.7219693075407965,27.92153667957288,0.21515762033970967
2021_Ref_Plot2_D12::80,2021_Ref_Plot2_D12,Field2,test,4,13,0.05853326737077358,8.877589462894399,0.02117946520028043
2021_Ref_Plot2_D12::85,2021_Ref_Plot2_D12,Field2,test,5,14,0.04793791646728923,10.709959258661444,0.01954519875630146
2021_Ref_Plot2_D5::16,2021_Ref_Plot2_D5,Field2,test,8,2,0.7807616009596664,31.243861109765167,0.3094230442793113
2021_Ref_Plot2_D5::22,2021_Ref_Plot2_D5,Field2,test,6,3,0.28819255920760295,17.02187469510885,0.10015318258152858
2021_Ref_Plot2_D5::27,2021_Ref_Plot2_D5,Field2,test,5,4,0.3203572025466555,16.87474990555619,0.1308104186420379
2021_Ref_Plot2_D5::35,2021_Ref_Plot2_D5,Field2,test,8,5,0.12196364399033927,12.471797470319927,0.03582438386206181
2021_Ref_Plot2_D5::44,2021_Ref_Plot2_D5,Field2,test,9,6,0.10555388176294957,13.32433039181515,0.024549523362468788
2021_Ref_Plot2_D5::50,2021_Ref_Plot2_D5,Field2,test,6,7,0.08053943173161499,9.32002441733108,0.044885093221787506
2021_Ref_Plot2_D5::57,2021_Ref_Plot2_D5,Field2,test,7,8,0.10002152058924348,11.828364815864962,0.03858423145618944
2021_Ref_Plot2_D5::65,2021_Ref_Plot2_D5,Field2,test,8,9,0.08981785884024919,9.775676964281475,0.037375148385477876
2021_Ref_Plot2_D5::69,2021_Ref_Plot2_D5,Field2,test,4,10,0.12946189326769844,12.90638372787286,0.04788252378259274
2021_Ref_Plot2_D5::71,2021_Ref_Plot2_D5,Field2,test,2,11,0.10477412385566477,10.02696106250192,0.09559709701954364
2021_Ref_Plot2_D5::76,2021_Ref_Plot2_D5,Field2,test,5,12,0.15453461868886814,14.222935516628755,0.019934530882830332
2021_Ref_Plot2_D5::8,2021_Ref_Plot2_D5,Field2,test,7,1,0.7201076816554286,28.01999139723574,0.19924257201114842
2021_Ref_Plot2_D5::80,2021_Ref_Plot2_D5,Field2,test,4,13,0.06390169546010001,9.992481471240975,0.026477700576955226
2021_Ref_Plot2_D5::85,2021_Ref_Plot2_D5,Field2,test,5,14,0.0748658352427859,11.138416466307783,0.05283256568407199
2021_Ref_Plot2_E18::16,2021_Ref_Plot2_E18,Field2,test,8,2,0.7438251048161733,29.678418236984825,0.2585489172765567
2021_Ref_Plot2_E18::22,2021_Ref_Plot2_E18,Field2,test,6,3,0.2892099895280588,16.624023726386856,0.06490191842134271
2021_Ref_Plot2_E18::27,2021_Ref_Plot2_E18,Field2,test,5,4,0.25002879618320556,16.489151432815728,0.06186432718773588
2021_Ref_Plot2_E18::35,2021_Ref_Plot2_E18,Field2,test,8,5,0.1068551924210559,12.115454764845637,0.028876585883389688
2021_Ref_Plot2_E18::44,2021_Ref_Plot2_E18,Field2,test,9,6,0.08819095711263497,13.318229178558838,0.02152601667057389
2021_Ref_Plot2_E18::50,2021_Ref_Plot2_E18,Field2,test,6,7,0.07304211202009228,10.251322646226246,0.05230360467892539
2021_Ref_Plot2_E18::57,2021_Ref_Plot2_E18,Field2,test,7,8,0.07493225022803653,12.156062999761172,0.025756508146835295
2021_Ref_Plot2_E18::65,2021_Ref_Plot2_E18,Field2,test,8,9,0.06631857241304855,10.414670911446587,0.022153862065823066
2021_Ref_Plot2_E18::69,2021_Ref_Plot2_E18,Field2,test,4,10,0.10734533656302281,12.948710999455654,0.032374182349962706
2021_Ref_Plot2_E18::71,2021_Ref_Plot2_E18,Field2,test,2,11,0.08584366649261388,9.300639413736448,0.05842499590208952
2021_Ref_Plot2_E18::76,2021_Ref_Plot2_E18,Field2,test,5,12,0.09511618141145446,12.362781542428724,0.011969837661093337
2021_Ref_Plot2_E18::8,2021_Ref_Plot2_E18,Field2,test,7,1,0.6618535397333704,27.27681502008249,0.16051388937322442
2021_Ref_Plot2_E18::80,2021_Ref_Plot2_E18,Field2,test,4,13,0.050122281828698774,9.630898528729432,0.021397489076294
2021_Ref_Plot2_E18::85,2021_Ref_Plot2_E18,Field2,test,5,14,0.044339460997675474,11.451815752924583,0.018100893747305658
2021_Ref_Plot2_E1::16,2021_Ref_Plot2_E1,Field2,test,8,2,0.7253872241920898,29.570470647956903,0.2815783833608124
2021_Ref_Plot2_E1::22,2021_Ref_Plot2_E1,Field2,test,6,3,0.250329805075974,16.52228524918465,0.056628719425627375
2021_Ref_Plot2_E1::27,2021_Ref_Plot2_E1,Field2,test,5,4,0.21785539112799424,16.02203570588802,0.06880727884342744
2021_Ref_Plot2_E1::35,2021_Ref_Plot2_E1,Field2,test,8,5,0.1005241638181766,11.826626827627752,0.028184180438493533
2021_Ref_Plot2_E1::44,2021_Ref_Plot2_E1,Field2,test,9,6,0.12614354320579343,14.719530755991793,0.019983283247461757
2021_Ref_Plot2_E1::50,2021_Ref_Plot2_E1,Field2,test,6,7,0.06802855097831889,9.583946855348499,0.0286687292748361
2021_Ref_Plot2_E1::57,2021_Ref_Plot2_E1,Field2,test,7,8,0.08605905595153807,12.284665996700381,0.026740842681452274
2021_Ref_Plot2_E1::65,2021_Ref_Plot2_E1,Field2,test,8,9,0.0577043570526951,9.975902766308094,0.024800319676680557
2021_Ref_Plot2_E1::69,2021_Ref_Plot2_E1,Field2,test,4,10,0.10670879422306795,12.892957644691688,0.043747778607532324
2021_Ref_Plot2_E1::71,2021_Ref_Plot2_E1,Field2,test,2,11,0.07960349484794604,9.423259540827573,0.05225564032169614
2021_Ref_Plot2_E1::76,2021_Ref_Plot2_E1,Field2,test,5,12,0.12927218828435746,14.388364166698139,0.017331642934475703
2021_Ref_Plot2_E1::8,2021_Ref_Plot2_E1,Field2,test,7,1,0.6563009014294776,26.155910769033113,0.162008404593418
2021_Ref_Plot2_E1::80,2021_Ref_Plot2_E1,Field2,test,4,13,0.05918513145998668,10.691509396441038,0.02508445410109386
2021_Ref_Plot2_E1::85,2021_Ref_Plot2_E1,Field2,test,5,14,0.03662212413065805,11.0273963332635,0.01603407971995312
2021_Ref_Plot2_E7::16,2021_Ref_Plot2_E7,Field2,test,8,2,0.6704093960410357,27.443242696109117,0.17172260210323373
2021_Ref_Plot2_E7::22,2021_Ref_Plot2_E7,Field2,test,6,3,0.2030570480353302,14.775964557100451,0.052124179229056974
2021_Ref_Plot2_E7::27,2021_Ref_Plot2_E7,Field2,test,5,4,0.21776762175265177,16.21185293077138,0.07487098623114537
2021_Ref_Plot2_E7::35,2021_Ref_Plot2_E7,Field2,test,8,5,0.08721136542841834,11.56899344818548,0.011908146016187879
2021_Ref_Plot2_E7::44,2021_Ref_Plot2_E7,Field2,test,9,6,0.11212041086513432,14.31707558660668,0.023026912031390172
2021_Ref_Plot2_E7::50,2021_Ref_Plot2_E7,Field2,test,6,7,0.05321557975302385,10.258212986401112,0.021879101176539153
2021_Ref_Plot2_E7::57,2021_Ref_Plot2_E7,Field2,test,7,8,0.07368284082577899,12.191838317100945,0.018794503796003097
2021_Ref_Plot2_E7::65,2021_Ref_Plot2_E7,Field2,test,8,9,0.05418946034923292,9.788396781413063,0.017447138783531983
2021_Ref_Plot2_E7::69,2021_Ref_Plot2_E7,Field2,test,4,10,0.10985797769877076,13.079802693998012,0.03878555194813889
2021_Ref_Plot2_E7::71,2021_Ref_Plot2_E7,Field2,test,2,11,0.07380432343332922,9.54626136349895,0.045896740700199376
2021_Ref_Plot2_E7::76,2021_Ref_Plot2_E7,Field2,test,5,12,0.11112627954441275,14.016910540906945,0.018184084555784144
2021_Ref_Plot2_E7::8,2021_Ref_Plot2_E7,Field2,test,7,1,0.6359176711447208,26.251313177401045,0.1140185923985152
2021_Ref_Plot2_E7::80,2021_Ref_Plot2_E7,Field2,test,4,13,0.047172606514297756,10.749286622536538,0.01778187124465261
2021_Ref_Plot2_E7::85,2021_Ref_Plot2_E7,Field2,test,5,14,0.04773282983026996,11.428072575532589,0.02084509542863323
2021_Ref_Plot3_A6::16,2021_Ref_Plot3_A6,Field2,test,8,2,0.7968746018455302,31.119433716389473,0.3546680236432961
2021_Ref_Plot3_A6::22,2021_Ref_Plot3_A6,Field2,test,6,3,0.30567414865690506,17.44856909189628,0.08753242587689068
2021_Ref_Plot3_A6::27,2021_Ref_Plot3_A6,Field2,test,5,4,0.28211582309955735,16.893401908027585,0.0896293080847885
2021_Ref_Plot3_A6::35,2021_Ref_Plot3_A6,Field2,test,8,5,0.15772303326470374,13.099969071929337,0.029901155415142284
2021_Ref_Plot3_A6::44,2021_Ref_Plot3_A6,Field2,test,9,6,0.11039015405882428,10.219005658022892,0.02901998776022056
2021_Ref_Plot3_A6::50,2021_Ref_Plot3_A6,Field2,test,6,7,0.09307777460726875,9.055014837917398,0.06632845050592066
2021_Ref_Plot3_A6::57,2021_Ref_Plot3_A6,Field2,test,7,8,0.11367787397563356,10.0104895397426,0.03992191220686778
2021_Ref_Plot3_A6::65,2021_Ref_Plot3_A6,Field2,test,8,9,0.1214265244488424,11.867071943823131,0.054784427079305836
2021_Ref_Plot3_A6::69,2021_Ref_Plot3_A6,Field2,test,4,10,0.17902043569890044,12.717978644153538,0.08571956281242124
2021_Ref_Plot3_A6::71,2021_Ref_Plot3_A6,Field2,test,2,11,0.09822246422506076,9.77914090815128,0.10153502651465905
2021_Ref_Plot3_A6::76,2021_Ref_Plot3_A6,Field2,test,5,12,0.17080748347347785,13.450384766571009,0.023118496856349088
2021_Ref_Plot3_A6::8,2021_Ref_Plot3_A6,Field2,test,7,1,0.7329953421113252,28.074057949395204,0.218462526724236
2021_Ref_Plot3_A6::80,2021_Ref_Plot3_A6,Field2,test,4,13,0.0952289881469457,8.345344387689764,0.012560566251585678
2021_Ref_Plot3_A6::85,2021_Ref_Plot3_A6,Field2,test,5,14,0.10845715838281585,9.337790883947882,0.045586098403228366
2021_Ref_Plot3_A7::16,2021_Ref_Plot3_A7,Field2,test,8,2,0.8106592077729857,31.406879683714877,0.3838947555034462
2021_Ref_Plot3_A7::22,2021_Ref_Plot3_A7,Field2,test,6,3,0.33279732624303104,18.31953304778779,0.09423896440522221
2021_Ref_Plot3_A7::27,2021_Ref_Plot3_A7,Field2,test,5,4,0.3410300515593258,17.7214860385655,0.09715298973429838
2021_Ref_Plot3_A7::35,2021_Ref_Plot3_A7,Field2,test,8,5,0.14519220855613774,12.566557672840935,0.03143592285482679
2021_Ref_Plot3_A7::44,2021_Ref_Plot3_A7,Field2,test,9,6,0.11436449783536136,9.864654476455806,0.027970606415806794
2021_Ref_Plot3_A7::50,2021_Ref_Plot3_A7,Field2,test,6,7,0.12792219355724566,9.575063833010965,0.07341836496756736
2021_Ref_Plot3_A7::57,2021_Ref_Plot3_A7,Field2,test,7,8,0.11820402978293693,10.879214230889811,0.06795312863418691
2021_Ref_Plot3_A7::65,2021_Ref_Plot3_A7,Field2,test,8,9,0.08965035341972359,11.144685227803553,0.027124489609149195
2021_Ref_Plot3_A7::69,2021_Ref_Plot3_A7,Field2,test,4,10,0.1691132343017918,12.823843456383075,0.10583538994708568
2021_Ref_Plot3_A7::71,2021_Ref_Plot3_A7,Field2,test,2,11,0.10250136922850529,10.215555650167003,0.12630538498846913
2021_Ref_Plot3_A7::76,2021_Ref_Plot3_A7,Field2,test,5,12,0.1336998986242473,12.588461554715861,0.011305490837469184
2021_Ref_Plot3_A7::8,2021_Ref_Plot3_A7,Field2,test,7,1,0.7324739964268816,27.533825710908438,0.22658004878875257
2021_Ref_Plot3_A7::80,2021_Ref_Plot3_A7,Field2,test,4,13,0.07933986804741065,8.951158414892644,0.018119610134059973
2021_Ref_Plot3_A7::85,2021_Ref_Plot3_A7,Field2,test,5,14,0.09637008029929721,9.695844492407442,0.06374879582574279
2021_Ref_Plot3_B10::16,2021_Ref_Plot3_B10,Field2,test,8,2,0.8166018703132302,31.396836189260018,0.3698134832531186
2021_Ref_Plot3_B10::22,2021_Ref_Plot3_B10,Field2,test,6,3,0.3216944696551743,18.59641454314442,0.09605297284804096
2021_Ref_Plot3_B10::27,2021_Ref_Plot3_B10,Field2,test,5,4,0.3739269535155019,18.05919208354473,0.12283917364995378
2021_Ref_Plot3_B10::35,2021_Ref_Plot3_B10,Field2,test,8,5,0.18227246542975142,12.93694884842349,0.03124232917528223
2021_Ref_Plot3_B10::44,2021_Ref_Plot3_B10,Field2,test,9,6,0.1649932987274399,10.065128315415935,0.045477020379287116
2021_Ref_Plot3_B10::50,2021_Ref_Plot3_B10,Field2,test,6,7,0.1065420824654744,9.210925810140383,0.0728702467101272
2021_Ref_Plot3_B10::57,2021_Ref_Plot3_B10,Field2,test,7,8,0.10405855747593558,10.003103990540419,0.04083814364172365
2021_Ref_Plot3_B10::65,2021_Ref_Plot3_B10,Field2,test,8,9,0.091164379685849,10.341594470914917,0.03094959924363847
2021_Ref_Plot3_B10::69,2021_Ref_Plot3_B10,Field2,test,4,10,0.12892332307594254,11.838880473341241,0.08659490406128441
2021_Ref_Plot3_B10::71,2021_Ref_Plot3_B10,Field2,test,2,11,0.10958566525797492,10.596953651903283,0.11373614052986408
2021_Ref_Plot3_B10::76,2021_Ref_Plot3_B10,Field2,test,5,12,0.1254438164126769,12.696017777412852,0.03555327813054652
2021_Ref_Plot3_B10::8,2021_Ref_Plot3_B10,Field2,test,7,1,0.7478649371922158,27.712423817711247,0.23618448602682915
2021_Ref_Plot3_B10::80,2021_Ref_Plot3_B10,Field2,test,4,13,0.0647672234925545,7.878820661840056,0.013290406492701457
2021_Ref_Plot3_B10::85,2021_Ref_Plot3_B10,Field2,test,5,14,0.11998107921456443,9.864433290084765,0.06235725128594749
2021_Ref_Plot3_B12::16,2021_Ref_Plot3_B12,Field2,test,8,2,0.8233924425917093,32.0126347750873,0.36111130356146703
2021_Ref_Plot3_B12::22,2021_Ref_Plot3_B12,Field2,test,6,3,0.3202399497497537,17.394088629962777,0.08350861993220209
2021_Ref_Plot3_B12::27,2021_Ref_Plot3_B12,Field2,test,5,4,0.34292586572563893,17.45336271154047,0.1095048244290486
2021_Ref_Plot3_B12::35,2021_Ref_Plot3_B12,Field2,test,8,5,0.15287990272672408,12.518649303878224,0.027369161742433732
2021_Ref_Plot3_B12::44,2021_Ref_Plot3_B12,Field2,test,9,6,0.14336718860869677,10.61154895473967,0.05218551236106197
2021_Ref_Plot3_B12::50,2021_Ref_Plot3_B12,Field2,test,6,7,0.11107825249459595,9.047933156765442,0.0674549460351014
2021_Ref_Plot3_B12::57,2021_Ref_Plot3_B12,Field2,test,7,8,0.09529438788890848,9.82893622877851,0.02943242519216766
2021_Ref_Plot3_B12::65,2021_Ref_Plot3_B12,Field2,test,8,9,0.08605694398926107,10.601803341826656,0.031083254889935918
2021_Ref_Plot3_B12::69,2021_Ref_Plot3_B12,Field2,test,4,10,0.1384251749471954,12.069451168929959,0.07238825705969178
2021_Ref_Plot3_B12::71,2021_Ref_Plot3_B12,Field2,test,2,11,0.1075811461469834,10.451834610583164,0.08444616121691863
2021_Ref_Plot3_B12::76,2021_Ref_Plot3_B12,Field2,test,5,12,0.1222650586317004,12.75516654812133,0.014313055062071716
2021_Ref_Plot3_B12::8,2021_Ref_Plot3_B12,Field2,test,7,1,0.7395321829507325,27.86515415997121,0.2128360281765457
2021_Ref_Plot3_B12::80,2021_Ref_Plot3_B12,Field2,test,4,13,0.0570568062981697,8.436319842939305,0.009536600709222205
2021_Ref_Plot3_B12::85,2021_Ref_Plot3_B12,Field2,test,5,14,0.07922076320709065,9.318590669107417,0.024282679771611027
2021_Ref_Plot3_B17::16,2021_Ref_Plot3_B17,Field2,test,8,2,0.8160011998881558,31.60471059895229,0.34789935356181645
2021_Ref_Plot3_B17::22,2021_Ref_Plot3_B17,Field2,test,6,3,0.3485168305276691,17.87480108810566,0.10943384659347823
2021_Ref_Plot3_B17::27,2021_Ref_Plot3_B17,Field2,test,5,4,0.27240214688095754,16.845298704660067,0.0740174522869845
2021_Ref_Plot3_B17::35,2021_Ref_Plot3_B17,Field2,test,8,5,0.13444123276046557,12.419464696925537,0.038936773283417145
2021_Ref_Plot3_B17::44,2021_Ref_Plot3_B17,Field2,test,9,6,0.14386354247546065,9.90757175029485,0.06833691141753008
2021_Ref_Plot3_B17::50,2021_Ref_Plot3_B17,Field2,test,6,7,0.09863186034299413,9.047610347908376,0.055619488848081995
2021_Ref_Plot3_B17::57,2021_Ref_Plot3_B17,Field2,test,7,8,0.09596591970771973,9.821309691096154,0.044656065119039974
2021_Ref_Plot3_B17::65,2021_Ref_Plot3_B17,Field2,test,8,9,0.09750293377340591,10.53095991913996,0.0394028534919021
2021_Ref_Plot3_B17::69,2021_Ref_Plot3_B17,Field2,test,4,10,0.14814443465195415,12.202523970809926,0.0981134193139759
2021_Ref_Plot3_B17::71,2021_Ref_Plot3_B17,Field2,test,2,11,0.0976018065665541,9.241507535101833,0.08472340589047891
2021_Ref_Plot3_B17::76,2021_Ref_Plot3_B17,Field2,test,5,12,0.11753228058748012,11.38979917768561,0.017188425542254384
2021_Ref_Plot3_B17::8,2021_Ref_Plot3_B17,Field2,test,7,1,0.740033314661891,28.84162580925301,0.22718208389093644
2021_Ref_Plot3_B17::80,2021_Ref_Plot3_B17,Field2,test,4,13,0.0759756150628421,8.981979843660975,0.01746996743697068
2021_Ref_Plot3_B17::85,2021_Ref_Plot3_B17,Field2,test,5,14,0.086741463039767,9.35737465501813,0.04408103787908896
2021_Ref_Plot3_B1::16,2021_Ref_Plot3_B1,Field2,test,8,2,0.8022870386631409,31.43052359734421,0.3315817128782564
2021_Ref_Plot3_B1::22,2021_Ref_Plot3_B1,Field2,test,6,3,0.33198466727721393,18.20272880680679,0.09710092062297374
2021_Ref_Plot3_B1::27,2021_Ref_Plot3_B1,Field2,test,5,4,0.3441267209568892,18.085133419685608,0.10963210788247169
2021_Ref_Plot3_B1::35,2021_Ref_Plot3_B1,Field2,test,8,5,0.18400851751714853,13.040811116287802,0.03852787984736647
2021_Ref_Plot3_B1::44,2021_Ref_Plot3_B1,Field2,test,9,6,0.14694115292271645,10.856019927455398,0.055274482966406795
2021_Ref_Plot3_B1::50,2021_Ref_Plot3_B1,Field2,test,6,7,0.12666109323282748,9.901206198986351,0.0999967096234712
2021_Ref_Plot3_B1::57,2021_Ref_Plot3_B1,Field2,test,7,8,0.137292914947576,11.017514212818302,0.046413136291624725
2021_Ref_Plot3_B1::65,2021_Ref_Plot3_B1,Field2,test,8,9,0.11702373782182057,10.757059336778507,0.05343683086240836
2021_Ref_Plot3_B1::69,2021_Ref_Plot3_B1,Field2,test,4,10,0.14432635662243465,11.977654231478132,0.08542148713912506
2021_Ref_Plot3_B1::71,2021_Ref_Plot3_B1,Field2,test,2,11,0.1139181946860089,10.96458744767811,0.12704289681849482
2021_Ref_Plot3_B1::76,2021_Ref_Plot3_B1,Field2,test,5,12,0.1354081182702949,12.196892592476921,0.031766474878726685
2021_Ref_Plot3_B1::8,2021_Ref_Plot3_B1,Field2,test,7,1,0.7033247691509202,26.7347377937125,0.20175354891463235
2021_Ref_Plot3_B1::80,2021_Ref_Plot3_B1,Field2,test,4,13,0.08682388111472827,7.04144807746869,0.021226619225535405
2021_Ref_Plot3_B1::85,2021_Ref_Plot3_B1,Field2,test,5,14,0.07021384279059774,8.276080134682665,0.021733447460421145
2021_Ref_Plot3_B3::16,2021_Ref_Plot3_B3,Field2,test,8,2,0.8179952121184989,31.14386738167111,0.35583101076199125
2021_Ref_Plot3_B3::22,2021_Ref_Plot3_B3,Field2,test,6,3,0.30161327914547886,17.68465642675565,0.08108745481516909
2021_Ref_Plot3_B3::27,2021_Ref_Plot3_B3,Field2,test,5,4,0.33783791981058453,17.772866021619635,0.09600931937985438
2021_Ref_Plot3_B3::35,2021_Ref_Plot3_B3,Field2,test,8,5,0.1821411665865077,13.67190867085366,0.04830819578793252
2021_Ref_Plot3_B3::44,2021_Ref_Plot3_B3,Field2,test,9,6,0.12700812054432198,10.516011528011633,0.05268309964796194
2021_Ref_Plot3_B3::50,2021_Ref_Plot3_B3,Field2,test,6,7,0.10149395139100127,9.553558877522665,0.08101189640042405
2021_Ref_Plot3_B3::57,2021_Ref_Plot3_B3,Field2,test,7,8,0.13434364445691258,11.491013883206252,0.06325984379277892
2021_Ref_Plot3_B3::65,2021_Ref_Plot3_B3,Field2,test,8,9,0.11475273722800118,11.36112347662069,0.06374626209623557
2021_Ref_Plot3_B3::69,2021_Ref_Plot3_B3,Field2,test,4,10,0.1703017227477269,12.724708603772674,0.11170921837539591
2021_Ref_Plot3_B3::71,2021_Ref_Plot3_B3,Field2,test,2,11,0.10569875493094065,9.383711053322362,0.06581255633934707
2021_Ref_Plot3_B3::76,2021_Ref_Plot3_B3,Field2,test,5,12,0.17849276641739806,12.680552994118536,0.026974951694719022
2021_Ref_Plot3_B3::8,2021_Ref_Plot3_B3,Field2,test,7,1,0.7231462965699368,28.027225788247044,0.22026312590851826
2021_Ref_Plot3_B3::80,2021_Ref_Plot3_B3,Field2,test,4,13,0.09989358557294638,8.533403954121365,0.025160824738604787
2021_Ref_Plot3_B3::85,2021_Ref_Plot3_B3,Field2,test,5,14,0.08509540825764599,8.431751470174301,0.04422025442547685
2021_Ref_Plot3_B6::16,2021_Ref_Plot3_B6,Field2,test,8,2,0.8111018582028962,31.22114090611035,0.3440862169471111
2021_Ref_Plot3_B6::22,2021_Ref_Plot3_B6,Field2,test,6,3,0.33029404160789094,17.78563558584899,0.10171588173127165
2021_Ref_Plot3_B6::27,2021_Ref_Plot3_B6,Field2,test,5,4,0.3546258036218924,17.767589493940957,0.11875522011707734
2021_Ref_Plot3_B6::35,2021_Ref_Plot3_B6,Field2,test,8,5,0.1862568137107381,13.633510794160564,0.04471525466415026
2021_Ref_Plot3_B6::44,2021_Ref_Plot3_B6,Field2,test,9,6,0.14627960295532527,10.238249793301385,0.0625875633532404
2021_Ref_Plot3_B6::50,2021_Ref_Plot3_B6,Field2,test,6,7,0.1305188294382866,10.031190559650229,0.111177955780672
2021_Ref_Plot3_B6::57,2021_Ref_Plot3_B6,Field2,test,7,8,0.12259487426752243,10.659075505221864,0.04207972905770973
2021_Ref_Plot3_B6::65,2021_Ref_Plot3_B6,Field2,test,8,9,0.1102423894073012,10.993466875470359,0.06397794877859558
2021_Ref_Plot3_B6::69,2021_Ref_Plot3_B6,Field2,test,4,10,0.19812176028356446,13.349394149572866,0.12152613774452938
2021_Ref_Plot3_B6::71,2021_Ref_Plot3_B6,Field2,test,2,11,0.09755776165775777,9.742864144355554,0.08456885513097387
2021_Ref_Plot3_B6::76,2021_Ref_Plot3_B6,Field2,test,5,12,0.19588482421127643,13.51113769846049,0.04259954302612234
2021_Ref_Plot3_B6::8,2021_Ref_Plot3_B6,Field2,test,7,1,0.7338370911501212,27.070545960926722,0.22192340940601696
2021_Ref_Plot3_B6::80,2021_Ref_Plot3_B6,Field2,test,4,13,0.07139596711398767,7.790109021160391,0.0018355187456607328
2021_Ref_Plot3_B6::85,2021_Ref_Plot3_B6,Field2,test,5,14,0.12690694374779535,9.603827798163586,0.06364296218223907
2021_Ref_Plot3_B7::16,2021_Ref_Plot3_B7,Field2,test,8,2,0.7942655635666848,30.260898330969212,0.32771637911669044
2021_Ref_Plot3_B7::22,2021_Ref_Plot3_B7,Field2,test,6,3,0.30390391814595524,18.1311906977782,0.08366362561059557
2021_Ref_Plot3_B7::27,2021_Ref_Plot3_B7,Field2,test,5,4,0.33355713905898093,17.690293991761607,0.10826555082128787
2021_Ref_Plot3_B7::35,2021_Ref_Plot3_B7,Field2,test,8,5,0.16610031823227175,12.998527000940541,0.02181131937236223
2021_Ref_Plot3_B7::44,2021_Ref_Plot3_B7,Field2,test,9,6,0.12912352936402427,10.110078163123807,0.04979532058746944
2021_Ref_Plot3_B7::50,2021_Ref_Plot3_B7,Field2,test,6,7,0.12893901705779445,10.153825387681824,0.09997770244311574
2021_Ref_Plot3_B7::57,2021_Ref_Plot3_B7,Field2,test,7,8,0.10478018862517957,10.573072785363378,0.039826501917498036
2021_Ref_Plot3_B7::65,2021_Ref_Plot3_B7,Field2,test,8,9,0.10532851446172038,10.536528138430828,0.055487048145983854
2021_Ref_Plot3_B7::69,2021_Ref_Plot3_B7,Field2,test,4,10,0.18440757895463233,13.278310181520371,0.10941137949759148
2021_Ref_Plot3_B7::71,2021_Ref_Plot3_B7,Field2,test,2,11,0.10296812342736382,10.048542128530995,0.12153167978353718
2021_Ref_Plot3_B7::76,2021_Ref_Plot3_B7,Field2,test,5,12,0.14911749064196458,13.31993708639359,0.021137669964508873
2021_Ref_Plot3_B7::8,2021_Ref_Plot3_B7,Field2,test,7,1,0.7411250698520271,26.985922020199826,0.22694299583709981
2021_Ref_Plot3_B7::80,2021_Ref_Plot3_B7,Field2,test,4,13,0.07493746029536592,8.416011434188297,0.0259806465576699
2021_Ref_Plot3_B7::85,2021_Ref_Plot3_B7,Field2,test,5,14,0.10529593744953747,9.918730752806093,0.05337168859103311
2021_Ref_Plot3_B8::16,2021_Ref_Plot3_B8,Field2,test,8,2,0.8084869367617739,30.883383642684635,0.33204787946720404
2021_Ref_Plot3_B8::22,2021_Ref_Plot3_B8,Field2,test,6,3,0.31143525812837164,18.1177301691516,0.0940096508500898
2021_Ref_Plot3_B8::27,2021_Ref_Plot3_B8,Field2,test,5,4,0.28092707712225334,16.82978441990022,0.07090809536111962
2021_Ref_Plot3_B8::35,2021_Ref_Plot3_B8,Field2,test,8,5,0.18369008522877914,13.691081210488644,0.03786816570578383
2021_Ref_Plot3_B8::44,2021_Ref_Plot3_B8,Field2,test,9,6,0.12031036431568842,9.98045529589355,0.04968904881705276
2021_Ref_Plot3_B8::50,2021_Ref_Plot3_B8,Field2,test,6,7,0.11873981548925527,9.540413918085372,0.09389907691422822
2021_Ref_Plot3_B8::57,2021_Ref_Plot3_B8,Field2,test,7,8,0.10047694962633086,10.480355408865504,0.019621155152613652
2021_Ref_Plot3_B8::65,2021_Ref_Plot3_B8,Field2,test,8,9,0.09534779972682265,10.243392260500473,0.026807591511545253
2021_Ref_Plot3_B8::69,2021_Ref_Plot3_B8,Field2,test,4,10,0.14092210967670493,12.260428995504409,0.08834818808273205
2021_Ref_Plot3_B8::71,2021_Ref_Plot3_B8,Field2,test,2,11,0.08523968939019218,9.458485524857414,0.09303178341070031
2021_Ref_Plot3_B8::76,2021_Ref_Plot3_B8,Field2,test,5,12,0.12236642637360245,11.812584184670982,0.022830313948836663
2021_Ref_Plot3_B8::8,2021_Ref_Plot3_B8,Field2,test,7,1,0.735411544349634,27.150798322690896,0.20586628777733432
2021_Ref_Plot3_B8::80,2021_Ref_Plot3_B8,Field2,test,4,13,0.10246411804625492,9.185229643312097,0.04305224508966223
2021_Ref_Plot3_B8::85,2021_Ref_Plot3_B8,Field2,test,5,14,0.12522867829691098,9.214689149639288,0.06614913165522691
2021_Ref_Plot3_C15::16,2021_Ref_Plot3_C15,Field2,test,8,2,0.7978194977638559,31.135082647117486,0.34878972199345787
2021_Ref_Plot3_C15::22,2021_Ref_Plot3_C15,Field2,test,6,3,0.3264701469603599,16.777671612514037,0.09018094584104788
2021_Ref_Plot3_C15::27,2021_Ref_Plot3_C15,Field2,test,5,4,0.2830501218314325,16.473641858313368,0.08201831413212893
2021_Ref_Plot3_C15::35,2021_Ref_Plot3_C15,Field2,test,8,5,0.14680297145364954,12.09910444665142,0.046378809884322116
2021_Ref_Plot3_C15::44,2021_Ref_Plot3_C15,Field2,test,9,6,0.09576774190044073,9.406897038102924,0.0325443290052024
2021_Ref_Plot3_C15::50,2021_Ref_Plot3_C15,Field2,test,6,7,0.11659939618185781,9.119162549130856,0.09768236842254985
2021_Ref_Plot3_C15::57,2021_Ref_Plot3_C15,Field2,test,7,8,0.10231077200717065,10.219457828096541,0.041251466930143
2021_Ref_Plot3_C15::65,2021_Ref_Plot3_C15,Field2,test,8,9,0.06843776982729628,9.431321161112715,0.03255794542102743
2021_Ref_Plot3_C15::69,2021_Ref_Plot3_C15,Field2,test,4,10,0.12623996752447944,11.985220280699414,0.07302246184861028
2021_Ref_Plot3_C15::71,2021_Ref_Plot3_C15,Field2,test,2,11,0.08855389064200132,9.52654160896364,0.07327781978936179
2021_Ref_Plot3_C15::76,2021_Ref_Plot3_C15,Field2,test,5,12,0.10893418708339918,11.895311127456518,0.012582855625949222
2021_Ref_Plot3_C15::8,2021_Ref_Plot3_C15,Field2,test,7,1,0.7353550634298851,27.006408190169438,0.23004589638072456
2021_Ref_Plot3_C15::80,2021_Ref_Plot3_C15,Field2,test,4,13,0.10939588452770956,9.14301002925065,0.0443356615374438
2021_Ref_Plot3_C15::85,2021_Ref_Plot3_C15,Field2,test,5,14,0.1094316982411388,9.66962269296326,0.04276840612227831
2021_Ref_Plot3_C2::16,2021_Ref_Plot3_C2,Field2,test,8,2,0.818353276523311,31.63194252118558,0.3797783391826288
2021_Ref_Plot3_C2::22,2021_Ref_Plot3_C2,Field2,test,6,3,0.3066849758387301,17.235064538846675,0.0860673572088059
2021_Ref_Plot3_C2::27,2021_Ref_Plot3_C2,Field2,test,5,4,0.2877322853138247,16.79502453535272,0.0851166561341254
2021_Ref_Plot3_C2::35,2021_Ref_Plot3_C2,Field2,test,8,5,0.17668834219729765,12.67436171414338,0.04724500944922488
2021_Ref_Plot3_C2::44,2021_Ref_Plot3_C2,Field2,test,9,6,0.10986181321781152,10.552393236149964,0.049330324974189585
2021_Ref_Plot3_C2::50,2021_Ref_Plot3_C2,Field2,test,6,7,0.08167100556497443,9.153105887642928,0.07630313227676354
2021_Ref_Plot3_C2::57,2021_Ref_Plot3_C2,Field2,test,7,8,0.1219916670984123,11.551165108830343,0.07229189927899318
2021_Ref_Plot3_C2::65,2021_Ref_Plot3_C2,Field2,test,8,9,0.10707036015714244,10.019871333499156,0.05325437167929979
2021_Ref_Plot3_C2::69,2021_Ref_Plot3_C2,Field2,test,4,10,0.16159601456304448,12.191672494507026,0.08398358170261953
2021_Ref_Plot3_C2::71,2021_Ref_Plot3_C2,Field2,test,2,11,0.12144536545104383,10.018702158178383,0.0995643175975804
2021_Ref_Plot3_C2::76,2021_Ref_Plot3_C2,Field2,test,5,12,0.20128775196449644,14.551196071153491,0.03924064514406017
2021_Ref_Plot3_C2::8,2021_Ref_Plot3_C2,Field2,test,7,1,0.7051224105917443,27.55039839343778,0.19334899034968137
2021_Ref_Plot3_C2::80,2021_Ref_Plot3_C2,Field2,test,4,13,0.06835371377507343,7.836981787805909,0.017005866119193365
2021_Ref_Plot3_C2::85,2021_Ref_Plot3_C2,Field2,test,5,14,0.13831171514044563,9.747030409471588,0.07584522163047354
2021_Ref_Plot3_C3::16,2021_Ref_Plot3_C3,Field2,test,8,2,0.7914452711606169,30.376711967131378,0.3483331734693176
2021_Ref_Plot3_C3::22,2021_Ref_Plot3_C3,Field2,test,6,3,0.32145336525874296,17.25030925197708,0.09233861475405034
2021_Ref_Plot3_C3::27,2021_Ref_Plot3_C3,Field2,test,5,4,0.29537629883025046,16.421409773891213,0.09248544477267652
2021_Ref_Plot3_C3::35,2021_Ref_Plot3_C3,Field2,test,8,5,0.15327254633920587,12.282984023965412,0.03839689479748438
2021_Ref_Plot3_C3::44,2021_Ref_Plot3_C3,Field2,test,9,6,0.09983452001922662,10.147192443298628,0.037685969177508424
2021_Ref_Plot3_C3::50,2021_Ref_Plot3_C3,Field2,test,6,7,0.10407044111383579,9.204668465825222,0.07740610311353593
2021_Ref_Plot3_C3::57,2021_Ref_Plot3_C3,Field2,test,7,8,0.10830469466693582,10.944640581317866,0.040154758786471054
2021_Ref_Plot3_C3::65,2021_Ref_Plot3_C3,Field2,test,8,9,0.0930641344854385,10.183481284455931,0.04233493246494352
2021_Ref_Plot3_C3::69,2021_Ref_Plot3_C3,Field2,test,4,10,0.1533122789783947,12.459596588458655,0.07259213856410668
2021_Ref_Plot3_C3::71,2021_Ref_Plot3_C3,Field2,test,2,11,0.11163871595851675,9.877647571179486,0.07273943731470314
2021_Ref_Plot3_C3::76,2021_Ref_Plot3_C3,Field2,test,5,12,0.19461138858468763,12.835763913329544,0.0210386193924216
2021_Ref_Plot3_C3::8,2021_Ref_Plot3_C3,Field2,test,7,1,0.7103328280027373,27.02145594348222,0.1973507170730898
2021_Ref_Plot3_C3::80,2021_Ref_Plot3_C3,Field2,test,4,13,0.09590863778734682,9.38966747755834,0.03444043460735603
2021_Ref_Plot3_C3::85,2021_Ref_Plot3_C3,Field2,test,5,14,0.1197123796737236,10.161838828155748,0.059393163136714444
2021_Ref_Plot3_C4::16,2021_Ref_Plot3_C4,Field2,test,8,2,0.776826085963174,29.745658767219375,0.33451919570450267
2021_Ref_Plot3_C4::22,2021_Ref_Plot3_C4,Field2,test,6,3,0.338523517359343,17.348298987068656,0.11363898588456796
2021_Ref_Plot3_C4::27,2021_Ref_Plot3_C4,Field2,test,5,4,0.2906228023953379,16.267876208072348,0.0846611713537147
2021_Ref_Plot3_C4::35,2021_Ref_Plot3_C4,Field2,test,8,5,0.13496850841974053,11.750535569459766,0.04140403426632035
2021_Ref_Plot3_C4::44,2021_Ref_Plot3_C4,Field2,test,9,6,0.11092862202773707,9.731853975150768,0.054807070837985854
2021_Ref_Plot3_C4::50,2021_Ref_Plot3_C4,Field2,test,6,7,0.10296158267913118,9.55670233412225,0.08342050790506099
2021_Ref_Plot3_C4::57,2021_Ref_Plot3_C4,Field2,test,7,8,0.11190198792071436,11.494178597264018,0.05331447434072322
2021_Ref_Plot3_C4::65,2021_Ref_Plot3_C4,Field2,test,8,9,0.09150332353609932,9.639233407483085,0.03292495082713416
2021_Ref_Plot3_C4::69,2021_Ref_Plot3_C4,Field2,test,4,10,0.15031276936937868,12.160138779543741,0.0795123761409251
2021_Ref_Plot3_C4::71,2021_Ref_Plot3_C4,Field2,test,2,11,0.1129674061689963,9.219954620742065,0.06245703078449179
2021_Ref_Plot3_C4::76,2021_Ref_Plot3_C4,Field2,test,5,12,0.18275107703029683,12.987884432044643,0.021981149170675292
2021_Ref_Plot3_C4::8,2021_Ref_Plot3_C4,Field2,test,7,1,0.7129481351409117,27.34443922297944,0.22199472400377068
2021_Ref_Plot3_C4::80,2021_Ref_Plot3_C4,Field2,test,4,13,0.11627458269986422,10.17254353069065,0.04686583204271305
2021_Ref_Plot3_C4::85,2021_Ref_Plot3_C4,Field2,test,5,14,0.11775410426018551,10.38028733461169,0.05242658468650086
2021_Ref_Plot3_D15::16,2021_Ref_Plot3_D15,Field2,test,8,2,0.7788225879039133,30.78916030523853,0.34526033123663535
2021_Ref_Plot3_D15::22,2021_Ref_Plot3_D15,Field2,test,6,3,0.3166607305810008,17.337684906303917,0.10254976173777831
2021_Ref_Plot3_D15::27,2021_Ref_Plot3_D15,Field2,test,5,4,0.31365369408855054,17.309323544975182,0.11598163286560786
2021_Ref_Plot3_D15::35,2021_Ref_Plot3_D15,Field2,test,8,5,0.16516279127875225,12.788516961249144,0.051877399003151664
2021_Ref_Plot3_D15::44,2021_Ref_Plot3_D15,Field2,test,9,6,0.09796317231008107,10.277512935535993,0.03363786967498738
2021_Ref_Plot3_D15::50,2021_Ref_Plot3_D15,Field2,test,6,7,0.09658180288146978,8.868010394365703,0.08789953845873517
2021_Ref_Plot3_D15::57,2021_Ref_Plot3_D15,Field2,test,7,8,0.1015083020093077,10.803973783023356,0.033401154182632724
2021_Ref_Plot3_D15::65,2021_Ref_Plot3_D15,Field2,test,8,9,0.0757124532242629,9.165255044026663,0.04944866071100418
2021_Ref_Plot3_D15::69,2021_Ref_Plot3_D15,Field2,test,4,10,0.12872802332567201,12.225350570964956,0.07843937059248066
2021_Ref_Plot3_D15::71,2021_Ref_Plot3_D15,Field2,test,2,11,0.08752810479303613,9.91344676665157,0.0621360204772956
2021_Ref_Plot3_D15::76,2021_Ref_Plot3_D15,Field2,test,5,12,0.1254950848191181,12.555050366816609,0.013795340870852395
2021_Ref_Plot3_D15::8,2021_Ref_Plot3_D15,Field2,test,7,1,0.7153797596675782,27.686855093163683,0.20574689593772025
2021_Ref_Plot3_D15::80,2021_Ref_Plot3_D15,Field2,test,4,13,0.08595550088475772,8.803779894341718,0.02127816945615119
2021_Ref_Plot3_D15::85,2021_Ref_Plot3_D15,Field2,test,5,14,0.15475063014496834,10.823881600052257,0.08815879166119399
2021_Ref_Plot3_D19::16,2021_Ref_Plot3_D19,Field2,test,8,2,0.7796179115517928,30.718222490415613,0.39149291751019366
2021_Ref_Plot3_D19::22,2021_Ref_Plot3_D19,Field2,test,6,3,0.2831439492378068,16.54311254477893,0.09037650790795809
2021_Ref_Plot3_D19::27,2021_Ref_Plot3_D19,Field2,test,5,4,0.250194801905627,16.606458624096238,0.07668942339910154
2021_Ref_Plot3_D19::35,2021_Ref_Plot3_D19,Field2,test,8,5,0.1556351605586326,12.019322776258639,0.026994993904865868
2021_Ref_Plot3_D19::44,2021_Ref_Plot3_D19,Field2,test,9,6,0.10061315885569479,9.881067380795084,0.028885251204780187
2021_Ref_Plot3_D19::50,2021_Ref_Plot3_D19,Field2,test,6,7,0.09134995836075839,8.923324028981899,0.06596704564190031
2021_Ref_Plot3_D19::57,2021_Ref_Plot3_D19,Field2,test,7,8,0.09887407437321555,10.799513764403317,0.024778927918690626
2021_Ref_Plot3_D19::65,2021_Ref_Plot3_D19,Field2,test,8,9,0.09268373302990233,9.57253975732064,0.04932671488961149
2021_Ref_Plot3_D19::69,2021_Ref_Plot3_D19,Field2,test,4,10,0.1699436499653569,12.936768002406168,0.12199270298229284
2021_Ref_Plot3_D19::71,2021_Ref_Plot3_D19,Field2,test,2,11,0.10689357768807171,9.39520613702378,0.07047727674224853
2021_Ref_Plot3_D19::76,2021_Ref_Plot3_D19,Field2,test,5,12,0.09159674583769206,10.864618426040025,0.014744229902157293
2021_Ref_Plot3_D19::8,2021_Ref_Plot3_D19,Field2,test,7,1,0.6933453510311604,26.1998542840384,0.20785056499583704
2021_Ref_Plot3_D19::80,2021_Ref_Plot3_D19,Field2,test,4,13,0.07682310603640714,9.290233901683376,0.03177607822227711
2021_Ref_Plot3_D19::85,2021_Ref_Plot3_D19,Field2,test,5,14,0.09594595901884075,9.26307814714243,0.05260990428002292
2021_Ref_Plot3_D1::16,2021_Ref_Plot3_D1,Field2,test,8,2,0.7873582980873843,30.894379590615788,0.3577740797095819
2021_Ref_Plot3_D1::22,2021_Ref_Plot3_D1,Field2,test,6,3,0.27950834153821863,16.949532212958182,0.08188616092802523
2021_Ref_Plot3_D1::27,2021_Ref_Plot3_D1,Field2,test,5,4,0.3129914927371324,17.5053320463699,0.11078983520209497
2021_Ref_Plot3_D1::35,2021_Ref_Plot3_D1,Field2,test,8,5,0.14503757918173607,12.993016897844555,0.022193306894875912
2021_Ref_Plot3_D1::44,2021_Ref_Plot3_D1,Field2,test,9,6,0.12023829143029253,10.800007263019097,0.02880975243605154
2021_Ref_Plot3_D1::50,2021_Ref_Plot3_D1,Field2,test,6,7,0.1068255256931922,9.595867741512343,0.06434382998041403
2021_Ref_Plot3_D1::57,2021_Ref_Plot3_D1,Field2,test,7,8,0.15122752603096948,11.857117478027504,0.04194633902446688
2021_Ref_Plot3_D1::65,2021_Ref_Plot3_D1,Field2,test,8,9,0.09152828744571895,9.613263298939307,0.041483995428561495
2021_Ref_Plot3_D1::69,2021_Ref_Plot3_D1,Field2,test,4,10,0.14283566883864435,12.580776260417242,0.0594298532453911
2021_Ref_Plot3_D1::71,2021_Ref_Plot3_D1,Field2,test,2,11,0.1079419154654946,9.477865213217902,0.12312007817014789
2021_Ref_Plot3_D1::76,2021_Ref_Plot3_D1,Field2,test,5,12,0.15941088046653804,14.680863183588729,0.034654409440644386
2021_Ref_Plot3_D1::8,2021_Ref_Plot3_D1,Field2,test,7,1,0.7065035571332313,26.901700484856242,0.19325737999304754
2021_Ref_Plot3_D1::80,2021_Ref_Plot3_D1,Field2,test,4,13,0.07830870897141229,7.775663533359567,0.031137130396561227
2021_Ref_Plot3_D1::85,2021_Ref_Plot3_D1,Field2,test,5,14,0.08793101170540248,9.88893068898827,0.037485442234926274
2021_Ref_Plot3_D20::16,2021_Ref_Plot3_D20,Field2,test,8,2,0.7981397205559316,30.635619513528695,0.4088066038161715
2021_Ref_Plot3_D20::22,2021_Ref_Plot3_D20,Field2,test,6,3,0.2897450107340547,16.701566593766913,0.09923543991672103
2021_Ref_Plot3_D20::27,2021_Ref_Plot3_D20,Field2,test,5,4,0.24415175988034454,16.839400924914255,0.07646127168175199
2021_Ref_Plot3_D20::35,2021_Ref_Plot3_D20,Field2,test,8,5,0.14391286032092657,12.395487950131274,0.033722377229008484
2021_Ref_Plot3_D20::44,2021_Ref_Plot3_D20,Field2,test,9,6,0.1050875833865194,9.969156057348311,0.02383807223208036
2021_Ref_Plot3_D20::50,2021_Ref_Plot3_D20,Field2,test,6,7,0.07411457704576509,8.265060164250082,0.044137666796012165
2021_Ref_Plot3_D20::57,2021_Ref_Plot3_D20,Field2,test,7,8,0.09370379433966051,10.775045175508616,0.024774201392294883
2021_Ref_Plot3_D20::65,2021_Ref_Plot3_D20,Field2,test,8,9,0.08464548502012022,9.153882017151115,0.05081335425613697
2021_Ref_Plot3_D20::69,2021_Ref_Plot3_D20,Field2,test,4,10,0.16796687087592146,13.01673065527456,0.10256522414834256
2021_Ref_Plot3_D20::71,2021_Ref_Plot3_D20,Field2,test,2,11,0.09261257116669293,9.334194239622013,0.08450034848247363
2021_Ref_Plot3_D20::76,2021_Ref_Plot3_D20,Field2,test,5,12,0.1281669725426874,12.23231218122168,0.03208647555791596
2021_Ref_Plot3_D20::8,2021_Ref_Plot3_D20,Field2,test,7,1,0.7200375696341186,26.432150019343062,0.21710536083765877
2021_Ref_Plot3_D20::80,2021_Ref_Plot3_D20,Field2,test,4,13,0.06223089983243365,8.712329261780113,0.014038029023809349
2021_Ref_Plot3_D20::85,2021_Ref_Plot3_D20,Field2,test,5,14,0.11070027979465591,9.709630451053215,0.054153360422112
2021_Ref_Plot3_E11::16,2021_Ref_Plot3_E11,Field2,test,8,2,0.7311098782031303,29.627265015132785,0.28243281428388717
2021_Ref_Plot3_E11::22,2021_Ref_Plot3_E11,Field2,test,6,3,0.26933496662502815,16.611980858035423,0.07287974794933878
2021_Ref_Plot3_E11::27,2021_Ref_Plot3_E11,Field2,test,5,4,0.24256182503859167,16.474317446104017,0.07988301543681878
2021_Ref_Plot3_E11::35,2021_Ref_Plot3_E11,Field2,test,8,5,0.15035376856467822,12.415442548182474,0.050621018024385886
2021_Ref_Plot3_E11::44,2021_Ref_Plot3_E11,Field2,test,9,6,0.09564885237747923,10.591294537465457,0.03331424072948427
2021_Ref_Plot3_E11::50,2021_Ref_Plot3_E11,Field2,test,6,7,0.09093060850073452,8.806601452867586,0.06114927174626404
2021_Ref_Plot3_E11::57,2021_Ref_Plot3_E11,Field2,test,7,8,0.0965148459708459,11.049893831835929,0.022406597278113224
2021_Ref_Plot3_E11::65,2021_Ref_Plot3_E11,Field2,test,8,9,0.06877830640169748,9.306262936874234,0.038694134269945536
2021_Ref_Plot3_E11::69,2021_Ref_Plot3_E11,Field2,test,4,10,0.13985844585388948,12.939317389136614,0.08240432767425489
2021_Ref_Plot3_E11::71,2021_Ref_Plot3_E11,Field2,test,2,11,0.09080473429020848,7.88147500790858,0.004940614682009171
2021_Ref_Plot3_E11::76,2021_Ref_Plot3_E11,Field2,test,5,12,0.08532547677513797,9.885247988876655,0.019786780572669308
2021_Ref_Plot3_E11::8,2021_Ref_Plot3_E11,Field2,test,7,1,0.6608576597812476,27.286438774441915,0.14934643586945953
2021_Ref_Plot3_E11::80,2021_Ref_Plot3_E11,Field2,test,4,13,0.05547139269205306,9.619057220884882,0.01764754272346147
2021_Ref_Plot3_E11::85,2021_Ref_Plot3_E11,Field2,test,5,14,0.0722970325758779,9.394592691330853,0.039548039302747855
2021_Ref_Plot4_A7::16,2021_Ref_Plot4_A7,Field2,test,8,2,0.7999074701916437,30.362256275696197,0.36674194307336994
2021_Ref_Plot4_A7::22,2021_Ref_Plot4_A7,Field2,test,6,3,0.3021748536523804,17.855181768919714,0.1025699588474852
2021_Ref_Plot4_A7::27,2021_Ref_Plot4_A7,Field2,test,5,4,0.45222831451102,19.303521303627868,0.16496718391426043
2021_Ref_Plot4_A7::35,2021_Ref_Plot4_A7,Field2,test,8,5,0.19242020823367398,14.8922261832147,0.02848539904528633
2021_Ref_Plot4_A7::44,2021_Ref_Plot4_A7,Field2,test,9,6,0.16466340464913282,9.943386283068708,0.04757095391006429
2021_Ref_Plot4_A7::50,2021_Ref_Plot4_A7,Field2,test,6,7,0.11902515150907729,9.23142580307967,0.07224312737282736
2021_Ref_Plot4_A7::57,2021_Ref_Plot4_A7,Field2,test,7,8,0.11055524240639046,8.82716947628072,0.05087293246928184
2021_Ref_Plot4_A7::65,2021_Ref_Plot4_A7,Field2,test,8,9,0.13663801367871142,11.881804062551865,0.058398684484125066
2021_Ref_Plot4_A7::69,2021_Ref_Plot4_A7,Field2,test,4,10,0.15169533439495617,12.60920814602028,0.10450837773172932
2021_Ref_Plot4_A7::71,2021_Ref_Plot4_A7,Field2,test,2,11,0.09215620523961528,9.696029085730073,0.08209898283988555
2021_Ref_Plot4_A7::76,2021_Ref_Plot4_A7,Field2,test,5,12,0.1288168482966871,11.791265707718338,0.014900205312928993
2021_Ref_Plot4_A7::8,2021_Ref_Plot4_A7,Field2,test,7,1,0.7361139479772909,27.310290137583337,0.21250429084514524
2021_Ref_Plot4_A7::80,2021_Ref_Plot4_A7,Field2,test,4,13,0.1205507356618621,9.448341046987203,0.0400026421519354
2021_Ref_Plot4_A7::85,2021_Ref_Plot4_A7,Field2,test,5,14,0.11211386913701105,9.244370444183058,0.05184134555194802
2021_Ref_Plot4_B11::16,2021_Ref_Plot4_B11,Field2,test,8,2,0.8480868845161305,32.43423418640363,0.41011344221544427
2021_Ref_Plot4_B11::22,2021_Ref_Plot4_B11,Field2,test,6,3,0.34311563224746505,17.839909772077416,0.12776295524454873
2021_Ref_Plot4_B11::27,2021_Ref_Plot4_B11,Field2,test,5,4,0.39459070673955116,18.545875800991467,0.13664760051599206
2021_Ref_Plot4_B11::35,2021_Ref_Plot4_B11,Field2,test,8,5,0.21485226409351169,15.809897530820848,0.04189205981888469
2021_Ref_Plot4_B11::44,2021_Ref_Plot4_B11,Field2,test,9,6,0.16228703141232417,10.784909339617876,0.05817791402530597
2021_Ref_Plot4_B11::50,2021_Ref_Plot4_B11,Field2,test,6,7,0.12682244647317872,9.484784911680803,0.06720565018144871
2021_Ref_Plot4_B11::57,2021_Ref_Plot4_B11,Field2,test,7,8,0.13365103583652008,10.294268582651199,0.05349194722829959
2021_Ref_Plot4_B11::65,2021_Ref_Plot4_B11,Field2,test,8,9,0.11748864193601205,11.642472198166933,0.03453360837119286
2021_Ref_Plot4_B11::69,2021_Ref_Plot4_B11,Field2,test,4,10,0.18187026382110283,12.889241142176985,0.09253350553470233
2021_Ref_Plot4_B11::71,2021_Ref_Plot4_B11,Field2,test,2,11,0.06648841936304035,9.320655747368884,0.06087706749196629
2021_Ref_Plot4_B11::76,2021_Ref_Plot4_B11,Field2,test,5,12,0.11727683306863407,13.003068551672794,0.020183720571035506
2021_Ref_Plot4_B11::8,2021_Ref_Plot4_B11,Field2,test,7,1,0.7559010831905898,27.713494185639973,0.2258961297154721
2021_Ref_Plot4_B11::80,2021_Ref_Plot4_B11,Field2,test,4,13,0.07517691160634134,8.97998341392547,0.02864979520844096
2021_Ref_Plot4_B11::85,2021_Ref_Plot4_B11,Field2,test,5,14,0.10247902534992807,9.378942622354835,0.03447926569046672
2021_Ref_Plot4_B12::16,2021_Ref_Plot4_B12,Field2,test,8,2,0.8219633990046115,31.289285470380204,0.37798444224306876
2021_Ref_Plot4_B12::22,2021_Ref_Plot4_B12,Field2,test,6,3,0.32099536213160357,17.33605008087966,0.11670266336191851
2021_Ref_Plot4_B12::27,2021_Ref_Plot4_B12,Field2,test,5,4,0.4049818117471152,18.88083303890079,0.15853458180573587
2021_Ref_Plot4_B12::35,2021_Ref_Plot4_B12,Field2,test,8,5,0.19763694673087315,15.544137358440647,0.03665035494315619
2021_Ref_Plot4_B12::44,2021_Ref_Plot4_B12,Field2,test,9,6,0.15524263458475818,11.036220189480936,0.03875300619526494
2021_Ref_Plot4_B12::50,2021_Ref_Plot4_B12,Field2,test,6,7,0.13575548065935036,9.981404059492947,0.0958484802827266
2021_Ref_Plot4_B12::57,2021_Ref_Plot4_B12,Field2,test,7,8,0.11744512660880678,10.139737611140234,0.0419687642751698
2021_Ref_Plot4_B12::65,2021_Ref_Plot4_B12,Field2,test,8,9,0.11057439244136404,12.089444834929976,0.03912214684962443
2021_Ref_Plot4_B12::69,2021_Ref_Plot4_B12,Field2,test,4,10,0.17689148666877372,12.867552215557778,0.06912273271391588
2021_Ref_Plot4_B12::71,2021_Ref_Plot4_B12,Field2,test,2,11,0.08715000428086601,10.363720725119583,0.09495534264596832
2021_Ref_Plot4_B12::76,2021_Ref_Plot4_B12,Field2,test,5,12,0.12567324599314592,13.759857303913543,0.022246915731638884
2021_Ref_Plot4_B12::8,2021_Ref_Plot4_B12,Field2,test,7,1,0.7395779114171868,27.270133128769004,0.23345114781492035
2021_Ref_Plot4_B12::80,2021_Ref_Plot4_B12,Field2,test,4,13,0.12215377147639339,9.654749771331716,0.04292105854709709
2021_Ref_Plot4_B12::85,2021_Ref_Plot4_B12,Field2,test,5,14,0.11344316636221896,8.541936310673462,0.02169426320431033
2021_Ref_Plot4_B13::16,2021_Ref_Plot4_B13,Field2,test,8,2,0.8162033525744076,31.177906191887246,0.3544933625017249
2021_Ref_Plot4_B13::22,2021_Ref_Plot4_B13,Field2,test,6,3,0.29950158955897727,17.43746672041549,0.08838033222973823
2021_Ref_Plot4_B13::27,2021_Ref_Plot4_B13,Field2,test,5,4,0.36618260857972124,17.86192072437902,0.1359605935016532
2021_Ref_Plot4_B13::35,2021_Ref_Plot4_B13,Field2,test,8,5,0.18925657535142051,15.126372605892204,0.03547699110251695
2021_Ref_Plot4_B13::44,2021_Ref_Plot4_B13,Field2,test,9,6,0.13616938296312933,9.861606100617236,0.036870033572086805
2021_Ref_Plot4_B13::50,2021_Ref_Plot4_B13,Field2,test,6,7,0.09958134491556508,9.247292705305405,0.06745486226345244
2021_Ref_Plot4_B13::57,2021_Ref_Plot4_B13,Field2,test,7,8,0.1105196161753253,9.90063954010046,0.057123838080282825
2021_Ref_Plot4_B13::65,2021_Ref_Plot4_B13,Field2,test,8,9,0.10411159284568124,11.411014121326124,0.0334342342595042
2021_Ref_Plot4_B13::69,2021_Ref_Plot4_B13,Field2,test,4,10,0.15882252486046608,12.476668644346898,0.07026123322734994
2021_Ref_Plot4_B13::71,2021_Ref_Plot4_B13,Field2,test,2,11,0.08555788361584395,10.566660125116865,0.08945704096652994
2021_Ref_Plot4_B13::76,2021_Ref_Plot4_B13,Field2,test,5,12,0.10805286621138414,12.006366135450996,0.014971463404197864
2021_Ref_Plot4_B13::8,2021_Ref_Plot4_B13,Field2,test,7,1,0.7348987489236373,27.22094289015581,0.2193096314274708
2021_Ref_Plot4_B13::80,2021_Ref_Plot4_B13,Field2,test,4,13,0.08167232441424338,8.691791989583136,0.012240239415928791
2021_Ref_Plot4_B13::85,2021_Ref_Plot4_B13,Field2,test,5,14,0.10806029507688987,8.873707363803382,0.05375956458298481
2021_Ref_Plot4_B15::16,2021_Ref_Plot4_B15,Field2,test,8,2,0.8299961769521884,31.23592754755449,0.3720059013905105
2021_Ref_Plot4_B15::22,2021_Ref_Plot4_B15,Field2,test,6,3,0.3456905229263096,17.70454290168276,0.12880292381858455
2021_Ref_Plot4_B15::27,2021_Ref_Plot4_B15,Field2,test,5,4,0.3393486958732943,17.591984051632995,0.11925493149833787
2021_Ref_Plot4_B15::35,2021_Ref_Plot4_B15,Field2,test,8,5,0.16546450332034618,13.414011574508109,0.022771703447314454
2021_Ref_Plot4_B15::44,2021_Ref_Plot4_B15,Field2,test,9,6,0.11245268999287568,9.248956452621075,0.0217066265049585
2021_Ref_Plot4_B15::50,2021_Ref_Plot4_B15,Field2,test,6,7,0.11779707073279226,9.262549551146153,0.0826165137922655
2021_Ref_Plot4_B15::57,2021_Ref_Plot4_B15,Field2,test,7,8,0.11062775907805146,10.156822439925559,0.0552100513717766
2021_Ref_Plot4_B15::65,2021_Ref_Plot4_B15,Field2,test,8,9,0.10551857099628092,11.174526884551598,0.04379857587636629
2021_Ref_Plot4_B15::69,2021_Ref_Plot4_B15,Field2,test,4,10,0.2032885196204004,12.85704085148539,0.11594266311721262
2021_Ref_Plot4_B15::71,2021_Ref_Plot4_B15,Field2,test,2,11,0.09249384551416218,10.395826200938208,0.09716054373581638
2021_Ref_Plot4_B15::76,2021_Ref_Plot4_B15,Field2,test,5,12,0.11656096981687925,12.479599467790175,0.017061991234582213
2021_Ref_Plot4_B15::8,2021_Ref_Plot4_B15,Field2,test,7,1,0.7743474871605889,28.46614715955939,0.24776364215670998
2021_Ref_Plot4_B15::80,2021_Ref_Plot4_B15,Field2,test,4,13,0.09193598287590354,8.637906467795288,0.018236617285862483
2021_Ref_Plot4_B15::85,2021_Ref_Plot4_B15,Field2,test,5,14,0.09353457626799037,8.399201562560538,0.028583297338374284
2021_Ref_Plot4_B16::16,2021_Ref_Plot4_B16,Field2,test,8,2,0.848638767544693,32.3300353981818,0.40350084579517814
2021_Ref_Plot4_B16::22,2021_Ref_Plot4_B16,Field2,test,6,3,0.35422519313810413,18.282294479758782,0.12381512407251147
2021_Ref_Plot4_B16::27,2021_Ref_Plot4_B16,Field2,test,5,4,0.37851454567098575,18.40276693240409,0.13202090311675285
2021_Ref_Plot4_B16::35,2021_Ref_Plot4_B16,Field2,test,8,5,0.19353124259075316,14.010390213668975,0.01727533499718047
2021_Ref_Plot4_B16::44,2021_Ref_Plot4_B16,Field2,test,9,6,0.12701850390051594,10.067130080699657,0.037237014035123146
2021_Ref_Plot4_B16::50,2021_Ref_Plot4_B16,Field2,test,6,7,0.09304752503127267,8.828758260065808,0.057294089912253335
2021_Ref_Plot4_B16::57,2021_Ref_Plot4_B16,Field2,test,7,8,0.10841070899036442,9.927894827682136,0.04941600647928935
2021_Ref_Plot4_B16::65,2021_Ref_Plot4_B16,Field2,test,8,9,0.10232278855741235,11.485608522172356,0.032884830920037834
2021_Ref_Plot4_B16::69,2021_Ref_Plot4_B16,Field2,test,4,10,0.18386656932689593,12.913089648203819,0.08585887087071079
2021_Ref_Plot4_B16::71,2021_Ref_Plot4_B16,Field2,test,2,11,0.08825739714905777,10.164363021572754,0.0788006678811983
2021_Ref_Plot4_B16::76,2021_Ref_Plot4_B16,Field2,test,5,12,0.12953222930511724,14.168116578340939,0.024803329652489853
2021_Ref_Plot4_B16::8,2021_Ref_Plot4_B16,Field2,test,7,1,0.7615509876124102,27.535252742209018,0.23174718862389465
2021_Ref_Plot4_B16::80,2021_Ref_Plot4_B16,Field2,test,4,13,0.08789757712196612,8.134139857381637,0.025454217064317337
2021_Ref_Plot4_B16::85,2021_Ref_Plot4_B16,Field2,test,5,14,0.081932923686642,9.066017441462753,0.02788476126393808
2021_Ref_Plot4_B17::16,2021_Ref_Plot4_B17,Field2,test,8,2,0.8426257645105739,31.955673690911027,0.4013403670841231
2021_Ref_Plot4_B17::22,2021_Ref_Plot4_B17,Field2,test,6,3,0.31660238365521454,17.461193276206576,0.09704958441789523
2021_Ref_Plot4_B17::27,2021_Ref_Plot4_B17,Field2,test,5,4,0.3563104264339552,18.12409623210073,0.11609473898558895
2021_Ref_Plot4_B17::35,2021_Ref_Plot4_B17,Field2,test,8,5,0.16056969876981517,13.058645236687191,0.019130229885387432
2021_Ref_Plot4_B17::44,2021_Ref_Plot4_B17,Field2,test,9,6,0.12909720721524842,9.92100293489453,0.03446266216474401
2021_Ref_Plot4_B17::50,2021_Ref_Plot4_B17,Field2,test,6,7,0.12357645958359072,9.793441760780308,0.08045851883650788
2021_Ref_Plot4_B17::57,2021_Ref_Plot4_B17,Field2,test,7,8,0.099663907394961,9.886806903385617,0.04794318583869126
2021_Ref_Plot4_B17::65,2021_Ref_Plot4_B17,Field2,test,8,9,0.08325272349703193,10.969374438313508,0.014781522959814218
2021_Ref_Plot4_B17::69,2021_Ref_Plot4_B17,Field2,test,4,10,0.12863783962569045,12.270081248492865,0.05350199834462261
2021_Ref_Plot4_B17::71,2021_Ref_Plot4_B17,Field2,test,2,11,0.08330558908338127,10.093109768025961,0.09213599521170121
2021_Ref_Plot4_B17::76,2021_Ref_Plot4_B17,Field2,test,5,12,0.13744156824627582,13.598859481413543,0.0323227676041796
2021_Ref_Plot4_B17::8,2021_Ref_Plot4_B17,Field2,test,7,1,0.7433723100822562,26.864073438160418,0.2138393948360317
2021_Ref_Plot4_B17::80,2021_Ref_Plot4_B17,Field2,test,4,13,0.07495710845804619,8.250183068477895,0.03289303133939183
2021_Ref_Plot4_B17::85,2021_Ref_Plot4_B17,Field2,test,5,14,0.08641413167673567,9.061232195352844,0.0316336078942328
2021_Ref_Plot4_C4::16,2021_Ref_Plot4_C4,Field2,test,8,2,0.8163879919887203,31.045482414331058,0.391176661014126
2021_Ref_Plot4_C4::22,2021_Ref_Plot4_C4,Field2,test,6,3,0.29679021437539704,17.070952374539562,0.07490825820369376
2021_Ref_Plot4_C4::27,2021_Ref_Plot4_C4,Field2,test,5,4,0.34898566881568155,17.05435684892307,0.133395444481348
2021_Ref_Plot4_C4::35,2021_Ref_Plot4_C4,Field2,test,8,5,0.22390058664915038,14.991492479730674,0.05011480580300564
2021_Ref_Plot4_C4::44,2021_Ref_Plot4_C4,Field2,test,9,6,0.13470058624281686,9.875949060207676,0.053794958848546764
2021_Ref_Plot4_C4::50,2021_Ref_Plot4_C4,Field2,test,6,7,0.12095537561662499,9.53418856455156,0.09410626103988462
2021_Ref_Plot4_C4::57,2021_Ref_Plot4_C4,Field2,test,7,8,0.13625188452420434,9.970336621524567,0.062450981459811886
2021_Ref_Plot4_C4::65,2021_Ref_Plot4_C4,Field2,test,8,9,0.12285400105652065,11.411142868948758,0.04905041564468584
2021_Ref_Plot4_C4::69,2021_Ref_Plot4_C4,Field2,test,4,10,0.17418604030429274,12.850970370934373,0.09698028515793058
2021_Ref_Plot4_C4::71,2021_Ref_Plot4_C4,Field2,test,2,11,0.08981427916975952,9.738940530241448,0.06196949626261441
2021_Ref_Plot4_C4::76,2021_Ref_Plot4_C4,Field2,test,5,12,0.14359568868914904,13.225173548855434,0.023439192458880254
2021_Ref_Plot4_C4::8,2021_Ref_Plot4_C4,Field2,test,7,1,0.7457968952508599,26.732013224870236,0.22837111925214637
2021_Ref_Plot4_C4::80,2021_Ref_Plot4_C4,Field2,test,4,13,0.08167092992835956,9.429390643298287,0.024087862445656933
2021_Ref_Plot4_C4::85,2021_Ref_Plot4_C4,Field2,test,5,14,0.07907134565218178,9.99001410497889,0.03834255155060957
2021_Ref_Plot4_D11::16,2021_Ref_Plot4_D11,Field2,test,8,2,0.8201930114479867,31.72673922990723,0.42233767185180754
2021_Ref_Plot4_D11::22,2021_Ref_Plot4_D11,Field2,test,6,3,0.3165101400689721,17.53085721308321,0.11671204733888227
2021_Ref_Plot4_D11::27,2021_Ref_Plot4_D11,Field2,test,5,4,0.3566054696019692,17.96826017142132,0.15018901463446346
2021_Ref_Plot4_D11::35,2021_Ref_Plot4_D11,Field2,test,8,5,0.19653860169779613,14.81622284507414,0.030135329096191696
2021_Ref_Plot4_D11::44,2021_Ref_Plot4_D11,Field2,test,9,6,0.1208930006198189,9.192004492215691,0.04614373741326926
2021_Ref_Plot4_D11::50,2021_Ref_Plot4_D11,Field2,test,6,7,0.10977237553035572,9.37489653277099,0.0659477450774316
2021_Ref_Plot4_D11::57,2021_Ref_Plot4_D11,Field2,test,7,8,0.10817109885977279,10.91645397006733,0.013863124323548422
2021_Ref_Plot4_D11::65,2021_Ref_Plot4_D11,Field2,test,8,9,0.06992314323474434,9.253075755571201,0.021415228295831253
2021_Ref_Plot4_D11::69,2021_Ref_Plot4_D11,Field2,test,4,10,0.18395905168136054,13.804250561521801,0.08475812504913771
2021_Ref_Plot4_D11::71,2021_Ref_Plot4_D11,Field2,test,2,11,0.08850063194479453,9.897543978335776,0.0627534534854109
2021_Ref_Plot4_D11::76,2021_Ref_Plot4_D11,Field2,test,5,12,0.1493286135797971,14.439553294863202,0.051427689947523905
2021_Ref_Plot4_D11::8,2021_Ref_Plot4_D11,Field2,test,7,1,0.7277442670386431,28.061552549869212,0.22985480715258896
2021_Ref_Plot4_D11::80,2021_Ref_Plot4_D11,Field2,test,4,13,0.06659752583915209,8.407923594024538,0.045484548805278815
2021_Ref_Plot4_D11::85,2021_Ref_Plot4_D11,Field2,test,5,14,0.11826710694977122,11.624499016879788,0.060931688223653475
2021_Ref_Plot4_D6::16,2021_Ref_Plot4_D6,Field2,test,8,2,0.7837692555391578,30.33318363049362,0.3795103940265262
2021_Ref_Plot4_D6::22,2021_Ref_Plot4_D6,Field2,test,6,3,0.26872926494999627,16.695033166714285,0.0880562887778846
2021_Ref_Plot4_D6::27,2021_Ref_Plot4_D6,Field2,test,5,4,0.36772512626376236,16.969372637394237,0.16093453229977708
2021_Ref_Plot4_D6::35,2021_Ref_Plot4_D6,Field2,test,8,5,0.18146145158533492,15.327263260517231,0.014340948043293117
2021_Ref_Plot4_D6::44,2021_Ref_Plot4_D6,Field2,test,9,6,0.10512936016840856,9.054502762029948,0.04175699199216974
2021_Ref_Plot4_D6::50,2021_Ref_Plot4_D6,Field2,test,6,7,0.10242983279590452,9.197428742964975,0.07893696459027935
2021_Ref_Plot4_D6::57,2021_Ref_Plot4_D6,Field2,test,7,8,0.15447205271487477,11.107182007556455,0.047390049002526385
2021_Ref_Plot4_D6::65,2021_Ref_Plot4_D6,Field2,test,8,9,0.06680437775859985,10.2887059333594,0.018020533025483263
2021_Ref_Plot4_D6::69,2021_Ref_Plot4_D6,Field2,test,4,10,0.1442684150846307,13.070526051836985,0.08533000115850543
2021_Ref_Plot4_D6::71,2021_Ref_Plot4_D6,Field2,test,2,11,0.08330934585928293,10.28162298282118,0.06504512361789178
2021_Ref_Plot4_D6::76,2021_Ref_Plot4_D6,Field2,test,5,12,0.15993979398172253,14.893790611893108,0.04930279885491358
2021_Ref_Plot4_D6::8,2021_Ref_Plot4_D6,Field2,test,7,1,0.7111289949454425,27.934580011682893,0.2203087090405089
2021_Ref_Plot4_D6::80,2021_Ref_Plot4_D6,Field2,test,4,13,0.07123665054975294,7.971857294020886,0.017007760320198077
2021_Ref_Plot4_D6::85,2021_Ref_Plot4_D6,Field2,test,5,14,0.08242785684640754,9.28145823999467,0.038745334815287205
2021_Ref_Plot5_A17::16,2021_Ref_Plot5_A17,Field2,test,8,2,0.7908229254304038,30.855824243096258,0.3280371835772075
2021_Ref_Plot5_A17::22,2021_Ref_Plot5_A17,Field2,test,6,3,0.29373754160144844,18.783969840051935,0.08890603563329522
2021_Ref_Plot5_A17::27,2021_Ref_Plot5_A17,Field2,test,5,4,0.31062357476315244,18.05254632650581,0.09099188384406777
2021_Ref_Plot5_A17::35,2021_Ref_Plot5_A17,Field2,test,8,5,0.12261538206662877,12.62501638956319,0.024082567825650308
2021_Ref_Plot5_A17::44,2021_Ref_Plot5_A17,Field2,test,9,6,0.09777693905609229,10.000863702557348,0.029692445322371763
2021_Ref_Plot5_A17::50,2021_Ref_Plot5_A17,Field2,test,6,7,0.08418112690270663,8.480763919330787,0.05529457053881339
2021_Ref_Plot5_A17::69,2021_Ref_Plot5_A17,Field2,test,4,9,0.11800404494718104,12.232434418182232,0.061644957972429484
2021_Ref_Plot5_A17::71,2021_Ref_Plot5_A17,Field2,test,2,10,0.07428908133578511,9.641114686708603,0.08042982681915412
2021_Ref_Plot5_A17::76,2021_Ref_Plot5_A17,Field2,test,5,11,0.15039345894369419,14.340298180932333,0.03998974238412764
2021_Ref_Plot5_A17::8,2021_Ref_Plot5_A17,Field2,test,7,1,0.7281944478738266,27.840218520749946,0.20687997160410243
2021_Ref_Plot5_A17::80,2021_Ref_Plot5_A17,Field2,test,4,12,0.13742580591234096,10.57805260038188,0.08765575902993694
2021_Ref_Plot5_A17::85,2021_Ref_Plot5_A17,Field2,test,5,13,0.09722736773642061,9.364120889992941,0.05267564151280446
2021_Ref_Plot5_A19::16,2021_Ref_Plot5_A19,Field2,test,8,2,0.8150960943319827,31.12652038366605,0.3358791007925901
2021_Ref_Plot5_A19::22,2021_Ref_Plot5_A19,Field2,test,6,3,0.32563689710854576,19.241978943734875,0.09147433502138033
2021_Ref_Plot5_A19::27,2021_Ref_Plot5_A19,Field2,test,5,4,0.3065699646142599,18.341492526210548,0.05043707328082061
2021_Ref_Plot5_A19::35,2021_Ref_Plot5_A19,Field2,test,8,5,0.14565037199238304,13.55031961525375,0.03658007747493686
2021_Ref_Plot5_A19::44,2021_Ref_Plot5_A19,Field2,test,9,6,0.11222893089940249,10.72931913082001,0.02154823668484512
2021_Ref_Plot5_A19::50,2021_Ref_Plot5_A19,Field2,test,6,7,0.11325847002757716,9.187748775377802,0.09429929492630416
2021_Ref_Plot5_A19::57,2021_Ref_Plot5_A19,Field2,test,7,8,0.1706201531003102,10.682641334639849,0.052406927624808045
2021_Ref_Plot5_A19::65,2021_Ref_Plot5_A19,Field2,test,8,9,0.12045198294840852,11.46645566143885,0.03139842672347153
2021_Ref_Plot5_A19::69,2021_Ref_Plot5_A19,Field2,test,4,10,0.15694324907614168,12.778978482911292,0.07346905546501033
2021_Ref_Plot5_A19::71,2021_Ref_Plot5_A19,Field2,test,2,11,0.0845967757167458,10.938912430239975,0.12503014944141277
2021_Ref_Plot5_A19::76,2021_Ref_Plot5_A19,Field2,test,5,12,0.13554972029387644,14.141145772128155,0.04783600000115505
2021_Ref_Plot5_A19::8,2021_Ref_Plot5_A19,Field2,test,7,1,0.7338440360438816,28.433599875482134,0.2115781045189904
2021_Ref_Plot5_A19::80,2021_Ref_Plot5_A19,Field2,test,4,13,0.06328415328885119,8.818272881995565,0.0271718979501618
2021_Ref_Plot5_A19::85,2021_Ref_Plot5_A19,Field2,test,5,14,0.05713308568935161,9.250937170081801,0.0281425031348301
2021_Ref_Plot5_B12::16,2021_Ref_Plot5_B12,Field2,test,8,2,0.8057478371928731,30.70898872062518,0.355528609952028
2021_Ref_Plot5_B12::22,2021_Ref_Plot5_B12,Field2,test,6,3,0.3285403480538385,18.725470305921398,0.09940423850581827
2021_Ref_Plot5_B12::27,2021_Ref_Plot5_B12,Field2,test,5,4,0.2938274093228556,17.04625846161866,0.06875092300911743
2021_Ref_Plot5_B12::35,2021_Ref_Plot5_B12,Field2,test,8,5,0.13419514622779033,12.258678916435134,0.030161368487800343
2021_Ref_Plot5_B12::44,2021_Ref_Plot5_B12,Field2,test,9,6,0.12074952383085118,9.863731362861099,0.039687770791320805
2021_Ref_Plot5_B12::50,2021_Ref_Plot5_B12,Field2,test,6,7,0.09593060529341386,8.582921947222008,0.06317305345997595
2021_Ref_Plot5_B12::57,2021_Ref_Plot5_B12,Field2,test,7,8,0.10545660720725997,10.811309540910965,0.03486619453290265
2021_Ref_Plot5_B12::65,2021_Ref_Plot5_B12,Field2,test,8,9,0.11230284655111815,11.36448700271053,0.03023356280454847
2021_Ref_Plot5_B12::69,2021_Ref_Plot5_B12,Field2,test,4,10,0.15106655308333436,13.212659301375094,0.09346330180014976
2021_Ref_Plot5_B12::71,2021_Ref_Plot5_B12,Field2,test,2,11,0.0674458903732696,9.617853400711894,0.07135825193073958
2021_Ref_Plot5_B12::76,2021_Ref_Plot5_B12,Field2,test,5,12,0.13805228953090126,13.653305794465922,0.024531378133635613
2021_Ref_Plot5_B12::8,2021_Ref_Plot5_B12,Field2,test,7,1,0.7445525278378359,27.447638894649252,0.26032871778010674
2021_Ref_Plot5_B12::80,2021_Ref_Plot5_B12,Field2,test,4,13,0.05434579922161889,8.179639261853666,0.01904340151947711
2021_Ref_Plot5_B12::85,2021_Ref_Plot5_B12,Field2,test,5,14,0.09384821209040302,8.873723661455152,0.030002866108284582
2021_Ref_Plot5_B14::16,2021_Ref_Plot5_B14,Field2,test,8,2,0.8112428267765047,31.511865538388612,0.3512830740719705
2021_Ref_Plot5_B14::22,2021_Ref_Plot5_B14,Field2,test,6,3,0.27935797720863437,17.970792916183964,0.08740060732895093
2021_Ref_Plot5_B14::27,2021_Ref_Plot5_B14,Field2,test,5,4,0.3086308656354675,18.21999109580503,0.08341136966373879
2021_Ref_Plot5_B14::35,2021_Ref_Plot5_B14,Field2,test,8,5,0.13271871777477617,12.159101724403357,0.027508982284745197
2021_Ref_Plot5_B14::44,2021_Ref_Plot5_B14,Field2,test,9,6,0.12774435906036097,11.384644761227726,0.036612669373228796
2021_Ref_Plot5_B14::50,2021_Ref_Plot5_B14,Field2,test,6,7,0.11712758210450391,9.17787703103561,0.07230246816395065
2021_Ref_Plot5_B14::57,2021_Ref_Plot5_B14,Field2,test,7,8,0.12876858575574623,10.606689606438701,0.039296372705025916
2021_Ref_Plot5_B14::65,2021_Ref_Plot5_B14,Field2,test,8,9,0.12237489277024698,11.88407899072801,0.043327236842167244
2021_Ref_Plot5_B14::69,2021_Ref_Plot5_B14,Field2,test,4,10,0.14474826700338647,12.989220560581707,0.05608874808131127
2021_Ref_Plot5_B14::71,2021_Ref_Plot5_B14,Field2,test,2,11,0.08341952237370509,10.49942564179524,0.1086797129906864
2021_Ref_Plot5_B14::76,2021_Ref_Plot5_B14,Field2,test,5,12,0.15539291401518418,14.57942089601612,0.02441255285477923
2021_Ref_Plot5_B14::8,2021_Ref_Plot5_B14,Field2,test,7,1,0.7172836176621163,27.52945203133391,0.20981561667116694
2021_Ref_Plot5_B14::80,2021_Ref_Plot5_B14,Field2,test,4,13,0.07280538861072178,8.188929991095543,0.012945811167421687
2021_Ref_Plot5_B14::85,2021_Ref_Plot5_B14,Field2,test,5,14,0.07738441943848434,8.647232001780186,0.028933482612118845
2021_Ref_Plot5_C12::16,2021_Ref_Plot5_C12,Field2,test,8,2,0.8040528376726631,30.11154337094918,0.3402960026348988
2021_Ref_Plot5_C12::22,2021_Ref_Plot5_C12,Field2,test,6,3,0.19570850651264818,14.428597210237154,0.04146949786830754
2021_Ref_Plot5_C12::27,2021_Ref_Plot5_C12,Field2,test,5,4,0.24531372988209865,16.26414245552244,0.05746618132114437
2021_Ref_Plot5_C12::35,2021_Ref_Plot5_C12,Field2,test,8,5,0.13309251583729545,12.388687965725087,0.04080387066219211
2021_Ref_Plot5_C12::44,2021_Ref_Plot5_C12,Field2,test,9,6,0.11407740842975278,9.438808524983637,0.02989992594679674
2021_Ref_Plot5_C12::50,2021_Ref_Plot5_C12,Field2,test,6,7,0.10383871960735318,8.69639084839651,0.07743240591941805
2021_Ref_Plot5_C12::57,2021_Ref_Plot5_C12,Field2,test,7,8,0.0956487221475781,9.90620267209072,0.021987894511524688
2021_Ref_Plot5_C12::65,2021_Ref_Plot5_C12,Field2,test,8,9,0.10211483713611665,11.804053926995856,0.03177414681067423
2021_Ref_Plot5_C12::69,2021_Ref_Plot5_C12,Field2,test,4,10,0.16850220780676392,13.616402497110991,0.09395496607053708
2021_Ref_Plot5_C12::71,2021_Ref_Plot5_C12,Field2,test,2,11,0.07618362181580642,9.758039656829776,0.07305763286024583
2021_Ref_Plot5_C12::76,2021_Ref_Plot5_C12,Field2,test,5,12,0.12228487695864106,13.022597370197854,0.020053035036325332
2021_Ref_Plot5_C12::8,2021_Ref_Plot5_C12,Field2,test,7,1,0.7318666256201146,26.514061709621007,0.20268457188058925
2021_Ref_Plot5_C12::80,2021_Ref_Plot5_C12,Field2,test,4,13,0.09777354536199802,7.889369915825775,0.026241822165926763
2021_Ref_Plot5_C12::85,2021_Ref_Plot5_C12,Field2,test,5,14,0.0908745503528162,9.036982703785357,0.02999487104054504
2021_Ref_Plot5_C17::16,2021_Ref_Plot5_C17,Field2,test,8,2,0.800423953941685,31.067915234978017,0.34171482562035094
2021_Ref_Plot5_C17::22,2021_Ref_Plot5_C17,Field2,test,6,3,0.24904109899486668,16.293814829434147,0.0580964170346745
2021_Ref_Plot5_C17::27,2021_Ref_Plot5_C17,Field2,test,5,4,0.2814616875770947,16.88286570106523,0.08131927116473854
2021_Ref_Plot5_C17::35,2021_Ref_Plot5_C17,Field2,test,8,5,0.12986232701253422,12.407907003905091,0.01637979976840676
2021_Ref_Plot5_C17::44,2021_Ref_Plot5_C17,Field2,test,9,6,0.1217532129107841,10.025507164736842,0.03749512343950867
2021_Ref_Plot5_C17::50,2021_Ref_Plot5_C17,Field2,test,6,7,0.09791077268139774,9.63645698806919,0.08130335013310451
2021_Ref_Plot5_C17::57,2021_Ref_Plot5_C17,Field2,test,7,8,0.15135882961479738,11.347960638372236,0.038593891329341115
2021_Ref_Plot5_C17::65,2021_Ref_Plot5_C17,Field2,test,8,9,0.10768948190925857,11.835796853745961,0.05206567799629622
2021_Ref_Plot5_C17::69,2021_Ref_Plot5_C17,Field2,test,4,10,0.13754853031128741,12.797578441434997,0.06400654354149737
2021_Ref_Plot5_C17::71,2021_Ref_Plot5_C17,Field2,test,2,11,0.06686789837004314,9.058159074235402,0.0318335414211226
2021_Ref_Plot5_C17::76,2021_Ref_Plot5_C17,Field2,test,5,12,0.12601620322853782,13.751868099151473,0.043329037572393335
2021_Ref_Plot5_C17::8,2021_Ref_Plot5_C17,Field2,test,7,1,0.7345894494405277,27.927318388068315,0.22582296819035708
2021_Ref_Plot5_C17::80,2021_Ref_Plot5_C17,Field2,test,4,13,0.08268061924194318,9.023683227084119,0.028626908849223382
2021_Ref_Plot5_C17::85,2021_Ref_Plot5_C17,Field2,test,5,14,0.08026371457748487,9.78490336284418,0.04165977241285364
2021_Ref_Plot5_C18::16,2021_Ref_Plot5_C18,Field2,test,8,2,0.8057636994883954,30.950843353369454,0.3403826754262796
2021_Ref_Plot5_C18::22,2021_Ref_Plot5_C18,Field2,test,6,3,0.24701813253920157,16.177952511702212,0.06031671615817403
2021_Ref_Plot5_C18::27,2021_Ref_Plot5_C18,Field2,test,5,4,0.2784586176345218,16.947422195191912,0.06713007264725249
2021_Ref_Plot5_C18::35,2021_Ref_Plot5_C18,Field2,test,8,5,0.14371372860333584,13.114091940646048,0.04086929167643709
2021_Ref_Plot5_C18::44,2021_Ref_Plot5_C18,Field2,test,9,6,0.11560832673924482,9.997750834310471,0.034271544393490734
2021_Ref_Plot5_C18::50,2021_Ref_Plot5_C18,Field2,test,6,7,0.12098403242910409,10.045783130511648,0.1105174044312444
2021_Ref_Plot5_C18::57,2021_Ref_Plot5_C18,Field2,test,7,8,0.16500118042277212,11.90797626977178,0.05346439018123869
2021_Ref_Plot5_C18::65,2021_Ref_Plot5_C18,Field2,test,8,9,0.10931504337519131,11.749539073463476,0.037017937025586825
2021_Ref_Plot5_C18::69,2021_Ref_Plot5_C18,Field2,test,4,10,0.13769715799668034,12.952049051051075,0.07434952077900685
2021_Ref_Plot5_C18::71,2021_Ref_Plot5_C18,Field2,test,2,11,0.07160819800958641,9.222681505712934,0.07022147706679965
2021_Ref_Plot5_C18::76,2021_Ref_Plot5_C18,Field2,test,5,12,0.14585599431589083,14.48307674514999,0.07183747530459189
2021_Ref_Plot5_C18::8,2021_Ref_Plot5_C18,Field2,test,7,1,0.7347548162045262,28.108192922884463,0.2247912550954168
2021_Ref_Plot5_C18::80,2021_Ref_Plot5_C18,Field2,test,4,13,0.0902610608826646,8.059554484447462,0.005315819180848907
2021_Ref_Plot5_C18::85,2021_Ref_Plot5_C18,Field2,test,5,14,0.10676134147229305,9.655307028806018,0.060634246322849535
2021_Ref_Plot5_D10::16,2021_Ref_Plot5_D10,Field2,test,8,2,0.8173467991005445,31.113436160349206,0.3686894535386799
2021_Ref_Plot5_D10::22,2021_Ref_Plot5_D10,Field2,test,6,3,0.2801583143669874,15.432425407696847,0.0957816130537763
2021_Ref_Plot5_D10::27,2021_Ref_Plot5_D10,Field2,test,5,4,0.2353660175659393,16.004013214047077,0.0613742930223013
2021_Ref_Plot5_D10::35,2021_Ref_Plot5_D10,Field2,test,8,5,0.08676709086198843,10.023410664729813,0.0021731232856110312
2021_Ref_Plot5_D10::44,2021_Ref_Plot5_D10,Field2,test,9,6,0.11638162958447311,9.7269088600531,0.03408389748557374
2021_Ref_Plot5_D10::50,2021_Ref_Plot5_D10,Field2,test,6,7,0.10503175579162151,9.364272831388092,0.06793315413736943
2021_Ref_Plot5_D10::57,2021_Ref_Plot5_D10,Field2,test,7,8,0.09862222122606508,11.084843952736405,0.03334302563254603
2021_Ref_Plot5_D10::65,2021_Ref_Plot5_D10,Field2,test,8,9,0.11606725360919175,12.197247630111935,0.07107828596813139
2021_Ref_Plot5_D10::69,2021_Ref_Plot5_D10,Field2,test,4,10,0.1401132160807563,12.789314740604514,0.07066988673268638
2021_Ref_Plot5_D10::71,2021_Ref_Plot5_D10,Field2,test,2,11,0.08509739025125422,9.919541509702425,0.04738676014870162
2021_Ref_Plot5_D10::76,2021_Ref_Plot5_D10,Field2,test,5,12,0.11501232536283183,13.086652176041696,0.01984501673303142
2021_Ref_Plot5_D10::8,2021_Ref_Plot5_D10,Field2,test,7,1,0.7658508718855211,27.94356762085327,0.2222792962821364
2021_Ref_Plot5_D10::80,2021_Ref_Plot5_D10,Field2,test,4,13,0.07768521575379887,9.167137265498962,0.0070775770695887166
2021_Ref_Plot5_D10::85,2021_Ref_Plot5_D10,Field2,test,5,14,0.07399449460296519,9.368810052337885,0.04101993307472502
2021_Ref_Plot5_D11::16,2021_Ref_Plot5_D11,Field2,test,8,2,0.8129365269562076,31.31694646299067,0.37600152927058184
2021_Ref_Plot5_D11::22,2021_Ref_Plot5_D11,Field2,test,6,3,0.27099197569319206,16.369162689926565,0.08743363279705535
2021_Ref_Plot5_D11::27,2021_Ref_Plot5_D11,Field2,test,5,4,0.2000360238312775,15.237693559930467,0.04500644054790732
2021_Ref_Plot5_D11::35,2021_Ref_Plot5_D11,Field2,test,8,5,0.13035508641263713,12.58475768031879,0.021343631783387194
2021_Ref_Plot5_D11::44,2021_Ref_Plot5_D11,Field2,test,9,6,0.11569098886780833,10.028395043905846,0.048680566006268945
2021_Ref_Plot5_D11::50,2021_Ref_Plot5_D11,Field2,test,6,7,0.09628511663414134,9.579383662077754,0.06328557562144918
2021_Ref_Plot5_D11::57,2021_Ref_Plot5_D11,Field2,test,7,8,0.11094326903958758,11.547942667525016,0.03953966801750104
2021_Ref_Plot5_D11::65,2021_Ref_Plot5_D11,Field2,test,8,9,0.0868204327240923,11.027979326319802,0.02575031998198101
2021_Ref_Plot5_D11::69,2021_Ref_Plot5_D11,Field2,test,4,10,0.15289221687480306,12.727856288730804,0.08279793571293888
2021_Ref_Plot5_D11::71,2021_Ref_Plot5_D11,Field2,test,2,11,0.08336268523292849,9.465125621664473,0.06165702095005947
2021_Ref_Plot5_D11::76,2021_Ref_Plot5_D11,Field2,test,5,12,0.1349753268758157,13.390421327486631,0.04566022872292676
2021_Ref_Plot5_D11::8,2021_Ref_Plot5_D11,Field2,test,7,1,0.7578258672559337,28.134749013639432,0.22769124182765757
2021_Ref_Plot5_D11::80,2021_Ref_Plot5_D11,Field2,test,4,13,0.09399303243939293,9.438944956951172,0.03418351566634498
2021_Ref_Plot5_D11::85,2021_Ref_Plot5_D11,Field2,test,5,14,0.07161128917882074,9.481210199732773,0.018703801262560424
2021_Ref_Plot5_D9::16,2021_Ref_Plot5_D9,Field2,test,8,2,0.8201286278407056,32.134487473708184,0.3847477743529475
2021_Ref_Plot5_D9::22,2021_Ref_Plot5_D9,Field2,test,6,3,0.26006071294642413,15.229641896550575,0.08232297778337273
2021_Ref_Plot5_D9::27,2021_Ref_Plot5_D9,Field2,test,5,4,0.15385041570689834,14.13568139990441,0.030051460433223647
2021_Ref_Plot5_D9::35,2021_Ref_Plot5_D9,Field2,test,8,5,0.12134776817233733,11.243952108436854,0.01952562888175351
2021_Ref_Plot5_D9::44,2021_Ref_Plot5_D9,Field2,test,9,6,0.09402957982704241,9.104762107890835,0.023679443925709823
2021_Ref_Plot5_D9::50,2021_Ref_Plot5_D9,Field2,test,6,7,0.0983906375180565,9.483940394202795,0.06474167219123525
2021_Ref_Plot5_D9::57,2021_Ref_Plot5_D9,Field2,test,7,8,0.11932769152477833,11.246410780322094,0.043700345722251094
2021_Ref_Plot5_D9::65,2021_Ref_Plot5_D9,Field2,test,8,9,0.10216659997566345,11.219591241126022,0.038662985119495445
2021_Ref_Plot5_D9::69,2021_Ref_Plot5_D9,Field2,test,4,10,0.113638367026353,12.593951438216626,0.03768181264516381
2021_Ref_Plot5_D9::71,2021_Ref_Plot5_D9,Field2,test,2,11,0.06720089194511854,9.661805613014039,0.035899985789114804
2021_Ref_Plot5_D9::76,2021_Ref_Plot5_D9,Field2,test,5,12,0.13594419361643514,13.406704860779293,0.01329687231732975
2021_Ref_Plot5_D9::8,2021_Ref_Plot5_D9,Field2,test,7,1,0.7695414435758491,28.402977319389855,0.2295808066709973
2021_Ref_Plot5_D9::80,2021_Ref_Plot5_D9,Field2,test,4,13,0.08935659888035348,9.770867459173543,0.031019948092826734
2021_Ref_Plot5_D9::85,2021_Ref_Plot5_D9,Field2,test,5,14,0.06783912032865279,8.155226252926903,0.012877121541913335
2021_Ref_Plot5_E11::16,2021_Ref_Plot5_E11,Field2,test,8,2,0.7678261948742696,29.13236022617177,0.33207688763633564
2021_Ref_Plot5_E11::22,2021_Ref_Plot5_E11,Field2,test,6,3,0.24934783913562494,16.380827538167928,0.07521489212432568
2021_Ref_Plot5_E11::27,2021_Ref_Plot5_E11,Field2,test,5,4,0.18136189195746175,15.436704282245321,0.04272357225306463
2021_Ref_Plot5_E11::35,2021_Ref_Plot5_E11,Field2,test,8,5,0.12517898971365057,12.129681227653556,0.033154663422056155
2021_Ref_Plot5_E11::44,2021_Ref_Plot5_E11,Field2,test,9,6,0.08001399177667919,9.212585687078565,0.024703335015401544
2021_Ref_Plot5_E11::50,2021_Ref_Plot5_E11,Field2,test,6,7,0.08688644828349713,8.96780078359919,0.05011488803491139
2021_Ref_Plot5_E11::57,2021_Ref_Plot5_E11,Field2,test,7,8,0.12545006096635614,11.728042154176494,0.052781465695291
2021_Ref_Plot5_E11::65,2021_Ref_Plot5_E11,Field2,test,8,9,0.08241336249150373,10.066999742652467,0.026178908971584366
2021_Ref_Plot5_E11::69,2021_Ref_Plot5_E11,Field2,test,4,10,0.14962601630724937,12.71588009158368,0.09022993546247547
2021_Ref_Plot5_E11::71,2021_Ref_Plot5_E11,Field2,test,2,11,0.0764687712779462,9.994975966717206,0.07702122150084659
2021_Ref_Plot5_E11::76,2021_Ref_Plot5_E11,Field2,test,5,12,0.10973611077438189,12.278953883581249,0.020237372182066726
2021_Ref_Plot5_E11::8,2021_Ref_Plot5_E11,Field2,test,7,1,0.7353921757186156,27.184722464898975,0.19809027432105716
2021_Ref_Plot5_E11::80,2021_Ref_Plot5_E11,Field2,test,4,13,0.07196602264134759,9.097662023759,0.022399614292851602
2021_Ref_Plot5_E11::85,2021_Ref_Plot5_E11,Field2,test,5,14,0.07615121163957082,9.313027073272636,0.022354990291784626
2021_Ref_Plot5_E3::16,2021_Ref_Plot5_E3,Field2,test,8,2,0.7937717978630484,31.082837004018586,0.32393747205376167
2021_Ref_Plot5_E3::22,2021_Ref_Plot5_E3,Field2,test,6,3,0.3040532213834057,17.608744511543357,0.08402421381180772
2021_Ref_Plot5_E3::27,2021_Ref_Plot5_E3,Field2,test,5,4,0.26204356611523455,16.53693615831504,0.09112823973967112
2021_Ref_Plot5_E3::35,2021_Ref_Plot5_E3,Field2,test,8,5,0.12910477418361746,11.9977108565043,0.03423375834926717
2021_Ref_Plot5_E3::44,2021_Ref_Plot5_E3,Field2,test,9,6,0.09544763951895556,9.720965796151347,0.02792476267925099
2021_Ref_Plot5_E3::50,2021_Ref_Plot5_E3,Field2,test,6,7,0.11378269823003251,9.764264291344643,0.09036208266562654
2021_Ref_Plot5_E3::57,2021_Ref_Plot5_E3,Field2,test,7,8,0.10269899413968879,10.972251010824362,0.020815394928286834
2021_Ref_Plot5_E3::65,2021_Ref_Plot5_E3,Field2,test,8,9,0.06723869001902551,10.564485919843193,0.01726580721143184
2021_Ref_Plot5_E3::69,2021_Ref_Plot5_E3,Field2,test,4,10,0.14591430557495808,13.067826050141445,0.04643248922432052
2021_Ref_Plot5_E3::71,2021_Ref_Plot5_E3,Field2,test,2,11,0.0805109538648373,9.763974223430997,0.05579140905305209
2021_Ref_Plot5_E3::76,2021_Ref_Plot5_E3,Field2,test,5,12,0.1304991873744363,12.223020328214973,0.017037639635858342
2021_Ref_Plot5_E3::8,2021_Ref_Plot5_E3,Field2,test,7,1,0.7165733326541085,27.51614375267718,0.1964029296996296
2021_Ref_Plot5_E3::80,2021_Ref_Plot5_E3,Field2,test,4,13,0.06452246671935652,8.14735763445839,0.006223826562884121
2021_Ref_Plot5_E3::85,2021_Ref_Plot5_E3,Field2,test,5,14,0.058017032848353044,9.102944561262452,0.01805955467602946
2021_Ref_Plot5_E7::16,2021_Ref_Plot5_E7,Field2,test,8,2,0.795536333324702,30.79304372825934,0.32840961681836883
2021_Ref_Plot5_E7::22,2021_Ref_Plot5_E7,Field2,test,6,3,0.2551045090627116,14.9447962387407,0.06710862173437572
2021_Ref_Plot5_E7::27,2021_Ref_Plot5_E7,Field2,test,5,4,0.24846085377238122,15.95525474102949,0.061935045965385
2021_Ref_Plot5_E7::35,2021_Ref_Plot5_E7,Field2,test,8,5,0.1592351706394907,13.119259436542805,0.053632307207173546
2021_Ref_Plot5_E7::44,2021_Ref_Plot5_E7,Field2,test,9,6,0.11913732980483548,9.63067677345599,0.04112043308760732
2021_Ref_Plot5_E7::50,2021_Ref_Plot5_E7,Field2,test,6,7,0.11732140207285575,9.557543332924283,0.09222918626978875
2021_Ref_Plot5_E7::57,2021_Ref_Plot5_E7,Field2,test,7,8,0.10771050305619245,11.7119811635115,0.03465918796317784
2021_Ref_Plot5_E7::65,2021_Ref_Plot5_E7,Field2,test,8,9,0.09316226975127578,11.046217548389436,0.04499569483990858
2021_Ref_Plot5_E7::69,2021_Ref_Plot5_E7,Field2,test,4,10,0.14911926149162316,13.332404316818952,0.0756577319917672
2021_Ref_Plot5_E7::71,2021_Ref_Plot5_E7,Field2,test,2,11,0.08220901759473997,9.877000342141626,0.06939445605166797
2021_Ref_Plot5_E7::76,2021_Ref_Plot5_E7,Field2,test,5,12,0.13159034826846758,13.23538358989108,0.010131526679024125
2021_Ref_Plot5_E7::8,2021_Ref_Plot5_E7,Field2,test,7,1,0.737597767018045,27.884128260035887,0.1946557711036084
2021_Ref_Plot5_E7::80,2021_Ref_Plot5_E7,Field2,test,4,13,0.08264057729840217,9.856363358999001,0.02343638009023936
2021_Ref_Plot5_E7::85,2021_Ref_Plot5_E7,Field2,test,5,14,0.08838394101740708,11.11285118644225,0.03920464232210032
