pair_id,field,n_frames,w_last,w_first,w_max,eff_frames,uniform_w
2020_Ref_Plot1_A10::22,Field1,1,1.0,1.0,1.0,1.0,1.0
2020_Ref_Plot1_A10::28,Field1,2,0.6759964823722839,0.32400354743003845,0.6759964823722839,1.877329798299701,0.5
2020_Ref_Plot1_A10::36,Field1,3,0.532794713973999,0.2863543927669525,0.532794713973999,2.7259608422551276,0.3333333333333333
2020_Ref_Plot1_A10::42,Field1,4,0.5811892151832581,0.23630961775779724,0.5811892151832581,2.9808137846344556,0.25
2020_Ref_Plot1_A10::51,Field1,5,0.392875999212265,0.11784520745277405,0.392875999212265,4.469133972964723,0.2
2020_Ref_Plot1_A10::83,Field1,6,0.136184960603714,0.2158493846654892,0.2556154727935791,5.612044140676014,0.16666666666666666
2020_Ref_Plot1_A93::22,Field1,1,1.0,1.0,1.0,1.0,1.0
2020_Ref_Plot1_A93::28,Field1,2,0.6907558441162109,0.30924418568611145,0.6907558441162109,1.8561316616839127,0.5
2020_Ref_Plot1_A93::36,Field1,3,0.49868929386138916,0.2997856140136719,0.49868929386138916,2.8036815144053047,0.3333333333333333
2020_Ref_Plot1_A93::42,Field1,4,0.5760366320610046,0.21566477417945862,0.5760366320610046,3.061299510150761,0.25
2020_Ref_Plot1_A93::51,Field1,5,0.3859975337982178,0.10465604066848755,0.3859975337982178,4.4819882653478995,0.2
2020_Ref_Plot1_A94::22,Field1,1,1.0,1.0,1.0,1.0,1.0
2020_Ref_Plot1_A94::28,Field1,2,0.6930640935897827,0.3069359362125397,0.6930640935897827,1.8526685098355813,0.5
2020_Ref_Plot1_A94::36,Field1,3,0.5333587527275085,0.27780047059059143,0.5333587527275085,2.734201255882877,0.3333333333333333
2020_Ref_Plot1_A94::42,Field1,4,0.5854141116142273,0.2040804624557495,0.5854141116142273,3.0392463640831595,0.25
2020_Ref_Plot1_A94::51,Field1,5,0.39123472571372986,0.09379157423973083,0.39123472571372986,4.418110741221795,0.2
2020_Ref_Plot1_B1::22,Field1,1,1.0,1.0,1.0,1.0,1.0
2020_Ref_Plot1_B1::28,Field1,2,0.7227476239204407,0.2772524058818817,0.7227476239204407,1.8046010482148078,0.5
2020_Ref_Plot1_B1::36,Field1,3,0.5605952143669128,0.2542267441749573,0.5605952143669128,2.677570762834408,0.3333333333333333
2020_Ref_Plot1_B1::42,Field1,4,0.5936565399169922,0.19822070002555847,0.5936565399169922,3.007240017284402,0.25
2020_Ref_Plot1_B1::51,Field1,5,0.4065842032432556,0.08913563936948776,0.4065842032432556,4.3357237310498355,0.2
2020_Ref_Plot1_B1::83,Field1,6,0.14461055397987366,0.18180350959300995,0.24803748726844788,5.6726506760285105,0.16666666666666666
2020_Ref_Plot1_B10::22,Field1,1,1.0,1.0,1.0,1.0,1.0
2020_Ref_Plot1_B10::28,Field1,2,0.6593349575996399,0.3406650424003601,0.6593349575996399,1.8992813129644928,0.5
2020_Ref_Plot1_B10::36,Field1,3,0.5409235954284668,0.2845403552055359,0.5409235954284668,2.7038929394835565,0.3333333333333333
2020_Ref_Plot1_B10::42,Field1,4,0.5758776068687439,0.24050675332546234,0.5758776068687439,2.9989624029034405,0.25
2020_Ref_Plot1_B10::51,Field1,5,0.3906000852584839,0.12779216468334198,0.3906000852584839,4.476812872066625,0.2
2020_Ref_Plot1_B10::83,Field1,6,0.13800230622291565,0.20222800970077515,0.2555467188358307,5.586639379622434,0.16666666666666666
2020_Ref_Plot1_B7::22,Field1,1,1.0,1.0,1.0,1.0,1.0
2020_Ref_Plot1_B7::28,Field1,2,0.6729166507720947,0.3270833492279053,0.6729166507720947,1.8815460147937364,0.5
2020_Ref_Plot1_B7::36,Field1,3,0.5681419968605042,0.26976823806762695,0.5681419968605042,2.6369051101267753,0.3333333333333333
2020_Ref_Plot1_B7::42,Field1,4,0.5918133854866028,0.23113444447517395,0.5918133854866028,2.938883863448582,0.25
2020_Ref_Plot1_B7::51,Field1,5,0.411747008562088,0.11646381765604019,0.411747008562088,4.380575042968967,0.2
2020_Ref_Plot1_B7::83,Field1,6,0.13254469633102417,0.21223998069763184,0.23509101569652557,5.667855509411773,0.16666666666666666
2020_Ref_Plot1_B94::22,Field1,1,1.0,1.0,1.0,1.0,1.0
2020_Ref_Plot1_B94::28,Field1,2,0.7246742844581604,0.2753257155418396,0.7246742844581604,1.8012560509956228,0.5
2020_Ref_Plot1_B94::36,Field1,3,0.5469794869422913,0.26124754548072815,0.5469794869422913,2.7111909553053417,0.3333333333333333
2020_Ref_Plot1_B94::42,Field1,4,0.6066303253173828,0.19337402284145355,0.6066303253173828,2.9470346470674667,0.25
2020_Ref_Plot1_B94::51,Field1,5,0.4049815535545349,0.09110713750123978,0.4049815535545349,4.368312061172371,0.2
2020_Ref_Plot1_C1::22,Field1,1,1.0,1.0,1.0,1.0,1.0
2020_Ref_Plot1_C1::28,Field1,2,0.6819722056388855,0.3180278241634369,0.6819722056388855,1.8689446250851576,0.5
2020_Ref_Plot1_C1::36,Field1,3,0.5513072609901428,0.27617743611335754,0.5513072609901428,2.682635527150731,0.3333333333333333
2020_Ref_Plot1_C1::42,Field1,4,0.6010645031929016,0.2242235541343689,0.6010645031929016,2.9043086297185265,0.25
2020_Ref_Plot1_C1::51,Field1,5,0.40242528915405273,0.1139921024441719,0.40242528915405273,4.418738588200873,0.2
2020_Ref_Plot1_C1::83,Field1,6,0.13693523406982422,0.20523299276828766,0.25596579909324646,5.60294766275061,0.16666666666666666
2020_Ref_Plot1_C92::22,Field1,1,1.0,1.0,1.0,1.0,1.0
2020_Ref_Plot1_C92::28,Field1,2,0.7073746919631958,0.2926253378391266,0.7073746919631958,1.830310511709019,0.5
2020_Ref_Plot1_C92::36,Field1,3,0.5495666265487671,0.267556369304657,0.5495666265487671,2.6977952335915356,0.3333333333333333
2020_Ref_Plot1_C92::42,Field1,4,0.5945371985435486,0.2027345895767212,0.5945371985435486,2.99389870348952,0.25
2020_Ref_Plot1_C92::51,Field1,5,0.4080374538898468,0.09360072016716003,0.4080374538898468,4.348861983657922,0.2
2020_Ref_Plot1_C98::22,Field1,1,1.0,1.0,1.0,1.0,1.0
2020_Ref_Plot1_C98::28,Field1,2,0.7134170532226562,0.28658294677734375,0.7134170532226562,1.8204135389417246,0.5
2020_Ref_Plot1_C98::36,Field1,3,0.5557605028152466,0.26495563983917236,0.5557605028152466,2.6819018576937252,0.3333333333333333
2020_Ref_Plot1_C98::42,Field1,4,0.5948063135147095,0.2029685229063034,0.5948063135147095,2.992127930000317,0.25
2020_Ref_Plot1_C98::51,Field1,5,0.40731900930404663,0.09119102358818054,0.40731900930404663,4.341094630916686,0.2
2020_Ref_Plot2_A2::22,Field1,1,1.0,1.0,1.0,1.0,1.0
2020_Ref_Plot2_A2::28,Field1,2,0.6897885799407959,0.3102113902568817,0.6897885799407959,1.8575710155343634,0.5
2020_Ref_Plot2_A2::36,Field1,3,0.5483408570289612,0.2712323069572449,0.5483408570289612,2.6975440739237975,0.3333333333333333
2020_Ref_Plot2_A2::42,Field1,4,0.5854851603507996,0.21777604520320892,0.5854851603507996,3.0079653319231636,0.25
2020_Ref_Plot2_A2::51,Field1,5,0.3945990800857544,0.1059144139289856,0.3945990800857544,4.435185959149371,0.2
2020_Ref_Plot2_A2::83,Field1,6,0.13182859122753143,0.206370547413826,0.2440386861562729,5.642098555585552,0.16666666666666666
2020_Ref_Plot2_A4::22,Field1,1,1.0,1.0,1.0,1.0,1.0
2020_Ref_Plot2_A4::28,Field1,2,0.7021350264549255,0.29786500334739685,0.7021350264549255,1.838673582598423,0.5
2020_Ref_Plot2_A4::36,Field1,3,0.5552780032157898,0.2633427083492279,0.5552780032157898,2.6850107366766545,0.3333333333333333
2020_Ref_Plot2_A4::42,Field1,4,0.5897760987281799,0.21094560623168945,0.5897760987281799,3.0006499397330466,0.25
2020_Ref_Plot2_A4::51,Field1,5,0.38884612917900085,0.09838869422674179,0.38884612917900085,4.428934608676769,0.2
2020_Ref_Plot2_A4::83,Field1,6,0.1319320797920227,0.1970560997724533,0.25160399079322815,5.619509877062692,0.16666666666666666
2020_Ref_Plot2_A91::22,Field1,1,1.0,1.0,1.0,1.0,1.0
2020_Ref_Plot2_A91::28,Field1,2,0.6677042245864868,0.3322957456111908,0.6677042245864868,1.8885184126986811,0.5
2020_Ref_Plot2_A91::36,Field1,3,0.5138682723045349,0.30205032229423523,0.5138682723045349,2.7600966664761573,0.3333333333333333
2020_Ref_Plot2_A91::42,Field1,4,0.5567557215690613,0.23134905099868774,0.5567557215690613,3.1278035903160695,0.25
2020_Ref_Plot2_A91::51,Field1,5,0.3874422311782837,0.10472624003887177,0.3874422311782837,4.445066478291805,0.2
2020_Ref_Plot2_A91::83,Field1,6,0.14611075818538666,0.2197761833667755,0.23309746384620667,5.642137565972916,0.16666666666666666
2020_Ref_Plot2_B1::22,Field1,1,1.0,1.0,1.0,1.0,1.0
2020_Ref_Plot2_B1::28,Field1,2,0.7122575640678406,0.2877424359321594,0.7122575640678406,1.822333680641801,0.5
2020_Ref_Plot2_B1::36,Field1,3,0.545722484588623,0.2647022008895874,0.545722484588623,2.711767603900267,0.3333333333333333
2020_Ref_Plot2_B1::42,Field1,4,0.5863939523696899,0.20228825509548187,0.5863939523696899,3.0374491313260057,0.25
2020_Ref_Plot2_B1::51,Field1,5,0.39198288321495056,0.09434062242507935,0.39198288321495056,4.4142239746094045,0.2
2020_Ref_Plot2_B1::83,Field1,6,0.137315034866333,0.20880290865898132,0.23900426924228668,5.66278491589767,0.16666666666666666
2020_Ref_Plot2_B7::22,Field1,1,1.0,1.0,1.0,1.0,1.0
2020_Ref_Plot2_B7::28,Field1,2,0.7204437851905823,0.27955618500709534,0.7204437851905823,1.8085648821937668,0.5
2020_Ref_Plot2_B7::36,Field1,3,0.5877150297164917,0.2367716282606125,0.5877150297164917,2.6087881128330985,0.3333333333333333
2020_Ref_Plot2_B7::42,Field1,4,0.5985680222511292,0.19039951264858246,0.5985680222511292,2.9968995985557467,0.25
2020_Ref_Plot2_B7::51,Field1,5,0.3987908363342285,0.08315227925777435,0.3987908363342285,4.332756944778671,0.2
2020_Ref_Plot2_B7::83,Field1,6,0.14299075305461884,0.1890861839056015,0.2366204410791397,5.673538638998065,0.16666666666666666
2020_Ref_Plot2_B91::22,Field1,1,1.0,1.0,1.0,1.0,1.0
2020_Ref_Plot2_B91::28,Field1,2,0.6702188849449158,0.329781174659729,0.6702188849449158,1.8851804526606912,0.5
2020_Ref_Plot2_B91::36,Field1,3,0.538642942905426,0.2868885099887848,0.538642942905426,2.70772895748741,0.3333333333333333
2020_Ref_Plot2_B91::42,Field1,4,0.5689679384231567,0.22441928088665009,0.5689679384231567,3.0808866771414536,0.25
2020_Ref_Plot2_B91::51,Field1,5,0.38122785091400146,0.103435218334198,0.38122785091400146,4.464239504133599,0.2
2020_Ref_Plot2_B99::22,Field1,1,1.0,1.0,1.0,1.0,1.0
2020_Ref_Plot2_B99::28,Field1,2,0.7130293250083923,0.28697067499160767,0.7130293250083923,1.8210567622944833,0.5
2020_Ref_Plot2_B99::36,Field1,3,0.5721868872642517,0.2463846504688263,0.5721868872642517,2.6492481612613177,0.3333333333333333
2020_Ref_Plot2_B99::42,Field1,4,0.5854321718215942,0.19920995831489563,0.5854321718215942,3.0488659359270924,0.25
2020_Ref_Plot2_B99::51,Field1,5,0.3937108516693115,0.08492690324783325,0.3937108516693115,4.357603622548065,0.2
2020_Ref_Plot2_B99::83,Field1,6,0.1386924684047699,0.1903264969587326,0.23257344961166382,5.703142516553411,0.16666666666666666
2020_Ref_Plot2_C2::22,Field1,1,1.0,1.0,1.0,1.0,1.0
2020_Ref_Plot2_C2::28,Field1,2,0.7039328217506409,0.29606717824935913,0.7039328217506409,1.8358271247063627,0.5
2020_Ref_Plot2_C2::36,Field1,3,0.5538343787193298,0.2609017491340637,0.5538343787193298,2.6916532008814817,0.3333333333333333
2020_Ref_Plot2_C2::42,Field1,4,0.5933475494384766,0.2005739063024521,0.5933475494384766,3.0047416567805647,0.25
2020_Ref_Plot2_C2::51,Field1,5,0.39526844024658203,0.09447025507688522,0.39526844024658203,4.390250687412456,0.2
2020_Ref_Plot2_C2::83,Field1,6,0.14477142691612244,0.20453092455863953,0.2357623130083084,5.672013024474265,0.16666666666666666
2020_Ref_Plot2_C5::22,Field1,1,1.0,1.0,1.0,1.0,1.0
2020_Ref_Plot2_C5::28,Field1,2,0.6744840741157532,0.3255159556865692,0.6744840741157532,1.879409222761791,0.5
2020_Ref_Plot2_C5::36,Field1,3,0.5378013849258423,0.2834227681159973,0.5378013849258423,2.7147729115773376,0.3333333333333333
2020_Ref_Plot2_C5::42,Field1,4,0.572416365146637,0.21964119374752045,0.572416365146637,3.0739728700927147,0.25
2020_Ref_Plot2_C5::51,Field1,5,0.3819581866264343,0.09442168474197388,0.3819581866264343,4.450154773575304,0.2
2020_Ref_Plot2_C5::83,Field1,6,0.14172187447547913,0.20755280554294586,0.22185571491718292,5.73936003822151,0.16666666666666666
2020_Ref_Plot2_C6::22,Field1,1,1.0,1.0,1.0,1.0,1.0
2020_Ref_Plot2_C6::28,Field1,2,0.6715235710144043,0.3284763991832733,0.6715235710144043,1.8834297125191564,0.5
2020_Ref_Plot2_C6::36,Field1,3,0.544719398021698,0.2782398760318756,0.544719398021698,2.700337731914213,0.3333333333333333
2020_Ref_Plot2_C6::42,Field1,4,0.5758063793182373,0.2180313616991043,0.5758063793182373,3.059858354888758,0.25
2020_Ref_Plot2_C6::51,Field1,5,0.3775056004524231,0.09128787368535995,0.3775056004524231,4.436629586997234,0.2
2020_Ref_Plot2_C6::83,Field1,6,0.13684456050395966,0.1957048773765564,0.2276366651058197,5.711592725802184,0.16666666666666666
2020_Ref_Plot3_A2::22,Field1,1,1.0,1.0,1.0,1.0,1.0
2020_Ref_Plot3_A2::28,Field1,2,0.7225623726844788,0.27743759751319885,0.7225623726844788,1.804921182918077,0.5
2020_Ref_Plot3_A2::36,Field1,3,0.5585972666740417,0.2477588653564453,0.5585972666740417,2.688264060632275,0.3333333333333333
2020_Ref_Plot3_A2::42,Field1,4,0.5831743478775024,0.19154702126979828,0.5831743478775024,3.073321397931444,0.25
2020_Ref_Plot3_A2::51,Field1,5,0.3849334418773651,0.089838907122612,0.3849334418773651,4.415579716475605,0.2
2020_Ref_Plot3_A2::83,Field1,6,0.14112605154514313,0.20020422339439392,0.23772893846035004,5.684211818684462,0.16666666666666666
2020_Ref_Plot3_A9::22,Field1,1,1.0,1.0,1.0,1.0,1.0
2020_Ref_Plot3_A9::28,Field1,2,0.7043734192848206,0.29562655091285706,0.7043734192848206,1.8351257425895127,0.5
2020_Ref_Plot3_A9::36,Field1,3,0.5292866230010986,0.27682051062583923,0.5292866230010986,2.746593217845036,0.3333333333333333
2020_Ref_Plot3_A9::42,Field1,4,0.5376181602478027,0.23301352560520172,0.5376181602478027,3.2194527369220287,0.25
2020_Ref_Plot3_A9::51,Field1,5,0.3838728368282318,0.1018233522772789,0.3838728368282318,4.466598211382606,0.2
2020_Ref_Plot3_A9::83,Field1,6,0.142942413687706,0.23494069278240204,0.23494069278240204,5.662920603893185,0.16666666666666666
2020_Ref_Plot3_A9::97,Field1,7,0.05294174328446388,0.1179322823882103,0.26214057207107544,6.1253746292410005,0.14285714285714285
2020_Ref_Plot3_A91::22,Field1,1,1.0,1.0,1.0,1.0,1.0
2020_Ref_Plot3_A91::28,Field1,2,0.712934136390686,0.28706592321395874,0.712934136390686,1.8212144827445191,0.5
2020_Ref_Plot3_A91::36,Field1,3,0.5619734525680542,0.25421613454818726,0.5619734525680542,2.673477234317982,0.3333333333333333
2020_Ref_Plot3_A91::42,Field1,4,0.5844593048095703,0.2004619687795639,0.5844593048095703,3.0512794926961204,0.25
2020_Ref_Plot3_A91::51,Field1,5,0.3892320990562439,0.10275840014219284,0.3892320990562439,4.4491676229710535,0.2
2020_Ref_Plot3_A91::83,Field1,6,0.15006983280181885,0.2087678164243698,0.22770068049430847,5.688733280398628,0.16666666666666666
2020_Ref_Plot3_A95::22,Field1,1,1.0,1.0,1.0,1.0,1.0
2020_Ref_Plot3_A95::28,Field1,2,0.7387095093727112,0.2612905204296112,0.7387095093727112,1.7760689224720363,0.5
2020_Ref_Plot3_A95::36,Field1,3,0.5948771238327026,0.22894977033138275,0.5948771238327026,2.59191377477385,0.3333333333333333
2020_Ref_Plot3_A95::42,Field1,4,0.6061922311782837,0.1797805279493332,0.6061922311782837,2.97500926784822,0.25
2020_Ref_Plot3_A95::51,Field1,5,0.3993436396121979,0.09058750420808792,0.3993436396121979,4.348476292749883,0.2
2020_Ref_Plot3_A95::83,Field1,6,0.14210490882396698,0.19069553911685944,0.23487648367881775,5.654469604741672,0.16666666666666666
2020_Ref_Plot3_A99::22,Field1,1,1.0,1.0,1.0,1.0,1.0
2020_Ref_Plot3_A99::28,Field1,2,0.7219391465187073,0.2780608832836151,0.7219391465187073,1.8059965669391063,0.5
2020_Ref_Plot3_A99::36,Field1,3,0.5538538098335266,0.25880834460258484,0.5538538098335266,2.693472185891045,0.3333333333333333
2020_Ref_Plot3_A99::42,Field1,4,0.5880894660949707,0.20167601108551025,0.5880894660949707,3.0291862229414193,0.25
2020_Ref_Plot3_A99::51,Field1,5,0.40450021624565125,0.09916210919618607,0.40450021624565125,4.374199905006008,0.2
2020_Ref_Plot3_A99::83,Field1,6,0.14684012532234192,0.19913220405578613,0.24312150478363037,5.684901668389898,0.16666666666666666
2020_Ref_Plot3_B97::22,Field1,1,1.0,1.0,1.0,1.0,1.0
2020_Ref_Plot3_B97::28,Field1,2,0.7367410659790039,0.2632589638233185,0.7367410659790039,1.7796881083947242,0.5
2020_Ref_Plot3_B97::36,Field1,3,0.5805609226226807,0.2375565469264984,0.5805609226226807,2.630404024674278,0.3333333333333333
2020_Ref_Plot3_B97::42,Field1,4,0.5970634818077087,0.18309858441352844,0.5970634818077087,3.016753610150742,0.25
2020_Ref_Plot3_B97::51,Field1,5,0.3988507390022278,0.0893329605460167,0.3988507390022278,4.341616301056052,0.2
2020_Ref_Plot3_B97::83,Field1,6,0.13352176547050476,0.1893206387758255,0.2398945540189743,5.630631793175235,0.16666666666666666
2020_Ref_Plot3_C10::22,Field1,1,1.0,1.0,1.0,1.0,1.0
2020_Ref_Plot3_C10::28,Field1,2,0.6707183122634888,0.32928168773651123,0.6707183122634888,1.8845117717578403,0.5
2020_Ref_Plot3_C10::36,Field1,3,0.5696142315864563,0.26660066843032837,0.5696142315864563,2.6362133306550453,0.3333333333333333
2020_Ref_Plot3_C10::42,Field1,4,0.5790758728981018,0.22633782029151917,0.5790758728981018,3.0223156576287247,0.25
2020_Ref_Plot3_C10::51,Field1,5,0.3855406939983368,0.11507588624954224,0.3855406939983368,4.473871140263985,0.2
2020_Ref_Plot3_C10::83,Field1,6,0.13752146065235138,0.22984258830547333,0.22984258830547333,5.621255901873025,0.16666666666666666
2020_Ref_Plot3_C10::97,Field1,7,0.04878414422273636,0.12518629431724548,0.29060131311416626,6.056121733704774,0.14285714285714285
2020_Ref_Plot3_C2::22,Field1,1,1.0,1.0,1.0,1.0,1.0
2020_Ref_Plot3_C2::28,Field1,2,0.715917706489563,0.2840823233127594,0.715917706489563,1.8162387168688492,0.5
2020_Ref_Plot3_C2::36,Field1,3,0.547196090221405,0.25596460700035095,0.547196090221405,2.714680194268657,0.3333333333333333
2020_Ref_Plot3_C2::42,Field1,4,0.5793500542640686,0.19583013653755188,0.5793500542640686,3.0854155073034395,0.25
2020_Ref_Plot3_C2::51,Field1,5,0.38693109154701233,0.08687988668680191,0.38693109154701233,4.389645203193303,0.2
2020_Ref_Plot3_C2::83,Field1,6,0.13276301324367523,0.19569694995880127,0.2532992362976074,5.603407212901847,0.16666666666666666
2020_Ref_Plot3_C7::22,Field1,1,1.0,1.0,1.0,1.0,1.0
2020_Ref_Plot3_C7::28,Field1,2,0.7300533056259155,0.26994672417640686,0.7300533056259155,1.7917733345387254,0.5
2020_Ref_Plot3_C7::36,Field1,3,0.5855120420455933,0.23796746134757996,0.5855120420455933,2.6147803319348335,0.3333333333333333
2020_Ref_Plot3_C7::42,Field1,4,0.598844587802887,0.1906459480524063,0.598844587802887,2.994997087878409,0.25
2020_Ref_Plot3_C7::51,Field1,5,0.394936203956604,0.09302830696105957,0.394936203956604,4.369426594156925,0.2
2020_Ref_Plot3_C7::83,Field1,6,0.1253241002559662,0.1908344030380249,0.24219360947608948,5.607092323871296,0.16666666666666666
2020_Ref_Plot3_C7::97,Field1,7,0.03209156170487404,0.11378317326307297,0.33412811160087585,5.55396115332781,0.14285714285714285
2020_Ref_Plot4_A8::22,Field1,1,1.0,1.0,1.0,1.0,1.0
2020_Ref_Plot4_A8::28,Field1,2,0.6201390027999878,0.37986093759536743,0.6201390027999878,1.9425393118608256,0.5
2020_Ref_Plot4_A8::36,Field1,3,0.45458120107650757,0.3287819027900696,0.45458120107650757,2.873294785360928,0.3333333333333333
2020_Ref_Plot4_A8::42,Field1,4,0.5368600487709045,0.24357251822948456,0.5368600487709045,3.1924325199761143,0.25
2020_Ref_Plot4_A8::51,Field1,5,0.35485827922821045,0.13838227093219757,0.35485827922821045,4.660776508202798,0.2
2020_Ref_Plot4_A8::83,Field1,6,0.10093780606985092,0.11950003355741501,0.3144228458404541,5.149249863852518,0.16666666666666666
2020_Ref_Plot4_A90::22,Field1,1,1.0,1.0,1.0,1.0,1.0
2020_Ref_Plot4_A90::28,Field1,2,0.6611220240592957,0.33887794613838196,0.6611220240592957,1.8970280401867352,0.5
2020_Ref_Plot4_A90::36,Field1,3,0.46184414625167847,0.3206729292869568,0.46184414625167847,2.8670946174714533,0.3333333333333333
2020_Ref_Plot4_A90::42,Field1,4,0.5594761967658997,0.22455616295337677,0.5594761967658997,3.1236020089021617,0.25
2020_Ref_Plot4_A90::51,Field1,5,0.35912850499153137,0.1386895775794983,0.35912850499153137,4.647704198127992,0.2
2020_Ref_Plot4_A92::22,Field1,1,1.0,1.0,1.0,1.0,1.0
2020_Ref_Plot4_A92::28,Field1,2,0.7389187812805176,0.2610812485218048,0.7389187812805176,1.7756824625177918,0.5
2020_Ref_Plot4_A92::36,Field1,3,0.4298681914806366,0.3287125825881958,0.4298681914806366,2.920497152577355,0.3333333333333333
2020_Ref_Plot4_A92::42,Field1,4,0.5552546977996826,0.2289891391992569,0.5552546977996826,3.12499644479798,0.25
2020_Ref_Plot4_A92::51,Field1,5,0.3416784107685089,0.14900892972946167,0.3416784107685089,4.700907051668626,0.2
2020_Ref_Plot4_B2::22,Field1,1,1.0,1.0,1.0,1.0,1.0
2020_Ref_Plot4_B2::28,Field1,2,0.7396296858787537,0.2603703439235687,0.7396296858787537,1.7743672661777543,0.5
2020_Ref_Plot4_B2::36,Field1,3,0.41489648818969727,0.33635225892066956,0.41489648818969727,2.9375374563237093,0.3333333333333333
2020_Ref_Plot4_B2::42,Field1,4,0.4946236312389374,0.2649770677089691,0.4946236312389374,3.3247133886457765,0.25
2020_Ref_Plot4_B2::51,Field1,5,0.34745094180107117,0.14721494913101196,0.34745094180107117,4.6582597287703145,0.2
2020_Ref_Plot4_B2::83,Field1,6,0.08975762128829956,0.12211217731237411,0.37839600443840027,4.925103704689053,0.16666666666666666
2020_Ref_Plot4_B6::22,Field1,1,1.0,1.0,1.0,1.0,1.0
2020_Ref_Plot4_B6::28,Field1,2,0.6334770321846008,0.3665229380130768,0.6334770321846008,1.9291494760816044,0.5
2020_Ref_Plot4_B6::36,Field1,3,0.4401686489582062,0.341219037771225,0.4401686489582062,2.887758497067744,0.3333333333333333
2020_Ref_Plot4_B6::42,Field1,4,0.5145900845527649,0.26299887895584106,0.5145900845527649,3.2482273196420124,0.25
2020_Ref_Plot4_B6::51,Field1,5,0.35508233308792114,0.1454937756061554,0.35508233308792114,4.6552115312110445,0.2
2020_Ref_Plot4_B6::83,Field1,6,0.09597302973270416,0.12320207059383392,0.32455316185951233,5.141398110667797,0.16666666666666666
2020_Ref_Plot4_B95::22,Field1,1,1.0,1.0,1.0,1.0,1.0
2020_Ref_Plot4_B95::28,Field1,2,0.6551234126091003,0.3448765277862549,0.6551234126091003,1.9044955933542516,0.5
2020_Ref_Plot4_B95::36,Field1,3,0.4610097408294678,0.3221830427646637,0.4610097408294678,2.8671992053786246,0.3333333333333333
2020_Ref_Plot4_B95::42,Field1,4,0.5406365990638733,0.2349793016910553,0.5406365990638733,3.194762824418065,0.25
2020_Ref_Plot4_B95::51,Field1,5,0.36811837553977966,0.13285306096076965,0.36811837553977966,4.61224579313491,0.2
2020_Ref_Plot4_B95::83,Field1,6,0.11069496721029282,0.10178668797016144,0.3162132799625397,5.181476135609988,0.16666666666666666
2020_Ref_Plot4_B97::22,Field1,1,1.0,1.0,1.0,1.0,1.0
2020_Ref_Plot4_B97::28,Field1,2,0.6542267799377441,0.34577319025993347,0.6542267799377441,1.9055882786989353,0.5
2020_Ref_Plot4_B97::36,Field1,3,0.45460018515586853,0.33372145891189575,0.45460018515586853,2.8670700091065666,0.3333333333333333
2020_Ref_Plot4_B97::42,Field1,4,0.5462206602096558,0.24097701907157898,0.5462206602096558,3.1512325140999002,0.25
2020_Ref_Plot4_B97::51,Field1,5,0.36188581585884094,0.14525654911994934,0.36188581585884094,4.644881065515788,0.2
2020_Ref_Plot4_C91::22,Field1,1,1.0,1.0,1.0,1.0,1.0
2020_Ref_Plot4_C91::28,Field1,2,0.6676859259605408,0.33231401443481445,0.6676859259605408,1.8885423890828075,0.5
2020_Ref_Plot4_C91::36,Field1,3,0.4465089440345764,0.3323204219341278,0.4465089440345764,2.8858740121509534,0.3333333333333333
2020_Ref_Plot4_C91::42,Field1,4,0.5511224865913391,0.2342042177915573,0.5511224865913391,3.142138253485574,0.25
2020_Ref_Plot4_C91::51,Field1,5,0.3500838279724121,0.14638087153434753,0.3500838279724121,4.690041303256283,0.2
2021_Ref_Plot1_A11::8,Field2,1,1.0,1.0,1.0,1.0,1.0
2021_Ref_Plot1_A11::16,Field2,2,0.7015779614448547,0.29842206835746765,0.7015779614448547,1.8395506491963862,0.5
2021_Ref_Plot1_A11::22,Field2,3,0.4281390607357025,0.29403606057167053,0.4281390607357025,2.941552229696262,0.3333333333333333
2021_Ref_Plot1_A11::27,Field2,4,0.6454715728759766,0.1675906926393509,0.6454715728759766,2.7860028457533406,0.25
2021_Ref_Plot1_A11::35,Field2,5,0.306054025888443,0.18838389217853546,0.306054025888443,4.669183204689891,0.2
2021_Ref_Plot1_A11::44,Field2,6,0.45023390650749207,0.14410683512687683,0.45023390650749207,4.216277227784861,0.16666666666666666
2021_Ref_Plot1_A11::50,Field2,7,0.5246164798736572,0.1020510122179985,0.5246164798736572,4.599963744620458,0.14285714285714285
2021_Ref_Plot1_A11::57,Field2,8,0.42219245433807373,0.27243226766586304,0.42219245433807373,4.710405749518785,0.125
2021_Ref_Plot1_A11::65,Field2,9,0.3710933029651642,0.16162580251693726,0.3710933029651642,4.495260522001536,0.1111111111111111
2021_Ref_Plot1_A11::69,Field2,10,0.5994449257850647,0.05529724434018135,0.5994449257850647,3.6820662244244677,0.1
2021_Ref_Plot1_A11::71,Field2,11,0.5112459063529968,0.042717721313238144,0.5112459063529968,4.747425754680065,0.09090909090909091
2021_Ref_Plot1_A11::76,Field2,12,0.32232317328453064,0.1450684815645218,0.32232317328453064,6.451292267336378,0.08333333333333333
2021_Ref_Plot1_A11::80,Field2,13,0.5442725419998169,0.07831909507513046,0.5442725419998169,4.24870109606168,0.07692307692307693
2021_Ref_Plot1_A11::85,Field2,14,0.7009438872337341,0.04068882018327713,0.7009438872337341,3.4485686665939213,0.07142857142857142
2021_Ref_Plot1_A13::8,Field2,1,1.0,1.0,1.0,1.0,1.0
2021_Ref_Plot1_A13::16,Field2,2,0.6970743536949158,0.3029256761074066,0.6970743536949158,1.8465570553893134,0.5
2021_Ref_Plot1_A13::22,Field2,3,0.41950103640556335,0.29996147751808167,0.41950103640556335,2.951096172805196,0.3333333333333333
2021_Ref_Plot1_A13::27,Field2,4,0.6591184139251709,0.16198880970478058,0.6591184139251709,2.7196804399253747,0.25
2021_Ref_Plot1_A13::35,Field2,5,0.2968941926956177,0.1882724016904831,0.2968941926956177,4.697313512550973,0.2
2021_Ref_Plot1_A13::44,Field2,6,0.46119076013565063,0.12220318615436554,0.46119076013565063,4.205210526751191,0.16666666666666666
2021_Ref_Plot1_A13::50,Field2,7,0.5034995079040527,0.09994547814130783,0.5034995079040527,4.79876303137955,0.14285714285714285
2021_Ref_Plot1_A13::57,Field2,8,0.41698843240737915,0.2651187479496002,0.41698843240737915,4.772103983738956,0.125
2021_Ref_Plot1_A13::65,Field2,9,0.3741268813610077,0.1521003097295761,0.3741268813610077,4.407989558468081,0.1111111111111111
2021_Ref_Plot1_A13::69,Field2,10,0.5757902264595032,0.04866406321525574,0.5757902264595032,3.6957878642778987,0.1
2021_Ref_Plot1_A13::71,Field2,11,0.5183515548706055,0.031351424753665924,0.5183515548706055,4.507602600812822,0.09090909090909091
2021_Ref_Plot1_A13::76,Field2,12,0.33721473813056946,0.12893420457839966,0.33721473813056946,6.618293143746133,0.08333333333333333
2021_Ref_Plot1_A13::80,Field2,13,0.5589757561683655,0.0705936849117279,0.5589757561683655,4.18064565798929,0.07692307692307693
2021_Ref_Plot1_A13::85,Field2,14,0.754814088344574,0.04329843074083328,0.754814088344574,2.9114977812274625,0.07142857142857142
2021_Ref_Plot1_A20::8,Field2,1,1.0,1.0,1.0,1.0,1.0
2021_Ref_Plot1_A20::16,Field2,2,0.6949725151062012,0.30502748489379883,0.6949725151062012,1.8497750274749474,0.5
2021_Ref_Plot1_A20::22,Field2,3,0.4317890703678131,0.2926129102706909,0.4317890703678131,2.937067549999462,0.3333333333333333
2021_Ref_Plot1_A20::27,Field2,4,0.6348676681518555,0.15985095500946045,0.6348676681518555,2.8543260462826856,0.25
2021_Ref_Plot1_A20::35,Field2,5,0.27917763590812683,0.1894800364971161,0.27917763590812683,4.711283493492769,0.2
2021_Ref_Plot1_A20::44,Field2,6,0.4043765962123871,0.13380734622478485,0.4043765962123871,4.607098479728988,0.16666666666666666
2021_Ref_Plot1_A20::50,Field2,7,0.5021751523017883,0.09721203148365021,0.5021751523017883,4.841434889606672,0.14285714285714285
2021_Ref_Plot1_A20::57,Field2,8,0.3792579770088196,0.24816717207431793,0.3792579770088196,5.460799018727163,0.125
2021_Ref_Plot1_A20::65,Field2,9,0.3558938205242157,0.16434915363788605,0.3558938205242157,4.627721712627367,0.1111111111111111
2021_Ref_Plot1_A20::69,Field2,10,0.5644532442092896,0.05142197385430336,0.5644532442092896,3.891876250333982,0.1
2021_Ref_Plot1_A20::71,Field2,11,0.4329613149166107,0.03347966820001602,0.4329613149166107,5.090958899820486,0.09090909090909091
2021_Ref_Plot1_A20::76,Field2,12,0.3663855493068695,0.10347569733858109,0.3663855493068695,6.517025239726248,0.08333333333333333
2021_Ref_Plot1_A20::80,Field2,13,0.44635531306266785,0.08889370411634445,0.44635531306266785,5.717947459499518,0.07692307692307693
2021_Ref_Plot1_A20::85,Field2,14,0.5751044154167175,0.05514663830399513,0.5751044154167175,4.960049071598192,0.07142857142857142
2021_Ref_Plot1_A3::8,Field2,1,1.0,1.0,1.0,1.0,1.0
2021_Ref_Plot1_A3::16,Field2,2,0.7035630941390991,0.2964369058609009,0.7035630941390991,1.836414496312353,0.5
2021_Ref_Plot1_A3::22,Field2,3,0.43742427229881287,0.29048454761505127,0.43742427229881287,2.9298232939229725,0.3333333333333333
2021_Ref_Plot1_A3::27,Field2,4,0.6645391583442688,0.16003376245498657,0.6645391583442688,2.6953923275103566,0.25
2021_Ref_Plot1_A3::35,Field2,5,0.3198893368244171,0.18685080111026764,0.3198893368244171,4.61654796047415,0.2
2021_Ref_Plot1_A3::44,Field2,6,0.4532124996185303,0.14308373630046844,0.4532124996185303,4.214008511735961,0.16666666666666666
2021_Ref_Plot1_A3::50,Field2,7,0.5089681148529053,0.10821039974689484,0.5089681148529053,4.730211798922328,0.14285714285714285
2021_Ref_Plot1_A3::57,Field2,8,0.42024457454681396,0.2792758047580719,0.42024457454681396,4.719240059660886,0.125
2021_Ref_Plot1_A3::65,Field2,9,0.37803301215171814,0.16549979150295258,0.37803301215171814,4.458708805381925,0.1111111111111111
2021_Ref_Plot1_A3::69,Field2,10,0.6133379936218262,0.05684395506978035,0.6133379936218262,3.633119457029755,0.1
2021_Ref_Plot1_A3::71,Field2,11,0.5071602463722229,0.04446670040488243,0.5071602463722229,4.791453709158497,0.09090909090909091
2021_Ref_Plot1_A3::76,Field2,12,0.3115878105163574,0.14129219949245453,0.3115878105163574,6.532650105798813,0.08333333333333333
2021_Ref_Plot1_A3::80,Field2,13,0.5774336457252502,0.07402972877025604,0.5774336457252502,3.993270357745676,0.07692307692307693
2021_Ref_Plot1_A3::85,Field2,14,0.7317714691162109,0.043266989290714264,0.7317714691162109,3.1566721974623797,0.07142857142857142
2021_Ref_Plot1_B19::8,Field2,1,1.0,1.0,1.0,1.0,1.0
2021_Ref_Plot1_B19::16,Field2,2,0.7068768739700317,0.2931230962276459,0.7068768739700317,1.8311138453993197,0.5
2021_Ref_Plot1_B19::22,Field2,3,0.4241592586040497,0.28987929224967957,0.4241592586040497,2.946824217550531,0.3333333333333333
2021_Ref_Plot1_B19::27,Field2,4,0.6620389223098755,0.15854346752166748,0.6620389223098755,2.706290519116639,0.25
2021_Ref_Plot1_B19::35,Field2,5,0.29140588641166687,0.19091804325580597,0.29140588641166687,4.70245230575101,0.2
2021_Ref_Plot1_B19::44,Field2,6,0.45087480545043945,0.165519580245018,0.45087480545043945,4.199428499010029,0.16666666666666666
2021_Ref_Plot1_B19::50,Field2,7,0.4837236702442169,0.10963469743728638,0.4837236702442169,4.9989130797898875,0.14285714285714285
2021_Ref_Plot1_B19::57,Field2,8,0.3826097249984741,0.2749097943305969,0.3826097249984741,4.976261315582616,0.125
2021_Ref_Plot1_B19::65,Field2,9,0.33305588364601135,0.18422433733940125,0.33305588364601135,4.66981666985127,0.1111111111111111
2021_Ref_Plot1_B19::69,Field2,10,0.5741064548492432,0.05288724601268768,0.5741064548492432,3.9559509469420253,0.1
2021_Ref_Plot1_B19::71,Field2,11,0.48145434260368347,0.040352657437324524,0.48145434260368347,4.733373431534275,0.09090909090909091
2021_Ref_Plot1_B19::76,Field2,12,0.42607349157333374,0.07096158713102341,0.42607349157333374,5.25199413928321,0.08333333333333333
2021_Ref_Plot1_B19::80,Field2,13,0.4485741853713989,0.07681987434625626,0.4485741853713989,5.696230415843205,0.07692307692307693
2021_Ref_Plot1_B19::85,Field2,14,0.5574823617935181,0.046934302896261215,0.5574823617935181,5.445729529403847,0.07142857142857142
2021_Ref_Plot1_B2::8,Field2,1,1.0,1.0,1.0,1.0,1.0
2021_Ref_Plot1_B2::16,Field2,2,0.712554931640625,0.287445068359375,0.712554931640625,1.821842134856108,0.5
2021_Ref_Plot1_B2::22,Field2,3,0.4197472631931305,0.2898998558521271,0.4197472631931305,2.951786481359051,0.3333333333333333
2021_Ref_Plot1_B2::27,Field2,4,0.6312585473060608,0.16174446046352386,0.6312585473060608,2.8706636981853957,0.25
2021_Ref_Plot1_B2::35,Field2,5,0.2971707284450531,0.19160957634449005,0.2971707284450531,4.655913588885846,0.2
2021_Ref_Plot1_B2::44,Field2,6,0.4458332657814026,0.15631434321403503,0.4458332657814026,4.209129009415042,0.16666666666666666
2021_Ref_Plot1_B2::50,Field2,7,0.5201449394226074,0.0969804897904396,0.5201449394226074,4.690517118505373,0.14285714285714285
2021_Ref_Plot1_B2::57,Field2,8,0.38257893919944763,0.26768767833709717,0.38257893919944763,5.100301423625831,0.125
2021_Ref_Plot1_B2::65,Field2,9,0.34607723355293274,0.1786498725414276,0.34607723355293274,4.70111159912197,0.1111111111111111
2021_Ref_Plot1_B2::69,Field2,10,0.6027480363845825,0.05661648511886597,0.6027480363845825,3.7305858109284014,0.1
2021_Ref_Plot1_B2::71,Field2,11,0.5349068641662598,0.037502650171518326,0.5349068641662598,4.332269908054961,0.09090909090909091
2021_Ref_Plot1_B2::76,Field2,12,0.3799762427806854,0.09232448041439056,0.3799762427806854,5.473365613185039,0.08333333333333333
2021_Ref_Plot1_B2::80,Field2,13,0.5239680409431458,0.07319752126932144,0.5239680409431458,5.0437958149317845,0.07692307692307693
2021_Ref_Plot1_B2::85,Field2,14,0.5338700413703918,0.04633549228310585,0.5338700413703918,5.36570152595991,0.07142857142857142
2021_Ref_Plot1_B4::8,Field2,1,1.0,1.0,1.0,1.0,1.0
2021_Ref_Plot1_B4::16,Field2,2,0.714030385017395,0.28596964478492737,0.714030385017395,1.8193938766565283,0.5
2021_Ref_Plot1_B4::22,Field2,3,0.41580837965011597,0.29090437293052673,0.41580837965011597,2.955975772106019,0.3333333333333333
2021_Ref_Plot1_B4::27,Field2,4,0.6349039077758789,0.1581428050994873,0.6349039077758789,2.8551604910970085,0.25
2021_Ref_Plot1_B4::35,Field2,5,0.2972078025341034,0.18929918110370636,0.2972078025341034,4.6602781546008325,0.2
2021_Ref_Plot1_B4::44,Field2,6,0.44295844435691833,0.1534566879272461,0.44295844435691833,4.30026468998018,0.16666666666666666
2021_Ref_Plot1_B4::50,Field2,7,0.5070912837982178,0.09740839898586273,0.5070912837982178,4.810822249207582,0.14285714285714285
2021_Ref_Plot1_B4::57,Field2,8,0.3734862506389618,0.2637420892715454,0.3734862506389618,5.18454444305088,0.125
2021_Ref_Plot1_B4::65,Field2,9,0.36112508177757263,0.17789055407047272,0.36112508177757263,4.529945918903684,0.1111111111111111
2021_Ref_Plot1_B4::69,Field2,10,0.6257664561271667,0.0558207705616951,0.6257664561271667,3.4799439644337924,0.1
2021_Ref_Plot1_B4::71,Field2,11,0.5392818450927734,0.03837897628545761,0.5392818450927734,4.211573325517268,0.09090909090909091
2021_Ref_Plot1_B4::76,Field2,12,0.37106603384017944,0.08363077044487,0.37106603384017944,5.5035662686616265,0.08333333333333333
2021_Ref_Plot1_B4::80,Field2,13,0.47767144441604614,0.08531074225902557,0.47767144441604614,5.439895864953728,0.07692307692307693
2021_Ref_Plot1_B4::85,Field2,14,0.5340567231178284,0.044679686427116394,0.5340567231178284,5.483613849339847,0.07142857142857142
2021_Ref_Plot1_B7::8,Field2,1,1.0,1.0,1.0,1.0,1.0
2021_Ref_Plot1_B7::16,Field2,2,0.7110204696655273,0.28897958993911743,0.7110204696655273,1.824371435708398,0.5
2021_Ref_Plot1_B7::22,Field2,3,0.4182421863079071,0.2868943214416504,0.4182421863079071,2.95325348315874,0.3333333333333333
2021_Ref_Plot1_B7::27,Field2,4,0.6454022526741028,0.154885932803154,0.6454022526741028,2.8055477785553258,0.25
2021_Ref_Plot1_B7::35,Field2,5,0.297868013381958,0.1890503317117691,0.297868013381958,4.670000936396284,0.2
2021_Ref_Plot1_B7::44,Field2,6,0.4395037591457367,0.1611054688692093,0.4395037591457367,4.314788430487255,0.16666666666666666
2021_Ref_Plot1_B7::50,Field2,7,0.5743959546089172,0.0865020602941513,0.5743959546089172,4.216173689457115,0.14285714285714285
2021_Ref_Plot1_B7::57,Field2,8,0.3900187611579895,0.27478787302970886,0.3900187611579895,4.9687065108661175,0.125
2021_Ref_Plot1_B7::65,Field2,9,0.35024115443229675,0.17460794746875763,0.35024115443229675,4.531829871133915,0.1111111111111111
2021_Ref_Plot1_B7::69,Field2,10,0.6229246258735657,0.05074107646942139,0.6229246258735657,3.367073919615456,0.1
2021_Ref_Plot1_B7::71,Field2,11,0.5469323396682739,0.03827723115682602,0.5469323396682739,4.085345612958956,0.09090909090909091
2021_Ref_Plot1_B7::85,Field2,13,0.5839306116104126,0.05351051315665245,0.5839306116104126,4.75114032143825,0.07692307692307693
2021_Ref_Plot1_C18::8,Field2,1,1.0,1.0,1.0,1.0,1.0
2021_Ref_Plot1_C18::16,Field2,2,0.6851707100868225,0.3148292601108551,0.6851707100868225,1.8643458877642667,0.5
2021_Ref_Plot1_C18::22,Field2,3,0.4224902391433716,0.30669325590133667,0.4224902391433716,2.9454664478639927,0.3333333333333333
2021_Ref_Plot1_C18::27,Field2,4,0.6824380159378052,0.152948260307312,0.6824380159378052,2.6086957499102468,0.25
2021_Ref_Plot1_C18::35,Field2,5,0.3022429943084717,0.19475598633289337,0.3022429943084717,4.70543158940952,0.2
2021_Ref_Plot1_C18::44,Field2,6,0.4723166525363922,0.14634059369564056,0.4723166525363922,4.094786989727386,0.16666666666666666
2021_Ref_Plot1_C18::50,Field2,7,0.49783462285995483,0.11524708569049835,0.49783462285995483,4.8571355244638585,0.14285714285714285
2021_Ref_Plot1_C18::57,Field2,8,0.4170766770839691,0.2834569215774536,0.4170766770839691,4.70005253186478,0.125
2021_Ref_Plot1_C18::65,Field2,9,0.3842886686325073,0.1677650660276413,0.3842886686325073,4.30895692803893,0.1111111111111111
2021_Ref_Plot1_C18::69,Field2,10,0.6042235493659973,0.05732098966836929,0.6042235493659973,3.6800024846340404,0.1
2021_Ref_Plot1_C18::71,Field2,11,0.4886065423488617,0.04694691672921181,0.4886065423488617,4.80041885032413,0.09090909090909091
2021_Ref_Plot1_C18::76,Field2,12,0.3136668801307678,0.16940920054912567,0.3136668801307678,6.62192810067341,0.08333333333333333
2021_Ref_Plot1_C18::80,Field2,13,0.4902808964252472,0.09590775519609451,0.4902808964252472,4.729696435937306,0.07692307692307693
2021_Ref_Plot1_C18::85,Field2,14,0.6641067266464233,0.050295617431402206,0.6641067266464233,3.7962444293713995,0.07142857142857142
2021_Ref_Plot1_C6::8,Field2,1,1.0,1.0,1.0,1.0,1.0
2021_Ref_Plot1_C6::16,Field2,2,0.6843140721321106,0.3156859576702118,0.6843140721321106,1.8655852173515055,0.5
2021_Ref_Plot1_C6::22,Field2,3,0.4112447500228882,0.3104592263698578,0.4112447500228882,2.9580301549760177,0.3333333333333333
2021_Ref_Plot1_C6::27,Field2,4,0.632411777973175,0.1687902808189392,0.632411777973175,2.8547779502273887,0.25
2021_Ref_Plot1_C6::35,Field2,5,0.3043067157268524,0.20928044617176056,0.3043067157268524,4.645423182148735,0.2
2021_Ref_Plot1_C6::44,Field2,6,0.4374467432498932,0.154927596449852,0.4374467432498932,4.330075048811115,0.16666666666666666
2021_Ref_Plot1_C6::50,Field2,7,0.5801607370376587,0.08934485167264938,0.5801607370376587,4.164363743806899,0.14285714285714285
2021_Ref_Plot1_C6::57,Field2,8,0.3999612331390381,0.28765732049942017,0.3999612331390381,4.758097158615955,0.125
2021_Ref_Plot1_C6::65,Field2,9,0.3635084331035614,0.1883457601070404,0.3635084331035614,4.546064173351112,0.1111111111111111
2021_Ref_Plot1_C6::69,Field2,10,0.6052238345146179,0.06219472736120224,0.6052238345146179,3.674927705935664,0.1
2021_Ref_Plot1_C6::71,Field2,11,0.5306380987167358,0.04344663769006729,0.5306380987167358,4.39918460042552,0.09090909090909091
2021_Ref_Plot1_C6::76,Field2,12,0.37639397382736206,0.1297835111618042,0.37639397382736206,5.477614880729632,0.08333333333333333
2021_Ref_Plot1_C6::80,Field2,13,0.5301334261894226,0.08583840727806091,0.5301334261894226,4.7183642081606845,0.07692307692307693
2021_Ref_Plot1_C6::85,Field2,14,0.5440568327903748,0.050405461341142654,0.5440568327903748,5.06262649553028,0.07142857142857142
2021_Ref_Plot1_D18::8,Field2,1,1.0,1.0,1.0,1.0,1.0
2021_Ref_Plot1_D18::16,Field2,2,0.6908382177352905,0.3091617822647095,0.6908382177352905,1.856008751303629,0.5
2021_Ref_Plot1_D18::22,Field2,3,0.4121994376182556,0.3014954626560211,0.4121994376182556,2.959099858980354,0.3333333333333333
2021_Ref_Plot1_D18::27,Field2,4,0.6578766107559204,0.1495998203754425,0.6578766107559204,2.746372873410212,0.25
2021_Ref_Plot1_D18::35,Field2,5,0.2898593842983246,0.1899118274450302,0.2898593842983246,4.747130910528271,0.2
2021_Ref_Plot1_D18::44,Field2,6,0.4347088932991028,0.11957705020904541,0.4347088932991028,4.35696264762362,0.16666666666666666
2021_Ref_Plot1_D18::50,Field2,7,0.4452710747718811,0.10107647627592087,0.4452710747718811,5.353424881023539,0.14285714285714285
2021_Ref_Plot1_D18::57,Field2,8,0.37207338213920593,0.2641565203666687,0.37207338213920593,5.301660795979601,0.125
2021_Ref_Plot1_D18::65,Field2,9,0.37874945998191833,0.14988824725151062,0.37874945998191833,4.453672846551313,0.1111111111111111
2021_Ref_Plot1_D18::69,Field2,10,0.6157782673835754,0.03607575222849846,0.6157782673835754,3.6471034323386102,0.1
2021_Ref_Plot1_D18::71,Field2,11,0.5167368054389954,0.03168252110481262,0.5167368054389954,4.449245059433193,0.09090909090909091
2021_Ref_Plot1_D18::76,Field2,12,0.3775637447834015,0.08380827307701111,0.3775637447834015,5.522178404207813,0.08333333333333333
2021_Ref_Plot1_D18::80,Field2,13,0.4856858253479004,0.055952440947294235,0.4856858253479004,5.118247130772762,0.07692307692307693
2021_Ref_Plot1_D18::85,Field2,14,0.733680784702301,0.023655401542782784,0.733680784702301,3.081757965500318,0.07142857142857142
2021_Ref_Plot1_D4::8,Field2,1,1.0,1.0,1.0,1.0,1.0
2021_Ref_Plot1_D4::16,Field2,2,0.6657084226608276,0.3342915177345276,0.6657084226608276,1.8911332929236198,0.5
2021_Ref_Plot1_D4::22,Field2,3,0.3908713161945343,0.3287299573421478,0.3908713161945343,2.972586939695618,0.3333333333333333
2021_Ref_Plot1_D4::27,Field2,4,0.6251547932624817,0.17524738609790802,0.6251547932624817,2.882043796049811,0.25
2021_Ref_Plot1_D4::35,Field2,5,0.29490023851394653,0.20955608785152435,0.29490023851394653,4.704549327421667,0.2
2021_Ref_Plot1_D4::44,Field2,6,0.4251219630241394,0.13687771558761597,0.4251219630241394,4.4892701988304555,0.16666666666666666
2021_Ref_Plot1_D4::50,Field2,7,0.4787752032279968,0.10682139545679092,0.4787752032279968,5.052429578150062,0.14285714285714285
2021_Ref_Plot1_D4::57,Field2,8,0.36289939284324646,0.29046475887298584,0.36289939284324646,5.116983071415648,0.125
2021_Ref_Plot1_D4::65,Field2,9,0.37951210141181946,0.16111114621162415,0.37951210141181946,4.500348870630494,0.1111111111111111
2021_Ref_Plot1_D4::69,Field2,10,0.6139145493507385,0.044585682451725006,0.6139145493507385,3.683594040323942,0.1
2021_Ref_Plot1_D4::71,Field2,11,0.5240911245346069,0.03774326294660568,0.5240911245346069,4.41268137742113,0.09090909090909091
2021_Ref_Plot1_D4::76,Field2,12,0.3690651059150696,0.09052867442369461,0.3690651059150696,5.537928806589826,0.08333333333333333
2021_Ref_Plot1_D4::80,Field2,13,0.6189301013946533,0.043370570987463,0.6189301013946533,4.0128188210565945,0.07692307692307693
2021_Ref_Plot1_D4::85,Field2,14,0.7726970911026001,0.025023581460118294,0.7726970911026001,2.6926408596673905,0.07142857142857142
2021_Ref_Plot1_D6::8,Field2,1,1.0,1.0,1.0,1.0,1.0
2021_Ref_Plot1_D6::16,Field2,2,0.6777081489562988,0.3222918212413788,0.6777081489562988,1.8749554916613511,0.5
2021_Ref_Plot1_D6::22,Field2,3,0.40642523765563965,0.3152942955493927,0.40642523765563965,2.9618406009680487,0.3333333333333333
2021_Ref_Plot1_D6::27,Field2,4,0.6320441961288452,0.16709701716899872,0.6320441961288452,2.858981222271218,0.25
2021_Ref_Plot1_D6::35,Field2,5,0.29722481966018677,0.1975426971912384,0.29722481966018677,4.71903134811472,0.2
2021_Ref_Plot1_D6::44,Field2,6,0.4375684857368469,0.12639105319976807,0.4375684857368469,4.316178462799172,0.16666666666666666
2021_Ref_Plot1_D6::50,Field2,7,0.5086153149604797,0.0931578278541565,0.5086153149604797,4.805374841998971,0.14285714285714285
2021_Ref_Plot1_D6::57,Field2,8,0.3839256167411804,0.2810629904270172,0.3839256167411804,4.982611594911249,0.125
2021_Ref_Plot1_D6::65,Field2,9,0.3845165967941284,0.14679871499538422,0.3845165967941284,4.461754920702868,0.1111111111111111
2021_Ref_Plot1_D6::69,Field2,10,0.6249645352363586,0.03807620331645012,0.6249645352363586,3.568358527438528,0.1
2021_Ref_Plot1_D6::71,Field2,11,0.5272667407989502,0.032759856432676315,0.5272667407989502,4.358349121214637,0.09090909090909091
2021_Ref_Plot1_D6::76,Field2,12,0.3720383644104004,0.08958636969327927,0.3720383644104004,5.569084499062144,0.08333333333333333
2021_Ref_Plot1_D6::80,Field2,13,0.557153582572937,0.05182557925581932,0.557153582572937,4.539177631632472,0.07692307692307693
2021_Ref_Plot1_D6::85,Field2,14,0.689274787902832,0.026771260425448418,0.689274787902832,3.4242052891384573,0.07142857142857142
2021_Ref_Plot1_E2::8,Field2,1,1.0,1.0,1.0,1.0,1.0
2021_Ref_Plot1_E2::16,Field2,2,0.6581334471702576,0.34186652302742004,0.6581334471702576,1.9007827911379382,0.5
2021_Ref_Plot1_E2::22,Field2,3,0.42673689126968384,0.32213833928108215,0.42673689126968384,2.930929266593667,0.3333333333333333
2021_Ref_Plot1_E2::27,Field2,4,0.6422644257545471,0.17972557246685028,0.6422644257545471,2.7817012639944045,0.25
2021_Ref_Plot1_E2::35,Field2,5,0.30371618270874023,0.21282586455345154,0.30371618270874023,4.682308671161093,0.2
2021_Ref_Plot1_E2::44,Field2,6,0.4240688979625702,0.16292352974414825,0.4240688979625702,4.372359069239093,0.16666666666666666
2021_Ref_Plot1_E2::50,Field2,7,0.474387526512146,0.13170571625232697,0.474387526512146,5.047776572084418,0.14285714285714285
2021_Ref_Plot1_E2::57,Field2,8,0.40449008345603943,0.34199973940849304,0.40449008345603943,4.294545478487734,0.125
2021_Ref_Plot1_E2::65,Field2,9,0.383815199136734,0.2232861965894699,0.383815199136734,4.233266224360826,0.1111111111111111
2021_Ref_Plot1_E2::69,Field2,10,0.5983065366744995,0.06600966304540634,0.5983065366744995,3.974393205160816,0.1
2021_Ref_Plot1_E2::71,Field2,11,0.45697838068008423,0.060649480670690536,0.45697838068008423,5.20268670961983,0.09090909090909091
2021_Ref_Plot1_E2::76,Field2,12,0.2999127209186554,0.2197730541229248,0.2999127209186554,6.09118452161289,0.08333333333333333
2021_Ref_Plot1_E2::80,Field2,13,0.697516143321991,0.04625489562749863,0.697516143321991,2.942511442118625,0.07692307692307693
2021_Ref_Plot1_E2::85,Field2,14,0.8288195133209229,0.026356467977166176,0.8288195133209229,2.237701554560132,0.07142857142857142
2021_Ref_Plot1_E8::8,Field2,1,1.0,1.0,1.0,1.0,1.0
2021_Ref_Plot1_E8::16,Field2,2,0.6647782325744629,0.3352217674255371,0.6647782325744629,1.89234181538741,0.5
2021_Ref_Plot1_E8::22,Field2,3,0.4228498935699463,0.31654873490333557,0.4228498935699463,2.940351813657938,0.3333333333333333
2021_Ref_Plot1_E8::27,Field2,4,0.666639506816864,0.16298606991767883,0.666639506816864,2.679414886996512,0.25
2021_Ref_Plot1_E8::35,Field2,5,0.2998630702495575,0.20490512251853943,0.2998630702495575,4.712914745746626,0.2
2021_Ref_Plot1_E8::44,Field2,6,0.4434376657009125,0.16093036532402039,0.4434376657009125,4.286377930038142,0.16666666666666666
2021_Ref_Plot1_E8::50,Field2,7,0.48196497559547424,0.11916964501142502,0.48196497559547424,4.996640769430159,0.14285714285714285
2021_Ref_Plot1_E8::57,Field2,8,0.3826870918273926,0.2998541593551636,0.3826870918273926,4.9995388316722815,0.125
2021_Ref_Plot1_E8::65,Field2,9,0.3728383481502533,0.2053617537021637,0.3728383481502533,4.547428423575627,0.1111111111111111
2021_Ref_Plot1_E8::69,Field2,10,0.6156890392303467,0.06254056096076965,0.6156890392303467,3.735554866252733,0.1
2021_Ref_Plot1_E8::71,Field2,11,0.5021817684173584,0.05368773266673088,0.5021817684173584,4.71521990815138,0.09090909090909091
2021_Ref_Plot1_E8::76,Field2,12,0.3228485882282257,0.15106306970119476,0.3228485882282257,6.278665688174618,0.08333333333333333
2021_Ref_Plot1_E8::80,Field2,13,0.5842214822769165,0.06768622994422913,0.5842214822769165,3.954961211545281,0.07692307692307693
2021_Ref_Plot1_E8::85,Field2,14,0.723122775554657,0.03762747719883919,0.723122775554657,3.178501879995105,0.07142857142857142
2021_Ref_Plot2_A1::8,Field2,1,1.0,1.0,1.0,1.0,1.0
2021_Ref_Plot2_A1::16,Field2,2,0.7142499685287476,0.28575006127357483,0.7142499685287476,1.8190281307130558,0.5
2021_Ref_Plot2_A1::22,Field2,3,0.4293748438358307,0.3051431179046631,0.4293748438358307,2.9366978404931783,0.3333333333333333
2021_Ref_Plot2_A1::27,Field2,4,0.5833736658096313,0.19466900825500488,0.5833736658096313,3.0636031184349988,0.25
2021_Ref_Plot2_A1::35,Field2,5,0.31664177775382996,0.1714613437652588,0.31664177775382996,4.6622930087048635,0.2
2021_Ref_Plot2_A1::44,Field2,6,0.3365917503833771,0.12024838477373123,0.3365917503833771,4.7938630051783555,0.16666666666666666
2021_Ref_Plot2_A1::50,Field2,7,0.6181736588478088,0.07088632881641388,0.6181736588478088,3.7822372858793205,0.14285714285714285
2021_Ref_Plot2_A1::57,Field2,8,0.39553239941596985,0.29843276739120483,0.39553239941596985,4.737801573326388,0.125
2021_Ref_Plot2_A1::65,Field2,9,0.38603562116622925,0.2149745225906372,0.38603562116622925,4.490888822598947,0.1111111111111111
2021_Ref_Plot2_A1::69,Field2,10,0.5883899331092834,0.05651000514626503,0.5883899331092834,4.272998507358642,0.1
2021_Ref_Plot2_A1::71,Field2,11,0.46929648518562317,0.04824501648545265,0.46929648518562317,5.055476912670976,0.09090909090909091
2021_Ref_Plot2_A1::76,Field2,12,0.33829814195632935,0.156995952129364,0.33829814195632935,6.550224449868264,0.08333333333333333
2021_Ref_Plot2_A1::80,Field2,13,0.6997621059417725,0.019221026450395584,0.6997621059417725,2.847546220818816,0.07692307692307693
2021_Ref_Plot2_A1::85,Field2,14,0.8444423675537109,0.012027658522129059,0.8444423675537109,2.0948302177232065,0.07142857142857142
2021_Ref_Plot2_A13::8,Field2,1,1.0,1.0,1.0,1.0,1.0
2021_Ref_Plot2_A13::16,Field2,2,0.7342187166213989,0.26578131318092346,0.7342187166213989,1.7842845453446663,0.5
2021_Ref_Plot2_A13::22,Field2,3,0.4173237979412079,0.30217447876930237,0.4173237979412079,2.9532038437857304,0.3333333333333333
2021_Ref_Plot2_A13::27,Field2,4,0.5872744917869568,0.18395675718784332,0.5872744917869568,3.0614958516595983,0.25
2021_Ref_Plot2_A13::35,Field2,5,0.29627305269241333,0.16823409497737885,0.29627305269241333,4.712695077987659,0.2
2021_Ref_Plot2_A13::44,Field2,6,0.35054412484169006,0.1195145919919014,0.35054412484169006,4.695700534974423,0.16666666666666666
2021_Ref_Plot2_A13::50,Field2,7,0.610241711139679,0.07065825164318085,0.610241711139679,3.8614973627014364,0.14285714285714285
2021_Ref_Plot2_A13::57,Field2,8,0.37721288204193115,0.2861204743385315,0.37721288204193115,4.953357889736872,0.125
2021_Ref_Plot2_A13::65,Field2,9,0.37871772050857544,0.21857471764087677,0.37871772050857544,4.4298137662197,0.1111111111111111
2021_Ref_Plot2_A13::69,Field2,10,0.620871365070343,0.05332507938146591,0.620871365070343,3.7682378023283287,0.1
2021_Ref_Plot2_A13::71,Field2,11,0.4950369596481323,0.0452708899974823,0.4950369596481323,4.662165179070731,0.09090909090909091
2021_Ref_Plot2_A13::76,Field2,12,0.29515236616134644,0.1230652704834938,0.29515236616134644,6.751404658479459,0.08333333333333333
2021_Ref_Plot2_A13::80,Field2,13,0.6849880814552307,0.02428545616567135,0.6849880814552307,2.8756711675099336,0.07692307692307693
2021_Ref_Plot2_A13::85,Field2,14,0.8600357174873352,0.01351209171116352,0.8600357174873352,1.9734650652896952,0.07142857142857142
2021_Ref_Plot2_A15::8,Field2,1,1.0,1.0,1.0,1.0,1.0
2021_Ref_Plot2_A15::16,Field2,2,0.7333851456642151,0.2666148841381073,0.7333851456642151,1.7857933556174586,0.5
2021_Ref_Plot2_A15::22,Field2,3,0.42937391996383667,0.29904675483703613,0.42937391996383667,2.93880819049524,0.3333333333333333
2021_Ref_Plot2_A15::27,Field2,4,0.6086885929107666,0.17730678617954254,0.6086885929107666,2.9611931250214916,0.25
2021_Ref_Plot2_A15::35,Field2,5,0.3024464249610901,0.16493818163871765,0.3024464249610901,4.674353075450157,0.2
2021_Ref_Plot2_A15::44,Field2,6,0.37108466029167175,0.11172058433294296,0.37108466029167175,4.6346166183166195,0.16666666666666666
2021_Ref_Plot2_A15::50,Field2,7,0.5930570960044861,0.07538241147994995,0.5930570960044861,3.994145881933118,0.14285714285714285
2021_Ref_Plot2_A15::57,Field2,8,0.3969131112098694,0.3006149232387543,0.3969131112098694,4.575756225621935,0.125
2021_Ref_Plot2_A15::65,Field2,9,0.4002440571784973,0.21827766299247742,0.4002440571784973,4.286484725366693,0.1111111111111111
2021_Ref_Plot2_A15::69,Field2,10,0.6307018399238586,0.059033285826444626,0.6307018399238586,3.7219504544925375,0.1
2021_Ref_Plot2_A15::71,Field2,11,0.4904949367046356,0.04877568781375885,0.4904949367046356,4.789460114412184,0.09090909090909091
2021_Ref_Plot2_A15::76,Field2,12,0.28692007064819336,0.16712786257266998,0.28692007064819336,6.818543632941199,0.08333333333333333
2021_Ref_Plot2_A15::80,Field2,13,0.7268635034561157,0.020816251635551453,0.7268635034561157,2.608208177637554,0.07692307692307693
2021_Ref_Plot2_A15::85,Field2,14,0.9019154906272888,0.010295910760760307,0.9019154906272888,1.6809948901716594,0.07142857142857142
2021_Ref_Plot2_B17::8,Field2,1,1.0,1.0,1.0,1.0,1.0
2021_Ref_Plot2_B17::16,Field2,2,0.7528012990951538,0.247198686003685,0.7528012990951538,1.7493366268498047,0.5
2021_Ref_Plot2_B17::22,Field2,3,0.4238085448741913,0.29041552543640137,0.4238085448741913,2.947208201247506,0.3333333333333333
2021_Ref_Plot2_B17::27,Field2,4,0.6029278635978699,0.17824804782867432,0.6029278635978699,2.9877794816306515,0.25
2021_Ref_Plot2_B17::35,Field2,5,0.2913043200969696,0.16512225568294525,0.2913043200969696,4.657249178143555,0.2
2021_Ref_Plot2_B17::44,Field2,6,0.37451350688934326,0.11605136096477509,0.37451350688934326,4.555106637030389,0.16666666666666666
2021_Ref_Plot2_B17::50,Field2,7,0.5914396047592163,0.0796060636639595,0.5914396047592163,4.023571545662244,0.14285714285714285
2021_Ref_Plot2_B17::57,Field2,8,0.3997249901294708,0.29847824573516846,0.3997249901294708,4.629720283450373,0.125
2021_Ref_Plot2_B17::65,Field2,9,0.38406893610954285,0.20371702313423157,0.38406893610954285,4.342037098535702,0.1111111111111111
2021_Ref_Plot2_B17::69,Field2,10,0.6283985376358032,0.05480293929576874,0.6283985376358032,3.665596085773358,0.1
2021_Ref_Plot2_B17::71,Field2,11,0.46479272842407227,0.05655709281563759,0.46479272842407227,5.130463929758893,0.09090909090909091
2021_Ref_Plot2_B17::76,Field2,12,0.2806633412837982,0.17320822179317474,0.2806633412837982,6.797466172402083,0.08333333333333333
2021_Ref_Plot2_B17::80,Field2,13,0.7560811042785645,0.02181118354201317,0.7560811042785645,2.3241755435496967,0.07692307692307693
2021_Ref_Plot2_B17::85,Field2,14,0.9165943264961243,0.011316032148897648,0.9165943264961243,1.58996576355423,0.07142857142857142
2021_Ref_Plot2_B4::8,Field2,1,1.0,1.0,1.0,1.0,1.0
2021_Ref_Plot2_B4::16,Field2,2,0.7264481782913208,0.2735517919063568,0.7264481782913208,1.7981522805353836,0.5
2021_Ref_Plot2_B4::22,Field2,3,0.4198213517665863,0.3056175410747528,0.4198213517665863,2.949252623351999,0.3333333333333333
2021_Ref_Plot2_B4::27,Field2,4,0.5966866612434387,0.18151894211769104,0.5966866612434387,3.018580339022685,0.25
2021_Ref_Plot2_B4::35,Field2,5,0.29895058274269104,0.17414413392543793,0.29895058274269104,4.706675899209676,0.2
2021_Ref_Plot2_B4::44,Field2,6,0.35139068961143494,0.12444288283586502,0.35139068961143494,4.732733601579222,0.16666666666666666
2021_Ref_Plot2_B4::50,Field2,7,0.5980919003486633,0.07792270183563232,0.5980919003486633,3.9799114113148675,0.14285714285714285
2021_Ref_Plot2_B4::57,Field2,8,0.37632718682289124,0.2889518737792969,0.37632718682289124,4.913344286224728,0.125
2021_Ref_Plot2_B4::65,Field2,9,0.3805663585662842,0.2210591584444046,0.3805663585662842,4.459551343398588,0.1111111111111111
2021_Ref_Plot2_B4::69,Field2,10,0.6177677512168884,0.05832890048623085,0.6177677512168884,3.897291966064341,0.1
2021_Ref_Plot2_B4::71,Field2,11,0.4918622374534607,0.04762832820415497,0.4918622374534607,4.728420674875879,0.09090909090909091
2021_Ref_Plot2_B4::76,Field2,12,0.3484921157360077,0.10303356498479843,0.3484921157360077,6.432715649169907,0.08333333333333333
2021_Ref_Plot2_B4::80,Field2,13,0.644044041633606,0.030955709517002106,0.644044041633606,3.093563680176905,0.07692307692307693
2021_Ref_Plot2_B4::85,Field2,14,0.8407257199287415,0.014663780108094215,0.8407257199287415,2.1257443402626164,0.07142857142857142
2021_Ref_Plot2_C1::8,Field2,1,1.0,1.0,1.0,1.0,1.0
2021_Ref_Plot2_C1::16,Field2,2,0.7175803780555725,0.2824196219444275,0.7175803780555725,1.8134372589346006,0.5
2021_Ref_Plot2_C1::22,Field2,3,0.42622092366218567,0.31019383668899536,0.42622092366218567,2.938910139235351,0.3333333333333333
2021_Ref_Plot2_C1::27,Field2,4,0.624630868434906,0.17914903163909912,0.624630868434906,2.8757239602289193,0.25
2021_Ref_Plot2_C1::35,Field2,5,0.2965799868106842,0.1822604238986969,0.2965799868106842,4.674176438047657,0.2
2021_Ref_Plot2_C1::44,Field2,6,0.36246034502983093,0.14156976342201233,0.36246034502983093,4.683641782061689,0.16666666666666666
2021_Ref_Plot2_C1::50,Field2,7,0.5913379788398743,0.08977203816175461,0.5913379788398743,4.01760772095683,0.14285714285714285
2021_Ref_Plot2_C1::57,Field2,8,0.40103480219841003,0.3169897794723511,0.40103480219841003,4.355735500903399,0.125
2021_Ref_Plot2_C1::65,Field2,9,0.385023295879364,0.2345629334449768,0.385023295879364,4.36895470576674,0.1111111111111111
2021_Ref_Plot2_C1::69,Field2,10,0.5961853265762329,0.05723775923252106,0.5961853265762329,4.181694363764642,0.1
2021_Ref_Plot2_C1::71,Field2,11,0.4454634189605713,0.06179654598236084,0.4454634189605713,5.273045802105187,0.09090909090909091
2021_Ref_Plot2_C1::76,Field2,12,0.30443769693374634,0.16355657577514648,0.30443769693374634,6.75787215004876,0.08333333333333333
2021_Ref_Plot2_C1::80,Field2,13,0.7288194894790649,0.01805158518254757,0.7288194894790649,2.29852602603882,0.07692307692307693
2021_Ref_Plot2_C1::85,Field2,14,0.9049075841903687,0.01039554551243782,0.9049075841903687,1.633389931812015,0.07142857142857142
2021_Ref_Plot2_C10::8,Field2,1,1.0,1.0,1.0,1.0,1.0
2021_Ref_Plot2_C10::16,Field2,2,0.7062223553657532,0.29377761483192444,0.7062223553657532,1.8321671588380595,0.5
2021_Ref_Plot2_C10::22,Field2,3,0.4425835907459259,0.3079187870025635,0.4425835907459259,2.9149244106002117,0.3333333333333333
2021_Ref_Plot2_C10::27,Field2,4,0.6172680854797363,0.18635545670986176,0.6172680854797363,2.9028915485378417,0.25
2021_Ref_Plot2_C10::35,Field2,5,0.3087679147720337,0.18072614073753357,0.3087679147720337,4.644264270220979,0.2
2021_Ref_Plot2_C10::44,Field2,6,0.37280768156051636,0.1314767748117447,0.37280768156051636,4.618041261886129,0.16666666666666666
2021_Ref_Plot2_C10::50,Field2,7,0.585096001625061,0.08894072473049164,0.585096001625061,4.063456817636916,0.14285714285714285
2021_Ref_Plot2_C10::57,Field2,8,0.4090571105480194,0.31625139713287354,0.4090571105480194,4.342613237974471,0.125
2021_Ref_Plot2_C10::65,Field2,9,0.399072527885437,0.23230883479118347,0.399072527885437,4.3098004529464236,0.1111111111111111
2021_Ref_Plot2_C10::69,Field2,10,0.6053782105445862,0.064646877348423,0.6053782105445862,4.136347516859363,0.1
2021_Ref_Plot2_C10::71,Field2,11,0.4464091360569,0.060739751905202866,0.4464091360569,5.3397789120540065,0.09090909090909091
2021_Ref_Plot2_C10::76,Field2,12,0.32592734694480896,0.16499212384223938,0.32592734694480896,6.5596638839021475,0.08333333333333333
2021_Ref_Plot2_C10::80,Field2,13,0.7479958534240723,0.020040757954120636,0.7479958534240723,2.2475627372556506,0.07692307692307693
2021_Ref_Plot2_C10::85,Field2,14,0.909913182258606,0.011549128219485283,0.909913182258606,1.6018582246202164,0.07142857142857142
2021_Ref_Plot2_C16::8,Field2,1,1.0,1.0,1.0,1.0,1.0
2021_Ref_Plot2_C16::16,Field2,2,0.7156813144683838,0.2843186557292938,0.7156813144683838,1.8166353028543127,0.5
2021_Ref_Plot2_C16::22,Field2,3,0.42552557587623596,0.31146514415740967,0.42552557587623596,2.9392727690842126,0.3333333333333333
2021_Ref_Plot2_C16::27,Field2,4,0.6069289445877075,0.19143006205558777,0.6069289445877075,2.9463658212954438,0.25
2021_Ref_Plot2_C16::35,Field2,5,0.31590336561203003,0.1771080195903778,0.31590336561203003,4.624439904044127,0.2
2021_Ref_Plot2_C16::44,Field2,6,0.3602825701236725,0.13619737327098846,0.3602825701236725,4.652252398365189,0.16666666666666666
2021_Ref_Plot2_C16::50,Field2,7,0.5990158319473267,0.0846404880285263,0.5990158319473267,3.9377252299521017,0.14285714285714285
2021_Ref_Plot2_C16::57,Field2,8,0.4041194021701813,0.313675194978714,0.4041194021701813,4.46415595284078,0.125
2021_Ref_Plot2_C16::65,Field2,9,0.39068394899368286,0.2326110452413559,0.39068394899368286,4.358498755825549,0.1111111111111111
2021_Ref_Plot2_C16::69,Field2,10,0.5948442816734314,0.06506483256816864,0.5948442816734314,4.232385206476519,0.1
2021_Ref_Plot2_C16::71,Field2,11,0.4374096095561981,0.06476883590221405,0.4374096095561981,5.433999784279394,0.09090909090909091
2021_Ref_Plot2_C16::76,Field2,12,0.32281363010406494,0.1708727926015854,0.32281363010406494,6.559688125105949,0.08333333333333333
2021_Ref_Plot2_C16::80,Field2,13,0.7696972489356995,0.01775328814983368,0.7696972489356995,2.1493331687891892,0.07692307692307693
2021_Ref_Plot2_C16::85,Field2,14,0.9072385430335999,0.01045200601220131,0.9072385430335999,1.6306153594247421,0.07142857142857142
2021_Ref_Plot2_C18::8,Field2,1,1.0,1.0,1.0,1.0,1.0
2021_Ref_Plot2_C18::16,Field2,2,0.7101830840110779,0.2898169159889221,0.7101830840110779,1.8257440458892473,0.5
2021_Ref_Plot2_C18::22,Field2,3,0.4173380434513092,0.31732138991355896,0.4173380434513092,2.9475282844444552,0.3333333333333333
2021_Ref_Plot2_C18::27,Field2,4,0.6032593250274658,0.1967189460992813,0.6032593250274658,2.9571434368535345,0.25
2021_Ref_Plot2_C18::35,Field2,5,0.30115917325019836,0.18335969746112823,0.30115917325019836,4.674666804390071,0.2
2021_Ref_Plot2_C18::44,Field2,6,0.36795827746391296,0.1450093686580658,0.36795827746391296,4.566162160793947,0.16666666666666666
2021_Ref_Plot2_C18::50,Field2,7,0.5888615846633911,0.09171430766582489,0.5888615846633911,4.025690704796801,0.14285714285714285
2021_Ref_Plot2_C18::57,Field2,8,0.4020572304725647,0.31715062260627747,0.4020572304725647,4.423997146237121,0.125
2021_Ref_Plot2_C18::65,Field2,9,0.3790062367916107,0.2342374622821808,0.3790062367916107,4.412690319984596,0.1111111111111111
2021_Ref_Plot2_C18::69,Field2,10,0.5947390198707581,0.05720146372914314,0.5947390198707581,4.233314165874905,0.1
2021_Ref_Plot2_C18::71,Field2,11,0.428669810295105,0.06747404485940933,0.428669810295105,5.518151766098328,0.09090909090909091
2021_Ref_Plot2_C18::76,Field2,12,0.35742896795272827,0.15983222424983978,0.35742896795272827,6.186302094121093,0.08333333333333333
2021_Ref_Plot2_C18::80,Field2,13,0.7734440565109253,0.017855167388916016,0.7734440565109253,2.1446853655349325,0.07692307692307693
2021_Ref_Plot2_C18::85,Field2,14,0.9268208146095276,0.01058040652424097,0.9268208146095276,1.4907086486884729,0.07142857142857142
2021_Ref_Plot2_C2::8,Field2,1,1.0,1.0,1.0,1.0,1.0
2021_Ref_Plot2_C2::16,Field2,2,0.7161264419555664,0.2838735282421112,0.7161264419555664,1.8158881086764234,0.5
2021_Ref_Plot2_C2::22,Field2,3,0.4174083471298218,0.31504344940185547,0.4174083471298218,2.948584700207488,0.3333333333333333
2021_Ref_Plot2_C2::27,Field2,4,0.6346981525421143,0.1739402860403061,0.6346981525421143,2.831436669106297,0.25
2021_Ref_Plot2_C2::35,Field2,5,0.30784881114959717,0.18062971532344818,0.30784881114959717,4.645054380909379,0.2
2021_Ref_Plot2_C2::44,Field2,6,0.3592453896999359,0.1376504749059677,0.3592453896999359,4.716876702009447,0.16666666666666666
2021_Ref_Plot2_C2::50,Field2,7,0.6174331903457642,0.08062560111284256,0.6174331903457642,3.8241118212674166,0.14285714285714285
2021_Ref_Plot2_C2::57,Field2,8,0.39184311032295227,0.31629109382629395,0.39184311032295227,4.497304820866549,0.125
2021_Ref_Plot2_C2::65,Field2,9,0.37862467765808105,0.2297983318567276,0.37862467765808105,4.399922526413863,0.1111111111111111
2021_Ref_Plot2_C2::69,Field2,10,0.6066237092018127,0.05581168085336685,0.6066237092018127,3.9953449806298793,0.1
2021_Ref_Plot2_C2::71,Field2,11,0.46079668402671814,0.055943697690963745,0.46079668402671814,5.048132815835179,0.09090909090909091
2021_Ref_Plot2_C2::76,Field2,12,0.3571484088897705,0.14504778385162354,0.3571484088897705,6.3370621723229945,0.08333333333333333
2021_Ref_Plot2_C2::80,Field2,13,0.7288073897361755,0.017425186932086945,0.7288073897361755,2.363023538376909,0.07692307692307693
2021_Ref_Plot2_C2::85,Field2,14,0.8629926443099976,0.012371232733130455,0.8629926443099976,1.9366286153207304,0.07142857142857142
2021_Ref_Plot2_C3::8,Field2,1,1.0,1.0,1.0,1.0,1.0
2021_Ref_Plot2_C3::16,Field2,2,0.7150475978851318,0.2849523723125458,0.7150475978851318,1.8176964308442984,0.5
2021_Ref_Plot2_C3::22,Field2,3,0.41568195819854736,0.3161987066268921,0.41568195819854736,2.950274135208456,0.3333333333333333
2021_Ref_Plot2_C3::27,Field2,4,0.6341467499732971,0.172901913523674,0.6341467499732971,2.8377965200549347,0.25
2021_Ref_Plot2_C3::35,Field2,5,0.29135245084762573,0.18876148760318756,0.29135245084762573,4.694283408368672,0.2
2021_Ref_Plot2_C3::44,Field2,6,0.33972907066345215,0.1413116306066513,0.33972907066345215,4.825992686843397,0.16666666666666666
2021_Ref_Plot2_C3::50,Field2,7,0.5980477929115295,0.08652567863464355,0.5980477929115295,4.002183571528754,0.14285714285714285
2021_Ref_Plot2_C3::57,Field2,8,0.37227141857147217,0.3126864433288574,0.37227141857147217,4.626231898793623,0.125
2021_Ref_Plot2_C3::65,Field2,9,0.3635169267654419,0.23492568731307983,0.3635169267654419,4.383794053795665,0.1111111111111111
2021_Ref_Plot2_C3::69,Field2,10,0.6110607981681824,0.05236213654279709,0.6110607981681824,3.815558345860226,0.1
2021_Ref_Plot2_C3::71,Field2,11,0.4764364957809448,0.05112282559275627,0.4764364957809448,4.727259653799487,0.09090909090909091
2021_Ref_Plot2_C3::76,Field2,12,0.39457210898399353,0.10262499749660492,0.39457210898399353,5.43961896842734,0.08333333333333333
2021_Ref_Plot2_C3::80,Field2,13,0.6172030568122864,0.025528158992528915,0.6172030568122864,3.3207943447536308,0.07692307692307693
2021_Ref_Plot2_C3::85,Field2,14,0.7559176087379456,0.015517367981374264,0.7559176087379456,2.7443800997947387,0.07142857142857142
2021_Ref_Plot2_D12::8,Field2,1,1.0,1.0,1.0,1.0,1.0
2021_Ref_Plot2_D12::16,Field2,2,0.6615551710128784,0.33844488859176636,0.6615551710128784,1.896478139239895,0.5
2021_Ref_Plot2_D12::22,Field2,3,0.4125969707965851,0.32241570949554443,0.4125969707965851,2.950972342479767,0.3333333333333333
2021_Ref_Plot2_D12::27,Field2,4,0.6450802683830261,0.17127744853496552,0.6450802683830261,2.7816588189254134,0.25
2021_Ref_Plot2_D12::35,Field2,5,0.27893728017807007,0.2104012817144394,0.27893728017807007,4.7235113902479045,0.2
2021_Ref_Plot2_D12::44,Field2,6,0.3454883098602295,0.16551250219345093,0.3454883098602295,4.847219016484134,0.16666666666666666
2021_Ref_Plot2_D12::50,Field2,7,0.5378270745277405,0.10693181306123734,0.5378270745277405,4.496548418440143,0.14285714285714285
2021_Ref_Plot2_D12::57,Field2,8,0.38987645506858826,0.33232107758522034,0.38987645506858826,4.421489630450055,0.125
2021_Ref_Plot2_D12::65,Field2,9,0.3623112440109253,0.2409655898809433,0.3623112440109253,4.5378564281016045,0.1111111111111111
2021_Ref_Plot2_D12::69,Field2,10,0.6075881719589233,0.03920364752411842,0.6075881719589233,4.077954607415199,0.1
2021_Ref_Plot2_D12::71,Field2,11,0.41321372985839844,0.04427948594093323,0.41321372985839844,5.4657780137899845,0.09090909090909091
2021_Ref_Plot2_D12::76,Field2,12,0.38255128264427185,0.08797059953212738,0.38255128264427185,6.223773609326368,0.08333333333333333
2021_Ref_Plot2_D12::80,Field2,13,0.7579448223114014,0.016837090253829956,0.7579448223114014,2.4795883497217734,0.07692307692307693
2021_Ref_Plot2_D12::85,Field2,14,0.8749287128448486,0.013026220723986626,0.8749287128448486,1.8779000030252855,0.07142857142857142
2021_Ref_Plot2_D5::8,Field2,1,1.0,1.0,1.0,1.0,1.0
2021_Ref_Plot2_D5::16,Field2,2,0.6574034690856934,0.34259653091430664,0.6574034690856934,1.9016895978298143,0.5
2021_Ref_Plot2_D5::22,Field2,3,0.40389901399612427,0.3275498151779175,0.40389901399612427,2.9589136116845287,0.3333333333333333
2021_Ref_Plot2_D5::27,Field2,4,0.6281889081001282,0.1791881024837494,0.6281889081001282,2.8583661135486897,0.25
2021_Ref_Plot2_D5::35,Field2,5,0.28537827730178833,0.2099897861480713,0.28537827730178833,4.713301295972424,0.2
2021_Ref_Plot2_D5::44,Field2,6,0.34653240442276,0.16947373747825623,0.34653240442276,4.859563364750109,0.16666666666666666
2021_Ref_Plot2_D5::50,Field2,7,0.521609902381897,0.10780597478151321,0.521609902381897,4.654656064949378,0.14285714285714285
2021_Ref_Plot2_D5::57,Field2,8,0.3787671625614166,0.3304304778575897,0.3787671625614166,4.492631743419392,0.125
2021_Ref_Plot2_D5::65,Field2,9,0.36272287368774414,0.24504749476909637,0.36272287368774414,4.455405572798372,0.1111111111111111
2021_Ref_Plot2_D5::69,Field2,10,0.6179265975952148,0.03974746912717819,0.6179265975952148,3.9380646304858717,0.1
2021_Ref_Plot2_D5::71,Field2,11,0.4527885615825653,0.04233387112617493,0.4527885615825653,4.95526907192886,0.09090909090909091
2021_Ref_Plot2_D5::76,Field2,12,0.39685288071632385,0.07744772732257843,0.39685288071632385,5.796870820673517,0.08333333333333333
2021_Ref_Plot2_D5::80,Field2,13,0.7311093211174011,0.02246272750198841,0.7311093211174011,2.6915919153966215,0.07692307692307693
2021_Ref_Plot2_D5::85,Field2,14,0.8637163043022156,0.012625347822904587,0.8637163043022156,1.9338747501456495,0.07142857142857142
2021_Ref_Plot2_E1::8,Field2,1,1.0,1.0,1.0,1.0,1.0
2021_Ref_Plot2_E1::16,Field2,2,0.68702632188797,0.31297367811203003,0.68702632188797,1.86164276568852,0.5
2021_Ref_Plot2_E1::22,Field2,3,0.433878093957901,0.311492919921875,0.433878093957901,2.9268372281916197,0.3333333333333333
2021_Ref_Plot2_E1::27,Field2,4,0.6271395683288574,0.18099747598171234,0.6271395683288574,2.861664711605645,0.25
2021_Ref_Plot2_E1::35,Field2,5,0.28903838992118835,0.20694027841091156,0.28903838992118835,4.710857798127448,0.2
2021_Ref_Plot2_E1::44,Field2,6,0.3543657958507538,0.16423457860946655,0.3543657958507538,4.7025403170063775,0.16666666666666666
2021_Ref_Plot2_E1::50,Field2,7,0.54034423828125,0.11661592125892639,0.54034423828125,4.453654795335913,0.14285714285714285
2021_Ref_Plot2_E1::57,Field2,8,0.38384905457496643,0.3443194329738617,0.38384905457496643,4.42936070108146,0.125
2021_Ref_Plot2_E1::65,Field2,9,0.37999001145362854,0.2495938092470169,0.37999001145362854,4.314697903572972,0.1111111111111111
2021_Ref_Plot2_E1::69,Field2,10,0.576384425163269,0.0564570389688015,0.576384425163269,4.4883514184879285,0.1
2021_Ref_Plot2_E1::71,Field2,11,0.3705197870731354,0.07233918458223343,0.3705197870731354,6.064266424428606,0.09090909090909091
2021_Ref_Plot2_E1::76,Field2,12,0.3445947468280792,0.18403105437755585,0.3445947468280792,6.5190143814987165,0.08333333333333333
2021_Ref_Plot2_E1::80,Field2,13,0.7395371794700623,0.01662907376885414,0.7395371794700623,2.481185493072972,0.07692307692307693
2021_Ref_Plot2_E1::85,Field2,14,0.8439611196517944,0.013122755102813244,0.8439611196517944,2.0632388791332597,0.07142857142857142
2021_Ref_Plot2_E18::8,Field2,1,1.0,1.0,1.0,1.0,1.0
2021_Ref_Plot2_E18::16,Field2,2,0.6716727018356323,0.3283272683620453,0.6716727018356323,1.883228775763987,0.5
2021_Ref_Plot2_E18::22,Field2,3,0.4326668381690979,0.31533122062683105,0.4326668381690979,2.9263488002891087,0.3333333333333333
2021_Ref_Plot2_E18::27,Field2,4,0.6329171657562256,0.17671866714954376,0.6329171657562256,2.838187612215071,0.25
2021_Ref_Plot2_E18::35,Field2,5,0.28079691529273987,0.21737001836299896,0.28079691529273987,4.728381781690651,0.2
2021_Ref_Plot2_E18::44,Field2,6,0.3334411382675171,0.17500075697898865,0.3334411382675171,4.8497309316631485,0.16666666666666666
2021_Ref_Plot2_E18::50,Field2,7,0.5373745560646057,0.11999762803316116,0.5373745560646057,4.465870930240103,0.14285714285714285
2021_Ref_Plot2_E18::57,Field2,8,0.36724814772605896,0.3485162854194641,0.36724814772605896,4.501687595769283,0.125
2021_Ref_Plot2_E18::65,Field2,9,0.35542571544647217,0.26100385189056396,0.35542571544647217,4.424367911007129,0.1111111111111111
2021_Ref_Plot2_E18::69,Field2,10,0.5753048658370972,0.052871592342853546,0.5753048658370972,4.510791814794294,0.1
2021_Ref_Plot2_E18::71,Field2,11,0.3857250213623047,0.06828556209802628,0.3857250213623047,6.0277753750307665,0.09090909090909091
2021_Ref_Plot2_E18::76,Field2,12,0.31559765338897705,0.17777106165885925,0.31559765338897705,6.873244501806367,0.08333333333333333
2021_Ref_Plot2_E18::80,Field2,13,0.7521459460258484,0.010979405604302883,0.7521459460258484,2.5506237774029015,0.07692307692307693
2021_Ref_Plot2_E18::85,Field2,14,0.8556315302848816,0.013825293630361557,0.8556315302848816,2.024018315855944,0.07142857142857142
2021_Ref_Plot2_E7::8,Field2,1,1.0,1.0,1.0,1.0,1.0
2021_Ref_Plot2_E7::16,Field2,2,0.649577260017395,0.3504227101802826,0.649577260017395,1.9111553207151069,0.5
2021_Ref_Plot2_E7::22,Field2,3,0.47329026460647583,0.3077618181705475,0.47329026460647583,2.855603676362735,0.3333333333333333
2021_Ref_Plot2_E7::27,Field2,4,0.6405306458473206,0.1774810403585434,0.6405306458473206,2.7964735436939607,0.25
2021_Ref_Plot2_E7::35,Field2,5,0.3073365390300751,0.2100120186805725,0.3073365390300751,4.7033240822270015,0.2
2021_Ref_Plot2_E7::44,Field2,6,0.3420904874801636,0.17059051990509033,0.3420904874801636,4.819801796725691,0.16666666666666666
2021_Ref_Plot2_E7::50,Field2,7,0.5484232902526855,0.12299362570047379,0.5484232902526855,4.390130316569595,0.14285714285714285
2021_Ref_Plot2_E7::57,Field2,8,0.37288203835487366,0.36563238501548767,0.37288203835487366,4.289888239287063,0.125
2021_Ref_Plot2_E7::65,Field2,9,0.3824578523635864,0.2687135934829712,0.3824578523635864,4.3454215233818925,0.1111111111111111
2021_Ref_Plot2_E7::69,Field2,10,0.5721803307533264,0.061287134885787964,0.5721803307533264,4.657367989755316,0.1
2021_Ref_Plot2_E7::71,Field2,11,0.3786819279193878,0.06673554331064224,0.3786819279193878,5.9481264422506515,0.09090909090909091
2021_Ref_Plot2_E7::76,Field2,12,0.2989055812358856,0.19059571623802185,0.2989055812358856,7.001614505778554,0.08333333333333333
2021_Ref_Plot2_E7::80,Field2,13,0.6828885674476624,0.015495633706450462,0.6828885674476624,2.9326813021463067,0.07692307692307693
2021_Ref_Plot2_E7::85,Field2,14,0.7976353168487549,0.011000828817486763,0.7976353168487549,2.475676497383827,0.07142857142857142
2021_Ref_Plot3_A6::8,Field2,1,1.0,1.0,1.0,1.0,1.0
2021_Ref_Plot3_A6::16,Field2,2,0.7378296256065369,0.26217031478881836,0.7378296256065369,1.777690090890089,0.5
2021_Ref_Plot3_A6::22,Field2,3,0.39641115069389343,0.30794018507003784,0.39641115069389343,2.9736211419737164,0.3333333333333333
2021_Ref_Plot3_A6::27,Field2,4,0.5883793234825134,0.19530552625656128,0.5883793234825134,3.0398561869261767,0.25
2021_Ref_Plot3_A6::35,Field2,5,0.28184807300567627,0.17818328738212585,0.28184807300567627,4.7024293221912385,0.2
2021_Ref_Plot3_A6::44,Field2,6,0.3812854588031769,0.1328313648700714,0.3812854588031769,4.0377421935166815,0.16666666666666666
2021_Ref_Plot3_A6::50,Field2,7,0.5786952972412109,0.08446265012025833,0.5786952972412109,4.097292385018316,0.14285714285714285
2021_Ref_Plot3_A6::57,Field2,8,0.4029061794281006,0.3116656541824341,0.4029061794281006,4.401430231123496,0.125
2021_Ref_Plot3_A6::65,Field2,9,0.3580772578716278,0.20519648492336273,0.3580772578716278,4.395721621377107,0.1111111111111111
2021_Ref_Plot3_A6::69,Field2,10,0.6089816093444824,0.0482998788356781,0.6089816093444824,3.6535441228817596,0.1
2021_Ref_Plot3_A6::71,Field2,11,0.4822186529636383,0.0533326230943203,0.4822186529636383,4.922063958422012,0.09090909090909091
2021_Ref_Plot3_A6::76,Field2,12,0.284274160861969,0.15850141644477844,0.284274160861969,6.68019880910098,0.08333333333333333
2021_Ref_Plot3_A6::80,Field2,13,0.6990668177604675,0.030155455693602562,0.6990668177604675,2.8675574307806744,0.07692307692307693
2021_Ref_Plot3_A6::85,Field2,14,0.9097837209701538,0.014941360801458359,0.9097837209701538,1.6252815413278274,0.07142857142857142
2021_Ref_Plot3_A7::8,Field2,1,1.0,1.0,1.0,1.0,1.0
2021_Ref_Plot3_A7::16,Field2,2,0.7355106472969055,0.2644892930984497,0.7355106472969055,1.7819360399406294,0.5
2021_Ref_Plot3_A7::22,Field2,3,0.40893539786338806,0.30272790789604187,0.40893539786338806,2.962366028991522,0.3333333333333333
2021_Ref_Plot3_A7::27,Field2,4,0.6028751730918884,0.18696509301662445,0.6028751730918884,2.980421869616066,0.25
2021_Ref_Plot3_A7::35,Field2,5,0.26962557435035706,0.17330625653266907,0.27695605158805847,4.75810623397472,0.2
2021_Ref_Plot3_A7::44,Field2,6,0.3909863531589508,0.12062525004148483,0.3909863531589508,3.9753873295420523,0.16666666666666666
2021_Ref_Plot3_A7::50,Field2,7,0.5865620374679565,0.0796205922961235,0.5865620374679565,4.02715178464872,0.14285714285714285
2021_Ref_Plot3_A7::57,Field2,8,0.40361693501472473,0.3014083206653595,0.40361693501472473,4.441781824639074,0.125
2021_Ref_Plot3_A7::65,Field2,9,0.3638594150543213,0.20397691428661346,0.3638594150543213,4.375611685111176,0.1111111111111111
2021_Ref_Plot3_A7::69,Field2,10,0.6222663521766663,0.05157482624053955,0.6222663521766663,3.539797624141639,0.1
2021_Ref_Plot3_A7::71,Field2,11,0.4950074553489685,0.050319865345954895,0.4950074553489685,4.745181778040942,0.09090909090909091
2021_Ref_Plot3_A7::76,Field2,12,0.27485594153404236,0.15558162331581116,0.27485594153404236,6.727834595427918,0.08333333333333333
2021_Ref_Plot3_A7::80,Field2,13,0.7414482831954956,0.03157345578074455,0.7414482831954956,2.6015184096185746,0.07692307692307693
2021_Ref_Plot3_A7::85,Field2,14,0.9049845933914185,0.018010566011071205,0.9049845933914185,1.6429982669283059,0.07142857142857142
2021_Ref_Plot3_B1::8,Field2,1,1.0,1.0,1.0,1.0,1.0
2021_Ref_Plot3_B1::16,Field2,2,0.7402164340019226,0.2597835063934326,0.7402164340019226,1.7732790068997126,0.5
2021_Ref_Plot3_B1::22,Field2,3,0.39711037278175354,0.3084428012371063,0.39711037278175354,2.9729402575886885,0.3333333333333333
2021_Ref_Plot3_B1::27,Field2,4,0.6003756523132324,0.19559848308563232,0.6003756523132324,2.9770701358655645,0.25
2021_Ref_Plot3_B1::35,Field2,5,0.2736392021179199,0.18334095180034637,0.2813073992729187,4.7191252952963865,0.2
2021_Ref_Plot3_B1::44,Field2,6,0.3751375377178192,0.14583279192447662,0.3751375377178192,4.059156153910355,0.16666666666666666
2021_Ref_Plot3_B1::50,Field2,7,0.5928474068641663,0.08923056721687317,0.5928474068641663,3.9765992844703666,0.14285714285714285
2021_Ref_Plot3_B1::57,Field2,8,0.405841201543808,0.3221277594566345,0.405841201543808,4.3990582161363365,0.125
2021_Ref_Plot3_B1::65,Field2,9,0.36006027460098267,0.2147015780210495,0.36006027460098267,4.339767966735507,0.1111111111111111
2021_Ref_Plot3_B1::69,Field2,10,0.6119751930236816,0.05386683717370033,0.6119751930236816,3.7810421976272583,0.1
2021_Ref_Plot3_B1::71,Field2,11,0.46400612592697144,0.06560775637626648,0.46400612592697144,5.24756832147621,0.09090909090909091
2021_Ref_Plot3_B1::76,Field2,12,0.3115854859352112,0.1779993623495102,0.3115854859352112,6.343763414602282,0.08333333333333333
2021_Ref_Plot3_B1::80,Field2,13,0.7539089918136597,0.0244267787784338,0.7539089918136597,2.4261926394604094,0.07692307692307693
2021_Ref_Plot3_B1::85,Field2,14,0.9113011360168457,0.014469017274677753,0.9113011360168457,1.6187754403785088,0.07142857142857142
2021_Ref_Plot3_B10::8,Field2,1,1.0,1.0,1.0,1.0,1.0
2021_Ref_Plot3_B10::16,Field2,2,0.7459206581115723,0.25407934188842773,0.7459206581115723,1.76256920563539,0.5
2021_Ref_Plot3_B10::22,Field2,3,0.4034373462200165,0.30351927876472473,0.4034373462200165,2.967721665129967,0.3333333333333333
2021_Ref_Plot3_B10::27,Field2,4,0.6215127110481262,0.1835964471101761,0.6215127110481262,2.887998791916746,0.25
2021_Ref_Plot3_B10::35,Field2,5,0.291448175907135,0.17553572356700897,0.291448175907135,4.649175986627612,0.2
2021_Ref_Plot3_B10::44,Field2,6,0.37746647000312805,0.1358397901058197,0.37746647000312805,4.040486743218357,0.16666666666666666
2021_Ref_Plot3_B10::50,Field2,7,0.6126698851585388,0.08190425485372543,0.6126698851585388,3.831905550305732,0.14285714285714285
2021_Ref_Plot3_B10::57,Field2,8,0.4119207262992859,0.309581995010376,0.4119207262992859,4.370316341352305,0.125
2021_Ref_Plot3_B10::65,Field2,9,0.35741668939590454,0.20796608924865723,0.35741668939590454,4.425370660983845,0.1111111111111111
2021_Ref_Plot3_B10::69,Field2,10,0.6069858074188232,0.05874648317694664,0.6069858074188232,3.6971873866489804,0.1
2021_Ref_Plot3_B10::71,Field2,11,0.49249082803726196,0.054145894944667816,0.49249082803726196,4.846240843020405,0.09090909090909091
2021_Ref_Plot3_B10::76,Field2,12,0.3356707990169525,0.12415236979722977,0.3356707990169525,6.124940174722127,0.08333333333333333
2021_Ref_Plot3_B10::80,Field2,13,0.6718708872795105,0.03232736140489578,0.6718708872795105,3.0350418108777957,0.07692307692307693
2021_Ref_Plot3_B10::85,Field2,14,0.8641658425331116,0.01811324432492256,0.8641658425331116,1.8945673884772025,0.07142857142857142
2021_Ref_Plot3_B12::8,Field2,1,1.0,1.0,1.0,1.0,1.0
2021_Ref_Plot3_B12::16,Field2,2,0.7407125234603882,0.2592875063419342,0.7407125234603882,1.7723570519723744,0.5
2021_Ref_Plot3_B12::22,Field2,3,0.4026365876197815,0.30859553813934326,0.4026365876197815,2.9677315709862553,0.3333333333333333
2021_Ref_Plot3_B12::27,Field2,4,0.6085674166679382,0.1928202211856842,0.6085674166679382,2.9397079839662257,0.25
2021_Ref_Plot3_B12::35,Field2,5,0.2917998433113098,0.17497600615024567,0.2917998433113098,4.6589583584077765,0.2
2021_Ref_Plot3_B12::44,Field2,6,0.38525864481925964,0.13644316792488098,0.38525864481925964,4.035342001328811,0.16666666666666666
2021_Ref_Plot3_B12::50,Field2,7,0.6126232147216797,0.08122679591178894,0.6126232147216797,3.819773948487979,0.14285714285714285
2021_Ref_Plot3_B12::57,Field2,8,0.4206533133983612,0.3135960102081299,0.4206533133983612,4.27434959963706,0.125
2021_Ref_Plot3_B12::65,Field2,9,0.369702011346817,0.21291214227676392,0.369702011346817,4.343796815348632,0.1111111111111111
2021_Ref_Plot3_B12::69,Field2,10,0.6165401935577393,0.058181170374155045,0.6165401935577393,3.730652074869031,0.1
2021_Ref_Plot3_B12::71,Field2,11,0.47319841384887695,0.05926525965332985,0.47319841384887695,5.095607974919975,0.09090909090909091
2021_Ref_Plot3_B12::76,Field2,12,0.31035348773002625,0.1669209599494934,0.31035348773002625,6.307645964754491,0.08333333333333333
2021_Ref_Plot3_B12::80,Field2,13,0.7164438962936401,0.025761624798178673,0.7164438962936401,2.7158692546635312,0.07692307692307693
2021_Ref_Plot3_B12::85,Field2,14,0.9030870795249939,0.01760593242943287,0.9030870795249939,1.6571736687244207,0.07142857142857142
2021_Ref_Plot3_B17::8,Field2,1,1.0,1.0,1.0,1.0,1.0
2021_Ref_Plot3_B17::16,Field2,2,0.7175287008285522,0.282471239566803,0.7175287008285522,1.813524597178895,0.5
2021_Ref_Plot3_B17::22,Field2,3,0.4043853282928467,0.30922964215278625,0.4043853282928467,2.9658394451496255,0.3333333333333333
2021_Ref_Plot3_B17::27,Field2,4,0.6542405486106873,0.1727067232131958,0.6542405486106873,2.730199986705247,0.25
2021_Ref_Plot3_B17::35,Field2,5,0.30196377635002136,0.18524423241615295,0.30196377635002136,4.638385021948242,0.2
2021_Ref_Plot3_B17::44,Field2,6,0.3779192864894867,0.13767971098423004,0.3779192864894867,4.069413023593464,0.16666666666666666
2021_Ref_Plot3_B17::50,Field2,7,0.598405122756958,0.09043174982070923,0.598405122756958,3.936300817892644,0.14285714285714285
2021_Ref_Plot3_B17::57,Field2,8,0.43146082758903503,0.31681105494499207,0.43146082758903503,4.154043840514663,0.125
2021_Ref_Plot3_B17::65,Field2,9,0.3782398998737335,0.2053268998861313,0.3782398998737335,4.341396860740101,0.1111111111111111
2021_Ref_Plot3_B17::69,Field2,10,0.6353151798248291,0.059137098491191864,0.6353151798248291,3.3995252609212088,0.1
2021_Ref_Plot3_B17::71,Field2,11,0.48542168736457825,0.060317933559417725,0.48542168736457825,4.92080552824302,0.09090909090909091
2021_Ref_Plot3_B17::76,Field2,12,0.3035675883293152,0.17626585066318512,0.3035675883293152,6.354796643439908,0.08333333333333333
2021_Ref_Plot3_B17::80,Field2,13,0.7181834578514099,0.03677307441830635,0.7181834578514099,2.721920688657448,0.07692307692307693
2021_Ref_Plot3_B17::85,Field2,14,0.8920108079910278,0.023018164560198784,0.8920108079910278,1.7308949419357507,0.07142857142857142
2021_Ref_Plot3_B3::8,Field2,1,1.0,1.0,1.0,1.0,1.0
2021_Ref_Plot3_B3::16,Field2,2,0.7384300231933594,0.26156991720199585,0.7384300231933594,1.7765844391434644,0.5
2021_Ref_Plot3_B3::22,Field2,3,0.405080109834671,0.30556583404541016,0.405080109834671,2.9658507589508267,0.3333333333333333
2021_Ref_Plot3_B3::27,Field2,4,0.5905752778053284,0.1975155472755432,0.5905752778053284,3.025462970653528,0.25
2021_Ref_Plot3_B3::35,Field2,5,0.27446436882019043,0.17858904600143433,0.2802827060222626,4.729791159276146,0.2
2021_Ref_Plot3_B3::44,Field2,6,0.38097667694091797,0.13476669788360596,0.38097667694091797,4.0341491730331835,0.16666666666666666
2021_Ref_Plot3_B3::50,Field2,7,0.5754178762435913,0.08816009014844894,0.5754178762435913,4.130499157583903,0.14285714285714285
2021_Ref_Plot3_B3::57,Field2,8,0.40437746047973633,0.3146698772907257,0.40437746047973633,4.408923949022368,0.125
2021_Ref_Plot3_B3::65,Field2,9,0.36085760593414307,0.2109275460243225,0.36085760593414307,4.350473546298458,0.1111111111111111
2021_Ref_Plot3_B3::69,Field2,10,0.6230832934379578,0.05488280579447746,0.6230832934379578,3.6043014391694146,0.1
2021_Ref_Plot3_B3::71,Field2,11,0.48388350009918213,0.056174386292696,0.48388350009918213,4.958199880268595,0.09090909090909091
2021_Ref_Plot3_B3::76,Field2,12,0.33484211564064026,0.1421358734369278,0.33484211564064026,6.247726103569116,0.08333333333333333
2021_Ref_Plot3_B3::80,Field2,13,0.7188015580177307,0.024460747838020325,0.7188015580177307,2.75066048369808,0.07692307692307693
2021_Ref_Plot3_B3::85,Field2,14,0.9184897541999817,0.014391805976629257,0.9184897541999817,1.563595235427291,0.07142857142857142
2021_Ref_Plot3_B6::8,Field2,1,1.0,1.0,1.0,1.0,1.0
2021_Ref_Plot3_B6::16,Field2,2,0.7404866814613342,0.25951334834098816,0.7404866814613342,1.7727770235541997,0.5
2021_Ref_Plot3_B6::22,Field2,3,0.4055308401584625,0.306010901927948,0.4055308401584625,2.9653229453781105,0.3333333333333333
2021_Ref_Plot3_B6::27,Field2,4,0.6082397103309631,0.19226445257663727,0.6082397103309631,2.9425465197975544,0.25
2021_Ref_Plot3_B6::35,Field2,5,0.2747211456298828,0.1743260771036148,0.28194400668144226,4.7249080510552615,0.2
2021_Ref_Plot3_B6::44,Field2,6,0.37274864315986633,0.13393452763557434,0.37274864315986633,4.0249546059188805,0.16666666666666666
2021_Ref_Plot3_B6::50,Field2,7,0.6036012172698975,0.08260925114154816,0.6036012172698975,3.8748283560653065,0.14285714285714285
2021_Ref_Plot3_B6::57,Field2,8,0.4160442054271698,0.3115119934082031,0.4160442054271698,4.309962292983808,0.125
2021_Ref_Plot3_B6::65,Field2,9,0.35921281576156616,0.2072039544582367,0.35921281576156616,4.439499729448965,0.1111111111111111
2021_Ref_Plot3_B6::69,Field2,10,0.6138737201690674,0.05706232041120529,0.6138737201690674,3.6916127183617675,0.1
2021_Ref_Plot3_B6::71,Field2,11,0.4791972041130066,0.058604445308446884,0.4791972041130066,5.022308528405786,0.09090909090909091
2021_Ref_Plot3_B6::76,Field2,12,0.30847951769828796,0.16306398808956146,0.30847951769828796,6.36499463313033,0.08333333333333333
2021_Ref_Plot3_B6::80,Field2,13,0.7148791551589966,0.02848365530371666,0.7148791551589966,2.747700446042261,0.07692307692307693
2021_Ref_Plot3_B6::85,Field2,14,0.9072955846786499,0.015263793058693409,0.9072955846786499,1.6318452077428225,0.07142857142857142
2021_Ref_Plot3_B7::8,Field2,1,1.0,1.0,1.0,1.0,1.0
2021_Ref_Plot3_B7::16,Field2,2,0.7456648349761963,0.2543351650238037,0.7456648349761963,1.7630546372484537,0.5
2021_Ref_Plot3_B7::22,Field2,3,0.4035866856575012,0.3032914698123932,0.4035866856575012,2.9676035049652203,0.3333333333333333
2021_Ref_Plot3_B7::27,Field2,4,0.608167290687561,0.18862232565879822,0.608167290687561,2.949632352370507,0.25
2021_Ref_Plot3_B7::35,Field2,5,0.27993443608283997,0.17205484211444855,0.2841469645500183,4.702863786535864,0.2
2021_Ref_Plot3_B7::44,Field2,6,0.37768739461898804,0.13026811182498932,0.37768739461898804,4.033010062700311,0.16666666666666666
2021_Ref_Plot3_B7::50,Field2,7,0.5837785601615906,0.0843217670917511,0.5837785601615906,4.053864407567333,0.14285714285714285
2021_Ref_Plot3_B7::57,Field2,8,0.4090118408203125,0.3086145520210266,0.4090118408203125,4.460786467545669,0.125
2021_Ref_Plot3_B7::65,Field2,9,0.3600035309791565,0.20667529106140137,0.3600035309791565,4.452846812926281,0.1111111111111111
2021_Ref_Plot3_B7::69,Field2,10,0.6128810048103333,0.05829369276762009,0.6128810048103333,3.73502275530878,0.1
2021_Ref_Plot3_B7::71,Field2,11,0.46696916222572327,0.05968775600194931,0.46696916222572327,5.167103542443245,0.09090909090909091
2021_Ref_Plot3_B7::76,Field2,12,0.3101899325847626,0.1587962508201599,0.3101899325847626,6.430650881942092,0.08333333333333333
2021_Ref_Plot3_B7::80,Field2,13,0.7310901880264282,0.02684374712407589,0.7310901880264282,2.6654125244016402,0.07692307692307693
2021_Ref_Plot3_B7::85,Field2,14,0.9035925269126892,0.01574869267642498,0.9035925269126892,1.6644997759387248,0.07142857142857142
2021_Ref_Plot3_B8::8,Field2,1,1.0,1.0,1.0,1.0,1.0
2021_Ref_Plot3_B8::16,Field2,2,0.7355944514274597,0.2644055187702179,0.7355944514274597,1.781783207909543,0.5
2021_Ref_Plot3_B8::22,Field2,3,0.40374037623405457,0.30776843428611755,0.40374037623405457,2.966797735644313,0.3333333333333333
2021_Ref_Plot3_B8::27,Field2,4,0.5927389860153198,0.19485777616500854,0.5927389860153198,3.0178017395967913,0.25
2021_Ref_Plot3_B8::35,Field2,5,0.29394957423210144,0.17203901708126068,0.29394957423210144,4.680124485017904,0.2
2021_Ref_Plot3_B8::44,Field2,6,0.38505223393440247,0.12896449863910675,0.38505223393440247,4.079565960741715,0.16666666666666666
2021_Ref_Plot3_B8::50,Field2,7,0.5865341424942017,0.08387672156095505,0.5865341424942017,4.030701574454395,0.14285714285714285
2021_Ref_Plot3_B8::57,Field2,8,0.4110114872455597,0.3086126744747162,0.4110114872455597,4.46775379904116,0.125
2021_Ref_Plot3_B8::65,Field2,9,0.3740987181663513,0.20822563767433167,0.3740987181663513,4.386924956677438,0.1111111111111111
2021_Ref_Plot3_B8::69,Field2,10,0.6198866367340088,0.05661139637231827,0.6198866367340088,3.730300311302711,0.1
2021_Ref_Plot3_B8::71,Field2,11,0.47737592458724976,0.058939214795827866,0.47737592458724976,5.088303236964274,0.09090909090909091
2021_Ref_Plot3_B8::76,Field2,12,0.29848513007164,0.17314565181732178,0.29848513007164,6.478504795337748,0.08333333333333333
2021_Ref_Plot3_B8::80,Field2,13,0.759026825428009,0.02663358859717846,0.759026825428009,2.4168793041901018,0.07692307692307693
2021_Ref_Plot3_B8::85,Field2,14,0.9192727208137512,0.014355296269059181,0.9192727208137512,1.5544256349567118,0.07142857142857142
2021_Ref_Plot3_C15::8,Field2,1,1.0,1.0,1.0,1.0,1.0
2021_Ref_Plot3_C15::16,Field2,2,0.7134228944778442,0.28657710552215576,0.7134228944778442,1.8204037735087075,0.5
2021_Ref_Plot3_C15::22,Field2,3,0.41930437088012695,0.31155088543891907,0.41930437088012695,2.947697299584103,0.3333333333333333
2021_Ref_Plot3_C15::27,Field2,4,0.6152943968772888,0.19804859161376953,0.6152943968772888,2.8926999196743646,0.25
2021_Ref_Plot3_C15::35,Field2,5,0.29445213079452515,0.19080205261707306,0.29445213079452515,4.664015715881596,0.2
2021_Ref_Plot3_C15::44,Field2,6,0.3864578306674957,0.15573498606681824,0.3864578306674957,4.028317572790407,0.16666666666666666
2021_Ref_Plot3_C15::50,Field2,7,0.5844433307647705,0.10218840092420578,0.5844433307647705,4.022330410416851,0.14285714285714285
2021_Ref_Plot3_C15::57,Field2,8,0.42420515418052673,0.33663129806518555,0.42420515418052673,3.9756659943308064,0.125
2021_Ref_Plot3_C15::65,Field2,9,0.3764616549015045,0.22856993973255157,0.3764616549015045,4.321899692735572,0.1111111111111111
2021_Ref_Plot3_C15::69,Field2,10,0.612941324710846,0.06046202406287193,0.612941324710846,3.9189359257804934,0.1
2021_Ref_Plot3_C15::71,Field2,11,0.4318505823612213,0.07413611561059952,0.4318505823612213,5.524978842538225,0.09090909090909091
2021_Ref_Plot3_C15::76,Field2,12,0.31707656383514404,0.18300774693489075,0.31707656383514404,6.282076667729676,0.08333333333333333
2021_Ref_Plot3_C15::80,Field2,13,0.7793252468109131,0.02152317948639393,0.7793252468109131,2.1569054931879483,0.07692307692307693
2021_Ref_Plot3_C15::85,Field2,14,0.9305673837661743,0.014375337399542332,0.9305673837661743,1.4567258050315526,0.07142857142857142
2021_Ref_Plot3_C2::8,Field2,1,1.0,1.0,1.0,1.0,1.0
2021_Ref_Plot3_C2::16,Field2,2,0.7253706455230713,0.2746293544769287,0.7253706455230713,1.8000404654420925,0.5
2021_Ref_Plot3_C2::22,Field2,3,0.39655381441116333,0.3216255307197571,0.39655381441116333,2.969972913096393,0.3333333333333333
2021_Ref_Plot3_C2::27,Field2,4,0.6117109060287476,0.19930115342140198,0.6117109060287476,2.909486120692143,0.25
2021_Ref_Plot3_C2::35,Field2,5,0.2875307500362396,0.18845060467720032,0.2875307500362396,4.682646937241485,0.2
2021_Ref_Plot3_C2::44,Field2,6,0.3777925968170166,0.15573258697986603,0.3777925968170166,4.057418396266968,0.16666666666666666
2021_Ref_Plot3_C2::50,Field2,7,0.5860468745231628,0.09491211175918579,0.5860468745231628,4.022253691284414,0.14285714285714285
2021_Ref_Plot3_C2::57,Field2,8,0.4086518883705139,0.3333755433559418,0.4086518883705139,4.174203688729835,0.125
2021_Ref_Plot3_C2::65,Field2,9,0.35541510581970215,0.22817854583263397,0.35541510581970215,4.377932959344655,0.1111111111111111
2021_Ref_Plot3_C2::69,Field2,10,0.599504292011261,0.055686987936496735,0.599504292011261,3.992884312085169,0.1
2021_Ref_Plot3_C2::71,Field2,11,0.4563761055469513,0.06573009490966797,0.4563761055469513,5.277232026793546,0.09090909090909091
2021_Ref_Plot3_C2::76,Field2,12,0.32284682989120483,0.16753393411636353,0.32284682989120483,6.2653942978749955,0.08333333333333333
2021_Ref_Plot3_C2::80,Field2,13,0.7400177121162415,0.026402730494737625,0.7400177121162415,2.4022008336010594,0.07692307692307693
2021_Ref_Plot3_C2::85,Field2,14,0.9341079592704773,0.013971029780805111,0.9341079592704773,1.4451948707792999,0.07142857142857142
2021_Ref_Plot3_C3::8,Field2,1,1.0,1.0,1.0,1.0,1.0
2021_Ref_Plot3_C3::16,Field2,2,0.7203366756439209,0.2796633541584015,0.7203366756439209,1.808748257362958,0.5
2021_Ref_Plot3_C3::22,Field2,3,0.4080107510089874,0.31424856185913086,0.4080107510089874,2.960433209822871,0.3333333333333333
2021_Ref_Plot3_C3::27,Field2,4,0.6062746047973633,0.19986040890216827,0.6062746047973633,2.9374765253305832,0.25
2021_Ref_Plot3_C3::35,Field2,5,0.29712724685668945,0.18381056189537048,0.29712724685668945,4.674169751589411,0.2
2021_Ref_Plot3_C3::44,Field2,6,0.38251885771751404,0.14673909544944763,0.38251885771751404,4.041016126141049,0.16666666666666666
2021_Ref_Plot3_C3::50,Field2,7,0.5861376523971558,0.09384136646986008,0.5861376523971558,4.015130947944109,0.14285714285714285
2021_Ref_Plot3_C3::57,Field2,8,0.42321982979774475,0.3294316828250885,0.42321982979774475,4.1002167134571454,0.125
2021_Ref_Plot3_C3::65,Field2,9,0.3740415871143341,0.22548167407512665,0.3740415871143341,4.31614553309643,0.1111111111111111
2021_Ref_Plot3_C3::69,Field2,10,0.6094412207603455,0.05879966542124748,0.6094412207603455,3.9361042097244066,0.1
2021_Ref_Plot3_C3::71,Field2,11,0.4477263391017914,0.06750991195440292,0.4477263391017914,5.387688712909719,0.09090909090909091
2021_Ref_Plot3_C3::76,Field2,12,0.3156370520591736,0.18004682660102844,0.3156370520591736,6.280326025828933,0.08333333333333333
2021_Ref_Plot3_C3::80,Field2,13,0.772845983505249,0.024085182696580887,0.772845983505249,2.227720707721757,0.07692307692307693
2021_Ref_Plot3_C3::85,Field2,14,0.9369239211082458,0.013592489995062351,0.9369239211082458,1.4252694852109966,0.07142857142857142
2021_Ref_Plot3_C4::8,Field2,1,1.0,1.0,1.0,1.0,1.0
2021_Ref_Plot3_C4::16,Field2,2,0.7228835225105286,0.27711647748947144,0.7228835225105286,1.8043659316791774,0.5
2021_Ref_Plot3_C4::22,Field2,3,0.41092079877853394,0.30840757489204407,0.41092079877853394,2.959017668861094,0.3333333333333333
2021_Ref_Plot3_C4::27,Field2,4,0.5943547487258911,0.20123150944709778,0.5943547487258911,2.9978532725907066,0.25
2021_Ref_Plot3_C4::35,Field2,5,0.29941630363464355,0.18092095851898193,0.29941630363464355,4.679105286557022,0.2
2021_Ref_Plot3_C4::44,Field2,6,0.3883548974990845,0.14034034311771393,0.3883548974990845,4.008083887013127,0.16666666666666666
2021_Ref_Plot3_C4::50,Field2,7,0.569638192653656,0.09488794207572937,0.569638192653656,4.1555237635089375,0.14285714285714285
2021_Ref_Plot3_C4::57,Field2,8,0.41753944754600525,0.3277941942214966,0.41753944754600525,4.116539307411032,0.125
2021_Ref_Plot3_C4::65,Field2,9,0.36749812960624695,0.21895846724510193,0.36749812960624695,4.333919236620848,0.1111111111111111
2021_Ref_Plot3_C4::69,Field2,10,0.6143503189086914,0.058166682720184326,0.6143503189086914,3.7720476712911197,0.1
2021_Ref_Plot3_C4::71,Field2,11,0.4486093521118164,0.06594398617744446,0.4486093521118164,5.343986899889094,0.09090909090909091
2021_Ref_Plot3_C4::76,Field2,12,0.2882530987262726,0.19006390869617462,0.2882530987262726,6.498685415273202,0.08333333333333333
2021_Ref_Plot3_C4::80,Field2,13,0.7623690366744995,0.02213357947766781,0.7623690366744995,2.4158718338886778,0.07692307692307693
2021_Ref_Plot3_C4::85,Field2,14,0.9319773316383362,0.012707594782114029,0.9319773316383362,1.471673813398222,0.07142857142857142
2021_Ref_Plot3_D1::8,Field2,1,1.0,1.0,1.0,1.0,1.0
2021_Ref_Plot3_D1::16,Field2,2,0.6871406435966492,0.3128593862056732,0.6871406435966492,1.8614753307218455,0.5
2021_Ref_Plot3_D1::22,Field2,3,0.40011438727378845,0.3227096199989319,0.40011438727378845,2.965771916796287,0.3333333333333333
2021_Ref_Plot3_D1::27,Field2,4,0.6283748745918274,0.18509948253631592,0.6283748745918274,2.8481559454031244,0.25
2021_Ref_Plot3_D1::35,Field2,5,0.27295219898223877,0.20650038123130798,0.27295219898223877,4.735847803024005,0.2
2021_Ref_Plot3_D1::44,Field2,6,0.3616819381713867,0.19324225187301636,0.3616819381713867,4.385976928646078,0.16666666666666666
2021_Ref_Plot3_D1::50,Field2,7,0.584293782711029,0.09731210023164749,0.584293782711029,4.097064292075649,0.14285714285714285
2021_Ref_Plot3_D1::57,Field2,8,0.38999295234680176,0.3268643617630005,0.38999295234680176,4.525073316335698,0.125
2021_Ref_Plot3_D1::65,Field2,9,0.33550554513931274,0.22941231727600098,0.33550554513931274,4.643938741636932,0.1111111111111111
2021_Ref_Plot3_D1::69,Field2,10,0.5918402075767517,0.04505964368581772,0.5918402075767517,4.131728848086655,0.1
2021_Ref_Plot3_D1::71,Field2,11,0.4415833652019501,0.05851911008358002,0.4415833652019501,5.298376640084508,0.09090909090909091
2021_Ref_Plot3_D1::76,Field2,12,0.3561455309391022,0.11332269757986069,0.3561455309391022,5.9074470398863745,0.08333333333333333
2021_Ref_Plot3_D1::80,Field2,13,0.7423725128173828,0.037966031581163406,0.7423725128173828,2.594891426656587,0.07692307692307693
2021_Ref_Plot3_D1::85,Field2,14,0.8722382187843323,0.015501250512897968,0.8722382187843323,1.837141556315245,0.07142857142857142
2021_Ref_Plot3_D15::8,Field2,1,1.0,1.0,1.0,1.0,1.0
2021_Ref_Plot3_D15::16,Field2,2,0.6814371943473816,0.3185628056526184,0.6814371943473816,1.8697062954761023,0.5
2021_Ref_Plot3_D15::22,Field2,3,0.3938916325569153,0.32814013957977295,0.3938916325569153,2.96981748993284,0.3333333333333333
2021_Ref_Plot3_D15::27,Field2,4,0.624238133430481,0.18882444500923157,0.624238133430481,2.8630507457207974,0.25
2021_Ref_Plot3_D15::35,Field2,5,0.27305299043655396,0.20895077288150787,0.27305299043655396,4.738576528523171,0.2
2021_Ref_Plot3_D15::44,Field2,6,0.3603620231151581,0.1951979100704193,0.3603620231151581,4.246966233980381,0.16666666666666666
2021_Ref_Plot3_D15::50,Field2,7,0.5575058460235596,0.10344833135604858,0.5575058460235596,4.305461810306983,0.14285714285714285
2021_Ref_Plot3_D15::57,Field2,8,0.38535618782043457,0.3287586271762848,0.38535618782043457,4.525278304673178,0.125
2021_Ref_Plot3_D15::65,Field2,9,0.3452107906341553,0.23785839974880219,0.3452107906341553,4.541189932484456,0.1111111111111111
2021_Ref_Plot3_D15::69,Field2,10,0.5975157618522644,0.048307981342077255,0.5975157618522644,4.0614262284198,0.1
2021_Ref_Plot3_D15::71,Field2,11,0.4489556550979614,0.060723841190338135,0.4489556550979614,5.240058236136278,0.09090909090909091
2021_Ref_Plot3_D15::76,Field2,12,0.386702299118042,0.11250855773687363,0.386702299118042,5.680727934152131,0.08333333333333333
2021_Ref_Plot3_D15::80,Field2,13,0.7951516509056091,0.03407059609889984,0.7951516509056091,2.2401009658096065,0.07692307692307693
2021_Ref_Plot3_D15::85,Field2,14,0.9172933101654053,0.017011255025863647,0.9172933101654053,1.5524072938901123,0.07142857142857142
2021_Ref_Plot3_D19::8,Field2,1,1.0,1.0,1.0,1.0,1.0
2021_Ref_Plot3_D19::16,Field2,2,0.6940344572067261,0.30596551299095154,0.6940344572067261,1.8512007351233721,0.5
2021_Ref_Plot3_D19::22,Field2,3,0.3963016867637634,0.3193238079547882,0.3963016867637634,2.971073145095062,0.3333333333333333
2021_Ref_Plot3_D19::27,Field2,4,0.6350541114807129,0.18333782255649567,0.6350541114807129,2.815069898518325,0.25
2021_Ref_Plot3_D19::35,Field2,5,0.28785982728004456,0.20526421070098877,0.28785982728004456,4.669008432416964,0.2
2021_Ref_Plot3_D19::44,Field2,6,0.37686580419540405,0.19439660012722015,0.37686580419540405,4.180673566903176,0.16666666666666666
2021_Ref_Plot3_D19::50,Field2,7,0.5761981010437012,0.1032579243183136,0.5761981010437012,4.134378579974559,0.14285714285714285
2021_Ref_Plot3_D19::57,Field2,8,0.4119231402873993,0.3336488902568817,0.4119231402873993,4.187839358134461,0.125
2021_Ref_Plot3_D19::65,Field2,9,0.3545980453491211,0.23998403549194336,0.3545980453491211,4.3750504649146595,0.1111111111111111
2021_Ref_Plot3_D19::69,Field2,10,0.6111935973167419,0.048919349908828735,0.6111935973167419,3.8863619653752237,0.1
2021_Ref_Plot3_D19::71,Field2,11,0.44351503252983093,0.062149737030267715,0.44351503252983093,5.320438674264252,0.09090909090909091
2021_Ref_Plot3_D19::76,Field2,12,0.4084151089191437,0.1119990348815918,0.4084151089191437,5.531170785888519,0.08333333333333333
2021_Ref_Plot3_D19::80,Field2,13,0.8344140648841858,0.027930788695812225,0.8344140648841858,1.9819184353165276,0.07692307692307693
2021_Ref_Plot3_D19::85,Field2,14,0.9353207945823669,0.01560700498521328,0.9353207945823669,1.4249787643130787,0.07142857142857142
2021_Ref_Plot3_D20::8,Field2,1,1.0,1.0,1.0,1.0,1.0
2021_Ref_Plot3_D20::16,Field2,2,0.6841740012168884,0.31582602858543396,0.6841740012168884,1.865787274230626,0.5
2021_Ref_Plot3_D20::22,Field2,3,0.3946455419063568,0.32392045855522156,0.3946455419063568,2.97096937230836,0.3333333333333333
2021_Ref_Plot3_D20::27,Field2,4,0.6368252635002136,0.1806599199771881,0.6368252635002136,2.8098698229976335,0.25
2021_Ref_Plot3_D20::35,Field2,5,0.27870962023735046,0.21345019340515137,0.27870962023735046,4.686039321683309,0.2
2021_Ref_Plot3_D20::44,Field2,6,0.36666396260261536,0.20129500329494476,0.36666396260261536,4.310652878761928,0.16666666666666666
2021_Ref_Plot3_D20::50,Field2,7,0.5683203339576721,0.10705911368131638,0.5683203339576721,4.210446856550315,0.14285714285714285
2021_Ref_Plot3_D20::57,Field2,8,0.40281763672828674,0.3390466272830963,0.40281763672828674,4.161006246931163,0.125
2021_Ref_Plot3_D20::65,Field2,9,0.35083919763565063,0.24652990698814392,0.35083919763565063,4.37551570926867,0.1111111111111111
2021_Ref_Plot3_D20::69,Field2,10,0.59816575050354,0.05110929161310196,0.59816575050354,4.063802210798915,0.1
2021_Ref_Plot3_D20::71,Field2,11,0.443428635597229,0.06265129148960114,0.443428635597229,5.338325226907274,0.09090909090909091
2021_Ref_Plot3_D20::76,Field2,12,0.4139378070831299,0.1162005215883255,0.4139378070831299,5.5304527818973686,0.08333333333333333
2021_Ref_Plot3_D20::80,Field2,13,0.8203529715538025,0.02808348648250103,0.8203529715538025,2.0803297640318137,0.07692307692307693
2021_Ref_Plot3_D20::85,Field2,14,0.9306643009185791,0.016413860023021698,0.9306643009185791,1.4670972966076898,0.07142857142857142
2021_Ref_Plot3_E11::8,Field2,1,1.0,1.0,1.0,1.0,1.0
2021_Ref_Plot3_E11::16,Field2,2,0.6871939301490784,0.312806099653244,0.6871939301490784,1.8613973326951765,0.5
2021_Ref_Plot3_E11::22,Field2,3,0.4330361783504486,0.31012609601020813,0.4330361783504486,2.9289188445782077,0.3333333333333333
2021_Ref_Plot3_E11::27,Field2,4,0.6560712456703186,0.175009623169899,0.6560712456703186,2.715411662917747,0.25
2021_Ref_Plot3_E11::35,Field2,5,0.2784217596054077,0.21528132259845734,0.2784217596054077,4.730728345956359,0.2
2021_Ref_Plot3_E11::44,Field2,6,0.373279869556427,0.19857516884803772,0.373279869556427,4.151130112046295,0.16666666666666666
2021_Ref_Plot3_E11::50,Field2,7,0.5429295897483826,0.12423674017190933,0.5429295897483826,4.3936946908596,0.14285714285714285
2021_Ref_Plot3_E11::57,Field2,8,0.40376824140548706,0.3507309556007385,0.40376824140548706,4.150529403643039,0.125
2021_Ref_Plot3_E11::65,Field2,9,0.36542215943336487,0.24667906761169434,0.36542215943336487,4.354417339541404,0.1111111111111111
2021_Ref_Plot3_E11::69,Field2,10,0.5979517102241516,0.05746381729841232,0.5979517102241516,4.16456331378779,0.1
2021_Ref_Plot3_E11::71,Field2,11,0.3947526812553406,0.08062462508678436,0.3947526812553406,5.94280086130892,0.09090909090909091
2021_Ref_Plot3_E11::76,Field2,12,0.39456212520599365,0.17017090320587158,0.39456212520599365,5.820849641288743,0.08333333333333333
2021_Ref_Plot3_E11::80,Field2,13,0.8079134821891785,0.014940902590751648,0.8079134821891785,2.0829134872888577,0.07692307692307693
2021_Ref_Plot3_E11::85,Field2,14,0.9201319217681885,0.014581326395273209,0.9201319217681885,1.521934865397653,0.07142857142857142
2021_Ref_Plot4_A7::8,Field2,1,1.0,1.0,1.0,1.0,1.0
2021_Ref_Plot4_A7::16,Field2,2,0.6928074359893799,0.3071925640106201,0.6928074359893799,1.8530555991761146,0.5
2021_Ref_Plot4_A7::22,Field2,3,0.4127955734729767,0.31609389185905457,0.4127955734729767,2.953982679589835,0.3333333333333333
2021_Ref_Plot4_A7::27,Field2,4,0.6706310510635376,0.16887348890304565,0.6706310510635376,2.637081934321647,0.25
2021_Ref_Plot4_A7::35,Field2,5,0.29513195157051086,0.1899571269750595,0.29513195157051086,4.742060873457909,0.2
2021_Ref_Plot4_A7::44,Field2,6,0.3929155170917511,0.12241458147764206,0.3929155170917511,4.166747293728952,0.16666666666666666
2021_Ref_Plot4_A7::50,Field2,7,0.5903446078300476,0.08122450113296509,0.5903446078300476,3.957068763902238,0.14285714285714285
2021_Ref_Plot4_A7::57,Field2,8,0.41675475239753723,0.2741851210594177,0.41675475239753723,4.599060138723569,0.125
2021_Ref_Plot4_A7::65,Field2,9,0.3597225248813629,0.17648081481456757,0.3597225248813629,4.708166362278019,0.1111111111111111
2021_Ref_Plot4_A7::69,Field2,10,0.6349183917045593,0.04586107283830643,0.6349183917045593,3.209640427671896,0.1
2021_Ref_Plot4_A7::71,Field2,11,0.5316347479820251,0.03823982924222946,0.5316347479820251,4.3395124079763026,0.09090909090909091
2021_Ref_Plot4_A7::76,Field2,12,0.3163476288318634,0.12919369339942932,0.3163476288318634,6.254175561531192,0.08333333333333333
2021_Ref_Plot4_A7::80,Field2,13,0.6117934584617615,0.06647852063179016,0.6117934584617615,3.800928922219419,0.07692307692307693
2021_Ref_Plot4_A7::85,Field2,14,0.7254970669746399,0.04199866205453873,0.7254970669746399,2.852537168279184,0.07142857142857142
2021_Ref_Plot4_B11::8,Field2,1,1.0,1.0,1.0,1.0,1.0
2021_Ref_Plot4_B11::16,Field2,2,0.6939743757247925,0.3060256540775299,0.6939743757247925,1.8512918783409984,0.5
2021_Ref_Plot4_B11::22,Field2,3,0.41064175963401794,0.3187427222728729,0.41064175963401794,2.9554060289291613,0.3333333333333333
2021_Ref_Plot4_B11::27,Field2,4,0.677111029624939,0.16605322062969208,0.677111029624939,2.610101450592573,0.25
2021_Ref_Plot4_B11::35,Field2,5,0.28901609778404236,0.19873188436031342,0.28901609778404236,4.737645693861911,0.2
2021_Ref_Plot4_B11::44,Field2,6,0.37224438786506653,0.13681866228580475,0.37224438786506653,4.198898886089646,0.16666666666666666
2021_Ref_Plot4_B11::50,Field2,7,0.5845724940299988,0.08822297304868698,0.5845724940299988,4.065084249093859,0.14285714285714285
2021_Ref_Plot4_B11::57,Field2,8,0.4029681384563446,0.30903083086013794,0.4029681384563446,4.5315435549826395,0.125
2021_Ref_Plot4_B11::65,Field2,9,0.3494930565357208,0.19571135938167572,0.3494930565357208,4.7492218132379165,0.1111111111111111
2021_Ref_Plot4_B11::69,Field2,10,0.5997818112373352,0.054403431713581085,0.5997818112373352,3.4960687667796844,0.1
2021_Ref_Plot4_B11::71,Field2,11,0.4776844084262848,0.047846611589193344,0.4776844084262848,4.8371676370273065,0.09090909090909091
2021_Ref_Plot4_B11::76,Field2,12,0.32238683104515076,0.1167147308588028,0.32238683104515076,6.24520327474231,0.08333333333333333
2021_Ref_Plot4_B11::80,Field2,13,0.5834990739822388,0.047406747937202454,0.5834990739822388,4.088188311564411,0.07692307692307693
2021_Ref_Plot4_B11::85,Field2,14,0.7697543501853943,0.02735864371061325,0.7697543501853943,2.598045931824738,0.07142857142857142
2021_Ref_Plot4_B12::8,Field2,1,1.0,1.0,1.0,1.0,1.0
2021_Ref_Plot4_B12::16,Field2,2,0.6938803195953369,0.3061196804046631,0.6938803195953369,1.8514343399849773,0.5
2021_Ref_Plot4_B12::22,Field2,3,0.42585960030555725,0.30697107315063477,0.42585960030555725,2.9408422281847266,0.3333333333333333
2021_Ref_Plot4_B12::27,Field2,4,0.6696681976318359,0.16513682901859283,0.6696681976318359,2.6482472168764533,0.25
2021_Ref_Plot4_B12::35,Field2,5,0.2838453948497772,0.19560037553310394,0.2838453948497772,4.776243805117196,0.2
2021_Ref_Plot4_B12::44,Field2,6,0.37443190813064575,0.13818015158176422,0.37443190813064575,4.256926254223566,0.16666666666666666
2021_Ref_Plot4_B12::50,Field2,7,0.5921460390090942,0.08501216769218445,0.5921460390090942,4.014243167222746,0.14285714285714285
2021_Ref_Plot4_B12::57,Field2,8,0.3972732126712799,0.3006313145160675,0.3972732126712799,4.693139720835463,0.125
2021_Ref_Plot4_B12::65,Field2,9,0.3396007716655731,0.19343361258506775,0.3396007716655731,4.866003128199558,0.1111111111111111
2021_Ref_Plot4_B12::69,Field2,10,0.6000818610191345,0.055979859083890915,0.6000818610191345,3.563915208866026,0.1
2021_Ref_Plot4_B12::71,Field2,11,0.49013108015060425,0.043930333107709885,0.49013108015060425,4.728278068094051,0.09090909090909091
2021_Ref_Plot4_B12::76,Field2,12,0.3795512616634369,0.09877259284257889,0.3795512616634369,5.419858323019216,0.08333333333333333
2021_Ref_Plot4_B12::80,Field2,13,0.5364108681678772,0.051812026649713516,0.5364108681678772,4.47744906106284,0.07692307692307693
2021_Ref_Plot4_B12::85,Field2,14,0.7258559465408325,0.033769119530916214,0.7258559465408325,3.0546823658227824,0.07142857142857142
2021_Ref_Plot4_B13::8,Field2,1,1.0,1.0,1.0,1.0,1.0
2021_Ref_Plot4_B13::16,Field2,2,0.6938896179199219,0.3061103820800781,0.6938896179199219,1.8514203250690802,0.5
2021_Ref_Plot4_B13::22,Field2,3,0.42406538128852844,0.30740365386009216,0.42406538128852844,2.9431043110778883,0.3333333333333333
2021_Ref_Plot4_B13::27,Field2,4,0.6607011556625366,0.1725495159626007,0.6607011556625366,2.6822724244184477,0.25
2021_Ref_Plot4_B13::35,Field2,5,0.2929364740848541,0.1907491236925125,0.2929364740848541,4.73927251467488,0.2
2021_Ref_Plot4_B13::44,Field2,6,0.3832825720310211,0.14133766293525696,0.3832825720310211,4.20363373214305,0.16666666666666666
2021_Ref_Plot4_B13::50,Field2,7,0.5816395282745361,0.08878868073225021,0.5816395282745361,4.068356587167261,0.14285714285714285
2021_Ref_Plot4_B13::57,Field2,8,0.41550227999687195,0.2923588752746582,0.41550227999687195,4.5439847099284885,0.125
2021_Ref_Plot4_B13::65,Field2,9,0.34893158078193665,0.18309445679187775,0.34893158078193665,4.818530451757479,0.1111111111111111
2021_Ref_Plot4_B13::69,Field2,10,0.6162794232368469,0.05093476548790932,0.6162794232368469,3.377161795282312,0.1
2021_Ref_Plot4_B13::71,Field2,11,0.4997694492340088,0.04598955065011978,0.4997694492340088,4.686126467122874,0.09090909090909091
2021_Ref_Plot4_B13::76,Field2,12,0.3307304382324219,0.1068241074681282,0.3307304382324219,6.023558145175167,0.08333333333333333
2021_Ref_Plot4_B13::80,Field2,13,0.5949550867080688,0.05564023181796074,0.5949550867080688,4.0773479622132704,0.07692307692307693
2021_Ref_Plot4_B13::85,Field2,14,0.7237062454223633,0.04075242951512337,0.7237062454223633,3.0746105524779757,0.07142857142857142
2021_Ref_Plot4_B15::8,Field2,1,1.0,1.0,1.0,1.0,1.0
2021_Ref_Plot4_B15::16,Field2,2,0.7057948708534241,0.29420509934425354,0.7057948708534241,1.8328535358202709,0.5
2021_Ref_Plot4_B15::22,Field2,3,0.41179731488227844,0.30805063247680664,0.41179731488227844,2.958123954626271,0.3333333333333333
2021_Ref_Plot4_B15::27,Field2,4,0.6446170806884766,0.1800834983587265,0.6446170806884766,2.7647715189691224,0.25
2021_Ref_Plot4_B15::35,Field2,5,0.29049524664878845,0.19123737514019012,0.29049524664878845,4.715898409267983,0.2
2021_Ref_Plot4_B15::44,Field2,6,0.38569051027297974,0.1361004263162613,0.38569051027297974,4.063226733296006,0.16666666666666666
2021_Ref_Plot4_B15::50,Field2,7,0.566861629486084,0.09648863971233368,0.566861629486084,4.1822626887492635,0.14285714285714285
2021_Ref_Plot4_B15::57,Field2,8,0.41946324706077576,0.3065308928489685,0.41946324706077576,4.37433183264701,0.125
2021_Ref_Plot4_B15::65,Field2,9,0.3596678376197815,0.19135290384292603,0.3596678376197815,4.643841862535794,0.1111111111111111
2021_Ref_Plot4_B15::69,Field2,10,0.6108877658843994,0.057862818241119385,0.6108877658843994,3.4887588794277686,0.1
2021_Ref_Plot4_B15::71,Field2,11,0.48485544323921204,0.0553155280649662,0.48485544323921204,4.898667700004568,0.09090909090909091
2021_Ref_Plot4_B15::76,Field2,12,0.2968207001686096,0.15487052500247955,0.2968207001686096,6.354347431697422,0.08333333333333333
2021_Ref_Plot4_B15::80,Field2,13,0.6706227660179138,0.04717326909303665,0.6706227660179138,3.2592767745084874,0.07692307692307693
2021_Ref_Plot4_B15::85,Field2,14,0.8290531039237976,0.02543560601770878,0.8290531039237976,2.126451594234062,0.07142857142857142
2021_Ref_Plot4_B16::8,Field2,1,1.0,1.0,1.0,1.0,1.0
2021_Ref_Plot4_B16::16,Field2,2,0.7008592486381531,0.2991408109664917,0.7008592486381531,1.8406789210265513,0.5
2021_Ref_Plot4_B16::22,Field2,3,0.40746504068374634,0.3131539225578308,0.40746504068374634,2.961433881987162,0.3333333333333333
2021_Ref_Plot4_B16::27,Field2,4,0.651561975479126,0.17857642471790314,0.651561975479126,2.72304523796691,0.25
2021_Ref_Plot4_B16::35,Field2,5,0.2861018180847168,0.19170492887496948,0.2861018180847168,4.753009176723317,0.2
2021_Ref_Plot4_B16::44,Field2,6,0.3752344250679016,0.13835367560386658,0.3752344250679016,4.185968165447702,0.16666666666666666
2021_Ref_Plot4_B16::50,Field2,7,0.5761284232139587,0.08889084309339523,0.5761284232139587,4.122608706045412,0.14285714285714285
2021_Ref_Plot4_B16::57,Field2,8,0.4015021324157715,0.28864485025405884,0.4015021324157715,4.681038437894174,0.125
2021_Ref_Plot4_B16::65,Field2,9,0.33973056077957153,0.18996509909629822,0.33973056077957153,4.957098851262298,0.1111111111111111
2021_Ref_Plot4_B16::69,Field2,10,0.6180657148361206,0.057762157171964645,0.6180657148361206,3.4589642033600496,0.1
2021_Ref_Plot4_B16::71,Field2,11,0.5058069825172424,0.046804510056972504,0.5058069825172424,4.606953490851213,0.09090909090909091
2021_Ref_Plot4_B16::76,Field2,12,0.3365291357040405,0.10127171874046326,0.3365291357040405,5.780755385896664,0.08333333333333333
2021_Ref_Plot4_B16::80,Field2,13,0.5992269515991211,0.05940128490328789,0.5992269515991211,4.038989528695884,0.07692307692307693
2021_Ref_Plot4_B16::85,Field2,14,0.7396763563156128,0.03706485033035278,0.7396763563156128,2.8610080981895387,0.07142857142857142
2021_Ref_Plot4_B17::8,Field2,1,1.0,1.0,1.0,1.0,1.0
2021_Ref_Plot4_B17::16,Field2,2,0.7008259296417236,0.29917407035827637,0.7008259296417236,1.8407311451616934,0.5
2021_Ref_Plot4_B17::22,Field2,3,0.4195293188095093,0.3066747784614563,0.4195293188095093,2.949275827611738,0.3333333333333333
2021_Ref_Plot4_B17::27,Field2,4,0.643195390701294,0.1819373518228531,0.643195390701294,2.766859248205884,0.25
2021_Ref_Plot4_B17::35,Field2,5,0.29029467701911926,0.19374053180217743,0.29029467701911926,4.722684288694411,0.2
2021_Ref_Plot4_B17::44,Field2,6,0.3802298903465271,0.139696404337883,0.3802298903465271,4.082983318114052,0.16666666666666666
2021_Ref_Plot4_B17::50,Field2,7,0.5751526355743408,0.09489760547876358,0.5751526355743408,4.102877538551952,0.14285714285714285
2021_Ref_Plot4_B17::57,Field2,8,0.4164283573627472,0.30323752760887146,0.4164283573627472,4.417846355851695,0.125
2021_Ref_Plot4_B17::65,Field2,9,0.355610728263855,0.19211772084236145,0.355610728263855,4.64231476138299,0.1111111111111111
2021_Ref_Plot4_B17::69,Field2,10,0.6197057962417603,0.05952718108892441,0.6197057962417603,3.3986326013950627,0.1
2021_Ref_Plot4_B17::71,Field2,11,0.49691495299339294,0.05443120002746582,0.49691495299339294,4.766878278997107,0.09090909090909091
2021_Ref_Plot4_B17::76,Field2,12,0.3091425597667694,0.14003196358680725,0.3091425597667694,6.286322015266939,0.08333333333333333
2021_Ref_Plot4_B17::80,Field2,13,0.6266307234764099,0.057894811034202576,0.6266307234764099,3.640030961430593,0.07692307692307693
2021_Ref_Plot4_B17::85,Field2,14,0.7633958458900452,0.03431952744722366,0.7633958458900452,2.6976889461406754,0.07142857142857142
2021_Ref_Plot4_C4::8,Field2,1,1.0,1.0,1.0,1.0,1.0
2021_Ref_Plot4_C4::16,Field2,2,0.6759222149848938,0.3240777850151062,0.6759222149848938,1.8774324111809215,0.5
2021_Ref_Plot4_C4::22,Field2,3,0.43101656436920166,0.3261694014072418,0.43101656436920166,2.9208094601751498,0.3333333333333333
2021_Ref_Plot4_C4::27,Field2,4,0.6368371248245239,0.20086991786956787,0.6368371248245239,2.759203167923163,0.25
2021_Ref_Plot4_C4::35,Field2,5,0.31077468395233154,0.2097301036119461,0.31077468395233154,4.648602399173227,0.2
2021_Ref_Plot4_C4::44,Field2,6,0.3886253833770752,0.14975720643997192,0.3886253833770752,4.015768548253151,0.16666666666666666
2021_Ref_Plot4_C4::50,Field2,7,0.5435675978660583,0.11196534335613251,0.5435675978660583,4.357639465906885,0.14285714285714285
2021_Ref_Plot4_C4::57,Field2,8,0.43212929368019104,0.33881595730781555,0.43212929368019104,3.952947141293038,0.125
2021_Ref_Plot4_C4::65,Field2,9,0.3712286055088043,0.2164888232946396,0.3712286055088043,4.428501694314656,0.1111111111111111
2021_Ref_Plot4_C4::69,Field2,10,0.6029875874519348,0.06321762502193451,0.6029875874519348,3.696687181631521,0.1
2021_Ref_Plot4_C4::71,Field2,11,0.4433286190032959,0.07020343095064163,0.4433286190032959,5.481406756453538,0.09090909090909091
2021_Ref_Plot4_C4::76,Field2,12,0.3284025490283966,0.1437750607728958,0.3284025490283966,6.165749247509004,0.08333333333333333
2021_Ref_Plot4_C4::80,Field2,13,0.738004207611084,0.032619185745716095,0.738004207611084,2.431430939529085,0.07692307692307693
2021_Ref_Plot4_C4::85,Field2,14,0.9190307855606079,0.013777351938188076,0.9190307855606079,1.5306098834934712,0.07142857142857142
2021_Ref_Plot4_D11::8,Field2,1,1.0,1.0,1.0,1.0,1.0
2021_Ref_Plot4_D11::16,Field2,2,0.6778793931007385,0.32212066650390625,0.6778793931007385,1.8747167959207869,0.5
2021_Ref_Plot4_D11::22,Field2,3,0.4202937185764313,0.3187292218208313,0.4202937185764313,2.9426980601757666,0.3333333333333333
2021_Ref_Plot4_D11::27,Field2,4,0.6947256922721863,0.15030886232852936,0.6947256922721863,2.540167126037032,0.25
2021_Ref_Plot4_D11::35,Field2,5,0.2776820957660675,0.1923736184835434,0.2776820957660675,4.8042327241769955,0.2
2021_Ref_Plot4_D11::44,Field2,6,0.32234987616539,0.17719925940036774,0.32234987616539,4.553350335034906,0.16666666666666666
2021_Ref_Plot4_D11::50,Field2,7,0.5307100415229797,0.10122255980968475,0.5307100415229797,4.562069553632234,0.14285714285714285
2021_Ref_Plot4_D11::57,Field2,8,0.3808622360229492,0.3298138678073883,0.3808622360229492,4.574885188717208,0.125
2021_Ref_Plot4_D11::65,Field2,9,0.3223913609981537,0.21698206663131714,0.3223913609981537,4.753591680141562,0.1111111111111111
2021_Ref_Plot4_D11::69,Field2,10,0.6064077615737915,0.042206719517707825,0.6064077615737915,3.6514994163247096,0.1
2021_Ref_Plot4_D11::71,Field2,11,0.4404594302177429,0.05644192174077034,0.4404594302177429,5.146685271965358,0.09090909090909091
2021_Ref_Plot4_D11::76,Field2,12,0.4352402985095978,0.062205664813518524,0.4352402985095978,4.378141198517849,0.08333333333333333
2021_Ref_Plot4_D11::80,Field2,13,0.6887956261634827,0.032406944781541824,0.6887956261634827,3.0813013532281053,0.07692307692307693
2021_Ref_Plot4_D11::85,Field2,14,0.8453587293624878,0.012154626660048962,0.8453587293624878,1.9533067702356957,0.07142857142857142
2021_Ref_Plot4_D6::8,Field2,1,1.0,1.0,1.0,1.0,1.0
2021_Ref_Plot4_D6::16,Field2,2,0.6755539178848267,0.32444602251052856,0.6755539178848267,1.877940074952233,0.5
2021_Ref_Plot4_D6::22,Field2,3,0.41146206855773926,0.32571911811828613,0.41146206855773926,2.9504626524759887,0.3333333333333333
2021_Ref_Plot4_D6::27,Field2,4,0.6737897396087646,0.16453048586845398,0.6737897396087646,2.632229627123747,0.25
2021_Ref_Plot4_D6::35,Field2,5,0.29576733708381653,0.200565367937088,0.29576733708381653,4.720572993383265,0.2
2021_Ref_Plot4_D6::44,Field2,6,0.34782856702804565,0.18561530113220215,0.34782856702804565,4.3474007898264935,0.16666666666666666
2021_Ref_Plot4_D6::50,Field2,7,0.5318636894226074,0.10645778477191925,0.5318636894226074,4.537350122805014,0.14285714285714285
2021_Ref_Plot4_D6::57,Field2,8,0.393726110458374,0.33153292536735535,0.393726110458374,4.477387679828601,0.125
2021_Ref_Plot4_D6::65,Field2,9,0.3408975601196289,0.20561698079109192,0.3408975601196289,4.740690789775865,0.1111111111111111
2021_Ref_Plot4_D6::69,Field2,10,0.6220110058784485,0.044150348752737045,0.6220110058784485,3.4195105702130855,0.1
2021_Ref_Plot4_D6::71,Field2,11,0.4360063076019287,0.059417739510536194,0.4360063076019287,5.136824216951907,0.09090909090909091
2021_Ref_Plot4_D6::76,Field2,12,0.43445348739624023,0.0867428258061409,0.43445348739624023,4.758277534618272,0.08333333333333333
2021_Ref_Plot4_D6::80,Field2,13,0.7986944317817688,0.03703399375081062,0.7986944317817688,2.26619384536338,0.07692307692307693
2021_Ref_Plot4_D6::85,Field2,14,0.9342337250709534,0.013239900581538677,0.9342337250709534,1.424313536081061,0.07142857142857142
2021_Ref_Plot5_A17::8,Field2,1,1.0,1.0,1.0,1.0,1.0
2021_Ref_Plot5_A17::16,Field2,2,0.6759190559387207,0.3240810036659241,0.6759190559387207,1.8774366635260316,0.5
2021_Ref_Plot5_A17::22,Field2,3,0.43225908279418945,0.31232190132141113,0.43225908279418945,2.928858790648329,0.3333333333333333
2021_Ref_Plot5_A17::27,Field2,4,0.6248599290847778,0.18186599016189575,0.6248599290847778,2.867692118700415,0.25
2021_Ref_Plot5_A17::35,Field2,5,0.3097897469997406,0.183905228972435,0.3097897469997406,4.7217008513481895,0.2
2021_Ref_Plot5_A17::44,Field2,6,0.3761737048625946,0.13470424711704254,0.3761737048625946,4.729762967607972,0.16666666666666666
2021_Ref_Plot5_A17::50,Field2,7,0.5297722220420837,0.09077524393796921,0.5297722220420837,4.511027345933161,0.14285714285714285
2021_Ref_Plot5_A17::69,Field2,9,0.66096031665802,0.03863450139760971,0.66096031665802,2.94169004244258,0.1111111111111111
2021_Ref_Plot5_A17::71,Field2,10,0.5111773610115051,0.03458172827959061,0.5111773610115051,4.274467815057311,0.1
2021_Ref_Plot5_A17::76,Field2,11,0.3673861622810364,0.06945940852165222,0.3673861622810364,6.0440534522776534,0.09090909090909091
2021_Ref_Plot5_A17::80,Field2,12,0.5340197682380676,0.06391384452581406,0.5340197682380676,4.909200334885989,0.08333333333333333
2021_Ref_Plot5_A17::85,Field2,13,0.6552841067314148,0.039735764265060425,0.6552841067314148,3.915523308069673,0.07692307692307693
2021_Ref_Plot5_A19::8,Field2,1,1.0,1.0,1.0,1.0,1.0
2021_Ref_Plot5_A19::16,Field2,2,0.6790944337844849,0.32090553641319275,0.6790944337844849,1.8730162982803136,0.5
2021_Ref_Plot5_A19::22,Field2,3,0.42398524284362793,0.31525206565856934,0.42398524284362793,2.939465138730657,0.3333333333333333
2021_Ref_Plot5_A19::27,Field2,4,0.6121149063110352,0.18944014608860016,0.6121149063110352,2.9205399753893593,0.25
2021_Ref_Plot5_A19::35,Field2,5,0.29343098402023315,0.1981305480003357,0.29343098402023315,4.7645205991211705,0.2
2021_Ref_Plot5_A19::44,Field2,6,0.3894670605659485,0.13858173787593842,0.3894670605659485,4.586258790267099,0.16666666666666666
2021_Ref_Plot5_A19::50,Field2,7,0.5548452138900757,0.09013634920120239,0.5548452138900757,4.299368703475782,0.14285714285714285
2021_Ref_Plot5_A19::57,Field2,8,0.3862602710723877,0.2718302607536316,0.3862602710723877,5.013187156209469,0.125
2021_Ref_Plot5_A19::65,Field2,9,0.3425585925579071,0.17761589586734772,0.3425585925579071,4.914327216451442,0.1111111111111111
2021_Ref_Plot5_A19::69,Field2,10,0.6397872567176819,0.04154073819518089,0.6397872567176819,3.168809093020006,0.1
2021_Ref_Plot5_A19::71,Field2,11,0.514351487159729,0.03552092984318733,0.514351487159729,4.371233887499203,0.09090909090909091
2021_Ref_Plot5_A19::76,Field2,12,0.35259145498275757,0.1048089936375618,0.35259145498275757,6.114211998738353,0.08333333333333333
2021_Ref_Plot5_A19::80,Field2,13,0.4655070900917053,0.09042547643184662,0.4655070900917053,5.415656442592132,0.07692307692307693
2021_Ref_Plot5_A19::85,Field2,14,0.570629358291626,0.05692139267921448,0.570629358291626,4.6335786070783005,0.07142857142857142
2021_Ref_Plot5_B12::8,Field2,1,1.0,1.0,1.0,1.0,1.0
2021_Ref_Plot5_B12::16,Field2,2,0.6817126274108887,0.31828737258911133,0.6817126274108887,1.8693145023121795,0.5
2021_Ref_Plot5_B12::22,Field2,3,0.4243166744709015,0.31425005197525024,0.4243166744709015,2.9395429311243073,0.3333333333333333
2021_Ref_Plot5_B12::27,Field2,4,0.6030248999595642,0.20295646786689758,0.6030248999595642,2.9407959525547387,0.25
2021_Ref_Plot5_B12::35,Field2,5,0.3037468492984772,0.19313032925128937,0.3037468492984772,4.715933264488525,0.2
2021_Ref_Plot5_B12::44,Field2,6,0.3841365575790405,0.1437448263168335,0.3841365575790405,4.2951148043055865,0.16666666666666666
2021_Ref_Plot5_B12::50,Field2,7,0.5453158020973206,0.09924134612083435,0.5453158020973206,4.37980329161612,0.14285714285714285
2021_Ref_Plot5_B12::57,Field2,8,0.39772269129753113,0.3014012575149536,0.39772269129753113,4.620547328187127,0.125
2021_Ref_Plot5_B12::65,Field2,9,0.3502592444419861,0.1948574334383011,0.3502592444419861,4.6329964502951,0.1111111111111111
2021_Ref_Plot5_B12::69,Field2,10,0.6265527009963989,0.04893312230706215,0.6265527009963989,3.2636157226111484,0.1
2021_Ref_Plot5_B12::71,Field2,11,0.5135629773139954,0.04541449248790741,0.5135629773139954,4.5312788636903605,0.09090909090909091
2021_Ref_Plot5_B12::76,Field2,12,0.34053969383239746,0.11211128532886505,0.34053969383239746,6.286063481729799,0.08333333333333333
2021_Ref_Plot5_B12::80,Field2,13,0.5949642658233643,0.06868677586317062,0.5949642658233643,4.1575696787627034,0.07692307692307693
2021_Ref_Plot5_B12::85,Field2,14,0.8035045266151428,0.027632219716906548,0.8035045266151428,2.456745354059316,0.07142857142857142
2021_Ref_Plot5_B14::8,Field2,1,1.0,1.0,1.0,1.0,1.0
2021_Ref_Plot5_B14::16,Field2,2,0.6772986650466919,0.3227013349533081,0.6772986650466919,1.8755256459746683,0.5
2021_Ref_Plot5_B14::22,Field2,3,0.41382211446762085,0.32444989681243896,0.41382211446762085,2.948111972371855,0.3333333333333333
2021_Ref_Plot5_B14::27,Field2,4,0.6097221374511719,0.19886036217212677,0.6097221374511719,2.915726866366026,0.25
2021_Ref_Plot5_B14::35,Field2,5,0.2881421744823456,0.19550608098506927,0.2881421744823456,4.765312422222285,0.2
2021_Ref_Plot5_B14::44,Field2,6,0.35959190130233765,0.14519278705120087,0.35959190130233765,4.678954127145301,0.16666666666666666
2021_Ref_Plot5_B14::50,Field2,7,0.585801362991333,0.0871497392654419,0.585801362991333,4.042024505836164,0.14285714285714285
2021_Ref_Plot5_B14::57,Field2,8,0.3861415982246399,0.28955724835395813,0.3861415982246399,4.955745801142837,0.125
2021_Ref_Plot5_B14::65,Field2,9,0.32860758900642395,0.18769462406635284,0.32860758900642395,5.038631770273619,0.1111111111111111
2021_Ref_Plot5_B14::69,Field2,10,0.6194086670875549,0.043064676225185394,0.6194086670875549,3.448613888046694,0.1
2021_Ref_Plot5_B14::71,Field2,11,0.48898008465766907,0.04118470475077629,0.48898008465766907,4.7468592852900455,0.09090909090909091
2021_Ref_Plot5_B14::76,Field2,12,0.34978505969047546,0.07772811502218246,0.34978505969047546,6.282221952497554,0.08333333333333333
2021_Ref_Plot5_B14::80,Field2,13,0.537662923336029,0.06797817349433899,0.537662923336029,4.869664183894182,0.07692307692307693
2021_Ref_Plot5_B14::85,Field2,14,0.7461979389190674,0.0334109328687191,0.7461979389190674,2.9309659531928065,0.07142857142857142
2021_Ref_Plot5_C12::8,Field2,1,1.0,1.0,1.0,1.0,1.0
2021_Ref_Plot5_C12::16,Field2,2,0.6810094714164734,0.318990558385849,0.6810094714164734,1.8703137594653656,0.5
2021_Ref_Plot5_C12::22,Field2,3,0.4183899462223053,0.3240724802017212,0.4183899462223053,2.9420137349181985,0.3333333333333333
2021_Ref_Plot5_C12::27,Field2,4,0.6301395893096924,0.19292689859867096,0.6301395893096924,2.8178834848384224,0.25
2021_Ref_Plot5_C12::35,Field2,5,0.30086907744407654,0.1980745792388916,0.30086907744407654,4.728993963714483,0.2
2021_Ref_Plot5_C12::44,Field2,6,0.3905569314956665,0.1417175680398941,0.3905569314956665,4.03172276006822,0.16666666666666666
2021_Ref_Plot5_C12::50,Field2,7,0.5179103016853333,0.1008802130818367,0.5179103016853333,4.614345493402457,0.14285714285714285
2021_Ref_Plot5_C12::57,Field2,8,0.4036165773868561,0.3090006113052368,0.4036165773868561,4.421757396537607,0.125
2021_Ref_Plot5_C12::65,Field2,9,0.3606354892253876,0.20862504839897156,0.3606354892253876,4.657574529303744,0.1111111111111111
2021_Ref_Plot5_C12::69,Field2,10,0.629574716091156,0.06159493327140808,0.629574716091156,3.410835654237987,0.1
2021_Ref_Plot5_C12::71,Field2,11,0.48234131932258606,0.059063125401735306,0.48234131932258606,4.899755166679781,0.09090909090909091
2021_Ref_Plot5_C12::76,Field2,12,0.3058384954929352,0.1414594054222107,0.3058384954929352,6.551151381552636,0.08333333333333333
2021_Ref_Plot5_C12::80,Field2,13,0.7330464124679565,0.036908674985170364,0.7330464124679565,2.7430276447411583,0.07692307692307693
2021_Ref_Plot5_C12::85,Field2,14,0.8934166431427002,0.015915075317025185,0.8934166431427002,1.732380082893513,0.07142857142857142
2021_Ref_Plot5_C17::8,Field2,1,1.0,1.0,1.0,1.0,1.0
2021_Ref_Plot5_C17::16,Field2,2,0.6918727159500122,0.3081272840499878,0.6918727159500122,1.8544608439994015,0.5
2021_Ref_Plot5_C17::22,Field2,3,0.4194015860557556,0.31643328070640564,0.4194015860557556,2.9452168071731997,0.3333333333333333
2021_Ref_Plot5_C17::27,Field2,4,0.6062625646591187,0.19883354008197784,0.6062625646591187,2.9349336089755034,0.25
2021_Ref_Plot5_C17::35,Field2,5,0.3148009777069092,0.1863047480583191,0.3148009777069092,4.698829578096392,0.2
2021_Ref_Plot5_C17::44,Field2,6,0.3941538333892822,0.12975092232227325,0.3941538333892822,4.050613383523267,0.16666666666666666
2021_Ref_Plot5_C17::50,Field2,7,0.5216806530952454,0.09184529632329941,0.5216806530952454,4.583704657442975,0.14285714285714285
2021_Ref_Plot5_C17::57,Field2,8,0.3988332152366638,0.28617236018180847,0.3988332152366638,4.679434395892587,0.125
2021_Ref_Plot5_C17::65,Field2,9,0.35645627975463867,0.19950447976589203,0.35645627975463867,4.676576379775143,0.1111111111111111
2021_Ref_Plot5_C17::69,Field2,10,0.6402897238731384,0.05657149851322174,0.6402897238731384,3.2760935006829888,0.1
2021_Ref_Plot5_C17::71,Field2,11,0.48081421852111816,0.05639754980802536,0.48081421852111816,4.77167961878098,0.09090909090909091
2021_Ref_Plot5_C17::76,Field2,12,0.38455531001091003,0.09346543997526169,0.38455531001091003,6.023362834909967,0.08333333333333333
2021_Ref_Plot5_C17::80,Field2,13,0.6127215027809143,0.04786377772688866,0.6127215027809143,3.746701613132309,0.07692307692307693
2021_Ref_Plot5_C17::85,Field2,14,0.8413230180740356,0.019892698153853416,0.8413230180740356,2.095315111469601,0.07142857142857142
2021_Ref_Plot5_C18::8,Field2,1,1.0,1.0,1.0,1.0,1.0
2021_Ref_Plot5_C18::16,Field2,2,0.6893013715744019,0.31069862842559814,0.6893013715744019,1.858293381603835,0.5
2021_Ref_Plot5_C18::22,Field2,3,0.42043498158454895,0.3201448917388916,0.42043498158454895,2.9416444548144165,0.3333333333333333
2021_Ref_Plot5_C18::27,Field2,4,0.6096290349960327,0.200907900929451,0.6096290349960327,2.9110813179175152,0.25
2021_Ref_Plot5_C18::35,Field2,5,0.30589866638183594,0.19375616312026978,0.30589866638183594,4.722428136174692,0.2
2021_Ref_Plot5_C18::44,Field2,6,0.3907831907272339,0.13737168908119202,0.3907831907272339,4.049010087172141,0.16666666666666666
2021_Ref_Plot5_C18::50,Field2,7,0.5333998203277588,0.0942937359213829,0.5333998203277588,4.482134664469336,0.14285714285714285
2021_Ref_Plot5_C18::57,Field2,8,0.39769136905670166,0.29651394486427307,0.39769136905670166,4.561392521741903,0.125
2021_Ref_Plot5_C18::65,Field2,9,0.35512635111808777,0.20618091523647308,0.35512635111808777,4.6786518229714025,0.1111111111111111
2021_Ref_Plot5_C18::69,Field2,10,0.6332159638404846,0.06222914531826973,0.6332159638404846,3.3415717603418833,0.1
2021_Ref_Plot5_C18::71,Field2,11,0.46871164441108704,0.05959122255444527,0.46871164441108704,4.887840094068478,0.09090909090909091
2021_Ref_Plot5_C18::76,Field2,12,0.375948429107666,0.10058533400297165,0.375948429107666,5.938255851084306,0.08333333333333333
2021_Ref_Plot5_C18::80,Field2,13,0.6946205496788025,0.038339219987392426,0.6946205496788025,3.101008735306642,0.07692307692307693
2021_Ref_Plot5_C18::85,Field2,14,0.8787964582443237,0.016808440908789635,0.8787964582443237,1.8268108211122294,0.07142857142857142
2021_Ref_Plot5_D10::8,Field2,1,1.0,1.0,1.0,1.0,1.0
2021_Ref_Plot5_D10::16,Field2,2,0.6799527406692505,0.3200472891330719,0.6799527406692505,1.8718085146790098,0.5
2021_Ref_Plot5_D10::22,Field2,3,0.40964728593826294,0.3274654746055603,0.40964728593826294,2.951731940405692,0.3333333333333333
2021_Ref_Plot5_D10::27,Field2,4,0.606132984161377,0.2020730972290039,0.606132984161377,2.925794533375612,0.25
2021_Ref_Plot5_D10::35,Field2,5,0.2899654507637024,0.18534323573112488,0.2899654507637024,4.764964208336743,0.2
2021_Ref_Plot5_D10::44,Field2,6,0.3593597710132599,0.16964955627918243,0.3593597710132599,4.234562350226388,0.16666666666666666
2021_Ref_Plot5_D10::50,Field2,7,0.5476308465003967,0.09304439276456833,0.5476308465003967,4.387466255954598,0.14285714285714285
2021_Ref_Plot5_D10::57,Field2,8,0.34900033473968506,0.3266073763370514,0.34900033473968506,4.9973174691008095,0.125
2021_Ref_Plot5_D10::65,Field2,9,0.3148040771484375,0.22807393968105316,0.3148040771484375,5.003498974620807,0.1111111111111111
2021_Ref_Plot5_D10::69,Field2,10,0.5976570844650269,0.04656897485256195,0.5976570844650269,3.8488086450564056,0.1
2021_Ref_Plot5_D10::71,Field2,11,0.44125276803970337,0.05377799645066261,0.44125276803970337,5.2118154965543955,0.09090909090909091
2021_Ref_Plot5_D10::76,Field2,12,0.3965856730937958,0.06630633026361465,0.3965856730937958,5.518874752088742,0.08333333333333333
2021_Ref_Plot5_D10::80,Field2,13,0.639685332775116,0.03266076743602753,0.639685332775116,3.718314851891536,0.07692307692307693
2021_Ref_Plot5_D10::85,Field2,14,0.7697086334228516,0.01596870645880699,0.7697086334228516,2.678603386189223,0.07142857142857142
2021_Ref_Plot5_D11::8,Field2,1,1.0,1.0,1.0,1.0,1.0
2021_Ref_Plot5_D11::16,Field2,2,0.6766918897628784,0.3233080804347992,0.6766918897628784,1.876367837588687,0.5
2021_Ref_Plot5_D11::22,Field2,3,0.4089078903198242,0.3309282064437866,0.4089078903198242,2.9503574893057576,0.3333333333333333
2021_Ref_Plot5_D11::27,Field2,4,0.6121442914009094,0.20271959900856018,0.6121442914009094,2.8903621822905703,0.25
2021_Ref_Plot5_D11::35,Field2,5,0.2999771237373352,0.1832202672958374,0.2999771237373352,4.7439928891903635,0.2
2021_Ref_Plot5_D11::44,Field2,6,0.35668233036994934,0.1684742122888565,0.35668233036994934,4.263103538001333,0.16666666666666666
2021_Ref_Plot5_D11::50,Field2,7,0.5297037959098816,0.09688826650381088,0.5297037959098816,4.507661709491766,0.14285714285714285
2021_Ref_Plot5_D11::57,Field2,8,0.350894957780838,0.32910075783729553,0.350894957780838,4.960589534549676,0.125
2021_Ref_Plot5_D11::65,Field2,9,0.3252960741519928,0.23535223305225372,0.3252960741519928,4.900125497748911,0.1111111111111111
2021_Ref_Plot5_D11::69,Field2,10,0.613773763179779,0.04830195754766464,0.613773763179779,3.677441862191879,0.1
2021_Ref_Plot5_D11::71,Field2,11,0.44107165932655334,0.05566715821623802,0.44107165932655334,5.202397700446089,0.09090909090909091
2021_Ref_Plot5_D11::76,Field2,12,0.3871358335018158,0.08064283430576324,0.3871358335018158,5.746288168953051,0.08333333333333333
2021_Ref_Plot5_D11::80,Field2,13,0.6139866709709167,0.03718021884560585,0.6139866709709167,3.8924989180908818,0.07692307692307693
2021_Ref_Plot5_D11::85,Field2,14,0.759631872177124,0.015372371301054955,0.759631872177124,2.7298185681352134,0.07142857142857142
2021_Ref_Plot5_D9::8,Field2,1,1.0,1.0,1.0,1.0,1.0
2021_Ref_Plot5_D9::16,Field2,2,0.6760830879211426,0.32391688227653503,0.6760830879211426,1.8772101836020272,0.5
2021_Ref_Plot5_D9::22,Field2,3,0.4105585217475891,0.328617662191391,0.4105585217475891,2.9497596428519515,0.3333333333333333
2021_Ref_Plot5_D9::27,Field2,4,0.6175836324691772,0.19743692874908447,0.6175836324691772,2.8723951171888875,0.25
2021_Ref_Plot5_D9::35,Field2,5,0.29379236698150635,0.18345366418361664,0.29379236698150635,4.763492107210228,0.2
2021_Ref_Plot5_D9::44,Field2,6,0.3514970541000366,0.1708829253911972,0.3514970541000366,4.293264259505114,0.16666666666666666
2021_Ref_Plot5_D9::50,Field2,7,0.5277978777885437,0.09637237340211868,0.5277978777885437,4.553958313478479,0.14285714285714285
2021_Ref_Plot5_D9::57,Field2,8,0.3499457836151123,0.3262427747249603,0.3499457836151123,5.0020664742557885,0.125
2021_Ref_Plot5_D9::65,Field2,9,0.3155195713043213,0.22747208178043365,0.3155195713043213,5.067406756289975,0.1111111111111111
2021_Ref_Plot5_D9::69,Field2,10,0.6005719900131226,0.04440212622284889,0.6005719900131226,3.8032091824042826,0.1
2021_Ref_Plot5_D9::71,Field2,11,0.42478662729263306,0.05384323373436928,0.42478662729263306,5.373855468229338,0.09090909090909091
2021_Ref_Plot5_D9::76,Field2,12,0.40505391359329224,0.05206654965877533,0.40505391359329224,5.367496660136484,0.08333333333333333
2021_Ref_Plot5_D9::80,Field2,13,0.6414657235145569,0.030363405123353004,0.6414657235145569,3.683210709708125,0.07692307692307693
2021_Ref_Plot5_D9::85,Field2,14,0.7675478458404541,0.01637042872607708,0.7675478458404541,2.7002278034773326,0.07142857142857142
2021_Ref_Plot5_E11::8,Field2,1,1.0,1.0,1.0,1.0,1.0
2021_Ref_Plot5_E11::16,Field2,2,0.6655060648918152,0.3344939947128296,0.6655060648918152,1.891396851414586,0.5
2021_Ref_Plot5_E11::22,Field2,3,0.4359686076641083,0.31749382615089417,0.4359686076641083,2.9194824704972078,0.3333333333333333
2021_Ref_Plot5_E11::27,Field2,4,0.6062294244766235,0.20501019060611725,0.6062294244766235,2.924387885489401,0.25
2021_Ref_Plot5_E11::35,Field2,5,0.30233994126319885,0.2084077149629593,0.30233994126319885,4.713338941365789,0.2
2021_Ref_Plot5_E11::44,Field2,6,0.3729079067707062,0.1845323145389557,0.3729079067707062,4.119215635495989,0.16666666666666666
2021_Ref_Plot5_E11::50,Field2,7,0.5297842621803284,0.11594323813915253,0.5297842621803284,4.492822408049175,0.14285714285714285
2021_Ref_Plot5_E11::57,Field2,8,0.397685170173645,0.35238420963287354,0.397685170173645,4.248337962094698,0.125
2021_Ref_Plot5_E11::65,Field2,9,0.36700230836868286,0.25391995906829834,0.36700230836868286,4.277533385233891,0.1111111111111111
2021_Ref_Plot5_E11::69,Field2,10,0.609441339969635,0.05552162975072861,0.609441339969635,3.9352859747781364,0.1
2021_Ref_Plot5_E11::71,Field2,11,0.40632638335227966,0.07302991300821304,0.40632638335227966,5.848761140340505,0.09090909090909091
2021_Ref_Plot5_E11::76,Field2,12,0.2569024860858917,0.2227032482624054,0.2569024860858917,6.760743922514339,0.08333333333333333
2021_Ref_Plot5_E11::80,Field2,13,0.7631155252456665,0.02037877030670643,0.7631155252456665,2.599296227019629,0.07692307692307693
2021_Ref_Plot5_E11::85,Field2,14,0.8816258907318115,0.014834600500762463,0.8816258907318115,1.8520509909344745,0.07142857142857142
2021_Ref_Plot5_E3::8,Field2,1,1.0,1.0,1.0,1.0,1.0
2021_Ref_Plot5_E3::16,Field2,2,0.6669100522994995,0.3330899775028229,0.6669100522994995,1.889562511538398,0.5
2021_Ref_Plot5_E3::22,Field2,3,0.40483081340789795,0.336875319480896,0.40483081340789795,2.9513389234626426,0.3333333333333333
2021_Ref_Plot5_E3::27,Field2,4,0.5860397219657898,0.2225492000579834,0.5860397219657898,2.9853015590922185,0.25
2021_Ref_Plot5_E3::35,Field2,5,0.2849087417125702,0.20929187536239624,0.2849087417125702,4.75883288605985,0.2
2021_Ref_Plot5_E3::44,Field2,6,0.38017913699150085,0.1703403890132904,0.38017913699150085,4.0949939648968074,0.16666666666666666
2021_Ref_Plot5_E3::50,Field2,7,0.5060381889343262,0.11671195179224014,0.5060381889343262,4.713077677296318,0.14285714285714285
2021_Ref_Plot5_E3::57,Field2,8,0.3659021556377411,0.3363244831562042,0.3659021556377411,4.641598154575145,0.125
2021_Ref_Plot5_E3::65,Field2,9,0.3467327058315277,0.24424614012241364,0.3467327058315277,4.540926843021242,0.1111111111111111
2021_Ref_Plot5_E3::69,Field2,10,0.6250971555709839,0.05088776350021362,0.6250971555709839,3.6261769836253377,0.1
2021_Ref_Plot5_E3::71,Field2,11,0.42802393436431885,0.06406687200069427,0.42802393436431885,5.4404886135601425,0.09090909090909091
2021_Ref_Plot5_E3::76,Field2,12,0.362569123506546,0.11878903210163116,0.362569123506546,6.208765392820175,0.08333333333333333
2021_Ref_Plot5_E3::80,Field2,13,0.6964259743690491,0.025994783267378807,0.6964259743690491,3.159536798535369,0.07692307692307693
2021_Ref_Plot5_E3::85,Field2,14,0.8535069227218628,0.01515807956457138,0.8535069227218628,2.0067617536697124,0.07142857142857142
2021_Ref_Plot5_E7::8,Field2,1,1.0,1.0,1.0,1.0,1.0
2021_Ref_Plot5_E7::16,Field2,2,0.6571165323257446,0.34288349747657776,0.6571165323257446,1.9020448684474975,0.5
2021_Ref_Plot5_E7::22,Field2,3,0.423970490694046,0.3290841281414032,0.423970490694046,2.9298117682945812,0.3333333333333333
2021_Ref_Plot5_E7::27,Field2,4,0.626090943813324,0.19814042747020721,0.626090943813324,2.829054010218404,0.25
2021_Ref_Plot5_E7::35,Field2,5,0.2926299571990967,0.21637210249900818,0.2926299571990967,4.7251491294601875,0.2
2021_Ref_Plot5_E7::44,Field2,6,0.38033556938171387,0.18780115246772766,0.38033556938171387,4.093570245874407,0.16666666666666666
2021_Ref_Plot5_E7::50,Field2,7,0.5205270648002625,0.12137822806835175,0.5205270648002625,4.568591602623353,0.14285714285714285
2021_Ref_Plot5_E7::57,Field2,8,0.38236039876937866,0.35160496830940247,0.38236039876937866,4.366200436573828,0.125
2021_Ref_Plot5_E7::65,Field2,9,0.367341011762619,0.25571781396865845,0.367341011762619,4.367564858337948,0.1111111111111111
2021_Ref_Plot5_E7::69,Field2,10,0.6148042678833008,0.05814016982913017,0.6148042678833008,3.884101765474529,0.1
2021_Ref_Plot5_E7::71,Field2,11,0.42012521624565125,0.07984370738267899,0.42012521624565125,5.7075443172768034,0.09090909090909091
2021_Ref_Plot5_E7::76,Field2,12,0.2857702672481537,0.21171525120735168,0.2857702672481537,6.5377186353312,0.08333333333333333
2021_Ref_Plot5_E7::80,Field2,13,0.7353308200836182,0.020636407658457756,0.7353308200836182,2.8333423494989742,0.07692307692307693
2021_Ref_Plot5_E7::85,Field2,14,0.887492835521698,0.015478295274078846,0.887492835521698,1.755688076601506,0.07142857142857142
