pair_id,plant_id,field,split,gap_days,n_input_frames,ssim,psnr,structure_ssim,bucket_n,used_fallback,thin_bucket
2020_Ref_Plot1_A10::22,2020_Ref_Plot1_A10,Field1,test,7,1,0.2901403185741919,19.027939162466524,0.04523968655159449,174,False,False
2020_Ref_Plot1_A10::28,2020_Ref_Plot1_A10,Field1,test,6,2,0.6311544114769143,25.822756347397537,0.1601976162545809,174,False,False
2020_Ref_Plot1_A10::36,2020_Ref_Plot1_A10,Field1,test,8,3,0.14140808099708915,13.555817050062211,0.018959543859779143,174,False,False
2020_Ref_Plot1_A10::42,2020_Ref_Plot1_A10,Field1,test,6,4,0.2765854508325942,16.85428974061817,0.05927798007041049,174,False,False
2020_Ref_Plot1_A10::51,2020_Ref_Plot1_A10,Field1,test,9,5,0.1329392173246223,11.86425353443342,0.023971700823573104,174,False,False
2020_Ref_Plot1_A10::83,2020_Ref_Plot1_A10,Field1,test,32,6,0.17557995567721937,14.476075226865312,0.020900877871496342,140,False,False
2020_Ref_Plot1_A93::22,2020_Ref_Plot1_A93,Field1,test,7,1,0.2809105321293372,19.45260272788766,0.039765106467157516,174,False,False
2020_Ref_Plot1_A93::28,2020_Ref_Plot1_A93,Field1,test,6,2,0.6546601297266301,25.953291908576798,0.1773623678055861,174,False,False
2020_Ref_Plot1_A93::36,2020_Ref_Plot1_A93,Field1,test,8,3,0.1533766848239552,13.469869822811756,0.02495806993987351,174,False,False
2020_Ref_Plot1_A93::42,2020_Ref_Plot1_A93,Field1,test,6,4,0.2666349029090402,16.093571946040623,0.045239055675532665,174,False,False
2020_Ref_Plot1_A93::51,2020_Ref_Plot1_A93,Field1,test,9,5,0.14861030276622633,11.579506426444095,0.04038568040937383,174,False,False
2020_Ref_Plot1_A94::22,2020_Ref_Plot1_A94,Field1,test,7,1,0.30928631061215955,19.541698636880966,0.040894179650025474,174,False,False
2020_Ref_Plot1_A94::28,2020_Ref_Plot1_A94,Field1,test,6,2,0.6495294112712223,25.782287479401713,0.18050091228795853,174,False,False
2020_Ref_Plot1_A94::36,2020_Ref_Plot1_A94,Field1,test,8,3,0.16676310376360926,14.302644489178459,0.026290891352630304,174,False,False
2020_Ref_Plot1_A94::42,2020_Ref_Plot1_A94,Field1,test,6,4,0.23634664156906768,15.947848546008325,0.034005726196216654,174,False,False
2020_Ref_Plot1_A94::51,2020_Ref_Plot1_A94,Field1,test,9,5,0.14391838243181096,11.125075354209608,0.01605430443192789,174,False,False
2020_Ref_Plot1_B1::22,2020_Ref_Plot1_B1,Field1,test,7,1,0.23113485113184654,18.117986788317392,0.031633120248608614,174,False,False
2020_Ref_Plot1_B1::28,2020_Ref_Plot1_B1,Field1,test,6,2,0.6310707288781295,25.698748313983305,0.14646424684339038,174,False,False
2020_Ref_Plot1_B1::36,2020_Ref_Plot1_B1,Field1,test,8,3,0.14940684310980826,13.798662356747863,0.026063220218306312,174,False,False
2020_Ref_Plot1_B1::42,2020_Ref_Plot1_B1,Field1,test,6,4,0.26544666628896807,17.372197473323816,0.03792943148076901,174,False,False
2020_Ref_Plot1_B1::51,2020_Ref_Plot1_B1,Field1,test,9,5,0.12873525214217582,11.401409082697679,0.028199797693818234,174,False,False
2020_Ref_Plot1_B1::83,2020_Ref_Plot1_B1,Field1,test,32,6,0.2836741312596134,15.570211762844217,0.036861896334834596,140,False,False
2020_Ref_Plot1_B10::22,2020_Ref_Plot1_B10,Field1,test,7,1,0.26650511084677037,18.267703460025956,0.03932372029040891,174,False,False
2020_Ref_Plot1_B10::28,2020_Ref_Plot1_B10,Field1,test,6,2,0.5989055886274917,25.68304772411063,0.13185604366787973,174,False,False
2020_Ref_Plot1_B10::36,2020_Ref_Plot1_B10,Field1,test,8,3,0.12919634688010417,13.413463558299988,0.018562221119229026,174,False,False
2020_Ref_Plot1_B10::42,2020_Ref_Plot1_B10,Field1,test,6,4,0.24216810157949523,16.633990182880332,0.040107842318700605,174,False,False
2020_Ref_Plot1_B10::51,2020_Ref_Plot1_B10,Field1,test,9,5,0.14125608342881749,12.152882893238328,0.034539158219180015,174,False,False
2020_Ref_Plot1_B10::83,2020_Ref_Plot1_B10,Field1,test,32,6,0.25551626820859114,16.439409727002243,0.04456933462146251,140,False,False
2020_Ref_Plot1_B7::22,2020_Ref_Plot1_B7,Field1,test,7,1,0.2819283283995014,18.78243498953498,0.03521392133900193,174,False,False
2020_Ref_Plot1_B7::28,2020_Ref_Plot1_B7,Field1,test,6,2,0.6119813190137414,25.855124351062415,0.13312692257344608,174,False,False
2020_Ref_Plot1_B7::36,2020_Ref_Plot1_B7,Field1,test,8,3,0.13103253212582047,12.734906103930868,0.01855731297283268,174,False,False
2020_Ref_Plot1_B7::42,2020_Ref_Plot1_B7,Field1,test,6,4,0.24377101042395047,16.111186731498822,0.0362810068426026,174,False,False
2020_Ref_Plot1_B7::51,2020_Ref_Plot1_B7,Field1,test,9,5,0.13088107370571042,11.454117776850508,0.026721994911207223,174,False,False
2020_Ref_Plot1_B7::83,2020_Ref_Plot1_B7,Field1,test,32,6,0.2515448802125288,16.239440581001755,0.02985395851970265,140,False,False
2020_Ref_Plot1_B94::22,2020_Ref_Plot1_B94,Field1,test,7,1,0.25721674060500704,17.956875704560368,0.035154124061295276,174,False,False
2020_Ref_Plot1_B94::28,2020_Ref_Plot1_B94,Field1,test,6,2,0.6482265313948138,26.000226844535604,0.17847700354220944,174,False,False
2020_Ref_Plot1_B94::36,2020_Ref_Plot1_B94,Field1,test,8,3,0.1566920958987035,14.130471734182418,0.025282916283467707,174,False,False
2020_Ref_Plot1_B94::42,2020_Ref_Plot1_B94,Field1,test,6,4,0.21816291366669313,15.601201726935097,0.03569286669933881,174,False,False
2020_Ref_Plot1_B94::51,2020_Ref_Plot1_B94,Field1,test,9,5,0.1385067473915337,11.252720124211057,0.016043299217794717,174,False,False
2020_Ref_Plot1_C1::22,2020_Ref_Plot1_C1,Field1,test,7,1,0.24241010637379792,18.25418959264094,0.03767339651014924,174,False,False
2020_Ref_Plot1_C1::28,2020_Ref_Plot1_C1,Field1,test,6,2,0.6612788952859728,26.06136370845403,0.16339055250653667,174,False,False
2020_Ref_Plot1_C1::36,2020_Ref_Plot1_C1,Field1,test,8,3,0.1635799416124095,13.4232310372399,0.02291894034191879,174,False,False
2020_Ref_Plot1_C1::42,2020_Ref_Plot1_C1,Field1,test,6,4,0.2582523705813777,17.266123166775177,0.048830607602646486,174,False,False
2020_Ref_Plot1_C1::51,2020_Ref_Plot1_C1,Field1,test,9,5,0.12366729520556242,11.429648862076096,-0.0010510732035793303,174,False,False
2020_Ref_Plot1_C1::83,2020_Ref_Plot1_C1,Field1,test,32,6,0.2889769624938298,15.624224704401808,0.032521552357268745,140,False,False
2020_Ref_Plot1_C92::22,2020_Ref_Plot1_C92,Field1,test,7,1,0.23063554383662224,17.606003001233972,0.03442594120439527,174,False,False
2020_Ref_Plot1_C92::28,2020_Ref_Plot1_C92,Field1,test,6,2,0.6422265626216817,25.726284182280473,0.18696206477217517,174,False,False
2020_Ref_Plot1_C92::36,2020_Ref_Plot1_C92,Field1,test,8,3,0.143502099975213,13.918212627647824,0.017412470635466176,174,False,False
2020_Ref_Plot1_C92::42,2020_Ref_Plot1_C92,Field1,test,6,4,0.2221801844348815,16.213433492708173,0.030490383463529214,174,False,False
2020_Ref_Plot1_C92::51,2020_Ref_Plot1_C92,Field1,test,9,5,0.1362055220400817,11.56714260995334,0.01202496290745966,174,False,False
2020_Ref_Plot1_C98::22,2020_Ref_Plot1_C98,Field1,test,7,1,0.2482314838129603,18.348573443168213,0.040874124582177394,174,False,False
2020_Ref_Plot1_C98::28,2020_Ref_Plot1_C98,Field1,test,6,2,0.6579641637068178,25.857752439989135,0.1612356617813102,174,False,False
2020_Ref_Plot1_C98::36,2020_Ref_Plot1_C98,Field1,test,8,3,0.1545898159772206,13.636630032259074,0.02025475700740152,174,False,False
2020_Ref_Plot1_C98::42,2020_Ref_Plot1_C98,Field1,test,6,4,0.23322838269064727,16.55536933308933,0.03314446163219807,174,False,False
2020_Ref_Plot1_C98::51,2020_Ref_Plot1_C98,Field1,test,9,5,0.11566925078433932,11.342774446292996,0.016741794818618035,174,False,False
2020_Ref_Plot2_A2::22,2020_Ref_Plot2_A2,Field1,test,7,1,0.23928333124668807,19.043628932442175,0.03601193811837317,174,False,False
2020_Ref_Plot2_A2::28,2020_Ref_Plot2_A2,Field1,test,6,2,0.64368457722586,25.961358523935132,0.1481824636004232,174,False,False
2020_Ref_Plot2_A2::36,2020_Ref_Plot2_A2,Field1,test,8,3,0.15420057357771466,13.608641596942725,0.03260402179167213,174,False,False
2020_Ref_Plot2_A2::42,2020_Ref_Plot2_A2,Field1,test,6,4,0.2683714257361786,16.852230500873723,0.04625984430884731,174,False,False
2020_Ref_Plot2_A2::51,2020_Ref_Plot2_A2,Field1,test,9,5,0.11715937459642976,11.22206029060921,0.013766571933024737,174,False,False
2020_Ref_Plot2_A2::83,2020_Ref_Plot2_A2,Field1,test,32,6,0.21446376658818214,15.007094997563573,0.028667929248596798,140,False,False
2020_Ref_Plot2_A4::22,2020_Ref_Plot2_A4,Field1,test,7,1,0.22599389549508622,18.719287395332092,0.02989517660702817,174,False,False
2020_Ref_Plot2_A4::28,2020_Ref_Plot2_A4,Field1,test,6,2,0.6495745703677162,26.132131364054327,0.17862678617288047,174,False,False
2020_Ref_Plot2_A4::36,2020_Ref_Plot2_A4,Field1,test,8,3,0.14871617958940125,13.488332932632245,0.01957063011533451,174,False,False
2020_Ref_Plot2_A4::42,2020_Ref_Plot2_A4,Field1,test,6,4,0.21444604840681816,15.175274900414795,0.02618238868517193,174,False,False
2020_Ref_Plot2_A4::51,2020_Ref_Plot2_A4,Field1,test,9,5,0.12566965123733384,11.5992096739704,0.030368490304629576,174,False,False
2020_Ref_Plot2_A4::83,2020_Ref_Plot2_A4,Field1,test,32,6,0.16063216241803782,12.7872810067805,0.012181812057382998,140,False,False
2020_Ref_Plot2_A91::22,2020_Ref_Plot2_A91,Field1,test,7,1,0.23859630429902265,18.639352031193045,0.033831358965856935,174,False,False
2020_Ref_Plot2_A91::28,2020_Ref_Plot2_A91,Field1,test,6,2,0.637998738846821,25.612587075410318,0.14028877471449652,174,False,False
2020_Ref_Plot2_A91::36,2020_Ref_Plot2_A91,Field1,test,8,3,0.15886227057231958,13.97758979900365,0.020823210123732405,174,False,False
2020_Ref_Plot2_A91::42,2020_Ref_Plot2_A91,Field1,test,6,4,0.28475717937479234,18.087258914869903,0.04244841584401918,174,False,False
2020_Ref_Plot2_A91::51,2020_Ref_Plot2_A91,Field1,test,9,5,0.12582893831835498,11.383771275114805,0.029492580588111193,174,False,False
2020_Ref_Plot2_A91::83,2020_Ref_Plot2_A91,Field1,test,32,6,0.26295965051851405,15.73555282577859,0.04732189774971499,140,False,False
2020_Ref_Plot2_B1::22,2020_Ref_Plot2_B1,Field1,test,7,1,0.21628055769869967,19.00918601387662,0.024467111816479706,174,False,False
2020_Ref_Plot2_B1::28,2020_Ref_Plot2_B1,Field1,test,6,2,0.6616481970629519,26.11588873831129,0.15799987426044018,174,False,False
2020_Ref_Plot2_B1::36,2020_Ref_Plot2_B1,Field1,test,8,3,0.14711359129695917,13.629728833182922,0.02374992938553546,174,False,False
2020_Ref_Plot2_B1::42,2020_Ref_Plot2_B1,Field1,test,6,4,0.2953153356215188,17.29702687825189,0.03048210481888747,174,False,False
2020_Ref_Plot2_B1::51,2020_Ref_Plot2_B1,Field1,test,9,5,0.11279767909495542,11.044832739627351,0.004189641369400992,174,False,False
2020_Ref_Plot2_B1::83,2020_Ref_Plot2_B1,Field1,test,32,6,0.19890443980432784,14.766353925312819,0.01600985181949226,140,False,False
2020_Ref_Plot2_B7::22,2020_Ref_Plot2_B7,Field1,test,7,1,0.25857208630348716,19.03221655116553,0.030609735681648105,174,False,False
2020_Ref_Plot2_B7::28,2020_Ref_Plot2_B7,Field1,test,6,2,0.6311641135813427,25.69935274025216,0.14604135735445067,174,False,False
2020_Ref_Plot2_B7::36,2020_Ref_Plot2_B7,Field1,test,8,3,0.14000475141575178,13.323154258365808,0.019635614750121252,174,False,False
2020_Ref_Plot2_B7::42,2020_Ref_Plot2_B7,Field1,test,6,4,0.24160842638349678,16.16850866549943,0.03578745269254968,174,False,False
2020_Ref_Plot2_B7::51,2020_Ref_Plot2_B7,Field1,test,9,5,0.12132048765543287,10.53129313459462,0.03237402638907496,174,False,False
2020_Ref_Plot2_B7::83,2020_Ref_Plot2_B7,Field1,test,32,6,0.14219552315930384,13.08987128524925,0.008954538430210086,140,False,False
2020_Ref_Plot2_B91::22,2020_Ref_Plot2_B91,Field1,test,7,1,0.2063605272605551,18.177181471177043,0.028063759305385613,174,False,False
2020_Ref_Plot2_B91::28,2020_Ref_Plot2_B91,Field1,test,6,2,0.6437293197908361,25.721993530528998,0.15329771975296644,174,False,False
2020_Ref_Plot2_B91::36,2020_Ref_Plot2_B91,Field1,test,8,3,0.15004726429043827,13.905643229453355,0.01773076923438276,174,False,False
2020_Ref_Plot2_B91::42,2020_Ref_Plot2_B91,Field1,test,6,4,0.24296121637319032,16.762335302621732,0.019727530645212384,174,False,False
2020_Ref_Plot2_B91::51,2020_Ref_Plot2_B91,Field1,test,9,5,0.10476988830221529,11.332898460122163,0.011300419674897403,174,False,False
2020_Ref_Plot2_B99::22,2020_Ref_Plot2_B99,Field1,test,7,1,0.24832681206791718,18.789199415639665,0.030705930961656563,174,False,False
2020_Ref_Plot2_B99::28,2020_Ref_Plot2_B99,Field1,test,6,2,0.6447854897685722,25.336022406762023,0.1484957330716226,174,False,False
2020_Ref_Plot2_B99::36,2020_Ref_Plot2_B99,Field1,test,8,3,0.13575668032424362,13.159477421333586,0.020299863347621187,174,False,False
2020_Ref_Plot2_B99::42,2020_Ref_Plot2_B99,Field1,test,6,4,0.2535552863046761,17.19283304608539,0.02520124861925345,174,False,False
2020_Ref_Plot2_B99::51,2020_Ref_Plot2_B99,Field1,test,9,5,0.108657558828951,11.099152035061646,0.005261746902143352,174,False,False
2020_Ref_Plot2_B99::83,2020_Ref_Plot2_B99,Field1,test,32,6,0.2111916159670784,15.043915157442987,0.02444357714210728,140,False,False
2020_Ref_Plot2_C2::22,2020_Ref_Plot2_C2,Field1,test,7,1,0.22366343688299695,18.700450104062178,0.029898696944078255,174,False,False
2020_Ref_Plot2_C2::28,2020_Ref_Plot2_C2,Field1,test,6,2,0.6616912552229594,26.166333078148995,0.16027583891554395,174,False,False
2020_Ref_Plot2_C2::36,2020_Ref_Plot2_C2,Field1,test,8,3,0.16341590051446642,13.269486732742381,0.023050975300093257,174,False,False
2020_Ref_Plot2_C2::42,2020_Ref_Plot2_C2,Field1,test,6,4,0.2794250208055906,16.768339724355528,0.03252370193365688,174,False,False
2020_Ref_Plot2_C2::51,2020_Ref_Plot2_C2,Field1,test,9,5,0.13953955013671948,11.790615658822237,0.035475070148903685,174,False,False
2020_Ref_Plot2_C2::83,2020_Ref_Plot2_C2,Field1,test,32,6,0.191894792583419,14.22465681126747,0.005193015478800919,140,False,False
2020_Ref_Plot2_C5::22,2020_Ref_Plot2_C5,Field1,test,7,1,0.23592147522139353,18.98245696425149,0.03162553791230858,174,False,False
2020_Ref_Plot2_C5::28,2020_Ref_Plot2_C5,Field1,test,6,2,0.6476063968956313,25.848823732201225,0.1583993835597768,174,False,False
2020_Ref_Plot2_C5::36,2020_Ref_Plot2_C5,Field1,test,8,3,0.16846348064936198,13.343732118560759,0.02180882447663605,174,False,False
2020_Ref_Plot2_C5::42,2020_Ref_Plot2_C5,Field1,test,6,4,0.2471196806138911,15.697023663181863,0.03402918178628011,174,False,False
2020_Ref_Plot2_C5::51,2020_Ref_Plot2_C5,Field1,test,9,5,0.13011936433271346,11.531059957239842,0.031242880415197027,174,False,False
2020_Ref_Plot2_C5::83,2020_Ref_Plot2_C5,Field1,test,32,6,0.16821390690503546,13.515691218215762,0.02652595894403491,140,False,False
2020_Ref_Plot2_C6::22,2020_Ref_Plot2_C6,Field1,test,7,1,0.232761932291898,18.89828384341959,0.03611078795179222,174,False,False
2020_Ref_Plot2_C6::28,2020_Ref_Plot2_C6,Field1,test,6,2,0.6378235817953216,25.746960009413854,0.14356847376249557,174,False,False
2020_Ref_Plot2_C6::36,2020_Ref_Plot2_C6,Field1,test,8,3,0.16513654767700495,13.1980532065639,0.022135829104054327,174,False,False
2020_Ref_Plot2_C6::42,2020_Ref_Plot2_C6,Field1,test,6,4,0.2288653426223072,15.24484953777135,0.03127308041723878,174,False,False
2020_Ref_Plot2_C6::51,2020_Ref_Plot2_C6,Field1,test,9,5,0.14684477414223526,11.547559023857257,0.023229613884503647,174,False,False
2020_Ref_Plot2_C6::83,2020_Ref_Plot2_C6,Field1,test,32,6,0.15534037406750537,13.27845781616173,0.020926447208165694,140,False,False
2020_Ref_Plot3_A2::22,2020_Ref_Plot3_A2,Field1,test,7,1,0.21896534850637225,18.705140433144855,0.028889880205449234,174,False,False
2020_Ref_Plot3_A2::28,2020_Ref_Plot3_A2,Field1,test,6,2,0.6373954293294646,25.88817705081454,0.14735895457522227,174,False,False
2020_Ref_Plot3_A2::36,2020_Ref_Plot3_A2,Field1,test,8,3,0.1706748536232776,13.342555993154905,0.03076424641394679,174,False,False
2020_Ref_Plot3_A2::42,2020_Ref_Plot3_A2,Field1,test,6,4,0.21661549161643115,15.298893179725855,0.024399982938026095,174,False,False
2020_Ref_Plot3_A2::51,2020_Ref_Plot3_A2,Field1,test,9,5,0.11707130421986411,11.545424580865971,0.030860133206550663,174,False,False
2020_Ref_Plot3_A2::83,2020_Ref_Plot3_A2,Field1,test,32,6,0.17658124106668793,14.09524908514678,0.007506077087846687,140,False,False
2020_Ref_Plot3_A9::22,2020_Ref_Plot3_A9,Field1,test,7,1,0.22790815422195088,19.626241887254942,0.0332751726290368,174,False,False
2020_Ref_Plot3_A9::28,2020_Ref_Plot3_A9,Field1,test,6,2,0.6829555355529148,26.65846804099985,0.164825737485742,174,False,False
2020_Ref_Plot3_A9::36,2020_Ref_Plot3_A9,Field1,test,8,3,0.13485334063590412,14.007243031235488,0.020238536659192626,174,False,False
2020_Ref_Plot3_A9::42,2020_Ref_Plot3_A9,Field1,test,6,4,0.2964540331180084,18.480384362232638,0.047379899689155826,174,False,False
2020_Ref_Plot3_A9::51,2020_Ref_Plot3_A9,Field1,test,9,5,0.12830693923431827,11.13866566833538,0.0394838500366069,174,False,False
2020_Ref_Plot3_A9::83,2020_Ref_Plot3_A9,Field1,test,32,6,0.2322488134424879,14.727240505256383,0.039269327237409585,140,False,False
2020_Ref_Plot3_A9::97,2020_Ref_Plot3_A9,Field1,test,14,7,0.28275731143750743,16.66543727038245,0.027181166956893755,7,True,True
2020_Ref_Plot3_A91::22,2020_Ref_Plot3_A91,Field1,test,7,1,0.21247299504353853,18.977611982285982,0.027096068547038034,174,False,False
2020_Ref_Plot3_A91::28,2020_Ref_Plot3_A91,Field1,test,6,2,0.6668890231638156,26.540645001101787,0.16335781953805303,174,False,False
2020_Ref_Plot3_A91::36,2020_Ref_Plot3_A91,Field1,test,8,3,0.16239791206205131,13.519482521817652,0.029374713630851104,174,False,False
2020_Ref_Plot3_A91::42,2020_Ref_Plot3_A91,Field1,test,6,4,0.24774173016170684,15.913475030758619,0.02516402316333498,174,False,False
2020_Ref_Plot3_A91::51,2020_Ref_Plot3_A91,Field1,test,9,5,0.09574689631414642,11.036209041793736,0.0007333407220545174,174,False,False
2020_Ref_Plot3_A91::83,2020_Ref_Plot3_A91,Field1,test,32,6,0.22318590165561017,15.339923534810074,0.022886490491692627,140,False,False
2020_Ref_Plot3_A95::22,2020_Ref_Plot3_A95,Field1,test,7,1,0.2515156979169496,19.567605374310347,0.031700579452896345,174,False,False
2020_Ref_Plot3_A95::28,2020_Ref_Plot3_A95,Field1,test,6,2,0.6289948261572557,25.400534305619843,0.150435629346594,174,False,False
2020_Ref_Plot3_A95::36,2020_Ref_Plot3_A95,Field1,test,8,3,0.14078849740409724,13.252925547531955,0.023235123759960428,174,False,False
2020_Ref_Plot3_A95::42,2020_Ref_Plot3_A95,Field1,test,6,4,0.241123625527484,16.16653225481575,0.039434919392015724,174,False,False
2020_Ref_Plot3_A95::51,2020_Ref_Plot3_A95,Field1,test,9,5,0.1317016034400346,11.849028821348956,0.03329451496558078,174,False,False
2020_Ref_Plot3_A95::83,2020_Ref_Plot3_A95,Field1,test,32,6,0.20730894571936054,14.872002038224078,0.016065387655474144,140,False,False
2020_Ref_Plot3_A99::22,2020_Ref_Plot3_A99,Field1,test,7,1,0.24568229852460086,18.861836759383802,0.035157238691674086,174,False,False
2020_Ref_Plot3_A99::28,2020_Ref_Plot3_A99,Field1,test,6,2,0.6531788862110837,26.04179960667554,0.16911391470626144,174,False,False
2020_Ref_Plot3_A99::36,2020_Ref_Plot3_A99,Field1,test,8,3,0.16610539065872867,13.244911166392177,0.02756703916535004,174,False,False
2020_Ref_Plot3_A99::42,2020_Ref_Plot3_A99,Field1,test,6,4,0.27724569290445295,17.025871078757916,0.05758844176544467,174,False,False
2020_Ref_Plot3_A99::51,2020_Ref_Plot3_A99,Field1,test,9,5,0.15575957900208212,12.12919118013772,0.04814997915437081,174,False,False
2020_Ref_Plot3_A99::83,2020_Ref_Plot3_A99,Field1,test,32,6,0.17792002390402883,14.621920734103886,0.014701159730239381,140,False,False
2020_Ref_Plot3_B97::22,2020_Ref_Plot3_B97,Field1,test,7,1,0.24109388504165988,19.27576259416499,0.03239381650947851,174,False,False
2020_Ref_Plot3_B97::28,2020_Ref_Plot3_B97,Field1,test,6,2,0.6376156427612716,25.038235341073527,0.17329069263286884,174,False,False
2020_Ref_Plot3_B97::36,2020_Ref_Plot3_B97,Field1,test,8,3,0.16808666799494346,13.374753052901847,0.02682902579458988,174,False,False
2020_Ref_Plot3_B97::42,2020_Ref_Plot3_B97,Field1,test,6,4,0.2670786506904282,17.013085314533242,0.030117909027636204,174,False,False
2020_Ref_Plot3_B97::51,2020_Ref_Plot3_B97,Field1,test,9,5,0.1348551687860748,11.471979718747216,0.011590940308925008,174,False,False
2020_Ref_Plot3_B97::83,2020_Ref_Plot3_B97,Field1,test,32,6,0.18542928928322064,14.024170317333864,0.02389425681883362,140,False,False
2020_Ref_Plot3_C10::22,2020_Ref_Plot3_C10,Field1,test,7,1,0.22384470148532856,18.42599869298285,0.029088815949590063,174,False,False
2020_Ref_Plot3_C10::28,2020_Ref_Plot3_C10,Field1,test,6,2,0.6483330524534757,25.442359321506146,0.15070387875126515,174,False,False
2020_Ref_Plot3_C10::36,2020_Ref_Plot3_C10,Field1,test,8,3,0.15791952544404006,13.970494278035924,0.02608803850634211,174,False,False
2020_Ref_Plot3_C10::42,2020_Ref_Plot3_C10,Field1,test,6,4,0.25098890606315766,16.236628796236896,0.036146120744526625,174,False,False
2020_Ref_Plot3_C10::51,2020_Ref_Plot3_C10,Field1,test,9,5,0.13181913891890532,11.500207147957912,0.01761883763094718,174,False,False
2020_Ref_Plot3_C10::83,2020_Ref_Plot3_C10,Field1,test,32,6,0.19215314432618502,14.340771907273016,0.015219367516819316,140,False,False
2020_Ref_Plot3_C10::97,2020_Ref_Plot3_C10,Field1,test,14,7,0.26509107129707804,16.64962811665291,0.04826437985451067,7,True,True
2020_Ref_Plot3_C2::22,2020_Ref_Plot3_C2,Field1,test,7,1,0.23980037107427918,18.979748567144096,0.03228910638720866,174,False,False
2020_Ref_Plot3_C2::28,2020_Ref_Plot3_C2,Field1,test,6,2,0.6307309085588676,24.990065361843932,0.13687631498962063,174,False,False
2020_Ref_Plot3_C2::36,2020_Ref_Plot3_C2,Field1,test,8,3,0.15580891936235283,13.582073002508146,0.0283742770531267,174,False,False
2020_Ref_Plot3_C2::42,2020_Ref_Plot3_C2,Field1,test,6,4,0.2752517515907129,16.382179320329445,0.06025154686364114,174,False,False
2020_Ref_Plot3_C2::51,2020_Ref_Plot3_C2,Field1,test,9,5,0.1215187520839004,10.910322816496107,0.017273173334648083,174,False,False
2020_Ref_Plot3_C2::83,2020_Ref_Plot3_C2,Field1,test,32,6,0.15460657818029278,13.923712152906392,0.01368367826951158,140,False,False
2020_Ref_Plot3_C7::22,2020_Ref_Plot3_C7,Field1,test,7,1,0.2572672801216019,19.16198129251322,0.03819667603927159,174,False,False
2020_Ref_Plot3_C7::28,2020_Ref_Plot3_C7,Field1,test,6,2,0.6221884480303416,24.8994104125736,0.14679690878357504,174,False,False
2020_Ref_Plot3_C7::36,2020_Ref_Plot3_C7,Field1,test,8,3,0.13917140697276734,13.274797121199766,0.017813685749085283,174,False,False
2020_Ref_Plot3_C7::42,2020_Ref_Plot3_C7,Field1,test,6,4,0.25968115125589103,17.33658230901566,0.045105942780400865,174,False,False
2020_Ref_Plot3_C7::51,2020_Ref_Plot3_C7,Field1,test,9,5,0.1134263937759853,11.602100685139046,0.0017700252821314236,174,False,False
2020_Ref_Plot3_C7::83,2020_Ref_Plot3_C7,Field1,test,32,6,0.17903485729505908,14.602349357705629,0.005324572106249228,140,False,False
2020_Ref_Plot3_C7::97,2020_Ref_Plot3_C7,Field1,test,14,7,0.23295314492456975,15.840408995180372,0.03139316946073062,7,True,True
2020_Ref_Plot4_A8::22,2020_Ref_Plot4_A8,Field1,test,7,1,0.3161417296151758,21.187563858087554,0.05062972894286698,174,False,False
2020_Ref_Plot4_A8::28,2020_Ref_Plot4_A8,Field1,test,6,2,0.678567978484191,23.63827151039612,0.18417038673882072,174,False,False
2020_Ref_Plot4_A8::36,2020_Ref_Plot4_A8,Field1,test,8,3,0.08296288446879144,12.780783565150657,0.007003202741089347,174,False,False
2020_Ref_Plot4_A8::42,2020_Ref_Plot4_A8,Field1,test,6,4,0.314727930179676,17.990649494812622,0.04665998586571735,174,False,False
2020_Ref_Plot4_A8::51,2020_Ref_Plot4_A8,Field1,test,9,5,0.10080614983479523,10.788456989700727,0.0194526815144513,174,False,False
2020_Ref_Plot4_A8::83,2020_Ref_Plot4_A8,Field1,test,32,6,0.16743450788915923,15.020406926538,0.012987507075157903,140,False,False
2020_Ref_Plot4_A90::22,2020_Ref_Plot4_A90,Field1,test,7,1,0.2562126793676655,19.349716194591473,0.037588767784957886,174,False,False
2020_Ref_Plot4_A90::28,2020_Ref_Plot4_A90,Field1,test,6,2,0.7289170797417626,26.78250674016705,0.20066240297993768,174,False,False
2020_Ref_Plot4_A90::36,2020_Ref_Plot4_A90,Field1,test,8,3,0.09220713728773,13.629122356177579,0.012070506977508513,174,False,False
2020_Ref_Plot4_A90::42,2020_Ref_Plot4_A90,Field1,test,6,4,0.3094796782622445,17.394556273016907,0.05865171529410494,174,False,False
2020_Ref_Plot4_A90::51,2020_Ref_Plot4_A90,Field1,test,9,5,0.10777708300768607,10.983900384185642,0.02794926699045024,174,False,False
2020_Ref_Plot4_A92::22,2020_Ref_Plot4_A92,Field1,test,7,1,0.26874416337528434,19.815437887359032,0.0377766435419241,174,False,False
2020_Ref_Plot4_A92::28,2020_Ref_Plot4_A92,Field1,test,6,2,0.7141390421701218,26.20764078605124,0.1897475007546124,174,False,False
2020_Ref_Plot4_A92::36,2020_Ref_Plot4_A92,Field1,test,8,3,0.08851181241207906,13.768318853227822,0.013237245164131349,174,False,False
2020_Ref_Plot4_A92::42,2020_Ref_Plot4_A92,Field1,test,6,4,0.28996189391442634,17.398977981476314,0.03866123655620128,174,False,False
2020_Ref_Plot4_A92::51,2020_Ref_Plot4_A92,Field1,test,9,5,0.11086004642682674,11.39423347617467,0.02526950834695397,174,False,False
2020_Ref_Plot4_B2::22,2020_Ref_Plot4_B2,Field1,test,7,1,0.2818482220848794,20.47945108364349,0.041374173428084936,174,False,False
2020_Ref_Plot4_B2::28,2020_Ref_Plot4_B2,Field1,test,6,2,0.7378570194397076,26.798265800248235,0.2055355853988677,174,False,False
2020_Ref_Plot4_B2::36,2020_Ref_Plot4_B2,Field1,test,8,3,0.10326157045443667,14.994127369145861,0.009477411841247663,174,False,False
2020_Ref_Plot4_B2::42,2020_Ref_Plot4_B2,Field1,test,6,4,0.25345139742828854,16.32788556866148,0.0238749017280621,174,False,False
2020_Ref_Plot4_B2::51,2020_Ref_Plot4_B2,Field1,test,9,5,0.0874829508772522,10.986157213270701,-0.002412613388526764,174,False,False
2020_Ref_Plot4_B2::83,2020_Ref_Plot4_B2,Field1,test,32,6,0.1650094999728531,13.576303479137835,0.010551016594584047,140,False,False
2020_Ref_Plot4_B6::22,2020_Ref_Plot4_B6,Field1,test,7,1,0.36038734754420204,22.23411265729572,0.05999184634862559,174,False,False
2020_Ref_Plot4_B6::28,2020_Ref_Plot4_B6,Field1,test,6,2,0.7209774343288765,23.702833864469255,0.2438816395749558,174,False,False
2020_Ref_Plot4_B6::36,2020_Ref_Plot4_B6,Field1,test,8,3,0.0721112622124739,12.915926967600509,0.010721328847328727,174,False,False
2020_Ref_Plot4_B6::42,2020_Ref_Plot4_B6,Field1,test,6,4,0.26590477555238423,17.292040813359662,0.03305601410467656,174,False,False
2020_Ref_Plot4_B6::51,2020_Ref_Plot4_B6,Field1,test,9,5,0.10439414003633517,10.922792860618317,0.027694687167668625,174,False,False
2020_Ref_Plot4_B6::83,2020_Ref_Plot4_B6,Field1,test,32,6,0.1754602497235578,15.408474398944051,0.019716822334168254,140,False,False
2020_Ref_Plot4_B95::22,2020_Ref_Plot4_B95,Field1,test,7,1,0.2953838935762119,19.95508038426842,0.04677528984243708,174,False,False
2020_Ref_Plot4_B95::28,2020_Ref_Plot4_B95,Field1,test,6,2,0.7141508506221017,26.036256599191418,0.20491439106526632,174,False,False
2020_Ref_Plot4_B95::36,2020_Ref_Plot4_B95,Field1,test,8,3,0.07525807399231184,13.824029708823469,0.008845531057562223,174,False,False
2020_Ref_Plot4_B95::42,2020_Ref_Plot4_B95,Field1,test,6,4,0.27122257289612495,17.171370690780584,0.028745718233026338,174,False,False
2020_Ref_Plot4_B95::51,2020_Ref_Plot4_B95,Field1,test,9,5,0.09637145228059535,10.559208966851015,0.00983308250177758,174,False,False
2020_Ref_Plot4_B95::83,2020_Ref_Plot4_B95,Field1,test,32,6,0.2805064842237251,15.79215536728066,0.03604814412955901,140,False,False
2020_Ref_Plot4_B97::22,2020_Ref_Plot4_B97,Field1,test,7,1,0.29629646675889415,20.64752361159456,0.04778860143803395,174,False,False
2020_Ref_Plot4_B97::28,2020_Ref_Plot4_B97,Field1,test,6,2,0.7460414574875154,26.663572039926436,0.2371786083497762,174,False,False
2020_Ref_Plot4_B97::36,2020_Ref_Plot4_B97,Field1,test,8,3,0.09442384573166435,14.394709085028579,0.009901758373479693,174,False,False
2020_Ref_Plot4_B97::42,2020_Ref_Plot4_B97,Field1,test,6,4,0.2834006697932792,17.43569047681428,0.03302939424780254,174,False,False
2020_Ref_Plot4_B97::51,2020_Ref_Plot4_B97,Field1,test,9,5,0.12350858850813268,11.276911566366575,0.02331374158346342,174,False,False
2020_Ref_Plot4_C91::22,2020_Ref_Plot4_C91,Field1,test,7,1,0.26198316727362353,20.62226042417498,0.034011925469598484,174,False,False
2020_Ref_Plot4_C91::28,2020_Ref_Plot4_C91,Field1,test,6,2,0.7424712695047303,27.276234926717144,0.20294857160735014,174,False,False
2020_Ref_Plot4_C91::36,2020_Ref_Plot4_C91,Field1,test,8,3,0.08709746584542756,13.77324908798769,0.012974703580871721,174,False,False
2020_Ref_Plot4_C91::42,2020_Ref_Plot4_C91,Field1,test,6,4,0.28029731892330684,17.044204251933486,0.03067105438552326,174,False,False
2020_Ref_Plot4_C91::51,2020_Ref_Plot4_C91,Field1,test,9,5,0.10820754132616088,10.804364562857149,0.017438789287826457,174,False,False
2021_Ref_Plot1_A11::8,2021_Ref_Plot1_A11,Field2,test,7,1,0.6859631418474282,26.109249280155105,0.11786183811200392,344,False,False
2021_Ref_Plot1_A11::16,2021_Ref_Plot1_A11,Field2,test,8,2,0.7665466666441629,30.092389978787036,0.1925230630621017,344,False,False
2021_Ref_Plot1_A11::22,2021_Ref_Plot1_A11,Field2,test,6,3,0.21279399166628665,16.05612491242866,0.021819320521324424,344,False,False
2021_Ref_Plot1_A11::27,2021_Ref_Plot1_A11,Field2,test,5,4,0.27736706129945976,15.399970101442111,0.041862287876794496,344,False,False
2021_Ref_Plot1_A11::35,2021_Ref_Plot1_A11,Field2,test,8,5,0.11199023941433912,11.646058517556398,0.0056049611707518045,344,False,False
2021_Ref_Plot1_A11::44,2021_Ref_Plot1_A11,Field2,test,9,6,0.11275118595287013,11.270813278527053,0.011308449448979116,344,False,False
2021_Ref_Plot1_A11::50,2021_Ref_Plot1_A11,Field2,test,6,7,0.06884766144888885,9.834513751252466,0.05165543994461416,344,False,False
2021_Ref_Plot1_A11::57,2021_Ref_Plot1_A11,Field2,test,7,8,0.08429324667525695,11.288305165877583,0.016852879646903497,341,False,False
2021_Ref_Plot1_A11::65,2021_Ref_Plot1_A11,Field2,test,8,9,0.07500646386348571,11.653029405433369,0.016271568621787157,341,False,False
2021_Ref_Plot1_A11::69,2021_Ref_Plot1_A11,Field2,test,4,10,0.11078193959164545,12.464230719325947,0.04511566735883424,344,False,False
2021_Ref_Plot1_A11::71,2021_Ref_Plot1_A11,Field2,test,2,11,0.0628190973958966,10.987998124368776,0.04197411279101634,344,False,False
2021_Ref_Plot1_A11::76,2021_Ref_Plot1_A11,Field2,test,5,12,0.12043916810940831,11.57910629689298,0.017011947782782703,340,False,False
2021_Ref_Plot1_A11::80,2021_Ref_Plot1_A11,Field2,test,4,13,0.06484739071323914,8.24378405734156,0.010897905829719046,340,False,False
2021_Ref_Plot1_A11::85,2021_Ref_Plot1_A11,Field2,test,5,14,0.04923162927633651,10.080630922236189,0.021650885051479885,344,False,False
2021_Ref_Plot1_A13::8,2021_Ref_Plot1_A13,Field2,test,7,1,0.6913970556593149,26.974765352964614,0.10938902366885786,344,False,False
2021_Ref_Plot1_A13::16,2021_Ref_Plot1_A13,Field2,test,8,2,0.7517968133626273,29.52984246817686,0.19007440409599793,344,False,False
2021_Ref_Plot1_A13::22,2021_Ref_Plot1_A13,Field2,test,6,3,0.18595698845472966,15.442224156843738,0.022169272161124614,344,False,False
2021_Ref_Plot1_A13::27,2021_Ref_Plot1_A13,Field2,test,5,4,0.24137790725489325,15.574440393619094,0.03300299133199622,344,False,False
2021_Ref_Plot1_A13::35,2021_Ref_Plot1_A13,Field2,test,8,5,0.09457746600976939,10.98189669486526,-0.004217523256367367,344,False,False
2021_Ref_Plot1_A13::44,2021_Ref_Plot1_A13,Field2,test,9,6,0.10902464676402784,10.6850321649173,0.015254166339809123,344,False,False
2021_Ref_Plot1_A13::50,2021_Ref_Plot1_A13,Field2,test,6,7,0.07150172996942138,9.675915078254102,0.033167188615699776,344,False,False
2021_Ref_Plot1_A13::57,2021_Ref_Plot1_A13,Field2,test,7,8,0.09724501050499461,11.698323568836953,0.03189719029358911,341,False,False
2021_Ref_Plot1_A13::65,2021_Ref_Plot1_A13,Field2,test,8,9,0.08990171146983737,12.372365516465758,0.033517814501096366,341,False,False
2021_Ref_Plot1_A13::69,2021_Ref_Plot1_A13,Field2,test,4,10,0.12551323539565598,13.531380076164602,0.0336910223434957,344,False,False
2021_Ref_Plot1_A13::71,2021_Ref_Plot1_A13,Field2,test,2,11,0.06931100261970329,9.612170996131521,0.02437420878631828,344,False,False
2021_Ref_Plot1_A13::76,2021_Ref_Plot1_A13,Field2,test,5,12,0.11307127438279228,12.275136692933437,0.014148965656377854,340,False,False
2021_Ref_Plot1_A13::80,2021_Ref_Plot1_A13,Field2,test,4,13,0.058260815836210345,8.894570901774541,0.013994287315679654,340,False,False
2021_Ref_Plot1_A13::85,2021_Ref_Plot1_A13,Field2,test,5,14,0.048028499260416156,9.871865377281969,0.01281645563130133,344,False,False
2021_Ref_Plot1_A20::8,2021_Ref_Plot1_A20,Field2,test,7,1,0.6585838016345575,25.428678308501862,0.10490025424248893,344,False,False
2021_Ref_Plot1_A20::16,2021_Ref_Plot1_A20,Field2,test,8,2,0.7537355137433136,29.9163025321298,0.18783995928931774,344,False,False
2021_Ref_Plot1_A20::22,2021_Ref_Plot1_A20,Field2,test,6,3,0.21497975952127799,15.092971159205176,0.017341931635723288,344,False,False
2021_Ref_Plot1_A20::27,2021_Ref_Plot1_A20,Field2,test,5,4,0.2409687265102769,15.77878552174435,0.03141515921932682,344,False,False
2021_Ref_Plot1_A20::35,2021_Ref_Plot1_A20,Field2,test,8,5,0.103225375776699,11.58145901256129,0.027956591241348493,344,False,False
2021_Ref_Plot1_A20::44,2021_Ref_Plot1_A20,Field2,test,9,6,0.10667975406147863,10.960249275223685,0.015639496888825054,344,False,False
2021_Ref_Plot1_A20::50,2021_Ref_Plot1_A20,Field2,test,6,7,0.06220222361177282,9.265250646914264,0.05019781828639844,344,False,False
2021_Ref_Plot1_A20::57,2021_Ref_Plot1_A20,Field2,test,7,8,0.07478019366616882,11.43325102490807,0.011785164416303524,341,False,False
2021_Ref_Plot1_A20::65,2021_Ref_Plot1_A20,Field2,test,8,9,0.06007668002389083,11.736303752935608,0.02527554862393855,341,False,False
2021_Ref_Plot1_A20::69,2021_Ref_Plot1_A20,Field2,test,4,10,0.1034989686304593,13.533143822656433,0.03263211801897123,344,False,False
2021_Ref_Plot1_A20::71,2021_Ref_Plot1_A20,Field2,test,2,11,0.05311502571193124,10.156656044365082,0.015987849373473605,344,False,False
2021_Ref_Plot1_A20::76,2021_Ref_Plot1_A20,Field2,test,5,12,0.08735889429751935,12.72929279330327,0.025320270240867252,340,False,False
2021_Ref_Plot1_A20::80,2021_Ref_Plot1_A20,Field2,test,4,13,0.044444377107557075,9.479921582556788,0.04183070177118243,340,False,False
2021_Ref_Plot1_A20::85,2021_Ref_Plot1_A20,Field2,test,5,14,0.05275345302315127,10.153750098439033,0.02547251287470858,344,False,False
2021_Ref_Plot1_A3::8,2021_Ref_Plot1_A3,Field2,test,7,1,0.7026389159958163,26.245515280611706,0.11883398624262255,344,False,False
2021_Ref_Plot1_A3::16,2021_Ref_Plot1_A3,Field2,test,8,2,0.7573252410013915,29.885341252416836,0.19493289926863674,344,False,False
2021_Ref_Plot1_A3::22,2021_Ref_Plot1_A3,Field2,test,6,3,0.20225771938978912,14.870579224413849,0.02193066630947537,344,False,False
2021_Ref_Plot1_A3::27,2021_Ref_Plot1_A3,Field2,test,5,4,0.24883284293256888,14.938867920145281,0.03512663137874917,344,False,False
2021_Ref_Plot1_A3::35,2021_Ref_Plot1_A3,Field2,test,8,5,0.10490743662798485,10.511889232629452,0.021258846344987113,344,False,False
2021_Ref_Plot1_A3::44,2021_Ref_Plot1_A3,Field2,test,9,6,0.10601280648386631,10.737029977736814,0.008073040103411994,344,False,False
2021_Ref_Plot1_A3::50,2021_Ref_Plot1_A3,Field2,test,6,7,0.06570351760856034,9.423331672526162,0.06962520904584778,344,False,False
2021_Ref_Plot1_A3::57,2021_Ref_Plot1_A3,Field2,test,7,8,0.08257066967894901,11.098711677544044,0.03733357313103823,341,False,False
2021_Ref_Plot1_A3::65,2021_Ref_Plot1_A3,Field2,test,8,9,0.07593720295645312,11.256394489641995,0.04964931115579623,341,False,False
2021_Ref_Plot1_A3::69,2021_Ref_Plot1_A3,Field2,test,4,10,0.1022538685340984,11.884465423608582,0.05210473520452351,344,False,False
2021_Ref_Plot1_A3::71,2021_Ref_Plot1_A3,Field2,test,2,11,0.08499772981138483,10.266295088921034,0.0376489571959824,344,False,False
2021_Ref_Plot1_A3::76,2021_Ref_Plot1_A3,Field2,test,5,12,0.17495950016285788,12.04963353629877,0.023166386789030814,340,False,False
2021_Ref_Plot1_A3::80,2021_Ref_Plot1_A3,Field2,test,4,13,0.09049111250620247,9.376198585872844,0.041958018423539384,340,False,False
2021_Ref_Plot1_A3::85,2021_Ref_Plot1_A3,Field2,test,5,14,0.08643266989930883,9.761309651260005,0.02202666082067125,344,False,False
2021_Ref_Plot1_B19::8,2021_Ref_Plot1_B19,Field2,test,7,1,0.6854317154650932,25.987144850854897,0.11110434591986328,344,False,False
2021_Ref_Plot1_B19::16,2021_Ref_Plot1_B19,Field2,test,8,2,0.7725727781515679,30.18544925721885,0.20168392382651562,344,False,False
2021_Ref_Plot1_B19::22,2021_Ref_Plot1_B19,Field2,test,6,3,0.22094858823396976,15.52451813196253,0.02915868434988177,344,False,False
2021_Ref_Plot1_B19::27,2021_Ref_Plot1_B19,Field2,test,5,4,0.23347292949704343,15.815779513482461,0.03893757973337804,344,False,False
2021_Ref_Plot1_B19::35,2021_Ref_Plot1_B19,Field2,test,8,5,0.12470000798691899,12.781332151842328,0.024099091543120506,344,False,False
2021_Ref_Plot1_B19::44,2021_Ref_Plot1_B19,Field2,test,9,6,0.09377039111962127,10.744804902155046,0.013454414700507041,344,False,False
2021_Ref_Plot1_B19::50,2021_Ref_Plot1_B19,Field2,test,6,7,0.04848493356077296,9.811959743477141,0.0236818677277383,344,False,False
2021_Ref_Plot1_B19::57,2021_Ref_Plot1_B19,Field2,test,7,8,0.06568685603235731,11.58502214466413,0.015089912626968,341,False,False
2021_Ref_Plot1_B19::65,2021_Ref_Plot1_B19,Field2,test,8,9,0.052288959926499935,11.83329413632923,0.015832530261993324,341,False,False
2021_Ref_Plot1_B19::69,2021_Ref_Plot1_B19,Field2,test,4,10,0.10047333392587876,13.138440819490583,0.014637401218925991,344,False,False
2021_Ref_Plot1_B19::71,2021_Ref_Plot1_B19,Field2,test,2,11,0.05589751361894784,10.588955358620598,0.0427439649868487,344,False,False
2021_Ref_Plot1_B19::76,2021_Ref_Plot1_B19,Field2,test,5,12,0.11586094312365386,13.686688425775788,0.021419271981693078,340,False,False
2021_Ref_Plot1_B19::80,2021_Ref_Plot1_B19,Field2,test,4,13,0.043316259990672214,9.717421094482821,0.015429571519165339,340,False,False
2021_Ref_Plot1_B19::85,2021_Ref_Plot1_B19,Field2,test,5,14,0.03822612638996561,9.964317464228529,0.01921113215497405,344,False,False
2021_Ref_Plot1_B2::8,2021_Ref_Plot1_B2,Field2,test,7,1,0.7287680874638677,27.624643422399924,0.13410709235996496,344,False,False
2021_Ref_Plot1_B2::16,2021_Ref_Plot1_B2,Field2,test,8,2,0.7805840167675772,30.21161641116951,0.21636776840496022,344,False,False
2021_Ref_Plot1_B2::22,2021_Ref_Plot1_B2,Field2,test,6,3,0.2243439491685925,15.48060468435155,0.027290164608147004,344,False,False
2021_Ref_Plot1_B2::27,2021_Ref_Plot1_B2,Field2,test,5,4,0.29948332781667836,17.13770550833984,0.04190249911558944,344,False,False
2021_Ref_Plot1_B2::35,2021_Ref_Plot1_B2,Field2,test,8,5,0.1473812638564342,11.660207953835899,0.021279959604675793,344,False,False
2021_Ref_Plot1_B2::44,2021_Ref_Plot1_B2,Field2,test,9,6,0.12243787315585464,10.232636224214717,0.017502076468279268,344,False,False
2021_Ref_Plot1_B2::50,2021_Ref_Plot1_B2,Field2,test,6,7,0.07082410144751382,9.111553162968274,0.06243875126623808,344,False,False
2021_Ref_Plot1_B2::57,2021_Ref_Plot1_B2,Field2,test,7,8,0.08991226261760932,11.031599491803137,0.03708506359776236,341,False,False
2021_Ref_Plot1_B2::65,2021_Ref_Plot1_B2,Field2,test,8,9,0.08205538742586359,11.430823616497479,0.00983686406887346,341,False,False
2021_Ref_Plot1_B2::69,2021_Ref_Plot1_B2,Field2,test,4,10,0.11572335888437646,12.516957232044986,0.04857502683614864,344,False,False
2021_Ref_Plot1_B2::71,2021_Ref_Plot1_B2,Field2,test,2,11,0.0802505329041981,10.466672115398909,0.05738328508460636,344,False,False
2021_Ref_Plot1_B2::76,2021_Ref_Plot1_B2,Field2,test,5,12,0.14102800117195094,14.118797941080942,0.02869222258602404,340,False,False
2021_Ref_Plot1_B2::80,2021_Ref_Plot1_B2,Field2,test,4,13,0.08067266467188061,9.463678490135113,0.05748959937517941,340,False,False
2021_Ref_Plot1_B2::85,2021_Ref_Plot1_B2,Field2,test,5,14,0.08347362647311324,8.913290953797203,-0.003798128996055484,344,False,False
2021_Ref_Plot1_B4::8,2021_Ref_Plot1_B4,Field2,test,7,1,0.7239103260600652,27.4935548083661,0.1323958489637588,344,False,False
2021_Ref_Plot1_B4::16,2021_Ref_Plot1_B4,Field2,test,8,2,0.7898680453295913,30.042907575316647,0.22888253768601408,344,False,False
2021_Ref_Plot1_B4::22,2021_Ref_Plot1_B4,Field2,test,6,3,0.1903154788466714,15.098614783756146,0.01825901574259091,344,False,False
2021_Ref_Plot1_B4::27,2021_Ref_Plot1_B4,Field2,test,5,4,0.29040197101895293,16.708437790695857,0.049540691747185395,344,False,False
2021_Ref_Plot1_B4::35,2021_Ref_Plot1_B4,Field2,test,8,5,0.121531383142552,11.405267411703209,0.021364766834980797,344,False,False
2021_Ref_Plot1_B4::44,2021_Ref_Plot1_B4,Field2,test,9,6,0.11457586793300394,10.913071139087487,0.01602657700056933,344,False,False
2021_Ref_Plot1_B4::50,2021_Ref_Plot1_B4,Field2,test,6,7,0.0757986038711832,9.178053484692203,0.047462007483717074,344,False,False
2021_Ref_Plot1_B4::57,2021_Ref_Plot1_B4,Field2,test,7,8,0.09011656087000669,11.437150202749418,0.026949391959159682,341,False,False
2021_Ref_Plot1_B4::65,2021_Ref_Plot1_B4,Field2,test,8,9,0.08000500924724019,11.018129163209982,0.02936844536719073,341,False,False
2021_Ref_Plot1_B4::69,2021_Ref_Plot1_B4,Field2,test,4,10,0.11902000682269027,13.272307772614651,0.03968703222287113,344,False,False
2021_Ref_Plot1_B4::71,2021_Ref_Plot1_B4,Field2,test,2,11,0.07691384203072295,10.408534132827537,0.05881356194599171,344,False,False
2021_Ref_Plot1_B4::76,2021_Ref_Plot1_B4,Field2,test,5,12,0.1958924373406654,13.437234558202832,0.03783173941299575,340,False,False
2021_Ref_Plot1_B4::80,2021_Ref_Plot1_B4,Field2,test,4,13,0.0861915167475134,8.803651053582364,0.036913508603344226,340,False,False
2021_Ref_Plot1_B4::85,2021_Ref_Plot1_B4,Field2,test,5,14,0.07786762386627001,8.177209185166877,0.003679150225535854,344,False,False
2021_Ref_Plot1_B7::8,2021_Ref_Plot1_B7,Field2,test,7,1,0.7029052374254362,26.414720158161966,0.12716200938337505,344,False,False
2021_Ref_Plot1_B7::16,2021_Ref_Plot1_B7,Field2,test,8,2,0.7667292625716962,30.14039699095727,0.21002832530556315,344,False,False
2021_Ref_Plot1_B7::22,2021_Ref_Plot1_B7,Field2,test,6,3,0.19436081737018873,15.255309772481754,0.02922959199999929,344,False,False
2021_Ref_Plot1_B7::27,2021_Ref_Plot1_B7,Field2,test,5,4,0.26937784647479845,16.844039771954474,0.04356092130565715,344,False,False
2021_Ref_Plot1_B7::35,2021_Ref_Plot1_B7,Field2,test,8,5,0.13020755928317038,11.82596987674401,0.025756604491635755,344,False,False
2021_Ref_Plot1_B7::44,2021_Ref_Plot1_B7,Field2,test,9,6,0.13281631566997007,11.609481714228577,0.0212242314152801,344,False,False
2021_Ref_Plot1_B7::50,2021_Ref_Plot1_B7,Field2,test,6,7,0.07412854222275077,9.91739035332461,0.06324095422436718,344,False,False
2021_Ref_Plot1_B7::57,2021_Ref_Plot1_B7,Field2,test,7,8,0.09510719806919639,11.544009251085164,0.023442447212877377,341,False,False
2021_Ref_Plot1_B7::65,2021_Ref_Plot1_B7,Field2,test,8,9,0.08871186090546603,11.584557371183346,0.012187494246385247,341,False,False
2021_Ref_Plot1_B7::69,2021_Ref_Plot1_B7,Field2,test,4,10,0.10411637854863563,12.557740184869319,0.032686400148246586,344,False,False
2021_Ref_Plot1_B7::71,2021_Ref_Plot1_B7,Field2,test,2,11,0.066580745562204,10.4434019995632,0.02814221451993888,344,False,False
2021_Ref_Plot1_B7::85,2021_Ref_Plot1_B7,Field2,test,5,13,0.08754448218267968,9.897146763212499,0.03205812670990254,344,False,False
2021_Ref_Plot1_C18::8,2021_Ref_Plot1_C18,Field2,test,7,1,0.7128274689790111,26.580794694915312,0.12486434587382811,344,False,False
2021_Ref_Plot1_C18::16,2021_Ref_Plot1_C18,Field2,test,8,2,0.7676361923170912,29.875709520793677,0.21003763860610544,344,False,False
2021_Ref_Plot1_C18::22,2021_Ref_Plot1_C18,Field2,test,6,3,0.2086519847153255,13.667760208449465,0.029978602470692537,344,False,False
2021_Ref_Plot1_C18::27,2021_Ref_Plot1_C18,Field2,test,5,4,0.19778472114990897,14.563544074024431,0.02827112972397429,344,False,False
2021_Ref_Plot1_C18::35,2021_Ref_Plot1_C18,Field2,test,8,5,0.10913284477834612,10.821647996556365,-0.006997641905711244,344,False,False
2021_Ref_Plot1_C18::44,2021_Ref_Plot1_C18,Field2,test,9,6,0.09328626967006316,10.02405684836145,0.0033013118393384207,344,False,False
2021_Ref_Plot1_C18::50,2021_Ref_Plot1_C18,Field2,test,6,7,0.058291301659199275,9.29208866288128,0.015932252768382768,344,False,False
2021_Ref_Plot1_C18::57,2021_Ref_Plot1_C18,Field2,test,7,8,0.08466583330444855,11.414830772329186,0.02298793023213857,341,False,False
2021_Ref_Plot1_C18::65,2021_Ref_Plot1_C18,Field2,test,8,9,0.07313418058038416,11.375426482908985,0.024714346603505917,341,False,False
2021_Ref_Plot1_C18::69,2021_Ref_Plot1_C18,Field2,test,4,10,0.12768154545602675,13.415456109905573,0.042135639647750425,344,False,False
2021_Ref_Plot1_C18::71,2021_Ref_Plot1_C18,Field2,test,2,11,0.061123963243212814,10.653292069103522,0.04408368293577341,344,False,False
2021_Ref_Plot1_C18::76,2021_Ref_Plot1_C18,Field2,test,5,12,0.13517607971343595,13.797651588138159,0.01340589581275764,340,False,False
2021_Ref_Plot1_C18::80,2021_Ref_Plot1_C18,Field2,test,4,13,0.03947356086236205,10.424620006804176,0.0023280598386188236,340,False,False
2021_Ref_Plot1_C18::85,2021_Ref_Plot1_C18,Field2,test,5,14,0.040262327647356745,10.910790943003189,0.023325842617265453,344,False,False
2021_Ref_Plot1_C6::8,2021_Ref_Plot1_C6,Field2,test,7,1,0.7152367736931932,27.58926150213859,0.12844615894696024,344,False,False
2021_Ref_Plot1_C6::16,2021_Ref_Plot1_C6,Field2,test,8,2,0.786475169035508,30.097590951873656,0.21882183334486677,344,False,False
2021_Ref_Plot1_C6::22,2021_Ref_Plot1_C6,Field2,test,6,3,0.1928110332342814,14.524760818616802,0.025087611271375616,344,False,False
2021_Ref_Plot1_C6::27,2021_Ref_Plot1_C6,Field2,test,5,4,0.28800449800942957,16.544199655657508,0.04208834197347627,344,False,False
2021_Ref_Plot1_C6::35,2021_Ref_Plot1_C6,Field2,test,8,5,0.15815340236275233,11.875392913037832,0.016305659424015757,344,False,False
2021_Ref_Plot1_C6::44,2021_Ref_Plot1_C6,Field2,test,9,6,0.12713622797256854,12.663444967529113,0.019425414395662293,344,False,False
2021_Ref_Plot1_C6::50,2021_Ref_Plot1_C6,Field2,test,6,7,0.0688470787815359,9.384855668084983,0.04010888910147708,344,False,False
2021_Ref_Plot1_C6::57,2021_Ref_Plot1_C6,Field2,test,7,8,0.11719221824631931,11.149844438532405,0.01895547199977964,341,False,False
2021_Ref_Plot1_C6::65,2021_Ref_Plot1_C6,Field2,test,8,9,0.0922016994758056,11.55245428986084,0.05885094351638446,341,False,False
2021_Ref_Plot1_C6::69,2021_Ref_Plot1_C6,Field2,test,4,10,0.11196587656314722,12.68379424202109,0.05375249632571624,344,False,False
2021_Ref_Plot1_C6::71,2021_Ref_Plot1_C6,Field2,test,2,11,0.07624385485143421,10.627341247316,0.07348036304356462,344,False,False
2021_Ref_Plot1_C6::76,2021_Ref_Plot1_C6,Field2,test,5,12,0.14950120853256268,12.865419436003647,0.05304924437865551,340,False,False
2021_Ref_Plot1_C6::80,2021_Ref_Plot1_C6,Field2,test,4,13,0.0810959087595034,9.32612373476138,0.03392493518780322,340,False,False
2021_Ref_Plot1_C6::85,2021_Ref_Plot1_C6,Field2,test,5,14,0.11862137928043288,9.579264021619489,0.040609950293607346,344,False,False
2021_Ref_Plot1_D18::8,2021_Ref_Plot1_D18,Field2,test,7,1,0.7122213962803118,27.37409438316989,0.12559286557803495,344,False,False
2021_Ref_Plot1_D18::16,2021_Ref_Plot1_D18,Field2,test,8,2,0.744764045133433,29.1352059113548,0.1730397253220573,344,False,False
2021_Ref_Plot1_D18::22,2021_Ref_Plot1_D18,Field2,test,6,3,0.20498541988663924,13.605317848798785,0.028331363041515834,344,False,False
2021_Ref_Plot1_D18::27,2021_Ref_Plot1_D18,Field2,test,5,4,0.19624347915588972,15.2711150811772,0.023123034444197818,344,False,False
2021_Ref_Plot1_D18::35,2021_Ref_Plot1_D18,Field2,test,8,5,0.11081662548028663,10.409548325576687,0.01072492253530339,344,False,False
2021_Ref_Plot1_D18::44,2021_Ref_Plot1_D18,Field2,test,9,6,0.10022358908437322,9.829871309966085,0.002395809241790252,344,False,False
2021_Ref_Plot1_D18::50,2021_Ref_Plot1_D18,Field2,test,6,7,0.0776928154860565,9.373203143597808,0.034378713023921,344,False,False
2021_Ref_Plot1_D18::57,2021_Ref_Plot1_D18,Field2,test,7,8,0.10477724583590992,11.448467571097032,0.03072309190058108,341,False,False
2021_Ref_Plot1_D18::65,2021_Ref_Plot1_D18,Field2,test,8,9,0.06972518731469261,11.276546884196987,0.027261032638153493,341,False,False
2021_Ref_Plot1_D18::69,2021_Ref_Plot1_D18,Field2,test,4,10,0.09916707348522862,12.552605155618508,0.02168880974314554,344,False,False
2021_Ref_Plot1_D18::71,2021_Ref_Plot1_D18,Field2,test,2,11,0.06806259068845509,10.5098881229817,0.05614199839862308,344,False,False
2021_Ref_Plot1_D18::76,2021_Ref_Plot1_D18,Field2,test,5,12,0.14111129291792998,13.820089348517332,0.027800159657313958,340,False,False
2021_Ref_Plot1_D18::80,2021_Ref_Plot1_D18,Field2,test,4,13,0.056387561607574,9.725130828388213,0.03311822302568885,340,False,False
2021_Ref_Plot1_D18::85,2021_Ref_Plot1_D18,Field2,test,5,14,0.0474736422561591,9.69191410865793,0.022803262260992285,344,False,False
2021_Ref_Plot1_D4::8,2021_Ref_Plot1_D4,Field2,test,7,1,0.7169549895355766,27.110439882216436,0.13156995367624735,344,False,False
2021_Ref_Plot1_D4::16,2021_Ref_Plot1_D4,Field2,test,8,2,0.7465842796657974,28.868650304126504,0.18432854131084825,344,False,False
2021_Ref_Plot1_D4::22,2021_Ref_Plot1_D4,Field2,test,6,3,0.1795595762245218,14.804787097423626,0.026330242800237453,344,False,False
2021_Ref_Plot1_D4::27,2021_Ref_Plot1_D4,Field2,test,5,4,0.22530887637155014,15.32416705929168,0.024777112481176845,344,False,False
2021_Ref_Plot1_D4::35,2021_Ref_Plot1_D4,Field2,test,8,5,0.11515703869778433,11.063956313729777,0.013369955472500855,344,False,False
2021_Ref_Plot1_D4::44,2021_Ref_Plot1_D4,Field2,test,9,6,0.1218375360757571,10.556184721594303,0.007314577347700888,344,False,False
2021_Ref_Plot1_D4::50,2021_Ref_Plot1_D4,Field2,test,6,7,0.06634169890398468,9.262740418047336,0.040794033524433636,344,False,False
2021_Ref_Plot1_D4::57,2021_Ref_Plot1_D4,Field2,test,7,8,0.0862162753695137,11.618565515254268,0.01912568642192629,341,False,False
2021_Ref_Plot1_D4::65,2021_Ref_Plot1_D4,Field2,test,8,9,0.07425761927937562,11.565330701476713,0.03460657280516297,341,False,False
2021_Ref_Plot1_D4::69,2021_Ref_Plot1_D4,Field2,test,4,10,0.11438101560837603,13.368100150643414,0.04668384338474704,344,False,False
2021_Ref_Plot1_D4::71,2021_Ref_Plot1_D4,Field2,test,2,11,0.07844134664958195,10.57320405602891,0.058995892685453986,344,False,False
2021_Ref_Plot1_D4::76,2021_Ref_Plot1_D4,Field2,test,5,12,0.1570207840924163,12.431519558005759,0.0174128191524508,340,False,False
2021_Ref_Plot1_D4::80,2021_Ref_Plot1_D4,Field2,test,4,13,0.08995166794092173,8.784441154580477,0.031165468814763984,340,False,False
2021_Ref_Plot1_D4::85,2021_Ref_Plot1_D4,Field2,test,5,14,0.09275132163445465,10.297878902241065,0.030131526047446917,344,False,False
2021_Ref_Plot1_D6::8,2021_Ref_Plot1_D6,Field2,test,7,1,0.6953670245812965,27.518953872944124,0.12226858080437324,344,False,False
2021_Ref_Plot1_D6::16,2021_Ref_Plot1_D6,Field2,test,8,2,0.7461895649181364,28.593327631660472,0.18551777357319701,344,False,False
2021_Ref_Plot1_D6::22,2021_Ref_Plot1_D6,Field2,test,6,3,0.17658404838777655,13.876290016144958,0.02192231281210984,344,False,False
2021_Ref_Plot1_D6::27,2021_Ref_Plot1_D6,Field2,test,5,4,0.2511973329353727,15.608002724889065,0.01853321122802913,344,False,False
2021_Ref_Plot1_D6::35,2021_Ref_Plot1_D6,Field2,test,8,5,0.13297981273054527,11.168660526226313,0.015354268717233428,344,False,False
2021_Ref_Plot1_D6::44,2021_Ref_Plot1_D6,Field2,test,9,6,0.1171792044553558,10.892000675706138,0.018969052613879978,344,False,False
2021_Ref_Plot1_D6::50,2021_Ref_Plot1_D6,Field2,test,6,7,0.08015631144017642,9.262784243829147,0.048188877473046225,344,False,False
2021_Ref_Plot1_D6::57,2021_Ref_Plot1_D6,Field2,test,7,8,0.09567143549868877,11.519340308016146,0.024732752009976,341,False,False
2021_Ref_Plot1_D6::65,2021_Ref_Plot1_D6,Field2,test,8,9,0.09210517103541505,11.71455726371182,0.029843570385417757,341,False,False
2021_Ref_Plot1_D6::69,2021_Ref_Plot1_D6,Field2,test,4,10,0.11253682516487178,13.030990133652354,0.044416315356471496,344,False,False
2021_Ref_Plot1_D6::71,2021_Ref_Plot1_D6,Field2,test,2,11,0.07211539159704398,10.34593460603783,0.06590616116892659,344,False,False
2021_Ref_Plot1_D6::76,2021_Ref_Plot1_D6,Field2,test,5,12,0.1768745204003046,13.548251259031883,0.030376274480730943,340,False,False
2021_Ref_Plot1_D6::80,2021_Ref_Plot1_D6,Field2,test,4,13,0.07534100848893806,9.144593258034133,0.07044857069215328,340,False,False
2021_Ref_Plot1_D6::85,2021_Ref_Plot1_D6,Field2,test,5,14,0.07818646955626658,8.800708618713205,0.03301728168330663,344,False,False
2021_Ref_Plot1_E2::8,2021_Ref_Plot1_E2,Field2,test,7,1,0.7076983560879774,26.488878035579255,0.11637513594800715,344,False,False
2021_Ref_Plot1_E2::16,2021_Ref_Plot1_E2,Field2,test,8,2,0.7505913750448614,28.602446425656765,0.19947470352937144,344,False,False
2021_Ref_Plot1_E2::22,2021_Ref_Plot1_E2,Field2,test,6,3,0.19145620114010023,14.426286288704214,0.026058316584554892,344,False,False
2021_Ref_Plot1_E2::27,2021_Ref_Plot1_E2,Field2,test,5,4,0.24322123425057438,14.875758644668544,0.046577085015411454,344,False,False
2021_Ref_Plot1_E2::35,2021_Ref_Plot1_E2,Field2,test,8,5,0.12977065440194502,10.861371799024546,0.005257937044289249,344,False,False
2021_Ref_Plot1_E2::44,2021_Ref_Plot1_E2,Field2,test,9,6,0.10735210326980969,10.067767699877308,0.014390106817526475,344,False,False
2021_Ref_Plot1_E2::50,2021_Ref_Plot1_E2,Field2,test,6,7,0.07207428333174043,9.370542333092786,0.05549415175405619,344,False,False
2021_Ref_Plot1_E2::57,2021_Ref_Plot1_E2,Field2,test,7,8,0.09146298955378888,11.24326890047838,0.0422829689118149,341,False,False
2021_Ref_Plot1_E2::65,2021_Ref_Plot1_E2,Field2,test,8,9,0.07941740625081625,11.444939925326654,0.017283975619704184,341,False,False
2021_Ref_Plot1_E2::69,2021_Ref_Plot1_E2,Field2,test,4,10,0.13070954240157642,12.84269104334792,0.04775402377818523,344,False,False
2021_Ref_Plot1_E2::71,2021_Ref_Plot1_E2,Field2,test,2,11,0.07651574060196492,10.283367931292545,0.07154449374573513,344,False,False
2021_Ref_Plot1_E2::76,2021_Ref_Plot1_E2,Field2,test,5,12,0.12881888296047309,12.822107102664138,0.004246730886255195,340,False,False
2021_Ref_Plot1_E2::80,2021_Ref_Plot1_E2,Field2,test,4,13,0.09664181418708089,9.089222935701066,0.03507872915560636,340,False,False
2021_Ref_Plot1_E2::85,2021_Ref_Plot1_E2,Field2,test,5,14,0.0954119428660526,9.273101160422515,0.022718700353990776,344,False,False
2021_Ref_Plot1_E8::8,2021_Ref_Plot1_E8,Field2,test,7,1,0.6841405921291742,26.956562708214825,0.11014111687997144,344,False,False
2021_Ref_Plot1_E8::16,2021_Ref_Plot1_E8,Field2,test,8,2,0.7346463272762591,28.558332187705155,0.17365624088992082,344,False,False
2021_Ref_Plot1_E8::22,2021_Ref_Plot1_E8,Field2,test,6,3,0.17546096547683546,14.08014501040993,0.0232018923092324,344,False,False
2021_Ref_Plot1_E8::27,2021_Ref_Plot1_E8,Field2,test,5,4,0.2070127557157105,15.879945113117195,0.032018936415312095,344,False,False
2021_Ref_Plot1_E8::35,2021_Ref_Plot1_E8,Field2,test,8,5,0.12806012792972787,11.135117041267403,0.012909111650384086,344,False,False
2021_Ref_Plot1_E8::44,2021_Ref_Plot1_E8,Field2,test,9,6,0.10842756210897715,10.407930600585784,0.009155861027839801,344,False,False
2021_Ref_Plot1_E8::50,2021_Ref_Plot1_E8,Field2,test,6,7,0.07412165183340673,9.746458066687865,0.0396681217873114,344,False,False
2021_Ref_Plot1_E8::57,2021_Ref_Plot1_E8,Field2,test,7,8,0.08972119199631828,11.423206094276548,0.024799180483046062,341,False,False
2021_Ref_Plot1_E8::65,2021_Ref_Plot1_E8,Field2,test,8,9,0.08248668507930434,11.448860120726351,0.017196389765401072,341,False,False
2021_Ref_Plot1_E8::69,2021_Ref_Plot1_E8,Field2,test,4,10,0.11051699091357314,12.828021026751422,0.0373707035448792,344,False,False
2021_Ref_Plot1_E8::71,2021_Ref_Plot1_E8,Field2,test,2,11,0.07980666263503909,10.373896890510942,0.07243519249892298,344,False,False
2021_Ref_Plot1_E8::76,2021_Ref_Plot1_E8,Field2,test,5,12,0.1650775406246128,13.830045750220059,0.014971177960042025,340,False,False
2021_Ref_Plot1_E8::80,2021_Ref_Plot1_E8,Field2,test,4,13,0.08167927199380791,8.991885543186056,0.029476248065019413,340,False,False
2021_Ref_Plot1_E8::85,2021_Ref_Plot1_E8,Field2,test,5,14,0.0666896568351094,9.446776616816827,0.02321618668625632,344,False,False
2021_Ref_Plot2_A1::8,2021_Ref_Plot2_A1,Field2,test,7,1,0.5887941671384337,23.83914394671644,0.07121957428152871,344,False,False
2021_Ref_Plot2_A1::16,2021_Ref_Plot2_A1,Field2,test,8,2,0.7164686922544781,28.72003836212885,0.1637293710117722,344,False,False
2021_Ref_Plot2_A1::22,2021_Ref_Plot2_A1,Field2,test,6,3,0.2229144290110466,15.655138452035613,0.014070660472234922,344,False,False
2021_Ref_Plot2_A1::27,2021_Ref_Plot2_A1,Field2,test,5,4,0.33877463179709705,16.398965726975284,0.049418177208701265,344,False,False
2021_Ref_Plot2_A1::35,2021_Ref_Plot2_A1,Field2,test,8,5,0.12210877864537029,12.7977759939822,0.015331631001728522,344,False,False
2021_Ref_Plot2_A1::44,2021_Ref_Plot2_A1,Field2,test,9,6,0.09248035824734234,12.010625309200309,0.011562884898878302,344,False,False
2021_Ref_Plot2_A1::50,2021_Ref_Plot2_A1,Field2,test,6,7,0.08860031657280716,10.100132512885274,0.052657398588469816,344,False,False
2021_Ref_Plot2_A1::57,2021_Ref_Plot2_A1,Field2,test,7,8,0.13353223959693294,11.471525842139469,0.031546220775391584,341,False,False
2021_Ref_Plot2_A1::65,2021_Ref_Plot2_A1,Field2,test,8,9,0.10745457439652499,11.73852457911336,0.05072092928996602,341,False,False
2021_Ref_Plot2_A1::69,2021_Ref_Plot2_A1,Field2,test,4,10,0.11811629802275492,11.772402543961618,0.05489929494177092,344,False,False
2021_Ref_Plot2_A1::71,2021_Ref_Plot2_A1,Field2,test,2,11,0.07635885631327334,9.001592539621626,0.02893364180252945,344,False,False
2021_Ref_Plot2_A1::76,2021_Ref_Plot2_A1,Field2,test,5,12,0.18011936010190646,10.53828850396184,0.016066748731970313,340,False,False
2021_Ref_Plot2_A1::80,2021_Ref_Plot2_A1,Field2,test,4,13,0.0788245708379931,8.03610470148301,0.012755759322397673,340,False,False
2021_Ref_Plot2_A1::85,2021_Ref_Plot2_A1,Field2,test,5,14,0.08623859918562166,9.789601421228511,0.04161037779181408,344,False,False
2021_Ref_Plot2_A13::8,2021_Ref_Plot2_A13,Field2,test,7,1,0.6004058123145236,23.54322070464477,0.07528747603000759,344,False,False
2021_Ref_Plot2_A13::16,2021_Ref_Plot2_A13,Field2,test,8,2,0.7672365885905253,30.183190098274046,0.180951394685814,344,False,False
2021_Ref_Plot2_A13::22,2021_Ref_Plot2_A13,Field2,test,6,3,0.25971163800688285,15.936337844939622,0.03044565569835801,344,False,False
2021_Ref_Plot2_A13::27,2021_Ref_Plot2_A13,Field2,test,5,4,0.35437261572481066,17.20778188142804,0.052074120690899145,344,False,False
2021_Ref_Plot2_A13::35,2021_Ref_Plot2_A13,Field2,test,8,5,0.11624129534818228,11.724250163877413,0.01737476570407353,344,False,False
2021_Ref_Plot2_A13::44,2021_Ref_Plot2_A13,Field2,test,9,6,0.08055333384804987,10.271285544893802,0.007360006237901753,344,False,False
2021_Ref_Plot2_A13::50,2021_Ref_Plot2_A13,Field2,test,6,7,0.07820303675919334,9.800807430171153,0.03992433522911411,344,False,False
2021_Ref_Plot2_A13::57,2021_Ref_Plot2_A13,Field2,test,7,8,0.09837946900621197,10.835424448205007,0.01619519299434564,341,False,False
2021_Ref_Plot2_A13::65,2021_Ref_Plot2_A13,Field2,test,8,9,0.09609317795087247,11.563781415483326,0.03701617436067545,341,False,False
2021_Ref_Plot2_A13::69,2021_Ref_Plot2_A13,Field2,test,4,10,0.09941936733720731,11.790750143006939,0.035753176246031436,344,False,False
2021_Ref_Plot2_A13::71,2021_Ref_Plot2_A13,Field2,test,2,11,0.08413461914644345,10.270592397537676,0.06298466175988099,344,False,False
2021_Ref_Plot2_A13::76,2021_Ref_Plot2_A13,Field2,test,5,12,0.10403747974807347,12.113297136009235,0.024289359011943727,340,False,False
2021_Ref_Plot2_A13::80,2021_Ref_Plot2_A13,Field2,test,4,13,0.11531797579627034,9.255643592123695,0.03754224704019751,340,False,False
2021_Ref_Plot2_A13::85,2021_Ref_Plot2_A13,Field2,test,5,14,0.08008174027919807,9.639451960949252,0.027215422318098665,344,False,False
2021_Ref_Plot2_A15::8,2021_Ref_Plot2_A15,Field2,test,7,1,0.6192603785440713,24.2285282405234,0.07456897497582705,344,False,False
2021_Ref_Plot2_A15::16,2021_Ref_Plot2_A15,Field2,test,8,2,0.7270387942751572,29.169112070792167,0.15968295272016741,344,False,False
2021_Ref_Plot2_A15::22,2021_Ref_Plot2_A15,Field2,test,6,3,0.2701428305845864,15.765963720853392,0.035065554787801295,344,False,False
2021_Ref_Plot2_A15::27,2021_Ref_Plot2_A15,Field2,test,5,4,0.32099114606793533,15.972284370100846,0.0445889240493028,344,False,False
2021_Ref_Plot2_A15::35,2021_Ref_Plot2_A15,Field2,test,8,5,0.11674133490325815,11.054525643832683,0.024698112797220492,344,False,False
2021_Ref_Plot2_A15::44,2021_Ref_Plot2_A15,Field2,test,9,6,0.08347336267587564,10.165566233540503,0.006947553754627027,344,False,False
2021_Ref_Plot2_A15::50,2021_Ref_Plot2_A15,Field2,test,6,7,0.09050672100488046,9.769396996485881,0.0658123144392273,344,False,False
2021_Ref_Plot2_A15::57,2021_Ref_Plot2_A15,Field2,test,7,8,0.09193217731603481,10.844593265794384,0.03223151479063016,341,False,False
2021_Ref_Plot2_A15::65,2021_Ref_Plot2_A15,Field2,test,8,9,0.0866398060048948,11.69111723502134,0.04439117957594063,341,False,False
2021_Ref_Plot2_A15::69,2021_Ref_Plot2_A15,Field2,test,4,10,0.09882991873304375,11.986652139241327,0.04639355262428473,344,False,False
2021_Ref_Plot2_A15::71,2021_Ref_Plot2_A15,Field2,test,2,11,0.07624612137137433,9.721153607578284,0.05346116603232895,344,False,False
2021_Ref_Plot2_A15::76,2021_Ref_Plot2_A15,Field2,test,5,12,0.11398110986742312,11.643583147525957,0.022917807383487847,340,False,False
2021_Ref_Plot2_A15::80,2021_Ref_Plot2_A15,Field2,test,4,13,0.10711413265894087,7.991135381879786,0.0073254436522887535,340,False,False
2021_Ref_Plot2_A15::85,2021_Ref_Plot2_A15,Field2,test,5,14,0.1070838743764465,9.489404237156192,0.040503329353406343,344,False,False
2021_Ref_Plot2_B17::8,2021_Ref_Plot2_B17,Field2,test,7,1,0.6450194139522377,24.55949370280876,0.09667661977756015,344,False,False
2021_Ref_Plot2_B17::16,2021_Ref_Plot2_B17,Field2,test,8,2,0.7392895267579295,29.19875969285666,0.1678701094970999,344,False,False
2021_Ref_Plot2_B17::22,2021_Ref_Plot2_B17,Field2,test,6,3,0.2333205428897188,16.002617507712802,0.02049148762985411,344,False,False
2021_Ref_Plot2_B17::27,2021_Ref_Plot2_B17,Field2,test,5,4,0.2930467995167359,17.103021385375953,0.045011808246941024,344,False,False
2021_Ref_Plot2_B17::35,2021_Ref_Plot2_B17,Field2,test,8,5,0.11580714557117149,11.78291237902404,0.019135604957242397,344,False,False
2021_Ref_Plot2_B17::44,2021_Ref_Plot2_B17,Field2,test,9,6,0.08249292475970614,9.958098330233678,0.014970021206259669,344,False,False
2021_Ref_Plot2_B17::50,2021_Ref_Plot2_B17,Field2,test,6,7,0.07036656423854355,9.324099658300154,0.04006167197173022,344,False,False
2021_Ref_Plot2_B17::57,2021_Ref_Plot2_B17,Field2,test,7,8,0.09367715053346387,11.214147264747487,0.03012030201609484,341,False,False
2021_Ref_Plot2_B17::65,2021_Ref_Plot2_B17,Field2,test,8,9,0.07546868881670939,10.610509052305186,0.033155660120287006,341,False,False
2021_Ref_Plot2_B17::69,2021_Ref_Plot2_B17,Field2,test,4,10,0.12224546218121964,12.572576856793521,0.04649364010306187,344,False,False
2021_Ref_Plot2_B17::71,2021_Ref_Plot2_B17,Field2,test,2,11,0.08418351880822307,10.237409971826255,0.055554149291242694,344,False,False
2021_Ref_Plot2_B17::76,2021_Ref_Plot2_B17,Field2,test,5,12,0.12165486514594186,9.932087917085914,0.008279305530967167,340,False,False
2021_Ref_Plot2_B17::80,2021_Ref_Plot2_B17,Field2,test,4,13,0.1273376943959673,8.392089163229786,0.02590472241780894,340,False,False
2021_Ref_Plot2_B17::85,2021_Ref_Plot2_B17,Field2,test,5,14,0.13175805574754948,9.874430277399593,0.0632840040260881,344,False,False
2021_Ref_Plot2_B4::8,2021_Ref_Plot2_B4,Field2,test,7,1,0.650235575795593,24.03326438978493,0.10029059164527242,344,False,False
2021_Ref_Plot2_B4::16,2021_Ref_Plot2_B4,Field2,test,8,2,0.7313616803270788,29.289182623860132,0.16393961617939243,344,False,False
2021_Ref_Plot2_B4::22,2021_Ref_Plot2_B4,Field2,test,6,3,0.24163592286347746,16.828563363587786,0.01637941274096519,344,False,False
2021_Ref_Plot2_B4::27,2021_Ref_Plot2_B4,Field2,test,5,4,0.36060503674209893,17.633967173788562,0.0432616653018813,344,False,False
2021_Ref_Plot2_B4::35,2021_Ref_Plot2_B4,Field2,test,8,5,0.11423400119785625,12.25559653730797,0.020936565122948187,344,False,False
2021_Ref_Plot2_B4::44,2021_Ref_Plot2_B4,Field2,test,9,6,0.10863379032586655,12.396396160944935,0.01543008042584297,344,False,False
2021_Ref_Plot2_B4::50,2021_Ref_Plot2_B4,Field2,test,6,7,0.07826118888946709,9.921426164766881,0.06979449295657436,344,False,False
2021_Ref_Plot2_B4::57,2021_Ref_Plot2_B4,Field2,test,7,8,0.10897190077882268,11.138722296115501,0.043445965222439466,341,False,False
2021_Ref_Plot2_B4::65,2021_Ref_Plot2_B4,Field2,test,8,9,0.08815023195487598,10.272437835353301,0.05804985228032354,341,False,False
2021_Ref_Plot2_B4::69,2021_Ref_Plot2_B4,Field2,test,4,10,0.11663829645734608,12.089146461483411,0.04835740363014841,344,False,False
2021_Ref_Plot2_B4::71,2021_Ref_Plot2_B4,Field2,test,2,11,0.08112271628203303,10.67327610141948,0.07118096502194801,344,False,False
2021_Ref_Plot2_B4::76,2021_Ref_Plot2_B4,Field2,test,5,12,0.1916317929244282,13.665461817143497,0.0364290780031479,340,False,False
2021_Ref_Plot2_B4::80,2021_Ref_Plot2_B4,Field2,test,4,13,0.09252800451234884,8.641619266025852,0.020123727548258353,340,False,False
2021_Ref_Plot2_B4::85,2021_Ref_Plot2_B4,Field2,test,5,14,0.111524539469096,9.7131315951072,0.05432747700173326,344,False,False
2021_Ref_Plot2_C1::8,2021_Ref_Plot2_C1,Field2,test,7,1,0.644374180223617,23.34943771069428,0.11472912138825637,344,False,False
2021_Ref_Plot2_C1::16,2021_Ref_Plot2_C1,Field2,test,8,2,0.715314355088041,28.04075103304937,0.1649810548628735,344,False,False
2021_Ref_Plot2_C1::22,2021_Ref_Plot2_C1,Field2,test,6,3,0.23194607605640197,15.545174236043572,0.033618140915604784,344,False,False
2021_Ref_Plot2_C1::27,2021_Ref_Plot2_C1,Field2,test,5,4,0.29167613600470554,16.091017786525292,0.04659197567777355,344,False,False
2021_Ref_Plot2_C1::35,2021_Ref_Plot2_C1,Field2,test,8,5,0.10932882373268532,12.037671826979302,0.02872344427180369,344,False,False
2021_Ref_Plot2_C1::44,2021_Ref_Plot2_C1,Field2,test,9,6,0.09075297075251577,12.025852090270446,0.01299496855740924,344,False,False
2021_Ref_Plot2_C1::50,2021_Ref_Plot2_C1,Field2,test,6,7,0.08075476099552359,9.669282651323194,0.0522856435622703,344,False,False
2021_Ref_Plot2_C1::57,2021_Ref_Plot2_C1,Field2,test,7,8,0.10556230909752333,11.251372380039676,0.03026487841496904,341,False,False
2021_Ref_Plot2_C1::65,2021_Ref_Plot2_C1,Field2,test,8,9,0.07624942562204007,10.233201828478723,0.023017778414186535,341,False,False
2021_Ref_Plot2_C1::69,2021_Ref_Plot2_C1,Field2,test,4,10,0.11116793712680932,12.467548938567308,0.05355054274666231,344,False,False
2021_Ref_Plot2_C1::71,2021_Ref_Plot2_C1,Field2,test,2,11,0.09999302064725812,9.383023209110895,0.053515507901808146,344,False,False
2021_Ref_Plot2_C1::76,2021_Ref_Plot2_C1,Field2,test,5,12,0.20384483126243305,14.153469076627964,0.03906833716688736,340,False,False
2021_Ref_Plot2_C1::80,2021_Ref_Plot2_C1,Field2,test,4,13,0.09892799624234729,9.391694386178465,0.02177203474274215,340,False,False
2021_Ref_Plot2_C1::85,2021_Ref_Plot2_C1,Field2,test,5,14,0.07291229626442462,9.681293441141223,0.03604116648880912,344,False,False
2021_Ref_Plot2_C10::8,2021_Ref_Plot2_C10,Field2,test,7,1,0.6573405215868888,23.993582898708947,0.11289460676216649,344,False,False
2021_Ref_Plot2_C10::16,2021_Ref_Plot2_C10,Field2,test,8,2,0.7400593693644701,28.735471693253515,0.17354257631811976,344,False,False
2021_Ref_Plot2_C10::22,2021_Ref_Plot2_C10,Field2,test,6,3,0.21574993701111278,15.544123757498475,0.02593771038294039,344,False,False
2021_Ref_Plot2_C10::27,2021_Ref_Plot2_C10,Field2,test,5,4,0.2742308863613647,15.034827548118567,0.038856268156338115,344,False,False
2021_Ref_Plot2_C10::35,2021_Ref_Plot2_C10,Field2,test,8,5,0.10684705643053855,11.183785163446222,0.020899840354406663,344,False,False
2021_Ref_Plot2_C10::44,2021_Ref_Plot2_C10,Field2,test,9,6,0.09416942742098777,10.840066243230439,0.008686826538988132,344,False,False
2021_Ref_Plot2_C10::50,2021_Ref_Plot2_C10,Field2,test,6,7,0.06966661837436167,9.389355690812838,0.04903431489895761,344,False,False
2021_Ref_Plot2_C10::57,2021_Ref_Plot2_C10,Field2,test,7,8,0.0810022286709683,10.784871598733579,0.025214904809836878,341,False,False
2021_Ref_Plot2_C10::65,2021_Ref_Plot2_C10,Field2,test,8,9,0.06706919787926391,9.71580290846967,0.04338850775389671,341,False,False
2021_Ref_Plot2_C10::69,2021_Ref_Plot2_C10,Field2,test,4,10,0.1001195288200135,12.005951240122021,0.04489101186128223,344,False,False
2021_Ref_Plot2_C10::71,2021_Ref_Plot2_C10,Field2,test,2,11,0.08745260311015463,9.80339402969235,0.0188046501506399,344,False,False
2021_Ref_Plot2_C10::76,2021_Ref_Plot2_C10,Field2,test,5,12,0.11901650253038927,12.057797178983439,0.015987446165033305,340,False,False
2021_Ref_Plot2_C10::80,2021_Ref_Plot2_C10,Field2,test,4,13,0.0875230687002831,9.584434640302767,0.03776047913807314,340,False,False
2021_Ref_Plot2_C10::85,2021_Ref_Plot2_C10,Field2,test,5,14,0.09502798880040005,9.98369284716042,0.0655560630645526,344,False,False
2021_Ref_Plot2_C16::8,2021_Ref_Plot2_C16,Field2,test,7,1,0.649383449410434,24.099527589313713,0.10899650210942752,344,False,False
2021_Ref_Plot2_C16::16,2021_Ref_Plot2_C16,Field2,test,8,2,0.7535034214831602,29.06205337101101,0.17664198191781144,344,False,False
2021_Ref_Plot2_C16::22,2021_Ref_Plot2_C16,Field2,test,6,3,0.2546543975796916,15.562622630028972,0.026437503920238126,344,False,False
2021_Ref_Plot2_C16::27,2021_Ref_Plot2_C16,Field2,test,5,4,0.28213605332848307,16.388041993765224,0.039534446750216855,344,False,False
2021_Ref_Plot2_C16::35,2021_Ref_Plot2_C16,Field2,test,8,5,0.11782793520950761,11.460079867083724,0.015075405179206589,344,False,False
2021_Ref_Plot2_C16::44,2021_Ref_Plot2_C16,Field2,test,9,6,0.08759307307001231,10.412315757059298,0.016863691598492495,344,False,False
2021_Ref_Plot2_C16::50,2021_Ref_Plot2_C16,Field2,test,6,7,0.075726269536296,9.55381355090504,0.04020424603850364,344,False,False
2021_Ref_Plot2_C16::57,2021_Ref_Plot2_C16,Field2,test,7,8,0.08788893440698799,11.13949366429295,0.025793369544779673,341,False,False
2021_Ref_Plot2_C16::65,2021_Ref_Plot2_C16,Field2,test,8,9,0.07284920296236723,10.588516644615334,0.03465697083783047,341,False,False
2021_Ref_Plot2_C16::69,2021_Ref_Plot2_C16,Field2,test,4,10,0.11767573595890995,12.391948396261414,0.043162119255157935,344,False,False
2021_Ref_Plot2_C16::71,2021_Ref_Plot2_C16,Field2,test,2,11,0.10999183188146833,8.95074394826147,0.0458209787109473,344,False,False
2021_Ref_Plot2_C16::76,2021_Ref_Plot2_C16,Field2,test,5,12,0.15930191938348778,11.0384234392033,0.017079524940420514,340,False,False
2021_Ref_Plot2_C16::80,2021_Ref_Plot2_C16,Field2,test,4,13,0.10161900447509258,9.862898601721383,0.05131522125833352,340,False,False
2021_Ref_Plot2_C16::85,2021_Ref_Plot2_C16,Field2,test,5,14,0.09474581701843798,10.449676937276644,0.06658579677044915,344,False,False
2021_Ref_Plot2_C18::8,2021_Ref_Plot2_C18,Field2,test,7,1,0.6705262547704033,25.097482169506158,0.11481424716731857,344,False,False
2021_Ref_Plot2_C18::16,2021_Ref_Plot2_C18,Field2,test,8,2,0.753393024536739,29.51141499004473,0.19722829643648382,344,False,False
2021_Ref_Plot2_C18::22,2021_Ref_Plot2_C18,Field2,test,6,3,0.2500428982190183,16.199080945922738,0.024744328385494934,344,False,False
2021_Ref_Plot2_C18::27,2021_Ref_Plot2_C18,Field2,test,5,4,0.2515754529991556,15.635686144278436,0.03268932459804164,344,False,False
2021_Ref_Plot2_C18::35,2021_Ref_Plot2_C18,Field2,test,8,5,0.13277561152856301,11.053538193901453,0.009402015254732025,344,False,False
2021_Ref_Plot2_C18::44,2021_Ref_Plot2_C18,Field2,test,9,6,0.08696544051446953,10.268828985062076,0.017271376268194274,344,False,False
2021_Ref_Plot2_C18::50,2021_Ref_Plot2_C18,Field2,test,6,7,0.0662775751704152,9.339702939277824,0.03801407923033721,344,False,False
2021_Ref_Plot2_C18::57,2021_Ref_Plot2_C18,Field2,test,7,8,0.07703504345951358,11.30361774425708,0.024686028696283977,341,False,False
2021_Ref_Plot2_C18::65,2021_Ref_Plot2_C18,Field2,test,8,9,0.06834743910502795,10.406898598207064,0.03693968334035597,341,False,False
2021_Ref_Plot2_C18::69,2021_Ref_Plot2_C18,Field2,test,4,10,0.11315373007201361,12.689068671441593,0.036068389107881155,344,False,False
2021_Ref_Plot2_C18::71,2021_Ref_Plot2_C18,Field2,test,2,11,0.08712046894446934,9.156424432249494,0.023107483248965416,344,False,False
2021_Ref_Plot2_C18::76,2021_Ref_Plot2_C18,Field2,test,5,12,0.16021607429881604,12.447749300885071,0.034304863563012655,340,False,False
2021_Ref_Plot2_C18::80,2021_Ref_Plot2_C18,Field2,test,4,13,0.10424574505395286,9.018968359840699,0.04035707038425245,340,False,False
2021_Ref_Plot2_C18::85,2021_Ref_Plot2_C18,Field2,test,5,14,0.08853260069317219,9.392669247383731,0.03034542172633866,344,False,False
2021_Ref_Plot2_C2::8,2021_Ref_Plot2_C2,Field2,test,7,1,0.6520626580782863,23.507279303764133,0.10179710860569684,344,False,False
2021_Ref_Plot2_C2::16,2021_Ref_Plot2_C2,Field2,test,8,2,0.7120032990752984,28.483061161640183,0.148108896864361,344,False,False
2021_Ref_Plot2_C2::22,2021_Ref_Plot2_C2,Field2,test,6,3,0.252200869436028,16.131321635586517,0.03135217102942708,344,False,False
2021_Ref_Plot2_C2::27,2021_Ref_Plot2_C2,Field2,test,5,4,0.34252690365117605,17.316115877314516,0.05249302163282177,344,False,False
2021_Ref_Plot2_C2::35,2021_Ref_Plot2_C2,Field2,test,8,5,0.12087610624374219,12.15633743549515,0.020760833085553043,344,False,False
2021_Ref_Plot2_C2::44,2021_Ref_Plot2_C2,Field2,test,9,6,0.0929512517643047,11.632964061546698,0.005881391290738859,344,False,False
2021_Ref_Plot2_C2::50,2021_Ref_Plot2_C2,Field2,test,6,7,0.08401176099414966,9.685890124537679,0.05303523790420353,344,False,False
2021_Ref_Plot2_C2::57,2021_Ref_Plot2_C2,Field2,test,7,8,0.10527851919105723,11.486386653148916,0.038422333991665614,341,False,False
2021_Ref_Plot2_C2::65,2021_Ref_Plot2_C2,Field2,test,8,9,0.08708966076523138,9.885219969511192,0.030985610353652607,341,False,False
2021_Ref_Plot2_C2::69,2021_Ref_Plot2_C2,Field2,test,4,10,0.10784049354266112,12.197666971123315,0.05163682900828234,344,False,False
2021_Ref_Plot2_C2::71,2021_Ref_Plot2_C2,Field2,test,2,11,0.09274871694280973,8.494053890369438,0.030738312348232398,344,False,False
2021_Ref_Plot2_C2::76,2021_Ref_Plot2_C2,Field2,test,5,12,0.21164204158707167,14.565334024471872,0.02931340505337106,340,False,False
2021_Ref_Plot2_C2::80,2021_Ref_Plot2_C2,Field2,test,4,13,0.11038419477880479,9.402727494379574,0.031344503773549436,340,False,False
2021_Ref_Plot2_C2::85,2021_Ref_Plot2_C2,Field2,test,5,14,0.07370186045215123,8.713908688992106,0.010236546041127817,344,False,False
2021_Ref_Plot2_C3::8,2021_Ref_Plot2_C3,Field2,test,7,1,0.6543171839595612,24.021529372396216,0.09807717358158129,344,False,False
2021_Ref_Plot2_C3::16,2021_Ref_Plot2_C3,Field2,test,8,2,0.7344596705173734,29.27632184193743,0.15842263394644668,344,False,False
2021_Ref_Plot2_C3::22,2021_Ref_Plot2_C3,Field2,test,6,3,0.22628540946764808,14.90179657217148,0.02180707106920033,344,False,False
2021_Ref_Plot2_C3::27,2021_Ref_Plot2_C3,Field2,test,5,4,0.3278659685779311,17.24113180800374,0.04940292841505479,344,False,False
2021_Ref_Plot2_C3::35,2021_Ref_Plot2_C3,Field2,test,8,5,0.13168224939011272,12.542169306531132,0.014789049927543063,344,False,False
2021_Ref_Plot2_C3::44,2021_Ref_Plot2_C3,Field2,test,9,6,0.10672328590998836,11.687404604400548,0.010186968820733017,344,False,False
2021_Ref_Plot2_C3::50,2021_Ref_Plot2_C3,Field2,test,6,7,0.07646366145575255,10.064376732787432,0.07483512062819879,344,False,False
2021_Ref_Plot2_C3::57,2021_Ref_Plot2_C3,Field2,test,7,8,0.09936728324246563,11.5049383041446,0.02853693548393347,341,False,False
2021_Ref_Plot2_C3::65,2021_Ref_Plot2_C3,Field2,test,8,9,0.08946509910414302,9.88957382349935,0.03406866336552371,341,False,False
2021_Ref_Plot2_C3::69,2021_Ref_Plot2_C3,Field2,test,4,10,0.10918543404654091,12.46837972026367,0.026893079615072844,344,False,False
2021_Ref_Plot2_C3::71,2021_Ref_Plot2_C3,Field2,test,2,11,0.07253311468592623,10.010260823907323,0.05622276151094187,344,False,False
2021_Ref_Plot2_C3::76,2021_Ref_Plot2_C3,Field2,test,5,12,0.16635629777130695,14.006778016645631,0.04251520239363073,340,False,False
2021_Ref_Plot2_C3::80,2021_Ref_Plot2_C3,Field2,test,4,13,0.07350525769537995,9.923204128695405,0.024605827037635836,340,False,False
2021_Ref_Plot2_C3::85,2021_Ref_Plot2_C3,Field2,test,5,14,0.07437147606420433,9.7911726954193,0.013678492302453236,344,False,False
2021_Ref_Plot2_D12::8,2021_Ref_Plot2_D12,Field2,test,7,1,0.6827935619597837,26.33276537803679,0.11509412618476533,344,False,False
2021_Ref_Plot2_D12::16,2021_Ref_Plot2_D12,Field2,test,8,2,0.7301414519262422,29.05649163863972,0.17164383149698717,344,False,False
2021_Ref_Plot2_D12::22,2021_Ref_Plot2_D12,Field2,test,6,3,0.1612729920658852,15.002606524269043,0.022134621757542345,344,False,False
2021_Ref_Plot2_D12::27,2021_Ref_Plot2_D12,Field2,test,5,4,0.19054976311482252,14.436755068685848,0.016902669361495905,344,False,False
2021_Ref_Plot2_D12::35,2021_Ref_Plot2_D12,Field2,test,8,5,0.1012626033111634,10.95386022323397,0.015461740314809147,344,False,False
2021_Ref_Plot2_D12::44,2021_Ref_Plot2_D12,Field2,test,9,6,0.08511542420610159,11.038321550047375,0.022500368841690772,344,False,False
2021_Ref_Plot2_D12::50,2021_Ref_Plot2_D12,Field2,test,6,7,0.06531731442248638,9.806235194771265,0.04694952209422701,344,False,False
2021_Ref_Plot2_D12::57,2021_Ref_Plot2_D12,Field2,test,7,8,0.0735773499148936,11.624603516473467,0.017318077555711,341,False,False
2021_Ref_Plot2_D12::65,2021_Ref_Plot2_D12,Field2,test,8,9,0.05448612848083304,9.997996029254018,0.015581679186166363,341,False,False
2021_Ref_Plot2_D12::69,2021_Ref_Plot2_D12,Field2,test,4,10,0.09262037563493108,13.096161801488744,0.02361878734621669,344,False,False
2021_Ref_Plot2_D12::71,2021_Ref_Plot2_D12,Field2,test,2,11,0.07535406317425336,9.348908758266665,0.021011101559832428,344,False,False
2021_Ref_Plot2_D12::76,2021_Ref_Plot2_D12,Field2,test,5,12,0.11537258271749541,12.60967969098768,0.01818548286414989,340,False,False
2021_Ref_Plot2_D12::80,2021_Ref_Plot2_D12,Field2,test,4,13,0.05624091097684142,10.413360473172773,0.027148179289451898,340,False,False
2021_Ref_Plot2_D12::85,2021_Ref_Plot2_D12,Field2,test,5,14,0.04252776016268797,10.714405786181187,0.020117206224757486,344,False,False
2021_Ref_Plot2_D5::8,2021_Ref_Plot2_D5,Field2,test,7,1,0.6920168236897558,26.825723177529785,0.11974299383777252,344,False,False
2021_Ref_Plot2_D5::16,2021_Ref_Plot2_D5,Field2,test,8,2,0.7522415755856938,30.01299659058173,0.1818328751056643,344,False,False
2021_Ref_Plot2_D5::22,2021_Ref_Plot2_D5,Field2,test,6,3,0.17393690535873277,15.55034207458319,0.022047388472663812,344,False,False
2021_Ref_Plot2_D5::27,2021_Ref_Plot2_D5,Field2,test,5,4,0.20562656673126486,15.251855536182859,0.027774194924542583,344,False,False
2021_Ref_Plot2_D5::35,2021_Ref_Plot2_D5,Field2,test,8,5,0.09943795573614096,11.017320556944172,0.005682843689781228,344,False,False
2021_Ref_Plot2_D5::44,2021_Ref_Plot2_D5,Field2,test,9,6,0.08226526744024515,10.966488146159946,0.0003237307303915145,344,False,False
2021_Ref_Plot2_D5::50,2021_Ref_Plot2_D5,Field2,test,6,7,0.052447444115551134,9.57384209996325,0.030363093271136003,344,False,False
2021_Ref_Plot2_D5::57,2021_Ref_Plot2_D5,Field2,test,7,8,0.08423183617117518,11.379064792462154,0.019958512825129247,341,False,False
2021_Ref_Plot2_D5::65,2021_Ref_Plot2_D5,Field2,test,8,9,0.07469549869357515,9.544469234021934,0.013722230086122797,341,False,False
2021_Ref_Plot2_D5::69,2021_Ref_Plot2_D5,Field2,test,4,10,0.11105996953098753,12.699526111424206,0.031740001296233736,344,False,False
2021_Ref_Plot2_D5::71,2021_Ref_Plot2_D5,Field2,test,2,11,0.07676670062893058,10.498711047558286,0.06407587346430364,344,False,False
2021_Ref_Plot2_D5::76,2021_Ref_Plot2_D5,Field2,test,5,12,0.14023573698594446,13.404798993648367,0.019707267996468002,340,False,False
2021_Ref_Plot2_D5::80,2021_Ref_Plot2_D5,Field2,test,4,13,0.053323700322881806,9.797317865608976,0.025146006502693264,340,False,False
2021_Ref_Plot2_D5::85,2021_Ref_Plot2_D5,Field2,test,5,14,0.050055363999236484,10.577445556721958,0.03440965440941756,344,False,False
2021_Ref_Plot2_E1::8,2021_Ref_Plot2_E1,Field2,test,7,1,0.6309480373188867,24.76434800597652,0.09616294169549472,344,False,False
2021_Ref_Plot2_E1::16,2021_Ref_Plot2_E1,Field2,test,8,2,0.6894890166658473,28.035416698201292,0.15452266673256293,344,False,False
2021_Ref_Plot2_E1::22,2021_Ref_Plot2_E1,Field2,test,6,3,0.17674855475155496,15.202899139001175,0.030082457308261333,344,False,False
2021_Ref_Plot2_E1::27,2021_Ref_Plot2_E1,Field2,test,5,4,0.1680730007093965,14.240602918785894,0.013941452827392316,344,False,False
2021_Ref_Plot2_E1::35,2021_Ref_Plot2_E1,Field2,test,8,5,0.09557206860819933,11.749828004335647,0.004160809703042565,344,False,False
2021_Ref_Plot2_E1::44,2021_Ref_Plot2_E1,Field2,test,9,6,0.10334591650012526,11.642878213855765,0.016316085308426105,344,False,False
2021_Ref_Plot2_E1::50,2021_Ref_Plot2_E1,Field2,test,6,7,0.05965095909669974,10.233591339829164,0.017748279644058645,344,False,False
2021_Ref_Plot2_E1::57,2021_Ref_Plot2_E1,Field2,test,7,8,0.07602812978336985,11.807408471991481,0.016209092584604068,341,False,False
2021_Ref_Plot2_E1::65,2021_Ref_Plot2_E1,Field2,test,8,9,0.0493892436502796,9.983697196020099,0.0037191843219397443,341,False,False
2021_Ref_Plot2_E1::69,2021_Ref_Plot2_E1,Field2,test,4,10,0.08815160548813893,12.80523775910142,0.028090762444275615,344,False,False
2021_Ref_Plot2_E1::71,2021_Ref_Plot2_E1,Field2,test,2,11,0.06767932033686276,8.882823859624406,0.028270867135970153,344,False,False
2021_Ref_Plot2_E1::76,2021_Ref_Plot2_E1,Field2,test,5,12,0.13161340342295724,13.584794265777854,0.003997500691223526,340,False,False
2021_Ref_Plot2_E1::80,2021_Ref_Plot2_E1,Field2,test,4,13,0.05095050425791584,10.099894581248233,0.007239277348934515,340,False,False
2021_Ref_Plot2_E1::85,2021_Ref_Plot2_E1,Field2,test,5,14,0.03274878974412775,10.231057206064492,0.00728069499103547,344,False,False
2021_Ref_Plot2_E18::8,2021_Ref_Plot2_E18,Field2,test,7,1,0.6319544412013055,24.817634015835036,0.09276232459342532,344,False,False
2021_Ref_Plot2_E18::16,2021_Ref_Plot2_E18,Field2,test,8,2,0.7147545891777494,27.770251199357908,0.16605046079768276,344,False,False
2021_Ref_Plot2_E18::22,2021_Ref_Plot2_E18,Field2,test,6,3,0.21813027135752427,14.65084615162262,0.0308266773171255,344,False,False
2021_Ref_Plot2_E18::27,2021_Ref_Plot2_E18,Field2,test,5,4,0.21456516589034713,14.874736938675305,0.04357489746036742,344,False,False
2021_Ref_Plot2_E18::35,2021_Ref_Plot2_E18,Field2,test,8,5,0.11355281837475491,12.978105233444957,0.029531790879218884,344,False,False
2021_Ref_Plot2_E18::44,2021_Ref_Plot2_E18,Field2,test,9,6,0.08091359101927252,12.09075572041359,0.015402974148128915,344,False,False
2021_Ref_Plot2_E18::50,2021_Ref_Plot2_E18,Field2,test,6,7,0.051985525964321155,10.184647993213927,0.030058806208999842,344,False,False
2021_Ref_Plot2_E18::57,2021_Ref_Plot2_E18,Field2,test,7,8,0.06419750411252842,11.803961749823221,0.023528471922492245,341,False,False
2021_Ref_Plot2_E18::65,2021_Ref_Plot2_E18,Field2,test,8,9,0.05743159222874928,10.10673311242343,0.00871477489828311,341,False,False
2021_Ref_Plot2_E18::69,2021_Ref_Plot2_E18,Field2,test,4,10,0.1011451968247326,12.94256647230883,0.02437490535660398,344,False,False
2021_Ref_Plot2_E18::71,2021_Ref_Plot2_E18,Field2,test,2,11,0.07146519269486282,10.05087657830865,0.043637642631840744,344,False,False
2021_Ref_Plot2_E18::76,2021_Ref_Plot2_E18,Field2,test,5,12,0.09466033130379074,11.66257047319423,0.0076730485550258725,340,False,False
2021_Ref_Plot2_E18::80,2021_Ref_Plot2_E18,Field2,test,4,13,0.04156450920222473,9.543055253997156,0.018267662081746513,340,False,False
2021_Ref_Plot2_E18::85,2021_Ref_Plot2_E18,Field2,test,5,14,0.03941381126255028,10.658412518166529,0.012315414919268967,344,False,False
2021_Ref_Plot2_E7::8,2021_Ref_Plot2_E7,Field2,test,7,1,0.6235507351401357,24.65769764765987,0.09656573606791909,344,False,False
2021_Ref_Plot2_E7::16,2021_Ref_Plot2_E7,Field2,test,8,2,0.667754227398624,27.063353449232213,0.1396493020722497,344,False,False
2021_Ref_Plot2_E7::22,2021_Ref_Plot2_E7,Field2,test,6,3,0.15413644201819787,14.067024254645863,0.022987522524172247,344,False,False
2021_Ref_Plot2_E7::27,2021_Ref_Plot2_E7,Field2,test,5,4,0.1618073363247373,15.577738762956885,0.029416088752569756,344,False,False
2021_Ref_Plot2_E7::35,2021_Ref_Plot2_E7,Field2,test,8,5,0.09962637987506913,12.640541333792445,0.012374820812702738,344,False,False
2021_Ref_Plot2_E7::44,2021_Ref_Plot2_E7,Field2,test,9,6,0.08979424430957361,11.565039243089366,0.011650634631105276,344,False,False
2021_Ref_Plot2_E7::50,2021_Ref_Plot2_E7,Field2,test,6,7,0.0439395286849808,10.590831724472519,0.01839003451392327,344,False,False
2021_Ref_Plot2_E7::57,2021_Ref_Plot2_E7,Field2,test,7,8,0.06977078365842983,11.721349520529323,0.015307537574549095,341,False,False
2021_Ref_Plot2_E7::65,2021_Ref_Plot2_E7,Field2,test,8,9,0.04929112359150745,9.519265279970009,0.004422169231631335,341,False,False
2021_Ref_Plot2_E7::69,2021_Ref_Plot2_E7,Field2,test,4,10,0.08550349352034553,12.61372652822798,0.02245834647903842,344,False,False
2021_Ref_Plot2_E7::71,2021_Ref_Plot2_E7,Field2,test,2,11,0.06042066506034749,10.049486592206406,0.027050432197100478,344,False,False
2021_Ref_Plot2_E7::76,2021_Ref_Plot2_E7,Field2,test,5,12,0.10512262544440228,13.289627455409834,0.014399478971272478,340,False,False
2021_Ref_Plot2_E7::80,2021_Ref_Plot2_E7,Field2,test,4,13,0.04227182606977706,10.503109548988775,0.01705616282570863,340,False,False
2021_Ref_Plot2_E7::85,2021_Ref_Plot2_E7,Field2,test,5,14,0.04545829533819789,11.023572179462185,0.02287102912421632,344,False,False
2021_Ref_Plot3_A6::8,2021_Ref_Plot3_A6,Field2,test,7,1,0.6906930971823377,25.55721369393686,0.10977474532717649,344,False,False
2021_Ref_Plot3_A6::16,2021_Ref_Plot3_A6,Field2,test,8,2,0.7636184925443373,30.087053818315532,0.19719102916389186,344,False,False
2021_Ref_Plot3_A6::22,2021_Ref_Plot3_A6,Field2,test,6,3,0.21712359193949582,15.895403345276378,0.025063476678585602,344,False,False
2021_Ref_Plot3_A6::27,2021_Ref_Plot3_A6,Field2,test,5,4,0.2364204693120143,15.489006650291117,0.02829491793853812,344,False,False
2021_Ref_Plot3_A6::35,2021_Ref_Plot3_A6,Field2,test,8,5,0.13067864709231694,11.643635790788336,0.016729144945760065,344,False,False
2021_Ref_Plot3_A6::44,2021_Ref_Plot3_A6,Field2,test,9,6,0.09392488887391348,9.24495699967187,0.012093244076592083,344,False,False
2021_Ref_Plot3_A6::50,2021_Ref_Plot3_A6,Field2,test,6,7,0.07174354080153525,9.34874300827915,0.0499013699679921,344,False,False
2021_Ref_Plot3_A6::57,2021_Ref_Plot3_A6,Field2,test,7,8,0.10255240583572173,10.05447119197843,0.033054958852750865,341,False,False
2021_Ref_Plot3_A6::65,2021_Ref_Plot3_A6,Field2,test,8,9,0.09075212566953572,11.753819197607726,0.02946792988010503,341,False,False
2021_Ref_Plot3_A6::69,2021_Ref_Plot3_A6,Field2,test,4,10,0.14679726839944018,12.417859964232616,0.04197300806901261,344,False,False
2021_Ref_Plot3_A6::71,2021_Ref_Plot3_A6,Field2,test,2,11,0.06586253398557401,10.295443783608636,0.059151986741928474,344,False,False
2021_Ref_Plot3_A6::76,2021_Ref_Plot3_A6,Field2,test,5,12,0.16254556296196013,12.789331445028441,0.027710814935696,340,False,False
2021_Ref_Plot3_A6::80,2021_Ref_Plot3_A6,Field2,test,4,13,0.08663792883434267,8.622529446742005,0.022926848586073044,340,False,False
2021_Ref_Plot3_A6::85,2021_Ref_Plot3_A6,Field2,test,5,14,0.08879280337149642,9.570232423976972,0.03195141612014276,344,False,False
2021_Ref_Plot3_A7::8,2021_Ref_Plot3_A7,Field2,test,7,1,0.6883334951422015,25.09482726574882,0.10275535958944794,344,False,False
2021_Ref_Plot3_A7::16,2021_Ref_Plot3_A7,Field2,test,8,2,0.7667704750376522,29.705362135758588,0.1879028236297461,344,False,False
2021_Ref_Plot3_A7::22,2021_Ref_Plot3_A7,Field2,test,6,3,0.23024579920587404,16.03795542997412,0.02509328215154444,344,False,False
2021_Ref_Plot3_A7::27,2021_Ref_Plot3_A7,Field2,test,5,4,0.27663491572616383,15.637044152053917,0.03692608420422341,344,False,False
2021_Ref_Plot3_A7::35,2021_Ref_Plot3_A7,Field2,test,8,5,0.1204400494326452,11.136786115716372,0.008007675180216249,344,False,False
2021_Ref_Plot3_A7::44,2021_Ref_Plot3_A7,Field2,test,9,6,0.10234352033538247,8.88023114981989,0.006012967107482146,344,False,False
2021_Ref_Plot3_A7::50,2021_Ref_Plot3_A7,Field2,test,6,7,0.0778201465631244,9.74009886178045,0.04721325066378726,344,False,False
2021_Ref_Plot3_A7::57,2021_Ref_Plot3_A7,Field2,test,7,8,0.09612733815551149,10.256763097705157,0.0363926950124327,341,False,False
2021_Ref_Plot3_A7::65,2021_Ref_Plot3_A7,Field2,test,8,9,0.07601292149932812,11.389647305893075,0.029064177181045023,341,False,False
2021_Ref_Plot3_A7::69,2021_Ref_Plot3_A7,Field2,test,4,10,0.1263257193016062,12.529474950623152,0.04120754873848687,344,False,False
2021_Ref_Plot3_A7::71,2021_Ref_Plot3_A7,Field2,test,2,11,0.06142257159666209,10.18410228274557,0.0434818814731161,344,False,False
2021_Ref_Plot3_A7::76,2021_Ref_Plot3_A7,Field2,test,5,12,0.13081542780004582,11.664517444174201,0.014700843239856074,340,False,False
2021_Ref_Plot3_A7::80,2021_Ref_Plot3_A7,Field2,test,4,13,0.07771799483635768,9.14199488359513,0.02628169874292446,340,False,False
2021_Ref_Plot3_A7::85,2021_Ref_Plot3_A7,Field2,test,5,14,0.06851756511336878,10.107777519780443,0.047715451572573245,344,False,False
2021_Ref_Plot3_B1::8,2021_Ref_Plot3_B1,Field2,test,7,1,0.6697820440703954,25.52117163469022,0.1059814084981516,344,False,False
2021_Ref_Plot3_B1::16,2021_Ref_Plot3_B1,Field2,test,8,2,0.7676695856793042,30.281081585738146,0.19650076543753023,344,False,False
2021_Ref_Plot3_B1::22,2021_Ref_Plot3_B1,Field2,test,6,3,0.21430231535352182,15.691856726336209,0.02173985804719167,344,False,False
2021_Ref_Plot3_B1::27,2021_Ref_Plot3_B1,Field2,test,5,4,0.27767487002239677,16.34340132650635,0.04133180683161582,344,False,False
2021_Ref_Plot3_B1::35,2021_Ref_Plot3_B1,Field2,test,8,5,0.14941292765318448,12.059530781243913,0.03069535296933569,344,False,False
2021_Ref_Plot3_B1::44,2021_Ref_Plot3_B1,Field2,test,9,6,0.11822617738068841,8.494645587032084,0.012492049790182824,344,False,False
2021_Ref_Plot3_B1::50,2021_Ref_Plot3_B1,Field2,test,6,7,0.07785886650506385,9.717386832156228,0.05303538481339666,344,False,False
2021_Ref_Plot3_B1::57,2021_Ref_Plot3_B1,Field2,test,7,8,0.11451787972925216,11.069591925459958,0.028146297548472827,341,False,False
2021_Ref_Plot3_B1::65,2021_Ref_Plot3_B1,Field2,test,8,9,0.09610101004786592,10.690719998531627,0.032278399351386315,341,False,False
2021_Ref_Plot3_B1::69,2021_Ref_Plot3_B1,Field2,test,4,10,0.12364018671290185,11.987806058032175,0.03669990052743586,344,False,False
2021_Ref_Plot3_B1::71,2021_Ref_Plot3_B1,Field2,test,2,11,0.07260313680807155,10.728649379864033,0.08299460098640385,344,False,False
2021_Ref_Plot3_B1::76,2021_Ref_Plot3_B1,Field2,test,5,12,0.1483527535632014,11.919301728007083,0.031626629278699754,340,False,False
2021_Ref_Plot3_B1::80,2021_Ref_Plot3_B1,Field2,test,4,13,0.091706576779938,8.158657134143487,0.016368879718380157,340,False,False
2021_Ref_Plot3_B1::85,2021_Ref_Plot3_B1,Field2,test,5,14,0.06596152746963492,9.07568365831211,0.013005061252000816,344,False,False
2021_Ref_Plot3_B10::8,2021_Ref_Plot3_B10,Field2,test,7,1,0.7077205935335164,26.22213845334249,0.11000058467433366,344,False,False
2021_Ref_Plot3_B10::16,2021_Ref_Plot3_B10,Field2,test,8,2,0.7804474468998448,30.190147135232884,0.20585791978296483,344,False,False
2021_Ref_Plot3_B10::22,2021_Ref_Plot3_B10,Field2,test,6,3,0.19785079691751162,15.296903707719906,0.021274293630222506,344,False,False
2021_Ref_Plot3_B10::27,2021_Ref_Plot3_B10,Field2,test,5,4,0.2956791210866911,16.9763085376152,0.046734646143412745,344,False,False
2021_Ref_Plot3_B10::35,2021_Ref_Plot3_B10,Field2,test,8,5,0.15791268158907823,12.114862475683916,0.022649296824492633,344,False,False
2021_Ref_Plot3_B10::44,2021_Ref_Plot3_B10,Field2,test,9,6,0.14695508964217477,8.520609733510675,0.013652794469250868,344,False,False
2021_Ref_Plot3_B10::50,2021_Ref_Plot3_B10,Field2,test,6,7,0.08860537714156787,9.968395792175933,0.06593211391330195,344,False,False
2021_Ref_Plot3_B10::57,2021_Ref_Plot3_B10,Field2,test,7,8,0.09641619674286463,10.14915524156562,0.024137336807529906,341,False,False
2021_Ref_Plot3_B10::65,2021_Ref_Plot3_B10,Field2,test,8,9,0.08421898173193193,10.679151903023833,0.023671740767185954,341,False,False
2021_Ref_Plot3_B10::69,2021_Ref_Plot3_B10,Field2,test,4,10,0.10743625386351308,12.12028319961803,0.05351701033169687,344,False,False
2021_Ref_Plot3_B10::71,2021_Ref_Plot3_B10,Field2,test,2,11,0.08982582820138063,10.691810846565701,0.10313276144607944,344,False,False
2021_Ref_Plot3_B10::76,2021_Ref_Plot3_B10,Field2,test,5,12,0.12321548220006374,12.489316509463272,0.03249048037286965,340,False,False
2021_Ref_Plot3_B10::80,2021_Ref_Plot3_B10,Field2,test,4,13,0.08117986662451931,9.108466701968172,0.01111210320068468,340,False,False
2021_Ref_Plot3_B10::85,2021_Ref_Plot3_B10,Field2,test,5,14,0.08017144877100144,10.24960265215551,0.04037561947490119,344,False,False
2021_Ref_Plot3_B12::8,2021_Ref_Plot3_B12,Field2,test,7,1,0.7105047995790367,26.836533001339404,0.11896136858747221,344,False,False
2021_Ref_Plot3_B12::16,2021_Ref_Plot3_B12,Field2,test,8,2,0.7882376895423722,30.725054244191053,0.21827573592447475,344,False,False
2021_Ref_Plot3_B12::22,2021_Ref_Plot3_B12,Field2,test,6,3,0.20318646666586168,15.024918176534952,0.0234616952788875,344,False,False
2021_Ref_Plot3_B12::27,2021_Ref_Plot3_B12,Field2,test,5,4,0.2700854009494343,16.422102264127723,0.039533625918600816,344,False,False
2021_Ref_Plot3_B12::35,2021_Ref_Plot3_B12,Field2,test,8,5,0.1396573395502821,12.171521011232993,0.03087305447471674,344,False,False
2021_Ref_Plot3_B12::44,2021_Ref_Plot3_B12,Field2,test,9,6,0.12051033827936608,8.411133402544854,0.011887483164884062,344,False,False
2021_Ref_Plot3_B12::50,2021_Ref_Plot3_B12,Field2,test,6,7,0.09036740972650213,9.696603237585448,0.044214743910338965,344,False,False
2021_Ref_Plot3_B12::57,2021_Ref_Plot3_B12,Field2,test,7,8,0.08831968467976996,10.438649029472838,0.03339081443033399,341,False,False
2021_Ref_Plot3_B12::65,2021_Ref_Plot3_B12,Field2,test,8,9,0.07998195023616765,10.32720437769319,0.022728124161130136,341,False,False
2021_Ref_Plot3_B12::69,2021_Ref_Plot3_B12,Field2,test,4,10,0.10911234997101811,12.05032585774591,0.04154427005543775,344,False,False
2021_Ref_Plot3_B12::71,2021_Ref_Plot3_B12,Field2,test,2,11,0.07992444781396486,10.433910261229766,0.06240730258076281,344,False,False
2021_Ref_Plot3_B12::76,2021_Ref_Plot3_B12,Field2,test,5,12,0.12252423095008118,12.043475124094606,0.008964378622328547,340,False,False
2021_Ref_Plot3_B12::80,2021_Ref_Plot3_B12,Field2,test,4,13,0.06078763340822587,9.350348284479086,0.019269694020252946,340,False,False
2021_Ref_Plot3_B12::85,2021_Ref_Plot3_B12,Field2,test,5,14,0.0705426168112137,10.00934359240027,0.015952359662617707,344,False,False
2021_Ref_Plot3_B17::8,2021_Ref_Plot3_B17,Field2,test,7,1,0.709360523481941,27.473297275065175,0.12121853721935189,344,False,False
2021_Ref_Plot3_B17::16,2021_Ref_Plot3_B17,Field2,test,8,2,0.7841021251507502,30.496846646730695,0.21432287100316955,344,False,False
2021_Ref_Plot3_B17::22,2021_Ref_Plot3_B17,Field2,test,6,3,0.20306235168262968,14.173651043189077,0.022061937868342006,344,False,False
2021_Ref_Plot3_B17::27,2021_Ref_Plot3_B17,Field2,test,5,4,0.22781300719272793,15.324662530534978,0.036061530007337576,344,False,False
2021_Ref_Plot3_B17::35,2021_Ref_Plot3_B17,Field2,test,8,5,0.12068168004324548,11.691682754929362,0.021377510558105932,344,False,False
2021_Ref_Plot3_B17::44,2021_Ref_Plot3_B17,Field2,test,9,6,0.11111197734873528,8.715248182246455,0.009426159830215301,344,False,False
2021_Ref_Plot3_B17::50,2021_Ref_Plot3_B17,Field2,test,6,7,0.07395748743635884,9.140074278627173,0.018677522409347308,344,False,False
2021_Ref_Plot3_B17::57,2021_Ref_Plot3_B17,Field2,test,7,8,0.0830520932186049,9.974950691266162,0.021464643201117836,341,False,False
2021_Ref_Plot3_B17::65,2021_Ref_Plot3_B17,Field2,test,8,9,0.07343346694809572,10.46104793086258,0.017455777164590815,341,False,False
2021_Ref_Plot3_B17::69,2021_Ref_Plot3_B17,Field2,test,4,10,0.10726534247495574,11.785691128610974,0.059643065003202045,344,False,False
2021_Ref_Plot3_B17::71,2021_Ref_Plot3_B17,Field2,test,2,11,0.08075179491720945,9.792819933781423,0.05638042398026637,344,False,False
2021_Ref_Plot3_B17::76,2021_Ref_Plot3_B17,Field2,test,5,12,0.11345413393452586,10.395418348292917,0.006593361556317972,340,False,False
2021_Ref_Plot3_B17::80,2021_Ref_Plot3_B17,Field2,test,4,13,0.0669718156409684,9.144230159235185,0.03057142520450236,340,False,False
2021_Ref_Plot3_B17::85,2021_Ref_Plot3_B17,Field2,test,5,14,0.07330473946147359,9.80086521660999,0.04597633821765049,344,False,False
2021_Ref_Plot3_B3::8,2021_Ref_Plot3_B3,Field2,test,7,1,0.682449343574029,25.722848606629046,0.10360015993231796,344,False,False
2021_Ref_Plot3_B3::16,2021_Ref_Plot3_B3,Field2,test,8,2,0.7807655179052836,30.103187414094638,0.20735777805230854,344,False,False
2021_Ref_Plot3_B3::22,2021_Ref_Plot3_B3,Field2,test,6,3,0.20906348132558797,15.526723292570594,0.020375172069965527,344,False,False
2021_Ref_Plot3_B3::27,2021_Ref_Plot3_B3,Field2,test,5,4,0.2664031747376037,16.03061897217073,0.036035777058295235,344,False,False
2021_Ref_Plot3_B3::35,2021_Ref_Plot3_B3,Field2,test,8,5,0.15197257925946014,12.304254079636692,0.0323740886373885,344,False,False
2021_Ref_Plot3_B3::44,2021_Ref_Plot3_B3,Field2,test,9,6,0.11685940365417512,9.432896414476076,0.02768214584015979,344,False,False
2021_Ref_Plot3_B3::50,2021_Ref_Plot3_B3,Field2,test,6,7,0.07979382945306267,9.623076256669302,0.047560933900739503,344,False,False
2021_Ref_Plot3_B3::57,2021_Ref_Plot3_B3,Field2,test,7,8,0.10268503776254533,11.114535948660386,0.05106940073392583,341,False,False
2021_Ref_Plot3_B3::65,2021_Ref_Plot3_B3,Field2,test,8,9,0.09170818118461459,11.342817203301747,0.04949753875077817,341,False,False
2021_Ref_Plot3_B3::69,2021_Ref_Plot3_B3,Field2,test,4,10,0.1316570099908065,12.503425282250866,0.06564668844572591,344,False,False
2021_Ref_Plot3_B3::71,2021_Ref_Plot3_B3,Field2,test,2,11,0.09136983918004216,9.399991533259612,0.03392088656344315,344,False,False
2021_Ref_Plot3_B3::76,2021_Ref_Plot3_B3,Field2,test,5,12,0.1791931963323495,11.626182738238466,0.019097784222635233,340,False,False
2021_Ref_Plot3_B3::80,2021_Ref_Plot3_B3,Field2,test,4,13,0.09968433269910837,8.890048214624679,0.030495402872015184,340,False,False
2021_Ref_Plot3_B3::85,2021_Ref_Plot3_B3,Field2,test,5,14,0.07311157163280395,8.89246323621969,0.025066167244193895,344,False,False
2021_Ref_Plot3_B6::8,2021_Ref_Plot3_B6,Field2,test,7,1,0.6952854909055913,25.729036557660294,0.11149164968010948,344,False,False
2021_Ref_Plot3_B6::16,2021_Ref_Plot3_B6,Field2,test,8,2,0.7817133684926699,30.125366277747837,0.1948931558626235,344,False,False
2021_Ref_Plot3_B6::22,2021_Ref_Plot3_B6,Field2,test,6,3,0.22441272408413238,15.937782039310957,0.027003605394214383,344,False,False
2021_Ref_Plot3_B6::27,2021_Ref_Plot3_B6,Field2,test,5,4,0.2784795956152249,16.612704928223916,0.04173794124171461,344,False,False
2021_Ref_Plot3_B6::35,2021_Ref_Plot3_B6,Field2,test,8,5,0.15471177939750225,12.38312477857278,0.03553389953415438,344,False,False
2021_Ref_Plot3_B6::44,2021_Ref_Plot3_B6,Field2,test,9,6,0.11686289494716473,8.412164503769993,0.013372129887009728,344,False,False
2021_Ref_Plot3_B6::50,2021_Ref_Plot3_B6,Field2,test,6,7,0.08141555464662031,9.51488708917154,0.06486586549881701,344,False,False
2021_Ref_Plot3_B6::57,2021_Ref_Plot3_B6,Field2,test,7,8,0.09670360950384053,10.489079833047537,0.021060302531577587,341,False,False
2021_Ref_Plot3_B6::65,2021_Ref_Plot3_B6,Field2,test,8,9,0.08657266579637445,11.25502921884378,0.04506270909490209,341,False,False
2021_Ref_Plot3_B6::69,2021_Ref_Plot3_B6,Field2,test,4,10,0.15207252172743627,12.970994622829995,0.06756251728192524,344,False,False
2021_Ref_Plot3_B6::71,2021_Ref_Plot3_B6,Field2,test,2,11,0.08081177136013191,10.661263102217957,0.07515470895195013,344,False,False
2021_Ref_Plot3_B6::76,2021_Ref_Plot3_B6,Field2,test,5,12,0.20272415927191614,13.12979603913751,0.034154926337117766,340,False,False
2021_Ref_Plot3_B6::80,2021_Ref_Plot3_B6,Field2,test,4,13,0.08651797635340149,8.358862625700013,0.015588742360340548,340,False,False
2021_Ref_Plot3_B6::85,2021_Ref_Plot3_B6,Field2,test,5,14,0.08446278744138506,9.14945224140805,0.0347008662970241,344,False,False
2021_Ref_Plot3_B7::8,2021_Ref_Plot3_B7,Field2,test,7,1,0.7056843302019339,25.74959568928428,0.12443753785647677,344,False,False
2021_Ref_Plot3_B7::16,2021_Ref_Plot3_B7,Field2,test,8,2,0.7689720602021383,29.566708913054683,0.19932442860370625,344,False,False
2021_Ref_Plot3_B7::22,2021_Ref_Plot3_B7,Field2,test,6,3,0.2131221662787839,16.046769106592265,0.023998945125282813,344,False,False
2021_Ref_Plot3_B7::27,2021_Ref_Plot3_B7,Field2,test,5,4,0.25882781971679464,16.393399838951975,0.03672943824138013,344,False,False
2021_Ref_Plot3_B7::35,2021_Ref_Plot3_B7,Field2,test,8,5,0.1434336121364728,11.913158828231536,0.02420829896578923,344,False,False
2021_Ref_Plot3_B7::44,2021_Ref_Plot3_B7,Field2,test,9,6,0.11287295110670668,9.008979453247129,0.019328872385652795,344,False,False
2021_Ref_Plot3_B7::50,2021_Ref_Plot3_B7,Field2,test,6,7,0.07471758112627092,10.174426136692672,0.06811083052926217,344,False,False
2021_Ref_Plot3_B7::57,2021_Ref_Plot3_B7,Field2,test,7,8,0.09247957688884968,10.54937277178293,0.028972696336770257,341,False,False
2021_Ref_Plot3_B7::65,2021_Ref_Plot3_B7,Field2,test,8,9,0.07630821789672136,10.732777261028295,0.03498569638916448,341,False,False
2021_Ref_Plot3_B7::69,2021_Ref_Plot3_B7,Field2,test,4,10,0.14199889439552568,13.09131935806802,0.058422086266064654,344,False,False
2021_Ref_Plot3_B7::71,2021_Ref_Plot3_B7,Field2,test,2,11,0.0774293670782137,10.478105652802789,0.07488675744363693,344,False,False
2021_Ref_Plot3_B7::76,2021_Ref_Plot3_B7,Field2,test,5,12,0.14553321201535627,12.59528095286052,0.016739665568596594,340,False,False
2021_Ref_Plot3_B7::80,2021_Ref_Plot3_B7,Field2,test,4,13,0.07415978189318502,9.14674801321822,0.022252139854915767,340,False,False
2021_Ref_Plot3_B7::85,2021_Ref_Plot3_B7,Field2,test,5,14,0.07038547949279073,9.812749989265637,0.0397092553861595,344,False,False
2021_Ref_Plot3_B8::8,2021_Ref_Plot3_B8,Field2,test,7,1,0.7073359225760156,26.11136986661311,0.12263415245781105,344,False,False
2021_Ref_Plot3_B8::16,2021_Ref_Plot3_B8,Field2,test,8,2,0.7830324383607826,30.036569709619414,0.21973574656957207,344,False,False
2021_Ref_Plot3_B8::22,2021_Ref_Plot3_B8,Field2,test,6,3,0.21524077774042336,15.76741626100834,0.026102855863893354,344,False,False
2021_Ref_Plot3_B8::27,2021_Ref_Plot3_B8,Field2,test,5,4,0.235084168686544,15.555232859279336,0.03525600758786142,344,False,False
2021_Ref_Plot3_B8::35,2021_Ref_Plot3_B8,Field2,test,8,5,0.15014488605916068,12.490602880953386,0.02340395384900489,344,False,False
2021_Ref_Plot3_B8::44,2021_Ref_Plot3_B8,Field2,test,9,6,0.09698068259809355,8.717530878993687,0.006353115670411492,344,False,False
2021_Ref_Plot3_B8::50,2021_Ref_Plot3_B8,Field2,test,6,7,0.06563471748143997,9.430081977292144,0.05520338163459495,344,False,False
2021_Ref_Plot3_B8::57,2021_Ref_Plot3_B8,Field2,test,7,8,0.08180281882725608,10.649434015467401,0.008595906394589875,341,False,False
2021_Ref_Plot3_B8::65,2021_Ref_Plot3_B8,Field2,test,8,9,0.08766008719706435,10.775158131067332,0.028008801717305184,341,False,False
2021_Ref_Plot3_B8::69,2021_Ref_Plot3_B8,Field2,test,4,10,0.11534250666144737,12.486175982018882,0.05409611012070704,344,False,False
2021_Ref_Plot3_B8::71,2021_Ref_Plot3_B8,Field2,test,2,11,0.0796983177887756,10.2481142499089,0.05467643634069817,344,False,False
2021_Ref_Plot3_B8::76,2021_Ref_Plot3_B8,Field2,test,5,12,0.12682269908854807,11.079886408353099,0.022382980319959733,340,False,False
2021_Ref_Plot3_B8::80,2021_Ref_Plot3_B8,Field2,test,4,13,0.08779514489686158,9.399677395058832,0.032466300182622594,340,False,False
2021_Ref_Plot3_B8::85,2021_Ref_Plot3_B8,Field2,test,5,14,0.0815714189536649,9.023281075282629,0.030974434056505375,344,False,False
2021_Ref_Plot3_C15::8,2021_Ref_Plot3_C15,Field2,test,7,1,0.70050570368014,25.72684101996976,0.11365753664954102,344,False,False
2021_Ref_Plot3_C15::16,2021_Ref_Plot3_C15,Field2,test,8,2,0.7550980891198392,29.68162923137269,0.1905373159297901,344,False,False
2021_Ref_Plot3_C15::22,2021_Ref_Plot3_C15,Field2,test,6,3,0.22200964714888816,15.290801364672834,0.027787186511635854,344,False,False
2021_Ref_Plot3_C15::27,2021_Ref_Plot3_C15,Field2,test,5,4,0.23331808846888244,15.422948112876092,0.027332304455434452,344,False,False
2021_Ref_Plot3_C15::35,2021_Ref_Plot3_C15,Field2,test,8,5,0.12296510789194304,11.070543825496497,0.047352509100721064,344,False,False
2021_Ref_Plot3_C15::44,2021_Ref_Plot3_C15,Field2,test,9,6,0.08193042432958264,8.82334765961159,-0.01073471474073236,344,False,False
2021_Ref_Plot3_C15::50,2021_Ref_Plot3_C15,Field2,test,6,7,0.07704493986378202,9.161380474852047,0.05355290438011584,344,False,False
2021_Ref_Plot3_C15::57,2021_Ref_Plot3_C15,Field2,test,7,8,0.08046068532418847,10.169950606707461,0.020874281201072008,341,False,False
2021_Ref_Plot3_C15::65,2021_Ref_Plot3_C15,Field2,test,8,9,0.06616496651868164,9.638099183269059,0.01566501073842679,341,False,False
2021_Ref_Plot3_C15::69,2021_Ref_Plot3_C15,Field2,test,4,10,0.09510041068338494,11.956639819182648,0.034082239912267755,344,False,False
2021_Ref_Plot3_C15::71,2021_Ref_Plot3_C15,Field2,test,2,11,0.0746638171873255,9.752073068645512,0.0335971959642286,344,False,False
2021_Ref_Plot3_C15::76,2021_Ref_Plot3_C15,Field2,test,5,12,0.10798028705757678,10.895772402232778,0.018551950412240416,340,False,False
2021_Ref_Plot3_C15::80,2021_Ref_Plot3_C15,Field2,test,4,13,0.0971942866284549,10.019446849695102,0.0590186451575462,340,False,False
2021_Ref_Plot3_C15::85,2021_Ref_Plot3_C15,Field2,test,5,14,0.09246254975310886,10.567173436083408,0.06023077012070735,344,False,False
2021_Ref_Plot3_C2::8,2021_Ref_Plot3_C2,Field2,test,7,1,0.6753505315491127,26.239177644125398,0.10549487306751712,344,False,False
2021_Ref_Plot3_C2::16,2021_Ref_Plot3_C2,Field2,test,8,2,0.7721496864558582,30.33733330846491,0.19680279050931748,344,False,False
2021_Ref_Plot3_C2::22,2021_Ref_Plot3_C2,Field2,test,6,3,0.20630442326164822,15.597276451649433,0.023198804978839232,344,False,False
2021_Ref_Plot3_C2::27,2021_Ref_Plot3_C2,Field2,test,5,4,0.23096935833681834,15.626069353780723,0.031229627651373947,344,False,False
2021_Ref_Plot3_C2::35,2021_Ref_Plot3_C2,Field2,test,8,5,0.1418422438505412,11.261345295896701,0.026272609380217284,344,False,False
2021_Ref_Plot3_C2::44,2021_Ref_Plot3_C2,Field2,test,9,6,0.09786923680412069,9.632660651688076,0.02198422894333016,344,False,False
2021_Ref_Plot3_C2::50,2021_Ref_Plot3_C2,Field2,test,6,7,0.0692871706991667,9.569975779870049,0.05985656882576606,344,False,False
2021_Ref_Plot3_C2::57,2021_Ref_Plot3_C2,Field2,test,7,8,0.09484963970064292,11.212574425652207,0.03867119739658054,341,False,False
2021_Ref_Plot3_C2::65,2021_Ref_Plot3_C2,Field2,test,8,9,0.08921991308545642,9.688540877935061,0.03747923094295183,341,False,False
2021_Ref_Plot3_C2::69,2021_Ref_Plot3_C2,Field2,test,4,10,0.13735026414004212,12.03840146138916,0.030813428052289798,344,False,False
2021_Ref_Plot3_C2::71,2021_Ref_Plot3_C2,Field2,test,2,11,0.09010660795201053,10.527410219294316,0.0514266443028895,344,False,False
2021_Ref_Plot3_C2::76,2021_Ref_Plot3_C2,Field2,test,5,12,0.18874771962451295,14.040048388846152,0.03546179281929798,340,False,False
2021_Ref_Plot3_C2::80,2021_Ref_Plot3_C2,Field2,test,4,13,0.08162825228763633,9.200460071027491,0.03208381212868364,340,False,False
2021_Ref_Plot3_C2::85,2021_Ref_Plot3_C2,Field2,test,5,14,0.07431710376641044,9.783624613437366,0.024682726400849946,344,False,False
2021_Ref_Plot3_C3::8,2021_Ref_Plot3_C3,Field2,test,7,1,0.6786631719554347,25.599501167042224,0.10365307680576427,344,False,False
2021_Ref_Plot3_C3::16,2021_Ref_Plot3_C3,Field2,test,8,2,0.7470215209111379,29.342854502955298,0.17994564147807232,344,False,False
2021_Ref_Plot3_C3::22,2021_Ref_Plot3_C3,Field2,test,6,3,0.21283931069352116,15.701502895577041,0.023407697862836942,344,False,False
2021_Ref_Plot3_C3::27,2021_Ref_Plot3_C3,Field2,test,5,4,0.24501893312154158,15.288010636476518,0.033052647613213165,344,False,False
2021_Ref_Plot3_C3::35,2021_Ref_Plot3_C3,Field2,test,8,5,0.12546736105161038,11.347057568783312,0.02578326785807946,344,False,False
2021_Ref_Plot3_C3::44,2021_Ref_Plot3_C3,Field2,test,9,6,0.08566043210706047,9.034302930955509,0.012814595816854608,344,False,False
2021_Ref_Plot3_C3::50,2021_Ref_Plot3_C3,Field2,test,6,7,0.07430283896397329,9.505545467564005,0.050270563738882314,344,False,False
2021_Ref_Plot3_C3::57,2021_Ref_Plot3_C3,Field2,test,7,8,0.08920406131874158,10.908911666324947,0.02633538749341912,341,False,False
2021_Ref_Plot3_C3::65,2021_Ref_Plot3_C3,Field2,test,8,9,0.07829067705691335,10.288978306348437,0.027462414669747536,341,False,False
2021_Ref_Plot3_C3::69,2021_Ref_Plot3_C3,Field2,test,4,10,0.13065233782542385,12.6427010725625,0.03501349680415617,344,False,False
2021_Ref_Plot3_C3::71,2021_Ref_Plot3_C3,Field2,test,2,11,0.09515159078780845,10.245713722975582,0.029692027595098397,344,False,False
2021_Ref_Plot3_C3::76,2021_Ref_Plot3_C3,Field2,test,5,12,0.2007268039242466,12.858961234700653,0.016379102550261905,340,False,False
2021_Ref_Plot3_C3::80,2021_Ref_Plot3_C3,Field2,test,4,13,0.08723235501705202,9.23341747735925,0.017046638485825535,340,False,False
2021_Ref_Plot3_C3::85,2021_Ref_Plot3_C3,Field2,test,5,14,0.08712744478179095,10.619050841934028,0.04454565737357821,344,False,False
2021_Ref_Plot3_C4::8,2021_Ref_Plot3_C4,Field2,test,7,1,0.6728893211002358,25.43582309409095,0.10086147185108646,344,False,False
2021_Ref_Plot3_C4::16,2021_Ref_Plot3_C4,Field2,test,8,2,0.7316542983402451,28.7532490232362,0.18312979336016638,344,False,False
2021_Ref_Plot3_C4::22,2021_Ref_Plot3_C4,Field2,test,6,3,0.2175036915729587,15.702857963301295,0.03011173931876209,344,False,False
2021_Ref_Plot3_C4::27,2021_Ref_Plot3_C4,Field2,test,5,4,0.2316900029837643,15.045906537588214,0.03706536347994018,344,False,False
2021_Ref_Plot3_C4::35,2021_Ref_Plot3_C4,Field2,test,8,5,0.10375386017084788,10.564852989903992,0.016682240237521108,344,False,False
2021_Ref_Plot3_C4::44,2021_Ref_Plot3_C4,Field2,test,9,6,0.08577691442564538,8.641173833905874,-0.01157878881305844,344,False,False
2021_Ref_Plot3_C4::50,2021_Ref_Plot3_C4,Field2,test,6,7,0.07195340815370505,9.542003423638821,0.0709934158589815,344,False,False
2021_Ref_Plot3_C4::57,2021_Ref_Plot3_C4,Field2,test,7,8,0.08231450627233668,11.096053400267438,0.033036502380717786,341,False,False
2021_Ref_Plot3_C4::65,2021_Ref_Plot3_C4,Field2,test,8,9,0.08139681230904346,9.907674117746568,0.032398844176187214,341,False,False
2021_Ref_Plot3_C4::69,2021_Ref_Plot3_C4,Field2,test,4,10,0.13708418413677156,11.95140470253618,0.05245986698618984,344,False,False
2021_Ref_Plot3_C4::71,2021_Ref_Plot3_C4,Field2,test,2,11,0.09015520357503716,9.34312157182524,0.013866429015109042,344,False,False
2021_Ref_Plot3_C4::76,2021_Ref_Plot3_C4,Field2,test,5,12,0.17360672784853917,11.657303195752043,0.013493630064547422,340,False,False
2021_Ref_Plot3_C4::80,2021_Ref_Plot3_C4,Field2,test,4,13,0.09456723823388243,8.963021815218106,0.023226656538026465,340,False,False
2021_Ref_Plot3_C4::85,2021_Ref_Plot3_C4,Field2,test,5,14,0.08456615659149495,10.072894249289995,0.03645788988823105,344,False,False
2021_Ref_Plot3_D1::8,2021_Ref_Plot3_D1,Field2,test,7,1,0.67879781209952,25.86871934896162,0.10534828492746091,344,False,False
2021_Ref_Plot3_D1::16,2021_Ref_Plot3_D1,Field2,test,8,2,0.7417207250869158,29.627255038620397,0.1881727122644174,344,False,False
2021_Ref_Plot3_D1::22,2021_Ref_Plot3_D1,Field2,test,6,3,0.19966529615181802,16.25933802709583,0.03084952012127512,344,False,False
2021_Ref_Plot3_D1::27,2021_Ref_Plot3_D1,Field2,test,5,4,0.23390514447641073,16.46675053466585,0.03463405091035365,344,False,False
2021_Ref_Plot3_D1::35,2021_Ref_Plot3_D1,Field2,test,8,5,0.13548936269164327,11.76308797160074,0.01384217734797172,344,False,False
2021_Ref_Plot3_D1::44,2021_Ref_Plot3_D1,Field2,test,9,6,0.1126500794430207,9.931983581347566,0.024488790795775064,344,False,False
2021_Ref_Plot3_D1::50,2021_Ref_Plot3_D1,Field2,test,6,7,0.07747633183565418,9.409714603712805,0.05353374228336531,344,False,False
2021_Ref_Plot3_D1::57,2021_Ref_Plot3_D1,Field2,test,7,8,0.11250519456315666,11.611522010323094,0.029071434164820196,341,False,False
2021_Ref_Plot3_D1::65,2021_Ref_Plot3_D1,Field2,test,8,9,0.08053655505883668,9.387163685767145,0.0251039941911242,341,False,False
2021_Ref_Plot3_D1::69,2021_Ref_Plot3_D1,Field2,test,4,10,0.119666645839912,12.72821784066787,0.04661638783011839,344,False,False
2021_Ref_Plot3_D1::71,2021_Ref_Plot3_D1,Field2,test,2,11,0.09616025780960787,9.561026561351193,0.10028563035821048,344,False,False
2021_Ref_Plot3_D1::76,2021_Ref_Plot3_D1,Field2,test,5,12,0.1415804870637649,13.632113417108297,0.03576461644061999,340,False,False
2021_Ref_Plot3_D1::80,2021_Ref_Plot3_D1,Field2,test,4,13,0.07767647783391059,9.038685802608079,0.038118676343706456,340,False,False
2021_Ref_Plot3_D1::85,2021_Ref_Plot3_D1,Field2,test,5,14,0.0876045227315015,9.723688024194587,0.029200650479976317,344,False,False
2021_Ref_Plot3_D15::8,2021_Ref_Plot3_D15,Field2,test,7,1,0.6788775830117139,26.624712968695125,0.10822354309110463,344,False,False
2021_Ref_Plot3_D15::16,2021_Ref_Plot3_D15,Field2,test,8,2,0.737552369007488,30.062407613649977,0.18249431967525673,344,False,False
2021_Ref_Plot3_D15::22,2021_Ref_Plot3_D15,Field2,test,6,3,0.20788833081963523,15.863892001425189,0.027785394116939983,344,False,False
2021_Ref_Plot3_D15::27,2021_Ref_Plot3_D15,Field2,test,5,4,0.21969704147698385,15.915361787584164,0.030628202130820025,344,False,False
2021_Ref_Plot3_D15::35,2021_Ref_Plot3_D15,Field2,test,8,5,0.1307327847876403,11.529157507269659,0.025709261166601056,344,False,False
2021_Ref_Plot3_D15::44,2021_Ref_Plot3_D15,Field2,test,9,6,0.07967367597015622,9.715003192475987,0.002817888580653028,344,False,False
2021_Ref_Plot3_D15::50,2021_Ref_Plot3_D15,Field2,test,6,7,0.06931145322270094,9.190106731486726,0.047902950946775325,344,False,False
2021_Ref_Plot3_D15::57,2021_Ref_Plot3_D15,Field2,test,7,8,0.08673116009067057,10.920716511065727,0.0155096600484405,341,False,False
2021_Ref_Plot3_D15::65,2021_Ref_Plot3_D15,Field2,test,8,9,0.05328637320223151,9.11432594833173,0.017381938730607196,341,False,False
2021_Ref_Plot3_D15::69,2021_Ref_Plot3_D15,Field2,test,4,10,0.09225128621155267,12.066556918361046,0.03572870836044107,344,False,False
2021_Ref_Plot3_D15::71,2021_Ref_Plot3_D15,Field2,test,2,11,0.07770145166943586,10.563885913896927,0.04187644812448437,344,False,False
2021_Ref_Plot3_D15::76,2021_Ref_Plot3_D15,Field2,test,5,12,0.12296315845961077,12.471422529194893,0.009553931662191274,340,False,False
2021_Ref_Plot3_D15::80,2021_Ref_Plot3_D15,Field2,test,4,13,0.07804848020157375,9.178649480279754,0.02054778775147168,340,False,False
2021_Ref_Plot3_D15::85,2021_Ref_Plot3_D15,Field2,test,5,14,0.11785669108534459,10.750297400072647,0.0692230090686841,344,False,False
2021_Ref_Plot3_D19::8,2021_Ref_Plot3_D19,Field2,test,7,1,0.6571346613366232,25.479444355503624,0.10400596643794467,344,False,False
2021_Ref_Plot3_D19::16,2021_Ref_Plot3_D19,Field2,test,8,2,0.7202707265602184,28.795297805456567,0.1693442761270092,344,False,False
2021_Ref_Plot3_D19::22,2021_Ref_Plot3_D19,Field2,test,6,3,0.1853477783530967,15.377504422859793,0.028827701785545935,344,False,False
2021_Ref_Plot3_D19::27,2021_Ref_Plot3_D19,Field2,test,5,4,0.20248153040346506,15.450233735016381,0.027312819202223285,344,False,False
2021_Ref_Plot3_D19::35,2021_Ref_Plot3_D19,Field2,test,8,5,0.1351179880739853,11.235680797387868,0.006658024365235818,344,False,False
2021_Ref_Plot3_D19::44,2021_Ref_Plot3_D19,Field2,test,9,6,0.09397661466848688,9.624496854094065,0.008173359726606341,344,False,False
2021_Ref_Plot3_D19::50,2021_Ref_Plot3_D19,Field2,test,6,7,0.06896382074532893,9.360794826214592,0.04904951646529481,344,False,False
2021_Ref_Plot3_D19::57,2021_Ref_Plot3_D19,Field2,test,7,8,0.0886906671490062,10.844973064056251,0.025802297669885944,341,False,False
2021_Ref_Plot3_D19::65,2021_Ref_Plot3_D19,Field2,test,8,9,0.08067733757505467,9.34382654281255,0.03647379439283725,341,False,False
2021_Ref_Plot3_D19::69,2021_Ref_Plot3_D19,Field2,test,4,10,0.10958316415361696,12.372068884849094,0.04632185720807811,344,False,False
2021_Ref_Plot3_D19::71,2021_Ref_Plot3_D19,Field2,test,2,11,0.08825607027597253,9.678976157893315,0.02519851985422348,344,False,False
2021_Ref_Plot3_D19::76,2021_Ref_Plot3_D19,Field2,test,5,12,0.09427004977105663,10.516767777188864,0.01922761681708805,340,False,False
2021_Ref_Plot3_D19::80,2021_Ref_Plot3_D19,Field2,test,4,13,0.07087672092138471,9.297390015109707,0.02658403629716809,340,False,False
2021_Ref_Plot3_D19::85,2021_Ref_Plot3_D19,Field2,test,5,14,0.06935747343394688,10.407665582524768,0.04380626215432155,344,False,False
2021_Ref_Plot3_D20::8,2021_Ref_Plot3_D20,Field2,test,7,1,0.6816810584073724,25.68125192071274,0.11548901745075517,344,False,False
2021_Ref_Plot3_D20::16,2021_Ref_Plot3_D20,Field2,test,8,2,0.7441167345367282,28.871388536334646,0.19225802375842632,344,False,False
2021_Ref_Plot3_D20::22,2021_Ref_Plot3_D20,Field2,test,6,3,0.18209589041754812,15.491056830840986,0.03359315740276646,344,False,False
2021_Ref_Plot3_D20::27,2021_Ref_Plot3_D20,Field2,test,5,4,0.1936778175418594,15.77905203549863,0.02180739867385474,344,False,False
2021_Ref_Plot3_D20::35,2021_Ref_Plot3_D20,Field2,test,8,5,0.12917644692713873,11.45578799855878,0.017445164209206502,344,False,False
2021_Ref_Plot3_D20::44,2021_Ref_Plot3_D20,Field2,test,9,6,0.09087867892979488,9.341910502418202,0.006121466729173374,344,False,False
2021_Ref_Plot3_D20::50,2021_Ref_Plot3_D20,Field2,test,6,7,0.061115924430009565,9.136525482640353,0.048110069796723644,344,False,False
2021_Ref_Plot3_D20::57,2021_Ref_Plot3_D20,Field2,test,7,8,0.09259005121341406,11.017907347790432,0.02286270755727209,341,False,False
2021_Ref_Plot3_D20::65,2021_Ref_Plot3_D20,Field2,test,8,9,0.0799688568696524,9.082749847313412,0.038912375275378115,341,False,False
2021_Ref_Plot3_D20::69,2021_Ref_Plot3_D20,Field2,test,4,10,0.11835982193209443,12.811635436590887,0.05344468716160427,344,False,False
2021_Ref_Plot3_D20::71,2021_Ref_Plot3_D20,Field2,test,2,11,0.07559408134254857,9.854000725475846,0.050060885557094315,344,False,False
2021_Ref_Plot3_D20::76,2021_Ref_Plot3_D20,Field2,test,5,12,0.13090776297990658,11.76550813019681,0.04216387779961765,340,False,False
2021_Ref_Plot3_D20::80,2021_Ref_Plot3_D20,Field2,test,4,13,0.06941242349452736,8.694635651176334,0.024431095872113773,340,False,False
2021_Ref_Plot3_D20::85,2021_Ref_Plot3_D20,Field2,test,5,14,0.08051814891875747,10.4274822146539,0.04634436044378395,344,False,False
2021_Ref_Plot3_E11::8,2021_Ref_Plot3_E11,Field2,test,7,1,0.6403066967863068,25.43166276304287,0.09942575316222994,344,False,False
2021_Ref_Plot3_E11::16,2021_Ref_Plot3_E11,Field2,test,8,2,0.6921463964718231,28.35928711659951,0.16584967502155779,344,False,False
2021_Ref_Plot3_E11::22,2021_Ref_Plot3_E11,Field2,test,6,3,0.18759537859960831,14.580549963363207,0.02421490874268133,344,False,False
2021_Ref_Plot3_E11::27,2021_Ref_Plot3_E11,Field2,test,5,4,0.18845784250027306,14.763311411781759,0.026958086866967254,344,False,False
2021_Ref_Plot3_E11::35,2021_Ref_Plot3_E11,Field2,test,8,5,0.12511852265428636,11.62729990445352,0.024276761221685726,344,False,False
2021_Ref_Plot3_E11::44,2021_Ref_Plot3_E11,Field2,test,9,6,0.08075124552696639,10.182479567443272,0.011905456081512769,344,False,False
2021_Ref_Plot3_E11::50,2021_Ref_Plot3_E11,Field2,test,6,7,0.0709726362359136,8.9815107556103,0.0392142041266336,344,False,False
2021_Ref_Plot3_E11::57,2021_Ref_Plot3_E11,Field2,test,7,8,0.08467428069896127,11.222325519999387,0.01774314648043622,341,False,False
2021_Ref_Plot3_E11::65,2021_Ref_Plot3_E11,Field2,test,8,9,0.057148655635003404,9.197854889600842,0.02258381472004733,341,False,False
2021_Ref_Plot3_E11::69,2021_Ref_Plot3_E11,Field2,test,4,10,0.10916084933007852,13.105464568211582,0.03994175631744061,344,False,False
2021_Ref_Plot3_E11::71,2021_Ref_Plot3_E11,Field2,test,2,11,0.09974381091510298,7.628337479260648,0.018256828961184794,344,False,False
2021_Ref_Plot3_E11::76,2021_Ref_Plot3_E11,Field2,test,5,12,0.11085308508149361,10.922580074992478,0.021540505083684765,340,False,False
2021_Ref_Plot3_E11::80,2021_Ref_Plot3_E11,Field2,test,4,13,0.05351807915515113,10.162986199951906,0.018732025053223456,340,False,False
2021_Ref_Plot3_E11::85,2021_Ref_Plot3_E11,Field2,test,5,14,0.05298296718706159,10.248017695353004,0.01822729671753622,344,False,False
2021_Ref_Plot4_A7::8,2021_Ref_Plot4_A7,Field2,test,7,1,0.7038133387502562,25.63113985698124,0.10798153545684756,344,False,False
2021_Ref_Plot4_A7::16,2021_Ref_Plot4_A7,Field2,test,8,2,0.7613201394764003,29.061800460180454,0.20440832939675793,344,False,False
2021_Ref_Plot4_A7::22,2021_Ref_Plot4_A7,Field2,test,6,3,0.1987461111824065,15.472166114296918,0.02637691137580066,344,False,False
2021_Ref_Plot4_A7::27,2021_Ref_Plot4_A7,Field2,test,5,4,0.33119038179551,17.328235969052063,0.044260850998823875,344,False,False
2021_Ref_Plot4_A7::35,2021_Ref_Plot4_A7,Field2,test,8,5,0.1719964556953929,12.656391670093592,0.024565842809715598,344,False,False
2021_Ref_Plot4_A7::44,2021_Ref_Plot4_A7,Field2,test,9,6,0.1481447401498637,9.064172299436516,0.01797410362120857,344,False,False
2021_Ref_Plot4_A7::50,2021_Ref_Plot4_A7,Field2,test,6,7,0.09446257210268116,9.134804472189233,0.058694025358688305,344,False,False
2021_Ref_Plot4_A7::57,2021_Ref_Plot4_A7,Field2,test,7,8,0.10517579635925108,8.521717343794638,0.027765514852580907,341,False,False
2021_Ref_Plot4_A7::65,2021_Ref_Plot4_A7,Field2,test,8,9,0.12155609606027802,11.391497744395835,0.044784378024055146,341,False,False
2021_Ref_Plot4_A7::69,2021_Ref_Plot4_A7,Field2,test,4,10,0.11127221350467285,12.548224431962359,0.06552299311873258,344,False,False
2021_Ref_Plot4_A7::71,2021_Ref_Plot4_A7,Field2,test,2,11,0.07314465728563159,9.911383637202762,0.056842030458116345,344,False,False
2021_Ref_Plot4_A7::76,2021_Ref_Plot4_A7,Field2,test,5,12,0.12445000265862982,10.58940875427265,0.01919636631979206,340,False,False
2021_Ref_Plot4_A7::80,2021_Ref_Plot4_A7,Field2,test,4,13,0.10964787059396197,8.842857727243848,0.05866937643010122,340,False,False
2021_Ref_Plot4_A7::85,2021_Ref_Plot4_A7,Field2,test,5,14,0.08084322322242347,9.524385859203813,0.02836385106773037,344,False,False
2021_Ref_Plot4_B11::8,2021_Ref_Plot4_B11,Field2,test,7,1,0.7235072663833421,26.681121280371496,0.12525119622752162,344,False,False
2021_Ref_Plot4_B11::16,2021_Ref_Plot4_B11,Field2,test,8,2,0.8110767680536126,30.978947530803428,0.23243492137242627,344,False,False
2021_Ref_Plot4_B11::22,2021_Ref_Plot4_B11,Field2,test,6,3,0.17894915009223436,14.684915873181371,0.02416511345380003,344,False,False
2021_Ref_Plot4_B11::27,2021_Ref_Plot4_B11,Field2,test,5,4,0.2642721893115867,15.100613478323526,0.0404999208872584,344,False,False
2021_Ref_Plot4_B11::35,2021_Ref_Plot4_B11,Field2,test,8,5,0.1846603409074089,13.251582286327626,0.02568396490677084,344,False,False
2021_Ref_Plot4_B11::44,2021_Ref_Plot4_B11,Field2,test,9,6,0.1371824701772487,9.246721568575285,0.02907736464225892,344,False,False
2021_Ref_Plot4_B11::50,2021_Ref_Plot4_B11,Field2,test,6,7,0.09356419935196185,9.482280255805337,0.040231653659111,344,False,False
2021_Ref_Plot4_B11::57,2021_Ref_Plot4_B11,Field2,test,7,8,0.1152540147676519,9.79626190874282,0.029453510357294693,341,False,False
2021_Ref_Plot4_B11::65,2021_Ref_Plot4_B11,Field2,test,8,9,0.11816103611659019,11.833286877443642,0.04760099311268582,341,False,False
2021_Ref_Plot4_B11::69,2021_Ref_Plot4_B11,Field2,test,4,10,0.1530826287277186,12.942569154587641,0.0551062937072855,344,False,False
2021_Ref_Plot4_B11::71,2021_Ref_Plot4_B11,Field2,test,2,11,0.07065030808641395,9.903895767005682,0.05324894177193673,344,False,False
2021_Ref_Plot4_B11::76,2021_Ref_Plot4_B11,Field2,test,5,12,0.11503865175008739,12.728627764117936,0.022726550662062178,340,False,False
2021_Ref_Plot4_B11::80,2021_Ref_Plot4_B11,Field2,test,4,13,0.06208492016599087,9.38164304801211,0.040956252927475054,340,False,False
2021_Ref_Plot4_B11::85,2021_Ref_Plot4_B11,Field2,test,5,14,0.1061136080614713,9.219205816144246,0.04347560537972458,344,False,False
2021_Ref_Plot4_B12::8,2021_Ref_Plot4_B12,Field2,test,7,1,0.7044185050057737,26.351899296405858,0.12502023480502877,344,False,False
2021_Ref_Plot4_B12::16,2021_Ref_Plot4_B12,Field2,test,8,2,0.7861745432471592,29.895925930548795,0.21187903744182646,344,False,False
2021_Ref_Plot4_B12::22,2021_Ref_Plot4_B12,Field2,test,6,3,0.17823933683781176,15.036739924870005,0.024926707552031142,344,False,False
2021_Ref_Plot4_B12::27,2021_Ref_Plot4_B12,Field2,test,5,4,0.252804801831186,15.223072711441299,0.03901315994482229,344,False,False
2021_Ref_Plot4_B12::35,2021_Ref_Plot4_B12,Field2,test,8,5,0.16862151718948512,12.570897854922398,0.024396756386306742,344,False,False
2021_Ref_Plot4_B12::44,2021_Ref_Plot4_B12,Field2,test,9,6,0.14251701362046973,9.520432126611425,0.027452329259864686,344,False,False
2021_Ref_Plot4_B12::50,2021_Ref_Plot4_B12,Field2,test,6,7,0.09256630655832802,10.037093622095682,0.06005327057905312,344,False,False
2021_Ref_Plot4_B12::57,2021_Ref_Plot4_B12,Field2,test,7,8,0.11841564467787334,10.129704816454218,0.037706446825825704,341,False,False
2021_Ref_Plot4_B12::65,2021_Ref_Plot4_B12,Field2,test,8,9,0.09491769564463563,11.713621881592008,0.03692167851180313,341,False,False
2021_Ref_Plot4_B12::69,2021_Ref_Plot4_B12,Field2,test,4,10,0.1586848153435474,13.316553342239178,0.0524818786136852,344,False,False
2021_Ref_Plot4_B12::71,2021_Ref_Plot4_B12,Field2,test,2,11,0.07071395079087507,10.743384516146179,0.06320190475010694,344,False,False
2021_Ref_Plot4_B12::76,2021_Ref_Plot4_B12,Field2,test,5,12,0.11681250126342846,13.338120702310688,0.015441530351920276,340,False,False
2021_Ref_Plot4_B12::80,2021_Ref_Plot4_B12,Field2,test,4,13,0.06402848925542004,9.28330073647696,0.03811751290024637,340,False,False
2021_Ref_Plot4_B12::85,2021_Ref_Plot4_B12,Field2,test,5,14,0.1187363310381468,8.612458421985096,0.031861412021383075,344,False,False
2021_Ref_Plot4_B13::8,2021_Ref_Plot4_B13,Field2,test,7,1,0.7060055681904175,26.366059174332122,0.13318852259467473,344,False,False
2021_Ref_Plot4_B13::16,2021_Ref_Plot4_B13,Field2,test,8,2,0.7815168360852841,29.628544692830236,0.21272375526130718,344,False,False
2021_Ref_Plot4_B13::22,2021_Ref_Plot4_B13,Field2,test,6,3,0.18089796316359466,15.420377262165143,0.020364947488802628,344,False,False
2021_Ref_Plot4_B13::27,2021_Ref_Plot4_B13,Field2,test,5,4,0.2500392098089423,15.757982827588425,0.043011270718736797,344,False,False
2021_Ref_Plot4_B13::35,2021_Ref_Plot4_B13,Field2,test,8,5,0.16785957467178103,13.692784227130188,0.02832274030459837,344,False,False
2021_Ref_Plot4_B13::44,2021_Ref_Plot4_B13,Field2,test,9,6,0.12029617372518397,8.938000292164185,0.008456969326483035,344,False,False
2021_Ref_Plot4_B13::50,2021_Ref_Plot4_B13,Field2,test,6,7,0.08868509788357266,9.812047090357153,0.05153502373982819,344,False,False
2021_Ref_Plot4_B13::57,2021_Ref_Plot4_B13,Field2,test,7,8,0.10171442715862539,9.45736918130741,0.04426264113520499,341,False,False
2021_Ref_Plot4_B13::65,2021_Ref_Plot4_B13,Field2,test,8,9,0.09440445366036343,11.58595728832144,0.03271520558256854,341,False,False
2021_Ref_Plot4_B13::69,2021_Ref_Plot4_B13,Field2,test,4,10,0.15801352001684985,12.713285850567983,0.047364883142748324,344,False,False
2021_Ref_Plot4_B13::71,2021_Ref_Plot4_B13,Field2,test,2,11,0.07918099917654793,11.120119721752522,0.08507946844513392,344,False,False
2021_Ref_Plot4_B13::76,2021_Ref_Plot4_B13,Field2,test,5,12,0.10708781732208544,11.848966847862412,0.008982736874844332,340,False,False
2021_Ref_Plot4_B13::80,2021_Ref_Plot4_B13,Field2,test,4,13,0.07758228461257177,9.388460823602948,0.02892271602053021,340,False,False
2021_Ref_Plot4_B13::85,2021_Ref_Plot4_B13,Field2,test,5,14,0.10842757671127468,9.093239480449137,0.045527078853491915,344,False,False
2021_Ref_Plot4_B15::8,2021_Ref_Plot4_B15,Field2,test,7,1,0.7403258993928308,27.311405028765424,0.14083317710478604,344,False,False
2021_Ref_Plot4_B15::16,2021_Ref_Plot4_B15,Field2,test,8,2,0.7972327670921832,30.186395943940415,0.23034772599356595,344,False,False
2021_Ref_Plot4_B15::22,2021_Ref_Plot4_B15,Field2,test,6,3,0.18677080778833366,14.992005979983373,0.0249347010039441,344,False,False
2021_Ref_Plot4_B15::27,2021_Ref_Plot4_B15,Field2,test,5,4,0.24300519797616893,15.283474281139146,0.03383836791416529,344,False,False
2021_Ref_Plot4_B15::35,2021_Ref_Plot4_B15,Field2,test,8,5,0.15857063283261266,12.83636204787015,0.016531728514344965,344,False,False
2021_Ref_Plot4_B15::44,2021_Ref_Plot4_B15,Field2,test,9,6,0.11588432003630417,9.342607098266646,0.013462770659472378,344,False,False
2021_Ref_Plot4_B15::50,2021_Ref_Plot4_B15,Field2,test,6,7,0.09136435222893248,9.652034053708693,0.06955492952790472,344,False,False
2021_Ref_Plot4_B15::57,2021_Ref_Plot4_B15,Field2,test,7,8,0.09602126176288245,9.807738481452823,0.04358740175409139,341,False,False
2021_Ref_Plot4_B15::65,2021_Ref_Plot4_B15,Field2,test,8,9,0.0917361479297575,11.647467085049941,0.04036543905158899,341,False,False
2021_Ref_Plot4_B15::69,2021_Ref_Plot4_B15,Field2,test,4,10,0.17138390805339868,13.250996921486657,0.06464908142089675,344,False,False
2021_Ref_Plot4_B15::71,2021_Ref_Plot4_B15,Field2,test,2,11,0.0779847930414375,10.6281814891066,0.06747989883216143,344,False,False
2021_Ref_Plot4_B15::76,2021_Ref_Plot4_B15,Field2,test,5,12,0.11657751750589086,11.918783420523516,0.018951709008622693,340,False,False
2021_Ref_Plot4_B15::80,2021_Ref_Plot4_B15,Field2,test,4,13,0.08404521460182919,8.60443694951897,0.029722119574251228,340,False,False
2021_Ref_Plot4_B15::85,2021_Ref_Plot4_B15,Field2,test,5,14,0.0938597533267342,9.505235501873832,0.006789634339407886,344,False,False
2021_Ref_Plot4_B16::8,2021_Ref_Plot4_B16,Field2,test,7,1,0.728840936387478,26.321182184415676,0.13027495834436648,344,False,False
2021_Ref_Plot4_B16::16,2021_Ref_Plot4_B16,Field2,test,8,2,0.8057442017732491,30.697508252894536,0.21814858958868585,344,False,False
2021_Ref_Plot4_B16::22,2021_Ref_Plot4_B16,Field2,test,6,3,0.1898925639592425,15.561014506726753,0.022808247978118684,344,False,False
2021_Ref_Plot4_B16::27,2021_Ref_Plot4_B16,Field2,test,5,4,0.2716283153726936,15.97695572986298,0.04137552700619103,344,False,False
2021_Ref_Plot4_B16::35,2021_Ref_Plot4_B16,Field2,test,8,5,0.17590300041746176,12.607469832877605,0.015549970567429544,344,False,False
2021_Ref_Plot4_B16::44,2021_Ref_Plot4_B16,Field2,test,9,6,0.1029824412485685,8.653997546145817,0.0015999370301063196,344,False,False
2021_Ref_Plot4_B16::50,2021_Ref_Plot4_B16,Field2,test,6,7,0.08410486868031464,9.454802590918417,0.02908039730917864,344,False,False
2021_Ref_Plot4_B16::57,2021_Ref_Plot4_B16,Field2,test,7,8,0.097902926565357,9.975868173065802,0.034219570823324795,341,False,False
2021_Ref_Plot4_B16::65,2021_Ref_Plot4_B16,Field2,test,8,9,0.08970450260373501,11.45002088196424,0.019747534645921352,341,False,False
2021_Ref_Plot4_B16::69,2021_Ref_Plot4_B16,Field2,test,4,10,0.1461586713755756,13.199225126248727,0.041503070025965615,344,False,False
2021_Ref_Plot4_B16::71,2021_Ref_Plot4_B16,Field2,test,2,11,0.07355791073595791,10.73588267353777,0.06491329130091532,344,False,False
2021_Ref_Plot4_B16::76,2021_Ref_Plot4_B16,Field2,test,5,12,0.11581391775296246,13.483613350005669,0.023754349366061932,340,False,False
2021_Ref_Plot4_B16::80,2021_Ref_Plot4_B16,Field2,test,4,13,0.07511155544069191,8.991504085913185,0.01887052613151129,340,False,False
2021_Ref_Plot4_B16::85,2021_Ref_Plot4_B16,Field2,test,5,14,0.08910264482506229,9.76217675823098,0.03683702468140307,344,False,False
2021_Ref_Plot4_B17::8,2021_Ref_Plot4_B17,Field2,test,7,1,0.7100550541291689,25.9364456227563,0.11768717034294145,344,False,False
2021_Ref_Plot4_B17::16,2021_Ref_Plot4_B17,Field2,test,8,2,0.8003634437726393,30.173388393822258,0.22114737917672747,344,False,False
2021_Ref_Plot4_B17::22,2021_Ref_Plot4_B17,Field2,test,6,3,0.18786729545023598,15.757482182311769,0.02073334589244755,344,False,False
2021_Ref_Plot4_B17::27,2021_Ref_Plot4_B17,Field2,test,5,4,0.26210184974333983,16.427851977989118,0.0374767795424938,344,False,False
2021_Ref_Plot4_B17::35,2021_Ref_Plot4_B17,Field2,test,8,5,0.15300905906519843,12.597155146980068,0.021920770415250524,344,False,False
2021_Ref_Plot4_B17::44,2021_Ref_Plot4_B17,Field2,test,9,6,0.11009470253247505,8.88677796073355,0.012666081404478202,344,False,False
2021_Ref_Plot4_B17::50,2021_Ref_Plot4_B17,Field2,test,6,7,0.07253423032647995,9.564427404669377,0.060790081475704576,344,False,False
2021_Ref_Plot4_B17::57,2021_Ref_Plot4_B17,Field2,test,7,8,0.09015504609728675,9.578943317210914,0.02700171854916891,341,False,False
2021_Ref_Plot4_B17::65,2021_Ref_Plot4_B17,Field2,test,8,9,0.07585685931492886,10.883151513940696,0.015695949889518824,341,False,False
2021_Ref_Plot4_B17::69,2021_Ref_Plot4_B17,Field2,test,4,10,0.11305527629566854,12.483488207448598,0.04175961688457597,344,False,False
2021_Ref_Plot4_B17::71,2021_Ref_Plot4_B17,Field2,test,2,11,0.06714117103681393,10.60868893679114,0.07874886035541925,344,False,False
2021_Ref_Plot4_B17::76,2021_Ref_Plot4_B17,Field2,test,5,12,0.13099216531551672,13.407576380629589,0.023034042979381414,340,False,False
2021_Ref_Plot4_B17::80,2021_Ref_Plot4_B17,Field2,test,4,13,0.07303790961596093,9.143707734748801,0.01815919130484044,340,False,False
2021_Ref_Plot4_B17::85,2021_Ref_Plot4_B17,Field2,test,5,14,0.07034665259038109,9.612499013889295,0.026612332495042867,344,False,False
2021_Ref_Plot4_C4::8,2021_Ref_Plot4_C4,Field2,test,7,1,0.7132974460698848,25.222039078562204,0.12577367030334569,344,False,False
2021_Ref_Plot4_C4::16,2021_Ref_Plot4_C4,Field2,test,8,2,0.7783921891848841,29.393609025653625,0.22575050135198432,344,False,False
2021_Ref_Plot4_C4::22,2021_Ref_Plot4_C4,Field2,test,6,3,0.19058565061152552,14.422041308146172,0.026012228145802417,344,False,False
2021_Ref_Plot4_C4::27,2021_Ref_Plot4_C4,Field2,test,5,4,0.23545192020170735,15.48817446792087,0.030215168829628325,344,False,False
2021_Ref_Plot4_C4::35,2021_Ref_Plot4_C4,Field2,test,8,5,0.18000572244763782,12.497190012157613,0.024493488934996286,344,False,False
2021_Ref_Plot4_C4::44,2021_Ref_Plot4_C4,Field2,test,9,6,0.10696376122293833,8.929185524759154,0.01619876664737627,344,False,False
2021_Ref_Plot4_C4::50,2021_Ref_Plot4_C4,Field2,test,6,7,0.08265904698198522,9.7947268391127,0.0707714265731352,344,False,False
2021_Ref_Plot4_C4::57,2021_Ref_Plot4_C4,Field2,test,7,8,0.12070232416459638,9.396300035981545,0.029085420600954315,341,False,False
2021_Ref_Plot4_C4::65,2021_Ref_Plot4_C4,Field2,test,8,9,0.10943940081846641,11.53734796752441,0.030560274673724987,341,False,False
2021_Ref_Plot4_C4::69,2021_Ref_Plot4_C4,Field2,test,4,10,0.1286154866196957,13.032392787714196,0.04709016445441108,344,False,False
2021_Ref_Plot4_C4::71,2021_Ref_Plot4_C4,Field2,test,2,11,0.08905192972140859,9.967906190828646,0.04459602960774294,344,False,False
2021_Ref_Plot4_C4::76,2021_Ref_Plot4_C4,Field2,test,5,12,0.13709954173325598,12.94227814034156,0.01797306485107363,340,False,False
2021_Ref_Plot4_C4::80,2021_Ref_Plot4_C4,Field2,test,4,13,0.07128270401967061,8.353383025200623,0.006735481722457368,340,False,False
2021_Ref_Plot4_C4::85,2021_Ref_Plot4_C4,Field2,test,5,14,0.06528995888417986,9.429309519326312,0.027559614832122218,344,False,False
2021_Ref_Plot4_D11::8,2021_Ref_Plot4_D11,Field2,test,7,1,0.688338553704011,26.53891500991163,0.11205806022912512,344,False,False
2021_Ref_Plot4_D11::16,2021_Ref_Plot4_D11,Field2,test,8,2,0.7674103817384866,30.39176092202859,0.21133021097108617,344,False,False
2021_Ref_Plot4_D11::22,2021_Ref_Plot4_D11,Field2,test,6,3,0.17506355386015948,14.885750392497311,0.03093304800882503,344,False,False
2021_Ref_Plot4_D11::27,2021_Ref_Plot4_D11,Field2,test,5,4,0.19699194823826147,14.728760745828634,0.03535203104075444,344,False,False
2021_Ref_Plot4_D11::35,2021_Ref_Plot4_D11,Field2,test,8,5,0.16213473180820517,12.340162016431933,0.01380781708267793,344,False,False
2021_Ref_Plot4_D11::44,2021_Ref_Plot4_D11,Field2,test,9,6,0.11527698124929703,8.819038794844538,0.015583230529353908,344,False,False
2021_Ref_Plot4_D11::50,2021_Ref_Plot4_D11,Field2,test,6,7,0.0712643740079581,9.702507130095563,0.027991427532087984,344,False,False
2021_Ref_Plot4_D11::57,2021_Ref_Plot4_D11,Field2,test,7,8,0.0934289167747715,10.578089847324772,0.014831687058994729,341,False,False
2021_Ref_Plot4_D11::65,2021_Ref_Plot4_D11,Field2,test,8,9,0.06467408983139936,9.287937350972634,0.012963345585709917,341,False,False
2021_Ref_Plot4_D11::69,2021_Ref_Plot4_D11,Field2,test,4,10,0.13208543362775993,13.12975624649097,0.039607337957707454,344,False,False
2021_Ref_Plot4_D11::71,2021_Ref_Plot4_D11,Field2,test,2,11,0.0809224790833931,10.120567639042925,0.05121612269553109,344,False,False
2021_Ref_Plot4_D11::76,2021_Ref_Plot4_D11,Field2,test,5,12,0.11829866843806823,12.647776554082492,0.0412640592778069,340,False,False
2021_Ref_Plot4_D11::80,2021_Ref_Plot4_D11,Field2,test,4,13,0.054465257716321665,8.631729963707826,0.008015380458263322,340,False,False
2021_Ref_Plot4_D11::85,2021_Ref_Plot4_D11,Field2,test,5,14,0.08970103209413254,9.293532409687225,0.06772293977683655,344,False,False
2021_Ref_Plot4_D6::8,2021_Ref_Plot4_D6,Field2,test,7,1,0.6713794489507657,26.448242669245428,0.10108905822350014,344,False,False
2021_Ref_Plot4_D6::16,2021_Ref_Plot4_D6,Field2,test,8,2,0.7380673878093781,29.614255180756096,0.1870521360946029,344,False,False
2021_Ref_Plot4_D6::22,2021_Ref_Plot4_D6,Field2,test,6,3,0.15372578327354694,14.667952189836777,0.02168376623480795,344,False,False
2021_Ref_Plot4_D6::27,2021_Ref_Plot4_D6,Field2,test,5,4,0.20193860711849032,15.548677277383797,0.03598544703749016,344,False,False
2021_Ref_Plot4_D6::35,2021_Ref_Plot4_D6,Field2,test,8,5,0.15586771813270042,12.999434113904698,0.012436063454262807,344,False,False
2021_Ref_Plot4_D6::44,2021_Ref_Plot4_D6,Field2,test,9,6,0.08425721287738497,8.568223614117944,-0.004258946207920086,344,False,False
2021_Ref_Plot4_D6::50,2021_Ref_Plot4_D6,Field2,test,6,7,0.08012790722424867,9.673514297603049,0.05175631581675769,344,False,False
2021_Ref_Plot4_D6::57,2021_Ref_Plot4_D6,Field2,test,7,8,0.1371700206301523,10.993400132567203,0.018102616974369573,341,False,False
2021_Ref_Plot4_D6::65,2021_Ref_Plot4_D6,Field2,test,8,9,0.07499338472056026,10.91405294039427,0.015683510637874314,341,False,False
2021_Ref_Plot4_D6::69,2021_Ref_Plot4_D6,Field2,test,4,10,0.10477561390454643,12.742474733629702,0.03727776160298888,344,False,False
2021_Ref_Plot4_D6::71,2021_Ref_Plot4_D6,Field2,test,2,11,0.07460024069700157,10.546460666519762,0.05507319507481675,344,False,False
2021_Ref_Plot4_D6::76,2021_Ref_Plot4_D6,Field2,test,5,12,0.1281991590458371,13.579371296245705,0.03956033981210146,340,False,False
2021_Ref_Plot4_D6::80,2021_Ref_Plot4_D6,Field2,test,4,13,0.07599260617999312,8.716305065624883,0.007039588398373785,340,False,False
2021_Ref_Plot4_D6::85,2021_Ref_Plot4_D6,Field2,test,5,14,0.06459407384068579,9.990443063427913,0.031462098253140114,344,False,False
2021_Ref_Plot5_A17::8,2021_Ref_Plot5_A17,Field2,test,7,1,0.7042414673468196,26.18879716471564,0.11830890965666466,344,False,False
2021_Ref_Plot5_A17::16,2021_Ref_Plot5_A17,Field2,test,8,2,0.7659604112140431,28.664080126691136,0.22217657982702652,344,False,False
2021_Ref_Plot5_A17::22,2021_Ref_Plot5_A17,Field2,test,6,3,0.20033229255190668,15.505177305749188,0.019538692451193516,344,False,False
2021_Ref_Plot5_A17::27,2021_Ref_Plot5_A17,Field2,test,5,4,0.2501899942550012,16.816860544517716,0.02788845753731055,344,False,False
2021_Ref_Plot5_A17::35,2021_Ref_Plot5_A17,Field2,test,8,5,0.1064515576343561,11.260921880009283,0.011248602853623797,344,False,False
2021_Ref_Plot5_A17::44,2021_Ref_Plot5_A17,Field2,test,9,6,0.09500703130654216,10.31600841753011,0.012731604790367862,344,False,False
2021_Ref_Plot5_A17::50,2021_Ref_Plot5_A17,Field2,test,6,7,0.07003042637685154,9.092608968047731,0.045586302467932056,344,False,False
2021_Ref_Plot5_A17::69,2021_Ref_Plot5_A17,Field2,test,4,9,0.1036414194402386,12.571278836862337,0.04985211384117745,344,False,False
2021_Ref_Plot5_A17::71,2021_Ref_Plot5_A17,Field2,test,2,10,0.0662443585377505,10.301190400927911,0.04589298224043539,344,False,False
2021_Ref_Plot5_A17::76,2021_Ref_Plot5_A17,Field2,test,5,11,0.12852185131871727,13.000971765741905,0.026824532801280138,340,False,False
2021_Ref_Plot5_A17::80,2021_Ref_Plot5_A17,Field2,test,4,12,0.09218832742792128,8.846332078010667,0.04265244304878889,340,False,False
2021_Ref_Plot5_A17::85,2021_Ref_Plot5_A17,Field2,test,5,13,0.07229354693074398,8.744693548985241,0.0415596718439096,344,False,False
2021_Ref_Plot5_A19::8,2021_Ref_Plot5_A19,Field2,test,7,1,0.7060179570704285,26.305809382672653,0.11641788942524928,344,False,False
2021_Ref_Plot5_A19::16,2021_Ref_Plot5_A19,Field2,test,8,2,0.7907402609186335,28.713752017654453,0.23846660537172507,344,False,False
2021_Ref_Plot5_A19::22,2021_Ref_Plot5_A19,Field2,test,6,3,0.23920607169165264,16.395141408568,0.023613357737462596,344,False,False
2021_Ref_Plot5_A19::27,2021_Ref_Plot5_A19,Field2,test,5,4,0.28402885205117423,17.124685828031556,0.03415348729882521,344,False,False
2021_Ref_Plot5_A19::35,2021_Ref_Plot5_A19,Field2,test,8,5,0.12130851233486385,11.503735355524679,0.02178855394989171,344,False,False
2021_Ref_Plot5_A19::44,2021_Ref_Plot5_A19,Field2,test,9,6,0.09914842610634507,9.817509697472278,0.007676996786973205,344,False,False
2021_Ref_Plot5_A19::50,2021_Ref_Plot5_A19,Field2,test,6,7,0.09398663099447059,9.731482169643117,0.09677828481156503,344,False,False
2021_Ref_Plot5_A19::57,2021_Ref_Plot5_A19,Field2,test,7,8,0.14542119272601903,10.83665584991876,0.03723164619491956,341,False,False
2021_Ref_Plot5_A19::65,2021_Ref_Plot5_A19,Field2,test,8,9,0.10638156784178014,11.9583666906476,0.04392492410818821,341,False,False
2021_Ref_Plot5_A19::69,2021_Ref_Plot5_A19,Field2,test,4,10,0.13481447485209658,12.836328425460234,0.04720361459537395,344,False,False
2021_Ref_Plot5_A19::71,2021_Ref_Plot5_A19,Field2,test,2,11,0.06709007244306091,10.881293419950023,0.1013329560811782,344,False,False
2021_Ref_Plot5_A19::76,2021_Ref_Plot5_A19,Field2,test,5,12,0.12003697773595608,13.36628186675815,0.0369587880566287,340,False,False
2021_Ref_Plot5_A19::80,2021_Ref_Plot5_A19,Field2,test,4,13,0.06381365030860099,8.88665171301584,0.021906503513207498,340,False,False
2021_Ref_Plot5_A19::85,2021_Ref_Plot5_A19,Field2,test,5,14,0.059011461724184554,9.74208676824937,0.03235309792452578,344,False,False
2021_Ref_Plot5_B12::8,2021_Ref_Plot5_B12,Field2,test,7,1,0.7080888385580253,25.85399828972537,0.12478466711290179,344,False,False
2021_Ref_Plot5_B12::16,2021_Ref_Plot5_B12,Field2,test,8,2,0.7723506971576607,28.821535076729752,0.21790147959768388,344,False,False
2021_Ref_Plot5_B12::22,2021_Ref_Plot5_B12,Field2,test,6,3,0.21516331867878982,14.926598136414992,0.021095926191658385,344,False,False
2021_Ref_Plot5_B12::27,2021_Ref_Plot5_B12,Field2,test,5,4,0.2403956486968781,15.983261523410338,0.032846556754341436,344,False,False
2021_Ref_Plot5_B12::35,2021_Ref_Plot5_B12,Field2,test,8,5,0.1218856476714943,12.69317284501519,0.028762939319984665,344,False,False
2021_Ref_Plot5_B12::44,2021_Ref_Plot5_B12,Field2,test,9,6,0.10771402099366467,9.085865858285054,0.02884517037244992,344,False,False
2021_Ref_Plot5_B12::50,2021_Ref_Plot5_B12,Field2,test,6,7,0.0838458449449813,8.989210018929404,0.02461273645019354,344,False,False
2021_Ref_Plot5_B12::57,2021_Ref_Plot5_B12,Field2,test,7,8,0.09087629639908769,10.75009077238699,0.02986748644200571,341,False,False
2021_Ref_Plot5_B12::65,2021_Ref_Plot5_B12,Field2,test,8,9,0.08970665597465495,11.604029831213554,0.04168206989620777,341,False,False
2021_Ref_Plot5_B12::69,2021_Ref_Plot5_B12,Field2,test,4,10,0.11294260199006224,12.895809372360258,0.05607143834416499,344,False,False
2021_Ref_Plot5_B12::71,2021_Ref_Plot5_B12,Field2,test,2,11,0.0643475926975781,10.034506193618611,0.04021680043785014,344,False,False
2021_Ref_Plot5_B12::76,2021_Ref_Plot5_B12,Field2,test,5,12,0.12324431788184824,12.943220087618894,0.043646013314661836,340,False,False
2021_Ref_Plot5_B12::80,2021_Ref_Plot5_B12,Field2,test,4,13,0.06585777869414378,8.750567520392256,0.0015910606945928121,340,False,False
2021_Ref_Plot5_B12::85,2021_Ref_Plot5_B12,Field2,test,5,14,0.11340524745866899,9.87821497367774,0.0335651063612711,344,False,False
2021_Ref_Plot5_B14::8,2021_Ref_Plot5_B14,Field2,test,7,1,0.6897828672934118,26.11093559406647,0.11497019346989192,344,False,False
2021_Ref_Plot5_B14::16,2021_Ref_Plot5_B14,Field2,test,8,2,0.7781705165278615,28.850837957788084,0.2165834821011903,344,False,False
2021_Ref_Plot5_B14::22,2021_Ref_Plot5_B14,Field2,test,6,3,0.18286444061251975,15.647665427459094,0.020926034216982834,344,False,False
2021_Ref_Plot5_B14::27,2021_Ref_Plot5_B14,Field2,test,5,4,0.23529693675891192,15.905186499487968,0.03381925969156014,344,False,False
2021_Ref_Plot5_B14::35,2021_Ref_Plot5_B14,Field2,test,8,5,0.12231948850651735,11.762940484981188,0.014569431821948437,344,False,False
2021_Ref_Plot5_B14::44,2021_Ref_Plot5_B14,Field2,test,9,6,0.11397017845183634,10.120556169077627,0.022339506514631104,344,False,False
2021_Ref_Plot5_B14::50,2021_Ref_Plot5_B14,Field2,test,6,7,0.08396603539601584,9.777238192694869,0.057404060843562386,344,False,False
2021_Ref_Plot5_B14::57,2021_Ref_Plot5_B14,Field2,test,7,8,0.11017286471084768,10.46624931037659,0.024446899775398358,341,False,False
2021_Ref_Plot5_B14::65,2021_Ref_Plot5_B14,Field2,test,8,9,0.09330557951826557,11.674498557797486,0.03194859890746506,341,False,False
2021_Ref_Plot5_B14::69,2021_Ref_Plot5_B14,Field2,test,4,10,0.1262984541255541,13.04582599697624,0.038785892538631704,344,False,False
2021_Ref_Plot5_B14::71,2021_Ref_Plot5_B14,Field2,test,2,11,0.06613534758028562,10.890973490219253,0.06406656499683165,344,False,False
2021_Ref_Plot5_B14::76,2021_Ref_Plot5_B14,Field2,test,5,12,0.13853697468016138,13.629262746053321,0.016842557039800518,340,False,False
2021_Ref_Plot5_B14::80,2021_Ref_Plot5_B14,Field2,test,4,13,0.08746040786780777,9.011594353116374,0.054495558957440446,340,False,False
2021_Ref_Plot5_B14::85,2021_Ref_Plot5_B14,Field2,test,5,14,0.06614174281961983,9.882127863657708,0.02783350570864517,344,False,False
2021_Ref_Plot5_C12::8,2021_Ref_Plot5_C12,Field2,test,7,1,0.7072498868606211,25.26978221489984,0.12624165997641543,344,False,False
2021_Ref_Plot5_C12::16,2021_Ref_Plot5_C12,Field2,test,8,2,0.7748769773580592,28.544753676240383,0.2139244424303762,344,False,False
2021_Ref_Plot5_C12::22,2021_Ref_Plot5_C12,Field2,test,6,3,0.167815278323426,13.838331088698173,0.022062420680850497,344,False,False
2021_Ref_Plot5_C12::27,2021_Ref_Plot5_C12,Field2,test,5,4,0.20072676135477405,15.721623768604076,0.035098685003080866,344,False,False
2021_Ref_Plot5_C12::35,2021_Ref_Plot5_C12,Field2,test,8,5,0.10264788083575521,11.111972771819612,0.013887537066854621,344,False,False
2021_Ref_Plot5_C12::44,2021_Ref_Plot5_C12,Field2,test,9,6,0.09771984828218483,8.745688185020285,0.012593900362019595,344,False,False
2021_Ref_Plot5_C12::50,2021_Ref_Plot5_C12,Field2,test,6,7,0.09187194202093064,9.150682371061482,0.07141522205951255,344,False,False
2021_Ref_Plot5_C12::57,2021_Ref_Plot5_C12,Field2,test,7,8,0.08653504105373044,10.226610073445437,0.013166639183937139,341,False,False
2021_Ref_Plot5_C12::65,2021_Ref_Plot5_C12,Field2,test,8,9,0.09529127623996886,11.947807578187344,0.026796658422428662,341,False,False
2021_Ref_Plot5_C12::69,2021_Ref_Plot5_C12,Field2,test,4,10,0.1324708769717323,13.2679230425858,0.04823334222867804,344,False,False
2021_Ref_Plot5_C12::71,2021_Ref_Plot5_C12,Field2,test,2,11,0.06871689885752706,10.152354481675756,0.039951012834846915,344,False,False
2021_Ref_Plot5_C12::76,2021_Ref_Plot5_C12,Field2,test,5,12,0.12383083833405145,13.061351001510733,0.013951440010332642,340,False,False
2021_Ref_Plot5_C12::80,2021_Ref_Plot5_C12,Field2,test,4,13,0.09384511130863393,8.302671401692953,0.01646404744237032,340,False,False
2021_Ref_Plot5_C12::85,2021_Ref_Plot5_C12,Field2,test,5,14,0.09411563337169655,9.857373785636295,0.04159620005542322,344,False,False
2021_Ref_Plot5_C17::8,2021_Ref_Plot5_C17,Field2,test,7,1,0.7054144089702516,26.21752194261724,0.13199100913670728,344,False,False
2021_Ref_Plot5_C17::16,2021_Ref_Plot5_C17,Field2,test,8,2,0.7692432697594392,29.023939853640123,0.21282682704121986,344,False,False
2021_Ref_Plot5_C17::22,2021_Ref_Plot5_C17,Field2,test,6,3,0.18500338304809152,14.978311975947317,0.02387218473236077,344,False,False
2021_Ref_Plot5_C17::27,2021_Ref_Plot5_C17,Field2,test,5,4,0.21648047541424975,16.158755330719917,0.03139010846016779,344,False,False
2021_Ref_Plot5_C17::35,2021_Ref_Plot5_C17,Field2,test,8,5,0.11604856949312566,12.230213123235297,0.021342985178172815,344,False,False
2021_Ref_Plot5_C17::44,2021_Ref_Plot5_C17,Field2,test,9,6,0.09795503685031653,9.223359821427952,0.012210445348426033,344,False,False
2021_Ref_Plot5_C17::50,2021_Ref_Plot5_C17,Field2,test,6,7,0.07968129401131212,9.539655195626478,0.057171893441435244,344,False,False
2021_Ref_Plot5_C17::57,2021_Ref_Plot5_C17,Field2,test,7,8,0.1289188398296965,11.505728737714136,0.04334079953530711,341,False,False
2021_Ref_Plot5_C17::65,2021_Ref_Plot5_C17,Field2,test,8,9,0.08269164358849083,11.625549736926686,0.024488436214236988,341,False,False
2021_Ref_Plot5_C17::69,2021_Ref_Plot5_C17,Field2,test,4,10,0.11383183494914761,12.328346142504964,0.026286642908013257,344,False,False
2021_Ref_Plot5_C17::71,2021_Ref_Plot5_C17,Field2,test,2,11,0.07636543217525393,9.830871755211284,0.017759122414311167,344,False,False
2021_Ref_Plot5_C17::76,2021_Ref_Plot5_C17,Field2,test,5,12,0.1133046273457357,13.42136936391907,0.0345900515693543,340,False,False
2021_Ref_Plot5_C17::80,2021_Ref_Plot5_C17,Field2,test,4,13,0.08870095684180107,9.356250513226879,0.02327896070578735,340,False,False
2021_Ref_Plot5_C17::85,2021_Ref_Plot5_C17,Field2,test,5,14,0.06016224807096499,9.64453215399501,0.02006294744445296,344,False,False
2021_Ref_Plot5_C18::8,2021_Ref_Plot5_C18,Field2,test,7,1,0.6981696947290382,25.747816442693235,0.12240669863958178,344,False,False
2021_Ref_Plot5_C18::16,2021_Ref_Plot5_C18,Field2,test,8,2,0.7780730017029637,28.849548070520534,0.2171254509930043,344,False,False
2021_Ref_Plot5_C18::22,2021_Ref_Plot5_C18,Field2,test,6,3,0.17773757734201523,14.478472600896826,0.02314593824494008,344,False,False
2021_Ref_Plot5_C18::27,2021_Ref_Plot5_C18,Field2,test,5,4,0.21984751203494568,16.26923692226006,0.03326084845759437,344,False,False
2021_Ref_Plot5_C18::35,2021_Ref_Plot5_C18,Field2,test,8,5,0.115096136185821,11.845817291635099,0.008775777468097668,344,False,False
2021_Ref_Plot5_C18::44,2021_Ref_Plot5_C18,Field2,test,9,6,0.09835797456839095,9.178427159876877,0.011690661423936287,344,False,False
2021_Ref_Plot5_C18::50,2021_Ref_Plot5_C18,Field2,test,6,7,0.0783610899368544,9.513764270583279,0.06963106369115964,344,False,False
2021_Ref_Plot5_C18::57,2021_Ref_Plot5_C18,Field2,test,7,8,0.12287003819587043,11.668184470516154,0.04702000372594211,341,False,False
2021_Ref_Plot5_C18::65,2021_Ref_Plot5_C18,Field2,test,8,9,0.08688331748159868,11.50156710572529,0.01852646131431341,341,False,False
2021_Ref_Plot5_C18::69,2021_Ref_Plot5_C18,Field2,test,4,10,0.11099369029853927,12.783463874938118,0.03507577090519162,344,False,False
2021_Ref_Plot5_C18::71,2021_Ref_Plot5_C18,Field2,test,2,11,0.06760132384029421,9.786740365302698,0.053733610456750194,344,False,False
2021_Ref_Plot5_C18::76,2021_Ref_Plot5_C18,Field2,test,5,12,0.11102716875796609,13.467454334566284,0.04355592590377763,340,False,False
2021_Ref_Plot5_C18::80,2021_Ref_Plot5_C18,Field2,test,4,13,0.10079772046652737,9.138880894260055,0.02174441468186986,340,False,False
2021_Ref_Plot5_C18::85,2021_Ref_Plot5_C18,Field2,test,5,14,0.0726020909658191,10.056118199792177,0.05227697577520435,344,False,False
2021_Ref_Plot5_D10::8,2021_Ref_Plot5_D10,Field2,test,7,1,0.7351943627343474,26.734931441494787,0.1320424081031042,344,False,False
2021_Ref_Plot5_D10::16,2021_Ref_Plot5_D10,Field2,test,8,2,0.7820880064246739,29.650042746411202,0.20087241639680978,344,False,False
2021_Ref_Plot5_D10::22,2021_Ref_Plot5_D10,Field2,test,6,3,0.19101284798141013,15.254315708867361,0.027826526352930255,344,False,False
2021_Ref_Plot5_D10::27,2021_Ref_Plot5_D10,Field2,test,5,4,0.1800406787166192,14.76237787689999,0.03530833488682968,344,False,False
2021_Ref_Plot5_D10::35,2021_Ref_Plot5_D10,Field2,test,8,5,0.08823993956572858,9.99832098634288,-0.0077719540513624015,344,False,False
2021_Ref_Plot5_D10::44,2021_Ref_Plot5_D10,Field2,test,9,6,0.10309771197944055,9.25471180164532,0.02095754753546019,344,False,False
2021_Ref_Plot5_D10::50,2021_Ref_Plot5_D10,Field2,test,6,7,0.08047327526263585,9.454398620689865,0.04115425388791531,344,False,False
2021_Ref_Plot5_D10::57,2021_Ref_Plot5_D10,Field2,test,7,8,0.08502013580902035,11.078017661789286,0.029793319257158758,341,False,False
2021_Ref_Plot5_D10::65,2021_Ref_Plot5_D10,Field2,test,8,9,0.08576320864104098,11.694062974984556,0.04192688296671485,341,False,False
2021_Ref_Plot5_D10::69,2021_Ref_Plot5_D10,Field2,test,4,10,0.10719014075002435,12.716174234509143,0.044107643974489075,344,False,False
2021_Ref_Plot5_D10::71,2021_Ref_Plot5_D10,Field2,test,2,11,0.08292753721655573,10.562858601811488,0.03937911664809693,344,False,False
2021_Ref_Plot5_D10::76,2021_Ref_Plot5_D10,Field2,test,5,12,0.11707778029614598,13.026538428321217,0.033996836809553725,340,False,False
2021_Ref_Plot5_D10::80,2021_Ref_Plot5_D10,Field2,test,4,13,0.06431440582041702,9.132343234466497,0.02752240193902673,340,False,False
2021_Ref_Plot5_D10::85,2021_Ref_Plot5_D10,Field2,test,5,14,0.074572045497165,9.47465367137914,0.036652744883139965,344,False,False
2021_Ref_Plot5_D11::8,2021_Ref_Plot5_D11,Field2,test,7,1,0.7265055025425542,26.831331154063108,0.13161157168871004,344,False,False
2021_Ref_Plot5_D11::16,2021_Ref_Plot5_D11,Field2,test,8,2,0.7765769618992134,29.921998688931613,0.2135689391835932,344,False,False
2021_Ref_Plot5_D11::22,2021_Ref_Plot5_D11,Field2,test,6,3,0.1808989298200244,15.378800051866842,0.02065636986844963,344,False,False
2021_Ref_Plot5_D11::27,2021_Ref_Plot5_D11,Field2,test,5,4,0.1679379808128003,14.380176209398448,0.02754659938455624,344,False,False
2021_Ref_Plot5_D11::35,2021_Ref_Plot5_D11,Field2,test,8,5,0.10736327989110972,10.948263525094434,0.011669813788804136,344,False,False
2021_Ref_Plot5_D11::44,2021_Ref_Plot5_D11,Field2,test,9,6,0.0896564142315504,9.100856629160855,0.0016679167382260766,344,False,False
2021_Ref_Plot5_D11::50,2021_Ref_Plot5_D11,Field2,test,6,7,0.08715552522589369,9.810175613291971,0.04627245783398637,344,False,False
2021_Ref_Plot5_D11::57,2021_Ref_Plot5_D11,Field2,test,7,8,0.0906422945065141,11.768812689608515,0.01665130897055529,341,False,False
2021_Ref_Plot5_D11::65,2021_Ref_Plot5_D11,Field2,test,8,9,0.08261197705021726,11.103442892548914,0.01931069013087279,341,False,False
2021_Ref_Plot5_D11::69,2021_Ref_Plot5_D11,Field2,test,4,10,0.1041956814391893,12.468995503380853,0.025678326036483665,344,False,False
2021_Ref_Plot5_D11::71,2021_Ref_Plot5_D11,Field2,test,2,11,0.07652011312567307,10.268759253890828,0.03241067668465988,344,False,False
2021_Ref_Plot5_D11::76,2021_Ref_Plot5_D11,Field2,test,5,12,0.12074485846060783,12.620557808130846,0.037134530582176015,340,False,False
2021_Ref_Plot5_D11::80,2021_Ref_Plot5_D11,Field2,test,4,13,0.06047655382914518,9.643787508272965,0.02259604335225647,340,False,False
2021_Ref_Plot5_D11::85,2021_Ref_Plot5_D11,Field2,test,5,14,0.07182547307551278,9.726718793143283,0.014754107442046284,344,False,False
2021_Ref_Plot5_D9::8,2021_Ref_Plot5_D9,Field2,test,7,1,0.7388713939428632,26.71691883785033,0.13390206787907497,344,False,False
2021_Ref_Plot5_D9::16,2021_Ref_Plot5_D9,Field2,test,8,2,0.7884406885387354,30.160390429865075,0.21596253373517327,344,False,False
2021_Ref_Plot5_D9::22,2021_Ref_Plot5_D9,Field2,test,6,3,0.17899295944804403,15.156431635681995,0.023954753634167516,344,False,False
2021_Ref_Plot5_D9::27,2021_Ref_Plot5_D9,Field2,test,5,4,0.14786999668469772,13.232171492166273,0.03127326974259704,344,False,False
2021_Ref_Plot5_D9::35,2021_Ref_Plot5_D9,Field2,test,8,5,0.11056357907621239,10.741329239425788,0.017317027617441215,344,False,False
2021_Ref_Plot5_D9::44,2021_Ref_Plot5_D9,Field2,test,9,6,0.08451494582229364,8.51800294408117,-0.004270071554180455,344,False,False
2021_Ref_Plot5_D9::50,2021_Ref_Plot5_D9,Field2,test,6,7,0.07864011841951817,9.741479077663943,0.030239161260228336,344,False,False
2021_Ref_Plot5_D9::57,2021_Ref_Plot5_D9,Field2,test,7,8,0.08991683594172693,11.077442532558008,0.03648171790344169,341,False,False
2021_Ref_Plot5_D9::65,2021_Ref_Plot5_D9,Field2,test,8,9,0.08797348573400958,11.488740725561701,0.03106188440411517,341,False,False
2021_Ref_Plot5_D9::69,2021_Ref_Plot5_D9,Field2,test,4,10,0.10287726933717793,12.711735886047478,0.02483196020929278,344,False,False
2021_Ref_Plot5_D9::71,2021_Ref_Plot5_D9,Field2,test,2,11,0.06741024417798615,10.347789597230264,0.027415538872915413,344,False,False
2021_Ref_Plot5_D9::76,2021_Ref_Plot5_D9,Field2,test,5,12,0.1371540876024784,13.027217389444122,0.01966962393938138,340,False,False
2021_Ref_Plot5_D9::80,2021_Ref_Plot5_D9,Field2,test,4,13,0.07310514165037142,9.572846208271745,0.03808837312460965,340,False,False
2021_Ref_Plot5_D9::85,2021_Ref_Plot5_D9,Field2,test,5,14,0.07933817385026681,9.069817159681989,0.03586594976269316,344,False,False
2021_Ref_Plot5_E11::8,2021_Ref_Plot5_E11,Field2,test,7,1,0.7155785835076398,26.59889251717345,0.13541769400346268,344,False,False
2021_Ref_Plot5_E11::16,2021_Ref_Plot5_E11,Field2,test,8,2,0.7400622912713283,28.622429869573438,0.20941603129528238,344,False,False
2021_Ref_Plot5_E11::22,2021_Ref_Plot5_E11,Field2,test,6,3,0.16274985230024452,14.01183224123135,0.025922507644947988,344,False,False
2021_Ref_Plot5_E11::27,2021_Ref_Plot5_E11,Field2,test,5,4,0.1475559244314824,14.762167495881132,0.023903109765595742,344,False,False
2021_Ref_Plot5_E11::35,2021_Ref_Plot5_E11,Field2,test,8,5,0.10606000407096183,11.449705043175587,0.01480650653403377,344,False,False
2021_Ref_Plot5_E11::44,2021_Ref_Plot5_E11,Field2,test,9,6,0.0847480384374265,9.700784849215438,0.004526057958704309,344,False,False
2021_Ref_Plot5_E11::50,2021_Ref_Plot5_E11,Field2,test,6,7,0.06604798391922484,9.569866677642121,0.0322859073853414,344,False,False
2021_Ref_Plot5_E11::57,2021_Ref_Plot5_E11,Field2,test,7,8,0.10071014746842492,11.480664039768698,0.031052657389901053,341,False,False
2021_Ref_Plot5_E11::65,2021_Ref_Plot5_E11,Field2,test,8,9,0.06927718500260584,10.60340064637861,0.03215318354731201,341,False,False
2021_Ref_Plot5_E11::69,2021_Ref_Plot5_E11,Field2,test,4,10,0.10937234182901721,12.539618625573386,0.03241012892506873,344,False,False
2021_Ref_Plot5_E11::71,2021_Ref_Plot5_E11,Field2,test,2,11,0.06646770497492961,10.44049314950338,0.042594368764147725,344,False,False
2021_Ref_Plot5_E11::76,2021_Ref_Plot5_E11,Field2,test,5,12,0.1127498435585786,11.921905933085792,0.013509256232824762,340,False,False
2021_Ref_Plot5_E11::80,2021_Ref_Plot5_E11,Field2,test,4,13,0.065549383318652,9.793474471036305,0.04012194627968786,340,False,False
2021_Ref_Plot5_E11::85,2021_Ref_Plot5_E11,Field2,test,5,14,0.08095624664039398,9.840544314475139,0.03540604271682758,344,False,False
2021_Ref_Plot5_E3::8,2021_Ref_Plot5_E3,Field2,test,7,1,0.6853517574997503,26.26822029546903,0.11054028866606047,344,False,False
2021_Ref_Plot5_E3::16,2021_Ref_Plot5_E3,Field2,test,8,2,0.7707230888383743,30.231407660424612,0.21158829777264712,344,False,False
2021_Ref_Plot5_E3::22,2021_Ref_Plot5_E3,Field2,test,6,3,0.19431874947334762,15.382895348679932,0.026711892152302862,344,False,False
2021_Ref_Plot5_E3::27,2021_Ref_Plot5_E3,Field2,test,5,4,0.18785421589145776,15.732101788226853,0.03316347552875772,344,False,False
2021_Ref_Plot5_E3::35,2021_Ref_Plot5_E3,Field2,test,8,5,0.11253159242238193,11.378478382727756,0.022612366559561548,344,False,False
2021_Ref_Plot5_E3::44,2021_Ref_Plot5_E3,Field2,test,9,6,0.09140213432869344,9.777681823755893,0.0176069404417655,344,False,False
2021_Ref_Plot5_E3::50,2021_Ref_Plot5_E3,Field2,test,6,7,0.09547435541214849,10.207526361770366,0.0890915077792245,344,False,False
2021_Ref_Plot5_E3::57,2021_Ref_Plot5_E3,Field2,test,7,8,0.09401359536561667,10.915413175791217,0.012476742924121457,341,False,False
2021_Ref_Plot5_E3::65,2021_Ref_Plot5_E3,Field2,test,8,9,0.06327122168777674,10.822805651617141,0.021105197013777777,341,False,False
2021_Ref_Plot5_E3::69,2021_Ref_Plot5_E3,Field2,test,4,10,0.13348475238133933,13.337892309717695,0.032082263845751274,344,False,False
2021_Ref_Plot5_E3::71,2021_Ref_Plot5_E3,Field2,test,2,11,0.07642379967551971,10.218019935820472,0.02952967684708471,344,False,False
2021_Ref_Plot5_E3::76,2021_Ref_Plot5_E3,Field2,test,5,12,0.127468854486578,12.366610053151977,0.009655842640571672,340,False,False
2021_Ref_Plot5_E3::80,2021_Ref_Plot5_E3,Field2,test,4,13,0.06499684686877162,8.403120487611238,0.01159015569450964,340,False,False
2021_Ref_Plot5_E3::85,2021_Ref_Plot5_E3,Field2,test,5,14,0.05683938170194457,9.913015156970792,0.01932869995114639,344,False,False
2021_Ref_Plot5_E7::8,2021_Ref_Plot5_E7,Field2,test,7,1,0.7182481859361105,27.19295119486096,0.13419468097258355,344,False,False
2021_Ref_Plot5_E7::16,2021_Ref_Plot5_E7,Field2,test,8,2,0.7781620411779744,30.301041216769363,0.219395992807335,344,False,False
2021_Ref_Plot5_E7::22,2021_Ref_Plot5_E7,Field2,test,6,3,0.20017679363931173,13.017693288140588,0.027462838544670763,344,False,False
2021_Ref_Plot5_E7::27,2021_Ref_Plot5_E7,Field2,test,5,4,0.19246872071195117,15.811921792309626,0.034371208393475135,344,False,False
2021_Ref_Plot5_E7::35,2021_Ref_Plot5_E7,Field2,test,8,5,0.12198826865632346,11.525389181331997,0.027749699679324405,344,False,False
2021_Ref_Plot5_E7::44,2021_Ref_Plot5_E7,Field2,test,9,6,0.10166186653433494,9.400304333081257,0.010085242584831223,344,False,False
2021_Ref_Plot5_E7::50,2021_Ref_Plot5_E7,Field2,test,6,7,0.10061134108250118,9.838126521319015,0.06283883192628369,344,False,False
2021_Ref_Plot5_E7::57,2021_Ref_Plot5_E7,Field2,test,7,8,0.09127485821116178,11.283503141429074,0.02932493804168344,341,False,False
2021_Ref_Plot5_E7::65,2021_Ref_Plot5_E7,Field2,test,8,9,0.07139400321874474,11.322645878993907,0.034857054602495975,341,False,False
2021_Ref_Plot5_E7::69,2021_Ref_Plot5_E7,Field2,test,4,10,0.12418026342240905,13.486716897003213,0.04397800820046494,344,False,False
2021_Ref_Plot5_E7::71,2021_Ref_Plot5_E7,Field2,test,2,11,0.07202002584042715,10.643658861367207,0.03714985203895782,344,False,False
2021_Ref_Plot5_E7::76,2021_Ref_Plot5_E7,Field2,test,5,12,0.1283924289581981,12.420087555730046,0.010996027654263725,340,False,False
2021_Ref_Plot5_E7::80,2021_Ref_Plot5_E7,Field2,test,4,13,0.07871948898415604,10.20067239431376,0.0353454137260456,340,False,False
2021_Ref_Plot5_E7::85,2021_Ref_Plot5_E7,Field2,test,5,14,0.07119071826462768,10.808237526256022,0.03069359447414771,344,False,False
