pair_id,plant_id,field,split,gap_days,n_input_frames,ssim,psnr,structure_ssim
2020_Ref_Plot1_A10::22,2020_Ref_Plot1_A10,Field1,test,7,1,0.3433376896394131,19.29035698637997,0.0984554203656202
2020_Ref_Plot1_A10::28,2020_Ref_Plot1_A10,Field1,test,6,2,0.682813671159749,27.704561744577447,0.17575886929779022
2020_Ref_Plot1_A10::36,2020_Ref_Plot1_A10,Field1,test,8,3,0.17448978919083316,14.518271675298273,0.05410690846483614
2020_Ref_Plot1_A10::42,2020_Ref_Plot1_A10,Field1,test,6,4,0.28255086700988014,16.896050397777007,0.04883936829424257
2020_Ref_Plot1_A10::51,2020_Ref_Plot1_A10,Field1,test,9,5,0.16351239723646296,11.793400857643856,0.042261534205035436
2020_Ref_Plot1_A10::83,2020_Ref_Plot1_A10,Field1,test,32,6,0.1797565473812864,15.143945486568267,0.028087161765816077
2020_Ref_Plot1_A93::22,2020_Ref_Plot1_A93,Field1,test,7,1,0.3210458403315818,20.220304581131764,0.06986846954432124
2020_Ref_Plot1_A93::28,2020_Ref_Plot1_A93,Field1,test,6,2,0.7145000150789359,28.775475879632765,0.1908389625566719
2020_Ref_Plot1_A93::36,2020_Ref_Plot1_A93,Field1,test,8,3,0.18157056153358744,15.11066556677163,0.045488702972131624
2020_Ref_Plot1_A93::42,2020_Ref_Plot1_A93,Field1,test,6,4,0.2913196706260832,17.00922655397412,0.04435995009352309
2020_Ref_Plot1_A93::51,2020_Ref_Plot1_A93,Field1,test,9,5,0.1792219986518809,11.263849815931392,0.04355473380312738
2020_Ref_Plot1_A94::22,2020_Ref_Plot1_A94,Field1,test,7,1,0.3544773343922106,20.72233774422962,0.0844963140295587
2020_Ref_Plot1_A94::28,2020_Ref_Plot1_A94,Field1,test,6,2,0.7111712592470355,28.538688409822246,0.20081289992336795
2020_Ref_Plot1_A94::36,2020_Ref_Plot1_A94,Field1,test,8,3,0.19926431211158194,15.717226599271983,0.05384838677346838
2020_Ref_Plot1_A94::42,2020_Ref_Plot1_A94,Field1,test,6,4,0.25076617317806044,16.314137200310014,0.03840595993450778
2020_Ref_Plot1_A94::51,2020_Ref_Plot1_A94,Field1,test,9,5,0.17781913582904538,10.756469287797856,0.041241407239609416
2020_Ref_Plot1_B10::22,2020_Ref_Plot1_B10,Field1,test,7,1,0.34278597649397186,18.97732426673891,0.10804134171439615
2020_Ref_Plot1_B10::28,2020_Ref_Plot1_B10,Field1,test,6,2,0.6496148165419585,27.322677907813116,0.14576623276964096
2020_Ref_Plot1_B10::36,2020_Ref_Plot1_B10,Field1,test,8,3,0.1544482071701603,13.890161524390889,0.037847561691352304
2020_Ref_Plot1_B10::42,2020_Ref_Plot1_B10,Field1,test,6,4,0.25770029366409847,16.947158639082875,0.04827853816057599
2020_Ref_Plot1_B10::51,2020_Ref_Plot1_B10,Field1,test,9,5,0.17271423854222231,12.303325488570794,0.042471891187568334
2020_Ref_Plot1_B10::83,2020_Ref_Plot1_B10,Field1,test,32,6,0.258449616539939,16.574562887310606,0.042581067235057536
2020_Ref_Plot1_B1::22,2020_Ref_Plot1_B1,Field1,test,7,1,0.29122310507149535,19.058734130424007,0.08131332596706022
2020_Ref_Plot1_B1::28,2020_Ref_Plot1_B1,Field1,test,6,2,0.6834750681533027,28.218737603128115,0.1765192049370332
2020_Ref_Plot1_B1::36,2020_Ref_Plot1_B1,Field1,test,8,3,0.17870074865676103,14.568448007586143,0.060996703165625776
2020_Ref_Plot1_B1::42,2020_Ref_Plot1_B1,Field1,test,6,4,0.2841730749652161,17.653666323167695,0.052860611605215164
2020_Ref_Plot1_B1::51,2020_Ref_Plot1_B1,Field1,test,9,5,0.17198604356633243,10.843001564341767,0.05536846858557801
2020_Ref_Plot1_B1::83,2020_Ref_Plot1_B1,Field1,test,32,6,0.29388321715435844,16.06848772613651,0.034370566456857564
2020_Ref_Plot1_B7::22,2020_Ref_Plot1_B7,Field1,test,7,1,0.3875510012635166,19.891669679293678,0.14696799959698786
2020_Ref_Plot1_B7::28,2020_Ref_Plot1_B7,Field1,test,6,2,0.6437759667141879,27.217042932272065,0.14694654481127672
2020_Ref_Plot1_B7::36,2020_Ref_Plot1_B7,Field1,test,8,3,0.15457957218530557,12.877709234983001,0.036736995416478097
2020_Ref_Plot1_B7::42,2020_Ref_Plot1_B7,Field1,test,6,4,0.2649466789936567,17.028443715941822,0.048444865847345774
2020_Ref_Plot1_B7::51,2020_Ref_Plot1_B7,Field1,test,9,5,0.16173026240521193,11.162922100665307,0.05769098486052777
2020_Ref_Plot1_B7::83,2020_Ref_Plot1_B7,Field1,test,32,6,0.2548611819954755,16.75753763857567,0.029167135001455954
2020_Ref_Plot1_B94::22,2020_Ref_Plot1_B94,Field1,test,7,1,0.29287127649461836,19.17104876292422,0.06589503000701841
2020_Ref_Plot1_B94::28,2020_Ref_Plot1_B94,Field1,test,6,2,0.7142223237820741,29.202833750739146,0.1986700828200324
2020_Ref_Plot1_B94::36,2020_Ref_Plot1_B94,Field1,test,8,3,0.18041255110711055,15.267647044893648,0.038013026881533324
2020_Ref_Plot1_B94::42,2020_Ref_Plot1_B94,Field1,test,6,4,0.2307898406839742,15.867716070925905,0.04109839310572353
2020_Ref_Plot1_B94::51,2020_Ref_Plot1_B94,Field1,test,9,5,0.16696853617100282,11.180448103215603,0.05916892770153293
2020_Ref_Plot1_C1::22,2020_Ref_Plot1_C1,Field1,test,7,1,0.31613381470778035,18.950208847133606,0.1021472377383337
2020_Ref_Plot1_C1::28,2020_Ref_Plot1_C1,Field1,test,6,2,0.711569876429142,28.765691545821582,0.18447949929756793
2020_Ref_Plot1_C1::36,2020_Ref_Plot1_C1,Field1,test,8,3,0.2111478339023931,15.224659319448012,0.06185380106332328
2020_Ref_Plot1_C1::42,2020_Ref_Plot1_C1,Field1,test,6,4,0.26928355234897894,17.266659765225796,0.053797167668182086
2020_Ref_Plot1_C1::51,2020_Ref_Plot1_C1,Field1,test,9,5,0.17884794599331935,11.512851219439442,0.06891226249689036
2020_Ref_Plot1_C1::83,2020_Ref_Plot1_C1,Field1,test,32,6,0.3104847380657445,16.855175224498208,0.04244079236421736
2020_Ref_Plot1_C92::22,2020_Ref_Plot1_C92,Field1,test,7,1,0.2701690203320598,19.02293423362992,0.059609077768253596
2020_Ref_Plot1_C92::28,2020_Ref_Plot1_C92,Field1,test,6,2,0.7223496952192209,29.463436232085414,0.19993354769990715
2020_Ref_Plot1_C92::36,2020_Ref_Plot1_C92,Field1,test,8,3,0.1665474531363672,14.855055958716257,0.026997508746063544
2020_Ref_Plot1_C92::42,2020_Ref_Plot1_C92,Field1,test,6,4,0.22536262844384983,16.240641275917568,0.02957868412961488
2020_Ref_Plot1_C92::51,2020_Ref_Plot1_C92,Field1,test,9,5,0.1673015417401814,11.385610045926235,0.04766816505596873
2020_Ref_Plot1_C98::22,2020_Ref_Plot1_C98,Field1,test,7,1,0.30939037451453294,19.260419097951456,0.09186440105567965
2020_Ref_Plot1_C98::28,2020_Ref_Plot1_C98,Field1,test,6,2,0.7018298524364933,28.325588346406533,0.17290407674132227
2020_Ref_Plot1_C98::36,2020_Ref_Plot1_C98,Field1,test,8,3,0.18361375716412306,15.268640188063783,0.049051132215215475
2020_Ref_Plot1_C98::42,2020_Ref_Plot1_C98,Field1,test,6,4,0.24243874635177096,16.64708036152754,0.03364009595297099
2020_Ref_Plot1_C98::51,2020_Ref_Plot1_C98,Field1,test,9,5,0.15981099842202276,11.330020146723633,0.04849635584122895
2020_Ref_Plot2_A2::22,2020_Ref_Plot2_A2,Field1,test,7,1,0.27130500690539017,19.801732199591015,0.04910551572192128
2020_Ref_Plot2_A2::28,2020_Ref_Plot2_A2,Field1,test,6,2,0.6895389645422004,27.9153367682223,0.1630590250502427
2020_Ref_Plot2_A2::36,2020_Ref_Plot2_A2,Field1,test,8,3,0.18667732874705822,14.702332797837288,0.06645304154877081
2020_Ref_Plot2_A2::42,2020_Ref_Plot2_A2,Field1,test,6,4,0.28295850439876497,17.565526475347202,0.04503061700276625
2020_Ref_Plot2_A2::51,2020_Ref_Plot2_A2,Field1,test,9,5,0.15472884495877165,11.243939754110821,0.06222347027408238
2020_Ref_Plot2_A2::83,2020_Ref_Plot2_A2,Field1,test,32,6,0.22239337383220192,15.583551809113384,0.029769787172896623
2020_Ref_Plot2_A4::22,2020_Ref_Plot2_A4,Field1,test,7,1,0.2557046877432438,19.530587922280333,0.0425419629967931
2020_Ref_Plot2_A4::28,2020_Ref_Plot2_A4,Field1,test,6,2,0.6996351304025966,28.254580632650438,0.19166069594232948
2020_Ref_Plot2_A4::36,2020_Ref_Plot2_A4,Field1,test,8,3,0.19100070180553932,14.838127744706124,0.06460190010726533
2020_Ref_Plot2_A4::42,2020_Ref_Plot2_A4,Field1,test,6,4,0.2196082868907402,15.31342907156505,0.03617562689543791
2020_Ref_Plot2_A4::51,2020_Ref_Plot2_A4,Field1,test,9,5,0.1616730983748636,11.289622281158493,0.046682319012428225
2020_Ref_Plot2_A4::83,2020_Ref_Plot2_A4,Field1,test,32,6,0.16564128737401837,13.101407645861979,0.025570385269277185
2020_Ref_Plot2_A91::22,2020_Ref_Plot2_A91,Field1,test,7,1,0.27886941760336353,19.654117836267332,0.060508366380360994
2020_Ref_Plot2_A91::28,2020_Ref_Plot2_A91,Field1,test,6,2,0.6885820852908063,28.19148915963595,0.15783424346163288
2020_Ref_Plot2_A91::36,2020_Ref_Plot2_A91,Field1,test,8,3,0.19586187325991203,15.576666859786833,0.06036889608056345
2020_Ref_Plot2_A91::42,2020_Ref_Plot2_A91,Field1,test,6,4,0.29094378911714136,17.93355787838869,0.04853261132747251
2020_Ref_Plot2_A91::51,2020_Ref_Plot2_A91,Field1,test,9,5,0.15584865545998006,11.004541195448336,0.054294120819213205
2020_Ref_Plot2_A91::83,2020_Ref_Plot2_A91,Field1,test,32,6,0.2648563981441057,16.295590190106417,0.03493199515666113
2020_Ref_Plot2_B1::22,2020_Ref_Plot2_B1,Field1,test,7,1,0.2666855810213375,19.86159026012514,0.06304529168935001
2020_Ref_Plot2_B1::28,2020_Ref_Plot2_B1,Field1,test,6,2,0.702709141051066,28.383949488666097,0.16800143488409186
2020_Ref_Plot2_B1::36,2020_Ref_Plot2_B1,Field1,test,8,3,0.1749668894565246,14.871677997149845,0.05395597614010026
2020_Ref_Plot2_B1::42,2020_Ref_Plot2_B1,Field1,test,6,4,0.31425173093089614,18.21579379958964,0.057655114286843855
2020_Ref_Plot2_B1::51,2020_Ref_Plot2_B1,Field1,test,9,5,0.13650281630512376,10.676484148327452,0.034459160784046164
2020_Ref_Plot2_B1::83,2020_Ref_Plot2_B1,Field1,test,32,6,0.2122006132061114,15.393674558367543,0.028583675258030017
2020_Ref_Plot2_B7::22,2020_Ref_Plot2_B7,Field1,test,7,1,0.306688545236561,19.910631707165148,0.06694906011048568
2020_Ref_Plot2_B7::28,2020_Ref_Plot2_B7,Field1,test,6,2,0.6644168607888066,27.887683193377157,0.15744200916546283
2020_Ref_Plot2_B7::36,2020_Ref_Plot2_B7,Field1,test,8,3,0.1745943543342743,14.528046967581778,0.04241251425723003
2020_Ref_Plot2_B7::42,2020_Ref_Plot2_B7,Field1,test,6,4,0.2635420145006362,17.002846043882254,0.050182364031297604
2020_Ref_Plot2_B7::51,2020_Ref_Plot2_B7,Field1,test,9,5,0.16921300241819615,10.383967263380775,0.06744504532097696
2020_Ref_Plot2_B7::83,2020_Ref_Plot2_B7,Field1,test,32,6,0.15896926446750098,14.085926675131883,0.024594450961575746
2020_Ref_Plot2_B91::22,2020_Ref_Plot2_B91,Field1,test,7,1,0.2794391448028563,19.15390833877064,0.08041831184750137
2020_Ref_Plot2_B91::28,2020_Ref_Plot2_B91,Field1,test,6,2,0.6944994844563808,28.465223059980723,0.17604494114592634
2020_Ref_Plot2_B91::36,2020_Ref_Plot2_B91,Field1,test,8,3,0.1743683390921208,15.04802279614413,0.042818251652183247
2020_Ref_Plot2_B91::42,2020_Ref_Plot2_B91,Field1,test,6,4,0.2518339081406183,17.002003163126293,0.02295601095915438
2020_Ref_Plot2_B91::51,2020_Ref_Plot2_B91,Field1,test,9,5,0.14142226735195962,10.767721305629232,0.047076163108201584
2020_Ref_Plot2_B99::22,2020_Ref_Plot2_B99,Field1,test,7,1,0.29772062022245105,19.463323078878208,0.06094317081066988
2020_Ref_Plot2_B99::28,2020_Ref_Plot2_B99,Field1,test,6,2,0.68613770457053,27.84207416077973,0.16794656342899822
2020_Ref_Plot2_B99::36,2020_Ref_Plot2_B99,Field1,test,8,3,0.14783869743883538,13.38665398057821,0.030479145543972977
2020_Ref_Plot2_B99::42,2020_Ref_Plot2_B99,Field1,test,6,4,0.2677953732930512,18.095935085938194,0.04412265148192152
2020_Ref_Plot2_B99::51,2020_Ref_Plot2_B99,Field1,test,9,5,0.12723253825737638,10.249152534958565,0.02967898402748994
2020_Ref_Plot2_B99::83,2020_Ref_Plot2_B99,Field1,test,32,6,0.22219085109614137,16.129903395852423,0.025859433085380735
2020_Ref_Plot2_C2::22,2020_Ref_Plot2_C2,Field1,test,7,1,0.28104456576437675,19.433242072570344,0.06732704043804627
2020_Ref_Plot2_C2::28,2020_Ref_Plot2_C2,Field1,test,6,2,0.7137972607682316,28.763398321610154,0.18834931647078923
2020_Ref_Plot2_C2::36,2020_Ref_Plot2_C2,Field1,test,8,3,0.20229958639162007,15.241095676935089,0.06117075958452024
2020_Ref_Plot2_C2::42,2020_Ref_Plot2_C2,Field1,test,6,4,0.29484792792272424,17.0323719644379,0.05242853628505088
2020_Ref_Plot2_C2::51,2020_Ref_Plot2_C2,Field1,test,9,5,0.1681442230299576,11.587699717309704,0.059276696910817196
2020_Ref_Plot2_C2::83,2020_Ref_Plot2_C2,Field1,test,32,6,0.2095886249713748,15.327634529987739,0.033932790737334975
2020_Ref_Plot2_C5::22,2020_Ref_Plot2_C5,Field1,test,7,1,0.2986953643742291,20.209780457330474,0.07425519504695378
2020_Ref_Plot2_C5::28,2020_Ref_Plot2_C5,Field1,test,6,2,0.7026496988294118,28.56974664795103,0.19064566044119985
2020_Ref_Plot2_C5::36,2020_Ref_Plot2_C5,Field1,test,8,3,0.20207922990175411,15.322448136085267,0.04898860946465261
2020_Ref_Plot2_C5::42,2020_Ref_Plot2_C5,Field1,test,6,4,0.26694194723748005,16.609908133238996,0.04030673548845185
2020_Ref_Plot2_C5::51,2020_Ref_Plot2_C5,Field1,test,9,5,0.16222235370382712,10.822748299985234,0.044312371854896775
2020_Ref_Plot2_C5::83,2020_Ref_Plot2_C5,Field1,test,32,6,0.1751325949441266,13.713791632781474,0.023352501726971266
2020_Ref_Plot2_C6::22,2020_Ref_Plot2_C6,Field1,test,7,1,0.2778425472368095,19.68907505495605,0.05989925467169706
2020_Ref_Plot2_C6::28,2020_Ref_Plot2_C6,Field1,test,6,2,0.6817434952839113,28.057160046310162,0.16846807590318127
2020_Ref_Plot2_C6::36,2020_Ref_Plot2_C6,Field1,test,8,3,0.20200951332196423,15.317157113756188,0.04606545074209115
2020_Ref_Plot2_C6::42,2020_Ref_Plot2_C6,Field1,test,6,4,0.2467812130878226,15.905367435926408,0.044501767643481245
2020_Ref_Plot2_C6::51,2020_Ref_Plot2_C6,Field1,test,9,5,0.17729858704265547,11.306064419720318,0.04674900581344165
2020_Ref_Plot2_C6::83,2020_Ref_Plot2_C6,Field1,test,32,6,0.15851745405794204,13.411443544834022,0.01613789224844355
2020_Ref_Plot3_A2::22,2020_Ref_Plot3_A2,Field1,test,7,1,0.24365367281781478,19.009127092124782,0.040751186571974955
2020_Ref_Plot3_A2::28,2020_Ref_Plot3_A2,Field1,test,6,2,0.6719591011800653,27.521112710708696,0.162150498724786
2020_Ref_Plot3_A2::36,2020_Ref_Plot3_A2,Field1,test,8,3,0.20123449620777342,14.887492342366269,0.049591263560070674
2020_Ref_Plot3_A2::42,2020_Ref_Plot3_A2,Field1,test,6,4,0.24514299880562787,16.053884458139844,0.03772826064114469
2020_Ref_Plot3_A2::51,2020_Ref_Plot3_A2,Field1,test,9,5,0.14840737961094905,10.844248744764087,0.06454951909228217
2020_Ref_Plot3_A2::83,2020_Ref_Plot3_A2,Field1,test,32,6,0.18365797474897058,14.498588122946114,0.021416240166784818
2020_Ref_Plot3_A91::22,2020_Ref_Plot3_A91,Field1,test,7,1,0.2226697115940973,19.469441122344524,0.029310715567714512
2020_Ref_Plot3_A91::28,2020_Ref_Plot3_A91,Field1,test,6,2,0.7030302529224364,28.731821491310097,0.17583249252163619
2020_Ref_Plot3_A91::36,2020_Ref_Plot3_A91,Field1,test,8,3,0.18784459094116399,14.985500536460991,0.04984404255973851
2020_Ref_Plot3_A91::42,2020_Ref_Plot3_A91,Field1,test,6,4,0.2669980950698748,16.544835868802036,0.0418249948041208
2020_Ref_Plot3_A91::51,2020_Ref_Plot3_A91,Field1,test,9,5,0.1252514179457059,11.154676149803958,0.028192448545040452
2020_Ref_Plot3_A91::83,2020_Ref_Plot3_A91,Field1,test,32,6,0.23230378722986492,15.949492524426987,0.027799120627665805
2020_Ref_Plot3_A95::22,2020_Ref_Plot3_A95,Field1,test,7,1,0.29781833358059734,19.964821086595848,0.0678946820653252
2020_Ref_Plot3_A95::28,2020_Ref_Plot3_A95,Field1,test,6,2,0.668460851424629,27.058022474404993,0.16174303511707627
2020_Ref_Plot3_A95::36,2020_Ref_Plot3_A95,Field1,test,8,3,0.1718703179611203,13.89617021210331,0.043990935234473415
2020_Ref_Plot3_A95::42,2020_Ref_Plot3_A95,Field1,test,6,4,0.26148474591277476,16.787427053271312,0.04811922966992409
2020_Ref_Plot3_A95::51,2020_Ref_Plot3_A95,Field1,test,9,5,0.16767830567770145,11.492196864389774,0.06132505741159937
2020_Ref_Plot3_A95::83,2020_Ref_Plot3_A95,Field1,test,32,6,0.21890748243150793,15.526705549918642,0.03460652864767483
2020_Ref_Plot3_A99::22,2020_Ref_Plot3_A99,Field1,test,7,1,0.2818135589250412,19.4971124869656,0.05675561169210931
2020_Ref_Plot3_A99::28,2020_Ref_Plot3_A99,Field1,test,6,2,0.6980767893868322,27.888253439371724,0.1905277400496463
2020_Ref_Plot3_A99::36,2020_Ref_Plot3_A99,Field1,test,8,3,0.1961675637386253,14.205530038299521,0.04723787387120182
2020_Ref_Plot3_A99::42,2020_Ref_Plot3_A99,Field1,test,6,4,0.3054288143597565,18.23276363922526,0.068498528231092
2020_Ref_Plot3_A99::51,2020_Ref_Plot3_A99,Field1,test,9,5,0.1756944332939064,11.56111746388339,0.0588658184503374
2020_Ref_Plot3_A99::83,2020_Ref_Plot3_A99,Field1,test,32,6,0.18552895596713923,14.93373867163145,0.02138731766780108
2020_Ref_Plot3_A9::22,2020_Ref_Plot3_A9,Field1,test,7,1,0.2589966518578135,20.01502696101056,0.0494643860970232
2020_Ref_Plot3_A9::28,2020_Ref_Plot3_A9,Field1,test,6,2,0.70542282990824,27.961238526088557,0.1738227354434849
2020_Ref_Plot3_A9::36,2020_Ref_Plot3_A9,Field1,test,8,3,0.14612341157131825,14.158784358331308,0.02831246323773597
2020_Ref_Plot3_A9::42,2020_Ref_Plot3_A9,Field1,test,6,4,0.30340557093593623,18.537697268982942,0.04556447103040612
2020_Ref_Plot3_A9::51,2020_Ref_Plot3_A9,Field1,test,9,5,0.15810486947654087,10.781605257522983,0.048680578492760564
2020_Ref_Plot3_A9::83,2020_Ref_Plot3_A9,Field1,test,32,6,0.24700442556955524,15.569789464189132,0.05071331253095699
2020_Ref_Plot3_A9::97,2020_Ref_Plot3_A9,Field1,test,14,7,0.298928863726773,18.16874575943123,0.04110022130877944
2020_Ref_Plot3_B97::22,2020_Ref_Plot3_B97,Field1,test,7,1,0.298194369724229,19.87519023781916,0.07506842587740437
2020_Ref_Plot3_B97::28,2020_Ref_Plot3_B97,Field1,test,6,2,0.7023735064713073,27.97836223250743,0.1969274786174443
2020_Ref_Plot3_B97::36,2020_Ref_Plot3_B97,Field1,test,8,3,0.198132202972468,14.408910722372358,0.04562850189008785
2020_Ref_Plot3_B97::42,2020_Ref_Plot3_B97,Field1,test,6,4,0.27556511516721344,16.771854705689012,0.04366283901137293
2020_Ref_Plot3_B97::51,2020_Ref_Plot3_B97,Field1,test,9,5,0.1808993818064399,10.666279475005565,0.051264631093342936
2020_Ref_Plot3_B97::83,2020_Ref_Plot3_B97,Field1,test,32,6,0.1916262754457044,14.58867113514896,0.027692993983808627
2020_Ref_Plot3_C10::22,2020_Ref_Plot3_C10,Field1,test,7,1,0.24757463136403204,19.1443067176344,0.04181689820015591
2020_Ref_Plot3_C10::28,2020_Ref_Plot3_C10,Field1,test,6,2,0.6797155974306109,26.88819545394614,0.16863721350519845
2020_Ref_Plot3_C10::36,2020_Ref_Plot3_C10,Field1,test,8,3,0.17425170992373898,14.555024084740118,0.036142396726706064
2020_Ref_Plot3_C10::42,2020_Ref_Plot3_C10,Field1,test,6,4,0.26833139210567203,16.726476327729404,0.0464791797957174
2020_Ref_Plot3_C10::51,2020_Ref_Plot3_C10,Field1,test,9,5,0.15127789293230084,11.223651405676843,0.04821675797592205
2020_Ref_Plot3_C10::83,2020_Ref_Plot3_C10,Field1,test,32,6,0.19978950206881352,14.857298797719684,0.022495220458156218
2020_Ref_Plot3_C10::97,2020_Ref_Plot3_C10,Field1,test,14,7,0.27165627142180154,17.574458529353386,0.038429728550461034
2020_Ref_Plot3_C2::22,2020_Ref_Plot3_C2,Field1,test,7,1,0.27880162434041156,19.7210721538794,0.05330182650116076
2020_Ref_Plot3_C2::28,2020_Ref_Plot3_C2,Field1,test,6,2,0.6657114959048361,26.62498860254641,0.1562067853329064
2020_Ref_Plot3_C2::36,2020_Ref_Plot3_C2,Field1,test,8,3,0.18091796080603004,14.711416051250431,0.03881325904405442
2020_Ref_Plot3_C2::42,2020_Ref_Plot3_C2,Field1,test,6,4,0.2946625832688474,16.565946756403484,0.05596608133071152
2020_Ref_Plot3_C2::51,2020_Ref_Plot3_C2,Field1,test,9,5,0.1555310137767089,10.714636288688615,0.04085841068648155
2020_Ref_Plot3_C2::83,2020_Ref_Plot3_C2,Field1,test,32,6,0.1604516366623123,14.02445460331688,0.02099927497617418
2020_Ref_Plot3_C7::22,2020_Ref_Plot3_C7,Field1,test,7,1,0.3043137068988189,19.904658502081773,0.07309913982514152
2020_Ref_Plot3_C7::28,2020_Ref_Plot3_C7,Field1,test,6,2,0.6627711413112893,26.61013760031092,0.16605488653140527
2020_Ref_Plot3_C7::36,2020_Ref_Plot3_C7,Field1,test,8,3,0.17922667436340153,14.34079557187257,0.05290078352294177
2020_Ref_Plot3_C7::42,2020_Ref_Plot3_C7,Field1,test,6,4,0.2804429878243265,17.573156706635984,0.05514004281712664
2020_Ref_Plot3_C7::51,2020_Ref_Plot3_C7,Field1,test,9,5,0.1457236922684079,11.432149171885888,0.045480500250107116
2020_Ref_Plot3_C7::83,2020_Ref_Plot3_C7,Field1,test,32,6,0.19670940194895747,15.55084708334733,0.033398204296681215
2020_Ref_Plot3_C7::97,2020_Ref_Plot3_C7,Field1,test,14,7,0.23289165316203977,16.11025692552832,0.017631994253717226
2020_Ref_Plot4_A8::22,2020_Ref_Plot4_A8,Field1,test,7,1,0.3326283243510485,21.50520792823476,0.07160578679130766
2020_Ref_Plot4_A8::28,2020_Ref_Plot4_A8,Field1,test,6,2,0.7269085899822513,27.283977397784376,0.20504375076144157
2020_Ref_Plot4_A8::36,2020_Ref_Plot4_A8,Field1,test,8,3,0.103838902561023,14.414968359530484,0.02625573863129278
2020_Ref_Plot4_A8::42,2020_Ref_Plot4_A8,Field1,test,6,4,0.3413638639784978,19.05118247276458,0.061289066927849266
2020_Ref_Plot4_A8::51,2020_Ref_Plot4_A8,Field1,test,9,5,0.13008413903230528,10.858103676933906,0.04367312419087479
2020_Ref_Plot4_A8::83,2020_Ref_Plot4_A8,Field1,test,32,6,0.18021850018750488,15.4714481040978,0.028590406845382527
2020_Ref_Plot4_A90::22,2020_Ref_Plot4_A90,Field1,test,7,1,0.260855591743566,20.05011208983555,0.03656086107558416
2020_Ref_Plot4_A90::28,2020_Ref_Plot4_A90,Field1,test,6,2,0.7506157632527105,29.358439802756333,0.23314828178879288
2020_Ref_Plot4_A90::36,2020_Ref_Plot4_A90,Field1,test,8,3,0.10503603668910322,14.602016427903093,0.018411538637572156
2020_Ref_Plot4_A90::42,2020_Ref_Plot4_A90,Field1,test,6,4,0.32774568352802164,18.386342571648683,0.05151725561687258
2020_Ref_Plot4_A90::51,2020_Ref_Plot4_A90,Field1,test,9,5,0.13616801345328164,10.948444004244573,0.057602613836706444
2020_Ref_Plot4_A92::22,2020_Ref_Plot4_A92,Field1,test,7,1,0.27535783421510734,20.59024718333967,0.03761020963696999
2020_Ref_Plot4_A92::28,2020_Ref_Plot4_A92,Field1,test,6,2,0.7433256340414092,29.31216933771642,0.19817994284374604
2020_Ref_Plot4_A92::36,2020_Ref_Plot4_A92,Field1,test,8,3,0.10079009279493316,14.883626806768804,0.022155012921625694
2020_Ref_Plot4_A92::42,2020_Ref_Plot4_A92,Field1,test,6,4,0.30230446597986366,17.942665759133455,0.04913864974863848
2020_Ref_Plot4_A92::51,2020_Ref_Plot4_A92,Field1,test,9,5,0.11457194791168672,11.123356465744479,0.026859732066807394
2020_Ref_Plot4_B2::22,2020_Ref_Plot4_B2,Field1,test,7,1,0.28853875711432736,20.98723327163619,0.044013579121806166
2020_Ref_Plot4_B2::28,2020_Ref_Plot4_B2,Field1,test,6,2,0.7608609081936416,29.699816164581677,0.2201641722546556
2020_Ref_Plot4_B2::36,2020_Ref_Plot4_B2,Field1,test,8,3,0.10674047707453416,15.299934103883523,0.018000521074485028
2020_Ref_Plot4_B2::42,2020_Ref_Plot4_B2,Field1,test,6,4,0.2684928947110859,16.899429177088862,0.033237652690700364
2020_Ref_Plot4_B2::51,2020_Ref_Plot4_B2,Field1,test,9,5,0.11673224974913947,11.26234541870657,0.031661934303743644
2020_Ref_Plot4_B2::83,2020_Ref_Plot4_B2,Field1,test,32,6,0.16619485840218393,13.531977360961434,0.015149276981035402
2020_Ref_Plot4_B6::22,2020_Ref_Plot4_B6,Field1,test,7,1,0.36895420750495117,22.211645283634923,0.06718697677130103
2020_Ref_Plot4_B6::28,2020_Ref_Plot4_B6,Field1,test,6,2,0.7850670292422836,28.709864329061105,0.2602335315806273
2020_Ref_Plot4_B6::36,2020_Ref_Plot4_B6,Field1,test,8,3,0.08082153485480521,14.108578084317571,0.02099273029464986
2020_Ref_Plot4_B6::42,2020_Ref_Plot4_B6,Field1,test,6,4,0.2988701234666689,18.510899302159107,0.05866965885823
2020_Ref_Plot4_B6::51,2020_Ref_Plot4_B6,Field1,test,9,5,0.12858835132917684,10.990993162972643,0.04165265902615522
2020_Ref_Plot4_B6::83,2020_Ref_Plot4_B6,Field1,test,32,6,0.17681215119667373,15.207342768106127,0.02261086816506169
2020_Ref_Plot4_B95::22,2020_Ref_Plot4_B95,Field1,test,7,1,0.303033452644011,20.983038327670762,0.04472689428110186
2020_Ref_Plot4_B95::28,2020_Ref_Plot4_B95,Field1,test,6,2,0.7388717528007197,28.95601204427136,0.22760394632632688
2020_Ref_Plot4_B95::36,2020_Ref_Plot4_B95,Field1,test,8,3,0.08501565955728185,14.322374401981302,0.020776104685413396
2020_Ref_Plot4_B95::42,2020_Ref_Plot4_B95,Field1,test,6,4,0.3010653404818993,18.242616958200873,0.0427324779591561
2020_Ref_Plot4_B95::51,2020_Ref_Plot4_B95,Field1,test,9,5,0.1120735208745242,10.443523449143225,0.024834794843793275
2020_Ref_Plot4_B95::83,2020_Ref_Plot4_B95,Field1,test,32,6,0.29278427215515906,16.537641042620784,0.059282457649858074
2020_Ref_Plot4_B97::22,2020_Ref_Plot4_B97,Field1,test,7,1,0.29692964251215553,21.089497554666256,0.040268862676615086
2020_Ref_Plot4_B97::28,2020_Ref_Plot4_B97,Field1,test,6,2,0.7631219105455128,29.20769789276222,0.2496266751322975
2020_Ref_Plot4_B97::36,2020_Ref_Plot4_B97,Field1,test,8,3,0.10333127417314558,14.751548419743871,0.019428220109152898
2020_Ref_Plot4_B97::42,2020_Ref_Plot4_B97,Field1,test,6,4,0.31081185660516897,18.836230221566886,0.043585788927176655
2020_Ref_Plot4_B97::51,2020_Ref_Plot4_B97,Field1,test,9,5,0.14382835008871378,11.33603473466409,0.03463043237371169
2020_Ref_Plot4_C91::22,2020_Ref_Plot4_C91,Field1,test,7,1,0.26564447637834016,20.876963743058536,0.03445542120021955
2020_Ref_Plot4_C91::28,2020_Ref_Plot4_C91,Field1,test,6,2,0.7612434826512832,29.499874422462934,0.22420371624573235
2020_Ref_Plot4_C91::36,2020_Ref_Plot4_C91,Field1,test,8,3,0.09693546148436931,14.806331608457215,0.025180753992042403
2020_Ref_Plot4_C91::42,2020_Ref_Plot4_C91,Field1,test,6,4,0.29291155975222094,17.549414365603223,0.03606736881928118
2020_Ref_Plot4_C91::51,2020_Ref_Plot4_C91,Field1,test,9,5,0.128205141463233,10.815101560577187,0.034002398458211985
2021_Ref_Plot1_A11::16,2021_Ref_Plot1_A11,Field2,test,8,2,0.8128868804227073,31.384073893800245,0.41081640175277406
2021_Ref_Plot1_A11::22,2021_Ref_Plot1_A11,Field2,test,6,3,0.34958989863674755,18.010269945689924,0.1101436503743281
2021_Ref_Plot1_A11::27,2021_Ref_Plot1_A11,Field2,test,5,4,0.3582686399822239,16.749868245946345,0.12361372850062159
2021_Ref_Plot1_A11::35,2021_Ref_Plot1_A11,Field2,test,8,5,0.12306638967340373,11.99563796785186,0.02823374945167629
2021_Ref_Plot1_A11::44,2021_Ref_Plot1_A11,Field2,test,9,6,0.1441534647075201,14.947678306704912,0.020419007139459423
2021_Ref_Plot1_A11::50,2021_Ref_Plot1_A11,Field2,test,6,7,0.12023163017289912,9.162483677994793,0.07250034987824275
2021_Ref_Plot1_A11::57,2021_Ref_Plot1_A11,Field2,test,7,8,0.10266920785012772,11.394517304624692,0.036410784589237175
2021_Ref_Plot1_A11::65,2021_Ref_Plot1_A11,Field2,test,8,9,0.10382560294540118,11.291763732817024,0.04436522586236143
2021_Ref_Plot1_A11::69,2021_Ref_Plot1_A11,Field2,test,4,10,0.21012135276085264,12.51503345572644,0.11800061255205208
2021_Ref_Plot1_A11::71,2021_Ref_Plot1_A11,Field2,test,2,11,0.15811761610601452,10.556202220545234,0.10639337504931824
2021_Ref_Plot1_A11::76,2021_Ref_Plot1_A11,Field2,test,5,12,0.11265835722679014,10.738872393719674,0.019682422693065367
2021_Ref_Plot1_A11::8,2021_Ref_Plot1_A11,Field2,test,7,1,0.7143615449844098,27.251195978910864,0.20287302369258045
2021_Ref_Plot1_A11::80,2021_Ref_Plot1_A11,Field2,test,4,13,0.05960910339709086,7.915424362299996,0.01324277721773608
2021_Ref_Plot1_A11::85,2021_Ref_Plot1_A11,Field2,test,5,14,0.07165266597662942,9.81802637028495,0.033798520786803475
2021_Ref_Plot1_A13::16,2021_Ref_Plot1_A13,Field2,test,8,2,0.8034646645824193,30.462887254363615,0.40797399608368845
2021_Ref_Plot1_A13::22,2021_Ref_Plot1_A13,Field2,test,6,3,0.3128144065629332,16.771131133947527,0.10612351548486308
2021_Ref_Plot1_A13::27,2021_Ref_Plot1_A13,Field2,test,5,4,0.3227708592493916,17.330459988928514,0.10443300849070311
2021_Ref_Plot1_A13::35,2021_Ref_Plot1_A13,Field2,test,8,5,0.11818131043442853,11.752349505432832,0.026055508737994882
2021_Ref_Plot1_A13::44,2021_Ref_Plot1_A13,Field2,test,9,6,0.14042651088711852,14.205759899237865,0.031076903498018085
2021_Ref_Plot1_A13::50,2021_Ref_Plot1_A13,Field2,test,6,7,0.09926888508875491,8.145038559061687,0.04760534518689055
2021_Ref_Plot1_A13::57,2021_Ref_Plot1_A13,Field2,test,7,8,0.11892722766931514,11.343650259911445,0.05064265748573749
2021_Ref_Plot1_A13::65,2021_Ref_Plot1_A13,Field2,test,8,9,0.12436342897699652,12.368961354437552,0.04505804057466393
2021_Ref_Plot1_A13::69,2021_Ref_Plot1_A13,Field2,test,4,10,0.18301847934636464,12.550523808875676,0.06989049472246056
2021_Ref_Plot1_A13::71,2021_Ref_Plot1_A13,Field2,test,2,11,0.11390397737934564,8.173158342559049,0.061859894184365986
2021_Ref_Plot1_A13::76,2021_Ref_Plot1_A13,Field2,test,5,12,0.11786566693730065,12.849727058545081,0.015928277911174744
2021_Ref_Plot1_A13::8,2021_Ref_Plot1_A13,Field2,test,7,1,0.7124465325982827,27.753337055154272,0.19052695191367955
2021_Ref_Plot1_A13::80,2021_Ref_Plot1_A13,Field2,test,4,13,0.0565859587231923,8.837760457149708,0.021116839480993146
2021_Ref_Plot1_A13::85,2021_Ref_Plot1_A13,Field2,test,5,14,0.05013436526280743,8.839394794894051,0.025856592996930005
2021_Ref_Plot1_A20::16,2021_Ref_Plot1_A20,Field2,test,8,2,0.8145176704325241,31.4707064719657,0.43433517857075576
2021_Ref_Plot1_A20::22,2021_Ref_Plot1_A20,Field2,test,6,3,0.34861525833247886,17.46920823954548,0.12161335542956751
2021_Ref_Plot1_A20::27,2021_Ref_Plot1_A20,Field2,test,5,4,0.32705858332549437,17.42733751543311,0.10524607873335597
2021_Ref_Plot1_A20::35,2021_Ref_Plot1_A20,Field2,test,8,5,0.1470869606934805,13.006687439862661,0.04816404346060419
2021_Ref_Plot1_A20::44,2021_Ref_Plot1_A20,Field2,test,9,6,0.14342224948456114,14.929121159519525,0.019521425495137024
2021_Ref_Plot1_A20::50,2021_Ref_Plot1_A20,Field2,test,6,7,0.11038445934912881,8.8677279903439,0.06416134448515344
2021_Ref_Plot1_A20::57,2021_Ref_Plot1_A20,Field2,test,7,8,0.08943497433723395,10.879994796602126,0.019059554470479807
2021_Ref_Plot1_A20::65,2021_Ref_Plot1_A20,Field2,test,8,9,0.07472998794474629,11.413147030561836,0.028529922859495228
2021_Ref_Plot1_A20::69,2021_Ref_Plot1_A20,Field2,test,4,10,0.14058362127585056,12.562437550139443,0.050241104041422624
2021_Ref_Plot1_A20::71,2021_Ref_Plot1_A20,Field2,test,2,11,0.10066929314483815,8.865532097938432,0.058317220222907674
2021_Ref_Plot1_A20::76,2021_Ref_Plot1_A20,Field2,test,5,12,0.12820660803568892,14.090654219688194,0.030930389808164042
2021_Ref_Plot1_A20::8,2021_Ref_Plot1_A20,Field2,test,7,1,0.6800257294893765,26.23405755067772,0.17670392351724112
2021_Ref_Plot1_A20::80,2021_Ref_Plot1_A20,Field2,test,4,13,0.08341037254192664,9.389919750355949,0.03392405740862586
2021_Ref_Plot1_A20::85,2021_Ref_Plot1_A20,Field2,test,5,14,0.07667657187522868,10.042309040614763,0.03270380469802897
2021_Ref_Plot1_A3::16,2021_Ref_Plot1_A3,Field2,test,8,2,0.7992050103692255,30.982849018705085,0.3822172796967551
2021_Ref_Plot1_A3::22,2021_Ref_Plot1_A3,Field2,test,6,3,0.285286167108242,15.657214382999033,0.0809958451514997
2021_Ref_Plot1_A3::27,2021_Ref_Plot1_A3,Field2,test,5,4,0.31409108087753257,16.183027879625943,0.08135112894524167
2021_Ref_Plot1_A3::35,2021_Ref_Plot1_A3,Field2,test,8,5,0.1367539745541375,11.255700081829227,0.04148048250381734
2021_Ref_Plot1_A3::44,2021_Ref_Plot1_A3,Field2,test,9,6,0.13862359491393184,14.627935902562989,0.025095246914281482
2021_Ref_Plot1_A3::50,2021_Ref_Plot1_A3,Field2,test,6,7,0.13815794058010103,8.921634884939536,0.08142236795946345
2021_Ref_Plot1_A3::57,2021_Ref_Plot1_A3,Field2,test,7,8,0.11708790519924822,11.1875627506716,0.03775922446789785
2021_Ref_Plot1_A3::65,2021_Ref_Plot1_A3,Field2,test,8,9,0.13802469262640807,11.372005094794918,0.05489156282919715
2021_Ref_Plot1_A3::69,2021_Ref_Plot1_A3,Field2,test,4,10,0.2169309339871253,12.635783798039572,0.12524675323987794
2021_Ref_Plot1_A3::71,2021_Ref_Plot1_A3,Field2,test,2,11,0.1341096609806456,9.242746369568234,0.0734026648744833
2021_Ref_Plot1_A3::76,2021_Ref_Plot1_A3,Field2,test,5,12,0.17796702800664774,13.032975388566365,0.040175474353995815
2021_Ref_Plot1_A3::8,2021_Ref_Plot1_A3,Field2,test,7,1,0.7325904769343613,27.467016707389252,0.21331181716832184
2021_Ref_Plot1_A3::80,2021_Ref_Plot1_A3,Field2,test,4,13,0.09439386453854022,9.279506000511088,0.024159941713227863
2021_Ref_Plot1_A3::85,2021_Ref_Plot1_A3,Field2,test,5,14,0.08671284030989018,9.760500660398069,0.03391976509489712
2021_Ref_Plot1_B19::16,2021_Ref_Plot1_B19,Field2,test,8,2,0.8154897097614847,31.04857047661116,0.38575052340410754
2021_Ref_Plot1_B19::22,2021_Ref_Plot1_B19,Field2,test,6,3,0.3677240431821454,17.229391693721333,0.13994344902493103
2021_Ref_Plot1_B19::27,2021_Ref_Plot1_B19,Field2,test,5,4,0.3394115516324529,16.98286477253421,0.12581675535760678
2021_Ref_Plot1_B19::35,2021_Ref_Plot1_B19,Field2,test,8,5,0.1418755899116118,13.03048757105887,0.02745451440932812
2021_Ref_Plot1_B19::44,2021_Ref_Plot1_B19,Field2,test,9,6,0.12235567312623767,14.789805794503506,0.02573067232239472
2021_Ref_Plot1_B19::50,2021_Ref_Plot1_B19,Field2,test,6,7,0.08436132761586941,8.872058663137599,0.042941081138789014
2021_Ref_Plot1_B19::57,2021_Ref_Plot1_B19,Field2,test,7,8,0.09113134086009318,12.209625883274597,0.03294228492311876
2021_Ref_Plot1_B19::65,2021_Ref_Plot1_B19,Field2,test,8,9,0.08086324419082273,11.643702957256451,0.0352396124336523
2021_Ref_Plot1_B19::69,2021_Ref_Plot1_B19,Field2,test,4,10,0.17221055258314877,12.928732776395172,0.05342085142498963
2021_Ref_Plot1_B19::71,2021_Ref_Plot1_B19,Field2,test,2,11,0.1503510572280712,9.7675064042482,0.0923734739963848
2021_Ref_Plot1_B19::76,2021_Ref_Plot1_B19,Field2,test,5,12,0.1480615737531545,14.718302788332249,0.029894272545988507
2021_Ref_Plot1_B19::8,2021_Ref_Plot1_B19,Field2,test,7,1,0.7150689816900715,27.42224811430441,0.20152010619911678
2021_Ref_Plot1_B19::80,2021_Ref_Plot1_B19,Field2,test,4,13,0.07055566337046319,9.995250689910426,0.0143503879566394
2021_Ref_Plot1_B19::85,2021_Ref_Plot1_B19,Field2,test,5,14,0.06266265709262395,11.691586412810079,0.02386245047115131
2021_Ref_Plot1_B2::16,2021_Ref_Plot1_B2,Field2,test,8,2,0.806709791947324,31.6420292336659,0.3462697890808389
2021_Ref_Plot1_B2::22,2021_Ref_Plot1_B2,Field2,test,6,3,0.3586123108425581,18.064753454653367,0.12174366971758531
2021_Ref_Plot1_B2::27,2021_Ref_Plot1_B2,Field2,test,5,4,0.4081587705808407,18.820080662972344,0.14542245341181465
2021_Ref_Plot1_B2::35,2021_Ref_Plot1_B2,Field2,test,8,5,0.19172158563583386,13.660636723573687,0.03636272703168939
2021_Ref_Plot1_B2::44,2021_Ref_Plot1_B2,Field2,test,9,6,0.15389452475411983,14.615046075641265,0.0243565677536792
2021_Ref_Plot1_B2::50,2021_Ref_Plot1_B2,Field2,test,6,7,0.16476577715594276,9.019576297813813,0.08858341287654399
2021_Ref_Plot1_B2::57,2021_Ref_Plot1_B2,Field2,test,7,8,0.1483352990269318,11.755573194356115,0.05725054852761049
2021_Ref_Plot1_B2::65,2021_Ref_Plot1_B2,Field2,test,8,9,0.10520322112333265,11.665824843431764,0.02637436865263626
2021_Ref_Plot1_B2::69,2021_Ref_Plot1_B2,Field2,test,4,10,0.17920854780706466,12.244203889529503,0.06924570359506002
2021_Ref_Plot1_B2::71,2021_Ref_Plot1_B2,Field2,test,2,11,0.16314461470575511,9.41833078635402,0.1088206159621981
2021_Ref_Plot1_B2::76,2021_Ref_Plot1_B2,Field2,test,5,12,0.18395871395170085,14.733705135397026,0.042122557959851786
2021_Ref_Plot1_B2::8,2021_Ref_Plot1_B2,Field2,test,7,1,0.7508327692472587,28.379030870068856,0.22224637185541624
2021_Ref_Plot1_B2::80,2021_Ref_Plot1_B2,Field2,test,4,13,0.12329504212516228,8.365638420680279,0.05005543862677163
2021_Ref_Plot1_B2::85,2021_Ref_Plot1_B2,Field2,test,5,14,0.07747625261913053,9.225399087861456,0.016602607986871246
2021_Ref_Plot1_B4::16,2021_Ref_Plot1_B4,Field2,test,8,2,0.8138992699149113,31.518538092753378,0.3635083941166433
2021_Ref_Plot1_B4::22,2021_Ref_Plot1_B4,Field2,test,6,3,0.32630515302292357,17.573681243789746,0.10973484043148375
2021_Ref_Plot1_B4::27,2021_Ref_Plot1_B4,Field2,test,5,4,0.3735884455866896,17.56754231200538,0.12416802248167182
2021_Ref_Plot1_B4::35,2021_Ref_Plot1_B4,Field2,test,8,5,0.15739341370065327,12.574671850098937,0.05024398274711004
2021_Ref_Plot1_B4::44,2021_Ref_Plot1_B4,Field2,test,9,6,0.1494597863055356,15.107978266543679,0.01989486820684361
2021_Ref_Plot1_B4::50,2021_Ref_Plot1_B4,Field2,test,6,7,0.11161857395786283,8.391755129964015,0.04436968092562424
2021_Ref_Plot1_B4::57,2021_Ref_Plot1_B4,Field2,test,7,8,0.10502230358096047,10.842612806944496,0.009443736597841902
2021_Ref_Plot1_B4::65,2021_Ref_Plot1_B4,Field2,test,8,9,0.09917057824780416,10.94348915594985,0.039220142921226
2021_Ref_Plot1_B4::69,2021_Ref_Plot1_B4,Field2,test,4,10,0.16792279955456726,13.05221304062741,0.061205269162684865
2021_Ref_Plot1_B4::71,2021_Ref_Plot1_B4,Field2,test,2,11,0.1881034347897758,9.698626047450114,0.10958455447357995
2021_Ref_Plot1_B4::76,2021_Ref_Plot1_B4,Field2,test,5,12,0.22817811563043985,14.060501529054205,0.03030269555237058
2021_Ref_Plot1_B4::8,2021_Ref_Plot1_B4,Field2,test,7,1,0.7510490566250526,29.076431347441837,0.2260174764551704
2021_Ref_Plot1_B4::80,2021_Ref_Plot1_B4,Field2,test,4,13,0.11027228237132534,7.556441399739286,0.025148666000400808
2021_Ref_Plot1_B4::85,2021_Ref_Plot1_B4,Field2,test,5,14,0.0976405335010942,9.826334056552007,0.02843310421056282
2021_Ref_Plot1_B7::16,2021_Ref_Plot1_B7,Field2,test,8,2,0.794906138740696,31.283119628158282,0.3472899007132351
2021_Ref_Plot1_B7::22,2021_Ref_Plot1_B7,Field2,test,6,3,0.31256268827341777,17.527484725278427,0.09320709633037172
2021_Ref_Plot1_B7::27,2021_Ref_Plot1_B7,Field2,test,5,4,0.3445236770049976,17.85902389180079,0.12154403137296672
2021_Ref_Plot1_B7::35,2021_Ref_Plot1_B7,Field2,test,8,5,0.15948659219164021,13.555324504898877,0.043102997151454985
2021_Ref_Plot1_B7::44,2021_Ref_Plot1_B7,Field2,test,9,6,0.15794235424777228,15.511691071332734,0.025854784428875326
2021_Ref_Plot1_B7::50,2021_Ref_Plot1_B7,Field2,test,6,7,0.1478583188847675,9.440675060106129,0.08485868256203376
2021_Ref_Plot1_B7::57,2021_Ref_Plot1_B7,Field2,test,7,8,0.1276081784253968,11.429750802281822,0.04372064797563984
2021_Ref_Plot1_B7::65,2021_Ref_Plot1_B7,Field2,test,8,9,0.11813423278408869,11.443485734518958,0.04083344656032813
2021_Ref_Plot1_B7::69,2021_Ref_Plot1_B7,Field2,test,4,10,0.16124811080316268,12.06941441103053,0.05558307166788976
2021_Ref_Plot1_B7::71,2021_Ref_Plot1_B7,Field2,test,2,11,0.1757356082779541,10.123423023948256,0.11431702457261275
2021_Ref_Plot1_B7::8,2021_Ref_Plot1_B7,Field2,test,7,1,0.7320412858591862,27.74666618768392,0.21749790473148098
2021_Ref_Plot1_B7::85,2021_Ref_Plot1_B7,Field2,test,5,13,0.08290423234872972,9.128665216286985,0.023038903511409383
2021_Ref_Plot1_C18::16,2021_Ref_Plot1_C18,Field2,test,8,2,0.8080419658627754,30.61510362264123,0.37741943401547834
2021_Ref_Plot1_C18::22,2021_Ref_Plot1_C18,Field2,test,6,3,0.3331571622252442,16.762081598023805,0.11970251733711801
2021_Ref_Plot1_C18::27,2021_Ref_Plot1_C18,Field2,test,5,4,0.281027391677991,15.938165658558468,0.09498430053383433
2021_Ref_Plot1_C18::35,2021_Ref_Plot1_C18,Field2,test,8,5,0.14336692880570145,12.012273736572023,0.0384729044309277
2021_Ref_Plot1_C18::44,2021_Ref_Plot1_C18,Field2,test,9,6,0.13870280171850005,15.187516363846502,0.02628943326796516
2021_Ref_Plot1_C18::50,2021_Ref_Plot1_C18,Field2,test,6,7,0.09182549292056759,8.50793112631463,0.05455064105722637
2021_Ref_Plot1_C18::57,2021_Ref_Plot1_C18,Field2,test,7,8,0.10319474006250462,11.336897793160247,0.0379774386743113
2021_Ref_Plot1_C18::65,2021_Ref_Plot1_C18,Field2,test,8,9,0.09018161324091885,10.536455376778163,0.03823445028640507
2021_Ref_Plot1_C18::69,2021_Ref_Plot1_C18,Field2,test,4,10,0.18382191111869964,13.135040831046611,0.06680268086170553
2021_Ref_Plot1_C18::71,2021_Ref_Plot1_C18,Field2,test,2,11,0.1651140645815099,9.953050976351662,0.1181199773915767
2021_Ref_Plot1_C18::76,2021_Ref_Plot1_C18,Field2,test,5,12,0.14550992743848915,14.602369060813881,0.02029126173939376
2021_Ref_Plot1_C18::8,2021_Ref_Plot1_C18,Field2,test,7,1,0.7390531322888331,27.9271156200123,0.20845911547340445
2021_Ref_Plot1_C18::80,2021_Ref_Plot1_C18,Field2,test,4,13,0.053833419994253506,10.324699031940995,0.014728302739987298
2021_Ref_Plot1_C18::85,2021_Ref_Plot1_C18,Field2,test,5,14,0.06570722990615407,10.863574777303471,0.024743558707953667
2021_Ref_Plot1_C6::16,2021_Ref_Plot1_C6,Field2,test,8,2,0.8244197702102137,31.955431214549307,0.39470011383337056
2021_Ref_Plot1_C6::22,2021_Ref_Plot1_C6,Field2,test,6,3,0.33143391898406,17.315423498392658,0.10775427997970573
2021_Ref_Plot1_C6::27,2021_Ref_Plot1_C6,Field2,test,5,4,0.37260798547752927,17.810363670599642,0.11415981450949672
2021_Ref_Plot1_C6::35,2021_Ref_Plot1_C6,Field2,test,8,5,0.166039633070281,13.445871412177436,0.03361113570566755
2021_Ref_Plot1_C6::44,2021_Ref_Plot1_C6,Field2,test,9,6,0.14219832708738356,15.225828288826484,0.02013732643573123
2021_Ref_Plot1_C6::50,2021_Ref_Plot1_C6,Field2,test,6,7,0.12308774956454639,8.888578700002363,0.06599432163825747
2021_Ref_Plot1_C6::57,2021_Ref_Plot1_C6,Field2,test,7,8,0.14347860721984743,10.964995767733958,0.04475822511972979
2021_Ref_Plot1_C6::65,2021_Ref_Plot1_C6,Field2,test,8,9,0.13461680580202628,11.056322426005629,0.07642072056224686
2021_Ref_Plot1_C6::69,2021_Ref_Plot1_C6,Field2,test,4,10,0.1919115647616324,12.427211982077209,0.0960664428654836
2021_Ref_Plot1_C6::71,2021_Ref_Plot1_C6,Field2,test,2,11,0.16681735103615236,9.83972091778694,0.10672007265097015
2021_Ref_Plot1_C6::76,2021_Ref_Plot1_C6,Field2,test,5,12,0.22863270799179733,14.986460074328482,0.0652121668413716
2021_Ref_Plot1_C6::8,2021_Ref_Plot1_C6,Field2,test,7,1,0.737796684444746,28.307699900078063,0.21413744653228017
2021_Ref_Plot1_C6::80,2021_Ref_Plot1_C6,Field2,test,4,13,0.16436387976662092,8.444291940447352,0.06323937265948106
2021_Ref_Plot1_C6::85,2021_Ref_Plot1_C6,Field2,test,5,14,0.1476590017868907,9.582185308914342,0.061256283311442734
2021_Ref_Plot1_D18::16,2021_Ref_Plot1_D18,Field2,test,8,2,0.7998811311444239,30.5024838902826,0.37878209553626646
2021_Ref_Plot1_D18::22,2021_Ref_Plot1_D18,Field2,test,6,3,0.321083967099098,17.015242708150144,0.10692078763719383
2021_Ref_Plot1_D18::27,2021_Ref_Plot1_D18,Field2,test,5,4,0.3320851565659589,16.444905868973784,0.1394366867436254
2021_Ref_Plot1_D18::35,2021_Ref_Plot1_D18,Field2,test,8,5,0.11743495217677874,11.844113973745102,0.016387855319936515
2021_Ref_Plot1_D18::44,2021_Ref_Plot1_D18,Field2,test,9,6,0.1452336994249105,15.687335376823597,0.015738035635414836
2021_Ref_Plot1_D18::50,2021_Ref_Plot1_D18,Field2,test,6,7,0.11869654980623649,9.188972699982864,0.062407154469536555
2021_Ref_Plot1_D18::57,2021_Ref_Plot1_D18,Field2,test,7,8,0.13240627992317908,11.831664429786368,0.04302481086037886
2021_Ref_Plot1_D18::65,2021_Ref_Plot1_D18,Field2,test,8,9,0.1006866688369476,10.998467049708932,0.036830010049676225
2021_Ref_Plot1_D18::69,2021_Ref_Plot1_D18,Field2,test,4,10,0.15838359656505943,12.027534212147604,0.05734181525549102
2021_Ref_Plot1_D18::71,2021_Ref_Plot1_D18,Field2,test,2,11,0.17527879982135086,10.14855275721727,0.11399045974962323
2021_Ref_Plot1_D18::76,2021_Ref_Plot1_D18,Field2,test,5,12,0.16701536806537867,15.007808949954304,0.03930108460276321
2021_Ref_Plot1_D18::8,2021_Ref_Plot1_D18,Field2,test,7,1,0.7361438464727553,28.567581677797858,0.19795026746828578
2021_Ref_Plot1_D18::80,2021_Ref_Plot1_D18,Field2,test,4,13,0.12188962969439258,10.226284191113029,0.05464490693690135
2021_Ref_Plot1_D18::85,2021_Ref_Plot1_D18,Field2,test,5,14,0.06462391575968662,9.506855560351553,0.03092957252580066
2021_Ref_Plot1_D4::16,2021_Ref_Plot1_D4,Field2,test,8,2,0.7854903397478505,30.63005746093949,0.34995726324526283
2021_Ref_Plot1_D4::22,2021_Ref_Plot1_D4,Field2,test,6,3,0.31803853461956305,17.209825150733426,0.10967506668740255
2021_Ref_Plot1_D4::27,2021_Ref_Plot1_D4,Field2,test,5,4,0.34216710652230636,16.987266700261575,0.13245883908873812
2021_Ref_Plot1_D4::35,2021_Ref_Plot1_D4,Field2,test,8,5,0.15166623740785312,12.373896890747844,0.030389047053350743
2021_Ref_Plot1_D4::44,2021_Ref_Plot1_D4,Field2,test,9,6,0.14949062320552986,14.742855353778609,0.019097368266142882
2021_Ref_Plot1_D4::50,2021_Ref_Plot1_D4,Field2,test,6,7,0.10523842713826859,8.334246064839874,0.04465457585456312
2021_Ref_Plot1_D4::57,2021_Ref_Plot1_D4,Field2,test,7,8,0.12140296364585547,12.2905955171592,0.03475100228272998
2021_Ref_Plot1_D4::65,2021_Ref_Plot1_D4,Field2,test,8,9,0.09909254576192632,11.377293858866613,0.026729298095243107
2021_Ref_Plot1_D4::69,2021_Ref_Plot1_D4,Field2,test,4,10,0.19583308181641665,13.169874592106103,0.09741405211416887
2021_Ref_Plot1_D4::71,2021_Ref_Plot1_D4,Field2,test,2,11,0.2011738436551489,10.092194543784647,0.11801438911058568
2021_Ref_Plot1_D4::76,2021_Ref_Plot1_D4,Field2,test,5,12,0.14578311826116974,10.707751019348121,0.020120566508638138
2021_Ref_Plot1_D4::8,2021_Ref_Plot1_D4,Field2,test,7,1,0.7324569365242156,27.604040907901872,0.17595276584829736
2021_Ref_Plot1_D4::80,2021_Ref_Plot1_D4,Field2,test,4,13,0.09216590475776369,7.530933845677458,0.038580411914747446
2021_Ref_Plot1_D4::85,2021_Ref_Plot1_D4,Field2,test,5,14,0.12620439952820622,10.190505022852808,0.05005357281396444
2021_Ref_Plot1_D6::16,2021_Ref_Plot1_D6,Field2,test,8,2,0.7919347544516091,30.557572717041936,0.3642165386363431
2021_Ref_Plot1_D6::22,2021_Ref_Plot1_D6,Field2,test,6,3,0.3358421687690572,17.393607429485698,0.1279791996777121
2021_Ref_Plot1_D6::27,2021_Ref_Plot1_D6,Field2,test,5,4,0.3820509036760728,17.567410086192634,0.14477255151812385
2021_Ref_Plot1_D6::35,2021_Ref_Plot1_D6,Field2,test,8,5,0.1693719830258705,13.30483861841919,0.03727747269436109
2021_Ref_Plot1_D6::44,2021_Ref_Plot1_D6,Field2,test,9,6,0.14983354785818023,15.324047607354913,0.028369844532187452
2021_Ref_Plot1_D6::50,2021_Ref_Plot1_D6,Field2,test,6,7,0.11873335949482589,8.699891020520058,0.0585312767149425
2021_Ref_Plot1_D6::57,2021_Ref_Plot1_D6,Field2,test,7,8,0.12936313070384822,11.637634924792781,0.04117219363903231
2021_Ref_Plot1_D6::65,2021_Ref_Plot1_D6,Field2,test,8,9,0.11489068830382095,11.24953170714592,0.045916178193202185
2021_Ref_Plot1_D6::69,2021_Ref_Plot1_D6,Field2,test,4,10,0.18478106279242812,12.913064515060107,0.08354703620683018
2021_Ref_Plot1_D6::71,2021_Ref_Plot1_D6,Field2,test,2,11,0.17298610637351372,9.833877276491803,0.11688584305955801
2021_Ref_Plot1_D6::76,2021_Ref_Plot1_D6,Field2,test,5,12,0.23813563587462513,15.994131352943599,0.03658891004465474
2021_Ref_Plot1_D6::8,2021_Ref_Plot1_D6,Field2,test,7,1,0.7113352927403832,27.748822723202096,0.1722292525513764
2021_Ref_Plot1_D6::80,2021_Ref_Plot1_D6,Field2,test,4,13,0.21638825406356044,9.357870032988366,0.08690881152854112
2021_Ref_Plot1_D6::85,2021_Ref_Plot1_D6,Field2,test,5,14,0.11759847952585849,10.362178326304843,0.052198596932065196
2021_Ref_Plot1_E2::16,2021_Ref_Plot1_E2,Field2,test,8,2,0.7824249247511673,30.400730672254443,0.32210932376516466
2021_Ref_Plot1_E2::22,2021_Ref_Plot1_E2,Field2,test,6,3,0.29765690203869477,15.951954938052385,0.08189610735033834
2021_Ref_Plot1_E2::27,2021_Ref_Plot1_E2,Field2,test,5,4,0.31730468433740994,15.416542116853392,0.1165882136950958
2021_Ref_Plot1_E2::35,2021_Ref_Plot1_E2,Field2,test,8,5,0.12565215429619758,11.162421252621083,0.018977454304834898
2021_Ref_Plot1_E2::44,2021_Ref_Plot1_E2,Field2,test,9,6,0.1414426085675132,14.814284587175447,0.024333299213345067
2021_Ref_Plot1_E2::50,2021_Ref_Plot1_E2,Field2,test,6,7,0.12776282623794433,9.121506651003434,0.0684160265643268
2021_Ref_Plot1_E2::57,2021_Ref_Plot1_E2,Field2,test,7,8,0.12825586521690324,11.639167309199658,0.04748898348158116
2021_Ref_Plot1_E2::65,2021_Ref_Plot1_E2,Field2,test,8,9,0.09968333310654554,11.109490415098389,0.02672841627475393
2021_Ref_Plot1_E2::69,2021_Ref_Plot1_E2,Field2,test,4,10,0.20457671121756602,12.775030870243686,0.07492155152605502
2021_Ref_Plot1_E2::71,2021_Ref_Plot1_E2,Field2,test,2,11,0.17004275580559744,9.591227851690391,0.11258095472850956
2021_Ref_Plot1_E2::76,2021_Ref_Plot1_E2,Field2,test,5,12,0.13283203716928374,12.743254471015993,0.015691311137023923
2021_Ref_Plot1_E2::8,2021_Ref_Plot1_E2,Field2,test,7,1,0.7308844024041513,28.332873170321378,0.18607627775508764
2021_Ref_Plot1_E2::80,2021_Ref_Plot1_E2,Field2,test,4,13,0.09213307250542511,8.28349305528932,0.018284647894017472
2021_Ref_Plot1_E2::85,2021_Ref_Plot1_E2,Field2,test,5,14,0.10539692460131368,9.123283483163027,0.036955120280092034
2021_Ref_Plot1_E8::16,2021_Ref_Plot1_E8,Field2,test,8,2,0.7646270995439785,30.03315931262093,0.2994155829976367
2021_Ref_Plot1_E8::22,2021_Ref_Plot1_E8,Field2,test,6,3,0.32328291675242143,15.827704505845062,0.12535097717148747
2021_Ref_Plot1_E8::27,2021_Ref_Plot1_E8,Field2,test,5,4,0.2972044797814699,16.634905167453176,0.11066480089771628
2021_Ref_Plot1_E8::35,2021_Ref_Plot1_E8,Field2,test,8,5,0.16043225428023125,12.31398420230587,0.036682574640745695
2021_Ref_Plot1_E8::44,2021_Ref_Plot1_E8,Field2,test,9,6,0.14548997628717816,15.1836572737676,0.02287806113972234
2021_Ref_Plot1_E8::50,2021_Ref_Plot1_E8,Field2,test,6,7,0.11475612254602456,9.312332279794118,0.0749481942613038
2021_Ref_Plot1_E8::57,2021_Ref_Plot1_E8,Field2,test,7,8,0.09549025131625376,10.858475762751995,0.0242148377435001
2021_Ref_Plot1_E8::65,2021_Ref_Plot1_E8,Field2,test,8,9,0.10977163802330325,11.18030215268178,0.037622401005980716
2021_Ref_Plot1_E8::69,2021_Ref_Plot1_E8,Field2,test,4,10,0.17811201080718983,12.936739371815989,0.06838074832604688
2021_Ref_Plot1_E8::71,2021_Ref_Plot1_E8,Field2,test,2,11,0.18473199438111512,9.875118168322096,0.12960498764896564
2021_Ref_Plot1_E8::76,2021_Ref_Plot1_E8,Field2,test,5,12,0.19053700626159523,14.392082118458603,0.023858081973366987
2021_Ref_Plot1_E8::8,2021_Ref_Plot1_E8,Field2,test,7,1,0.6993005794769996,28.038057099389945,0.16622508581547132
2021_Ref_Plot1_E8::80,2021_Ref_Plot1_E8,Field2,test,4,13,0.09435982139625886,8.421444680001835,0.027113840736712486
2021_Ref_Plot1_E8::85,2021_Ref_Plot1_E8,Field2,test,5,14,0.07030227262281898,8.855133601037116,0.023079036741356432
2021_Ref_Plot2_A13::16,2021_Ref_Plot2_A13,Field2,test,8,2,0.8176388300480282,31.942814494931234,0.39715373178185287
2021_Ref_Plot2_A13::22,2021_Ref_Plot2_A13,Field2,test,6,3,0.3660481651262503,19.446322901542896,0.11015599810638874
2021_Ref_Plot2_A13::27,2021_Ref_Plot2_A13,Field2,test,5,4,0.41842578583323925,18.801313570361845,0.12286494874013691
2021_Ref_Plot2_A13::35,2021_Ref_Plot2_A13,Field2,test,8,5,0.14975165091190432,12.790203392807447,0.02069843982029776
2021_Ref_Plot2_A13::44,2021_Ref_Plot2_A13,Field2,test,9,6,0.0978695917462601,11.292459471249208,0.01984323867446946
2021_Ref_Plot2_A13::50,2021_Ref_Plot2_A13,Field2,test,6,7,0.14029469005682316,8.951144566949491,0.07783387185673243
2021_Ref_Plot2_A13::57,2021_Ref_Plot2_A13,Field2,test,7,8,0.1255128680691039,10.665066462544372,0.04058770950449578
2021_Ref_Plot2_A13::65,2021_Ref_Plot2_A13,Field2,test,8,9,0.13470862638576175,11.49147016514042,0.05713259991607753
2021_Ref_Plot2_A13::69,2021_Ref_Plot2_A13,Field2,test,4,10,0.1448588572910329,11.467557866756204,0.0632052157192162
2021_Ref_Plot2_A13::71,2021_Ref_Plot2_A13,Field2,test,2,11,0.16422585675115692,9.934280182558071,0.09738752606172947
2021_Ref_Plot2_A13::76,2021_Ref_Plot2_A13,Field2,test,5,12,0.11635316728829166,12.591974175219086,0.028502118772793426
2021_Ref_Plot2_A13::8,2021_Ref_Plot2_A13,Field2,test,7,1,0.6502748176493113,26.153250919613875,0.17918216823780828
2021_Ref_Plot2_A13::80,2021_Ref_Plot2_A13,Field2,test,4,13,0.14486902033862967,8.740734096552313,0.054526417870838714
2021_Ref_Plot2_A13::85,2021_Ref_Plot2_A13,Field2,test,5,14,0.08425324153148162,9.097885555064076,0.0265012504419655
2021_Ref_Plot2_A15::16,2021_Ref_Plot2_A15,Field2,test,8,2,0.7725050252419837,30.182892816097812,0.3280766573256885
2021_Ref_Plot2_A15::22,2021_Ref_Plot2_A15,Field2,test,6,3,0.36195806240121814,18.52073070842772,0.10144752169028076
2021_Ref_Plot2_A15::27,2021_Ref_Plot2_A15,Field2,test,5,4,0.4009630659733894,18.06739854377842,0.11515695127761597
2021_Ref_Plot2_A15::35,2021_Ref_Plot2_A15,Field2,test,8,5,0.15608470634266047,12.252513017559366,0.04038993439935448
2021_Ref_Plot2_A15::44,2021_Ref_Plot2_A15,Field2,test,9,6,0.08953246744673038,10.648815204658844,0.014868203933706383
2021_Ref_Plot2_A15::50,2021_Ref_Plot2_A15,Field2,test,6,7,0.1486612589004824,9.652744564919573,0.09150276718164797
2021_Ref_Plot2_A15::57,2021_Ref_Plot2_A15,Field2,test,7,8,0.13662503428818687,10.579352019833019,0.05212503711404578
2021_Ref_Plot2_A15::65,2021_Ref_Plot2_A15,Field2,test,8,9,0.12472037450336004,11.203476653205582,0.03994120501026403
2021_Ref_Plot2_A15::69,2021_Ref_Plot2_A15,Field2,test,4,10,0.17535867218619428,12.04133218333109,0.08990295698558036
2021_Ref_Plot2_A15::71,2021_Ref_Plot2_A15,Field2,test,2,11,0.13689742888820236,9.238523723923201,0.0953341730785855
2021_Ref_Plot2_A15::76,2021_Ref_Plot2_A15,Field2,test,5,12,0.10779276268028586,11.94282786914002,0.022411073852581512
2021_Ref_Plot2_A15::8,2021_Ref_Plot2_A15,Field2,test,7,1,0.6662933926464658,27.45722430476821,0.18096728931569897
2021_Ref_Plot2_A15::80,2021_Ref_Plot2_A15,Field2,test,4,13,0.11217371396828447,8.415233949644424,0.027703171194317273
2021_Ref_Plot2_A15::85,2021_Ref_Plot2_A15,Field2,test,5,14,0.1275938153570674,9.231162037463005,0.05730041921379536
2021_Ref_Plot2_A1::16,2021_Ref_Plot2_A1,Field2,test,8,2,0.7603680356610054,29.74684370294633,0.32844905924188095
2021_Ref_Plot2_A1::22,2021_Ref_Plot2_A1,Field2,test,6,3,0.3389605873557195,18.1102806212357,0.10519995030066831
2021_Ref_Plot2_A1::27,2021_Ref_Plot2_A1,Field2,test,5,4,0.4250179088801011,17.62439639119819,0.15422960659795984
2021_Ref_Plot2_A1::35,2021_Ref_Plot2_A1,Field2,test,8,5,0.1493174391297516,13.718930132247074,0.02128712193165833
2021_Ref_Plot2_A1::44,2021_Ref_Plot2_A1,Field2,test,9,6,0.1083832438315681,12.341681714262227,0.018594238484274547
2021_Ref_Plot2_A1::50,2021_Ref_Plot2_A1,Field2,test,6,7,0.1530056043483405,10.325603117048821,0.07088772196690087
2021_Ref_Plot2_A1::57,2021_Ref_Plot2_A1,Field2,test,7,8,0.16787692981901717,11.562228846213793,0.05421397507171738
2021_Ref_Plot2_A1::65,2021_Ref_Plot2_A1,Field2,test,8,9,0.13622833558958028,11.342415228146987,0.06542640084394989
2021_Ref_Plot2_A1::69,2021_Ref_Plot2_A1,Field2,test,4,10,0.19055934245042364,11.628453512475787,0.08341335865905573
2021_Ref_Plot2_A1::71,2021_Ref_Plot2_A1,Field2,test,2,11,0.1199005229373008,8.595502134161228,0.07324038718387552
2021_Ref_Plot2_A1::76,2021_Ref_Plot2_A1,Field2,test,5,12,0.18455439323296285,11.489316328769661,0.016209450712834084
2021_Ref_Plot2_A1::8,2021_Ref_Plot2_A1,Field2,test,7,1,0.6174365793748046,25.57383910232963,0.13892966098882523
2021_Ref_Plot2_A1::80,2021_Ref_Plot2_A1,Field2,test,4,13,0.09597393831729924,8.593297573181458,0.010934404664696076
2021_Ref_Plot2_A1::85,2021_Ref_Plot2_A1,Field2,test,5,14,0.12043990993922872,10.171614107403952,0.056965796617815576
2021_Ref_Plot2_B17::16,2021_Ref_Plot2_B17,Field2,test,8,2,0.7766775816338267,30.100763759188077,0.30732869910216865
2021_Ref_Plot2_B17::22,2021_Ref_Plot2_B17,Field2,test,6,3,0.35473439424286607,17.83235905242686,0.10044752976532173
2021_Ref_Plot2_B17::27,2021_Ref_Plot2_B17,Field2,test,5,4,0.36506221053820903,18.368854082578885,0.10946416121762327
2021_Ref_Plot2_B17::35,2021_Ref_Plot2_B17,Field2,test,8,5,0.1837366176230406,13.480736286028929,0.057699201614540806
2021_Ref_Plot2_B17::44,2021_Ref_Plot2_B17,Field2,test,9,6,0.10048138555204701,10.909242747383487,0.026709472121810147
2021_Ref_Plot2_B17::50,2021_Ref_Plot2_B17,Field2,test,6,7,0.14760668523513965,9.09581200050065,0.0901956337498501
2021_Ref_Plot2_B17::57,2021_Ref_Plot2_B17,Field2,test,7,8,0.13115537585093479,11.270712388837868,0.04676965928116375
2021_Ref_Plot2_B17::65,2021_Ref_Plot2_B17,Field2,test,8,9,0.10244279433448338,10.08169919642939,0.04935995473628982
2021_Ref_Plot2_B17::69,2021_Ref_Plot2_B17,Field2,test,4,10,0.1695208640854193,12.197638104739967,0.07430709147606833
2021_Ref_Plot2_B17::71,2021_Ref_Plot2_B17,Field2,test,2,11,0.20139422435415807,9.78107971032763,0.1368539983161926
2021_Ref_Plot2_B17::76,2021_Ref_Plot2_B17,Field2,test,5,12,0.12604083594801802,10.653434576699192,0.02456494799440729
2021_Ref_Plot2_B17::8,2021_Ref_Plot2_B17,Field2,test,7,1,0.69625923655425,27.61231276769211,0.22007977449902655
2021_Ref_Plot2_B17::80,2021_Ref_Plot2_B17,Field2,test,4,13,0.15693554760176895,10.046714296123394,0.05588331768793725
2021_Ref_Plot2_B17::85,2021_Ref_Plot2_B17,Field2,test,5,14,0.17846256896851562,11.270782330883458,0.09212550925747748
2021_Ref_Plot2_B4::16,2021_Ref_Plot2_B4,Field2,test,8,2,0.7688067190298146,30.469278301338058,0.29956741568933887
2021_Ref_Plot2_B4::22,2021_Ref_Plot2_B4,Field2,test,6,3,0.34007020376554037,19.319578047752948,0.08455259885043642
2021_Ref_Plot2_B4::27,2021_Ref_Plot2_B4,Field2,test,5,4,0.4513999846133223,19.531694525391806,0.1567572986561068
2021_Ref_Plot2_B4::35,2021_Ref_Plot2_B4,Field2,test,8,5,0.15519982121432985,13.415185123166726,0.03857431068432017
2021_Ref_Plot2_B4::44,2021_Ref_Plot2_B4,Field2,test,9,6,0.11162038720641364,13.186804976744275,0.023502147672727746
2021_Ref_Plot2_B4::50,2021_Ref_Plot2_B4,Field2,test,6,7,0.16488010733026695,9.576493793468483,0.09427819694979832
2021_Ref_Plot2_B4::57,2021_Ref_Plot2_B4,Field2,test,7,8,0.15043765105641974,11.232372652543845,0.06028028883973562
2021_Ref_Plot2_B4::65,2021_Ref_Plot2_B4,Field2,test,8,9,0.12538204471866785,10.092711668802446,0.059648349113984235
2021_Ref_Plot2_B4::69,2021_Ref_Plot2_B4,Field2,test,4,10,0.17669446486020735,12.027438245794418,0.0886710285388173
2021_Ref_Plot2_B4::71,2021_Ref_Plot2_B4,Field2,test,2,11,0.18018808942189582,10.364843238772794,0.10968166793247998
2021_Ref_Plot2_B4::76,2021_Ref_Plot2_B4,Field2,test,5,12,0.2096163931859111,14.292499816846952,0.039166809122525174
2021_Ref_Plot2_B4::8,2021_Ref_Plot2_B4,Field2,test,7,1,0.6798639061454205,27.138208754533334,0.15956870742777204
2021_Ref_Plot2_B4::80,2021_Ref_Plot2_B4,Field2,test,4,13,0.09982290742195461,8.447528789231509,0.015797915951204694
2021_Ref_Plot2_B4::85,2021_Ref_Plot2_B4,Field2,test,5,14,0.12508462756436187,8.900362901094622,0.05060368650947652
2021_Ref_Plot2_C10::16,2021_Ref_Plot2_C10,Field2,test,8,2,0.7715133020724082,29.64047717405009,0.3091447654372642
2021_Ref_Plot2_C10::22,2021_Ref_Plot2_C10,Field2,test,6,3,0.3352066414534449,16.941352773430218,0.11112587815915377
2021_Ref_Plot2_C10::27,2021_Ref_Plot2_C10,Field2,test,5,4,0.33926669814307403,16.743278816185484,0.10336528269540042
2021_Ref_Plot2_C10::35,2021_Ref_Plot2_C10,Field2,test,8,5,0.16438757958478137,12.526717152766725,0.047561461831104775
2021_Ref_Plot2_C10::44,2021_Ref_Plot2_C10,Field2,test,9,6,0.1104289781368747,12.210459478065774,0.030431024349145658
2021_Ref_Plot2_C10::50,2021_Ref_Plot2_C10,Field2,test,6,7,0.1169938126762642,8.783653828330394,0.06678964885943747
2021_Ref_Plot2_C10::57,2021_Ref_Plot2_C10,Field2,test,7,8,0.10389654321486134,10.189379104717183,0.02087235435148117
2021_Ref_Plot2_C10::65,2021_Ref_Plot2_C10,Field2,test,8,9,0.12364955046384561,9.614043517399226,0.06736355368883466
2021_Ref_Plot2_C10::69,2021_Ref_Plot2_C10,Field2,test,4,10,0.18622575787757786,12.326795380654689,0.1021145517283486
2021_Ref_Plot2_C10::71,2021_Ref_Plot2_C10,Field2,test,2,11,0.10806684681102259,8.74558164133235,0.06868195443207878
2021_Ref_Plot2_C10::76,2021_Ref_Plot2_C10,Field2,test,5,12,0.12361072163572782,12.577568961793837,0.019922378875718273
2021_Ref_Plot2_C10::8,2021_Ref_Plot2_C10,Field2,test,7,1,0.700319961883388,27.129102615798256,0.2071240188410222
2021_Ref_Plot2_C10::80,2021_Ref_Plot2_C10,Field2,test,4,13,0.09331704146118497,7.764293986336803,0.0255558815308657
2021_Ref_Plot2_C10::85,2021_Ref_Plot2_C10,Field2,test,5,14,0.13677815743914412,9.952835034019817,0.06443659711004675
2021_Ref_Plot2_C16::16,2021_Ref_Plot2_C16,Field2,test,8,2,0.7816126071509432,30.08983951165139,0.3100623676795998
2021_Ref_Plot2_C16::22,2021_Ref_Plot2_C16,Field2,test,6,3,0.36458590045936373,17.05407375933497,0.10759834129662237
2021_Ref_Plot2_C16::27,2021_Ref_Plot2_C16,Field2,test,5,4,0.3472162950536896,17.584002856646666,0.11120197050753228
2021_Ref_Plot2_C16::35,2021_Ref_Plot2_C16,Field2,test,8,5,0.16650135993601964,12.95693356812426,0.040216224980023974
2021_Ref_Plot2_C16::44,2021_Ref_Plot2_C16,Field2,test,9,6,0.10611381395742586,11.731008429607751,0.035183581672110234
2021_Ref_Plot2_C16::50,2021_Ref_Plot2_C16,Field2,test,6,7,0.12568010592835832,9.10086523762472,0.06298320468487277
2021_Ref_Plot2_C16::57,2021_Ref_Plot2_C16,Field2,test,7,8,0.10072270124875178,11.065635227466949,0.033786212528752795
2021_Ref_Plot2_C16::65,2021_Ref_Plot2_C16,Field2,test,8,9,0.09705449165614137,10.23324802874532,0.05380822186191878
2021_Ref_Plot2_C16::69,2021_Ref_Plot2_C16,Field2,test,4,10,0.16213485894075452,12.44539156956808,0.06179859441432768
2021_Ref_Plot2_C16::71,2021_Ref_Plot2_C16,Field2,test,2,11,0.12280866582866808,8.06505681285094,0.06672952817321648
2021_Ref_Plot2_C16::76,2021_Ref_Plot2_C16,Field2,test,5,12,0.15976257048847056,11.749918556804834,0.019214185088041784
2021_Ref_Plot2_C16::8,2021_Ref_Plot2_C16,Field2,test,7,1,0.6904549132344311,27.064673520779756,0.19537483491734758
2021_Ref_Plot2_C16::80,2021_Ref_Plot2_C16,Field2,test,4,13,0.11717641351696322,9.266561974708878,0.04279573683736105
2021_Ref_Plot2_C16::85,2021_Ref_Plot2_C16,Field2,test,5,14,0.16555133921965695,11.166810017891125,0.09588160968702428
2021_Ref_Plot2_C18::16,2021_Ref_Plot2_C18,Field2,test,8,2,0.7769188019601329,30.25815469862982,0.3055542664508244
2021_Ref_Plot2_C18::22,2021_Ref_Plot2_C18,Field2,test,6,3,0.3513147670822681,16.70780340402668,0.09019719186647958
2021_Ref_Plot2_C18::27,2021_Ref_Plot2_C18,Field2,test,5,4,0.32877477345354983,17.449137229540298,0.09351783021078978
2021_Ref_Plot2_C18::35,2021_Ref_Plot2_C18,Field2,test,8,5,0.17394757718843423,12.84435919499151,0.045769308586971674
2021_Ref_Plot2_C18::44,2021_Ref_Plot2_C18,Field2,test,9,6,0.0921625597401422,10.228042116782403,0.026722113339824993
2021_Ref_Plot2_C18::50,2021_Ref_Plot2_C18,Field2,test,6,7,0.11840197807490194,9.017074001228048,0.06814903530827354
2021_Ref_Plot2_C18::57,2021_Ref_Plot2_C18,Field2,test,7,8,0.11458194754356392,11.318173448501913,0.0379044666183726
2021_Ref_Plot2_C18::65,2021_Ref_Plot2_C18,Field2,test,8,9,0.09234358921687186,9.84799258471892,0.03603702269969146
2021_Ref_Plot2_C18::69,2021_Ref_Plot2_C18,Field2,test,4,10,0.1769010327383269,12.340141148187051,0.08112696325340817
2021_Ref_Plot2_C18::71,2021_Ref_Plot2_C18,Field2,test,2,11,0.10978765001183688,8.36118222842691,0.05343781678365862
2021_Ref_Plot2_C18::76,2021_Ref_Plot2_C18,Field2,test,5,12,0.1520778571674379,12.927046202530725,0.019876081122866082
2021_Ref_Plot2_C18::8,2021_Ref_Plot2_C18,Field2,test,7,1,0.6928509329156273,26.799854643740755,0.15438749722305395
2021_Ref_Plot2_C18::80,2021_Ref_Plot2_C18,Field2,test,4,13,0.09271042321795579,8.605434540918003,0.014010104210081155
2021_Ref_Plot2_C18::85,2021_Ref_Plot2_C18,Field2,test,5,14,0.10016791470994725,9.323049674201789,0.05452007018446448
2021_Ref_Plot2_C1::16,2021_Ref_Plot2_C1,Field2,test,8,2,0.7453691743445189,28.756118742839,0.29553846565656194
2021_Ref_Plot2_C1::22,2021_Ref_Plot2_C1,Field2,test,6,3,0.30497086807338464,17.13568028337102,0.07405478935496757
2021_Ref_Plot2_C1::27,2021_Ref_Plot2_C1,Field2,test,5,4,0.3785496867056846,17.518041645651742,0.1460932352806534
2021_Ref_Plot2_C1::35,2021_Ref_Plot2_C1,Field2,test,8,5,0.14840597037142716,12.965891625585826,0.03414626495802155
2021_Ref_Plot2_C1::44,2021_Ref_Plot2_C1,Field2,test,9,6,0.10195130472213203,12.607076870748495,0.012330842848454966
2021_Ref_Plot2_C1::50,2021_Ref_Plot2_C1,Field2,test,6,7,0.1644144752598594,9.598963474752678,0.09937828020459269
2021_Ref_Plot2_C1::57,2021_Ref_Plot2_C1,Field2,test,7,8,0.12239595677182964,10.88839581007267,0.03751958185344653
2021_Ref_Plot2_C1::65,2021_Ref_Plot2_C1,Field2,test,8,9,0.08071943794375347,9.259128249751448,0.02654041895955511
2021_Ref_Plot2_C1::69,2021_Ref_Plot2_C1,Field2,test,4,10,0.1846895083505864,12.759332930431004,0.09502643152433242
2021_Ref_Plot2_C1::71,2021_Ref_Plot2_C1,Field2,test,2,11,0.1550467474378656,8.409572768741668,0.0917944232757416
2021_Ref_Plot2_C1::76,2021_Ref_Plot2_C1,Field2,test,5,12,0.19384476192212027,14.273891006384858,0.024132036098383436
2021_Ref_Plot2_C1::8,2021_Ref_Plot2_C1,Field2,test,7,1,0.6532980068837982,24.733991903347643,0.11957384082963776
2021_Ref_Plot2_C1::80,2021_Ref_Plot2_C1,Field2,test,4,13,0.10934463931022476,9.364376950655979,0.0317589922670049
2021_Ref_Plot2_C1::85,2021_Ref_Plot2_C1,Field2,test,5,14,0.10029854265183746,9.551335767461616,0.044436378409870386
2021_Ref_Plot2_C2::16,2021_Ref_Plot2_C2,Field2,test,8,2,0.7533212619640993,29.973746279554998,0.29272672449129705
2021_Ref_Plot2_C2::22,2021_Ref_Plot2_C2,Field2,test,6,3,0.33593831814381264,18.21092678867703,0.08197677731582945
2021_Ref_Plot2_C2::27,2021_Ref_Plot2_C2,Field2,test,5,4,0.4369749361509099,19.072406634578495,0.1622201509263778
2021_Ref_Plot2_C2::35,2021_Ref_Plot2_C2,Field2,test,8,5,0.15516151059851127,13.392240363598539,0.025111408832197077
2021_Ref_Plot2_C2::44,2021_Ref_Plot2_C2,Field2,test,9,6,0.09566036200387695,11.997270007908153,0.010837129147198494
2021_Ref_Plot2_C2::50,2021_Ref_Plot2_C2,Field2,test,6,7,0.15471192995594366,9.93551567176657,0.08211759994966043
2021_Ref_Plot2_C2::57,2021_Ref_Plot2_C2,Field2,test,7,8,0.12169276823379571,11.160671412974065,0.03943820607532556
2021_Ref_Plot2_C2::65,2021_Ref_Plot2_C2,Field2,test,8,9,0.11383090255364788,9.677725610997783,0.04572364697215738
2021_Ref_Plot2_C2::69,2021_Ref_Plot2_C2,Field2,test,4,10,0.16877117416003137,11.802914136850875,0.07075924944352494
2021_Ref_Plot2_C2::71,2021_Ref_Plot2_C2,Field2,test,2,11,0.10506696770838886,7.459082243318522,0.03965147730551472
2021_Ref_Plot2_C2::76,2021_Ref_Plot2_C2,Field2,test,5,12,0.18345151061835727,14.16924634020306,0.010129834406908721
2021_Ref_Plot2_C2::8,2021_Ref_Plot2_C2,Field2,test,7,1,0.6832279444409438,25.81102186018405,0.16107678049934057
2021_Ref_Plot2_C2::80,2021_Ref_Plot2_C2,Field2,test,4,13,0.10286117562007395,8.228570467664243,0.027387198430949274
2021_Ref_Plot2_C2::85,2021_Ref_Plot2_C2,Field2,test,5,14,0.08712308013913904,9.293828366651548,0.025677055110203625
2021_Ref_Plot2_C3::16,2021_Ref_Plot2_C3,Field2,test,8,2,0.7721656578342021,30.71154232818691,0.3017535121602049
2021_Ref_Plot2_C3::22,2021_Ref_Plot2_C3,Field2,test,6,3,0.3306935111705157,18.189566237982998,0.09052179528003794
2021_Ref_Plot2_C3::27,2021_Ref_Plot2_C3,Field2,test,5,4,0.4251772631966892,19.323098275339483,0.1373724158083462
2021_Ref_Plot2_C3::35,2021_Ref_Plot2_C3,Field2,test,8,5,0.15158887186169498,13.906174114501486,0.02590640230786219
2021_Ref_Plot2_C3::44,2021_Ref_Plot2_C3,Field2,test,9,6,0.12076155398881945,11.759870245649992,0.02715648037789368
2021_Ref_Plot2_C3::50,2021_Ref_Plot2_C3,Field2,test,6,7,0.15078830032356735,9.564384584307069,0.09932656555037325
2021_Ref_Plot2_C3::57,2021_Ref_Plot2_C3,Field2,test,7,8,0.11330167713346755,11.004280239367194,0.03003112364839474
2021_Ref_Plot2_C3::65,2021_Ref_Plot2_C3,Field2,test,8,9,0.12186407602304546,10.117609566354751,0.05763105461293364
2021_Ref_Plot2_C3::69,2021_Ref_Plot2_C3,Field2,test,4,10,0.16061812070337586,11.956291688482615,0.07740031094266248
2021_Ref_Plot2_C3::71,2021_Ref_Plot2_C3,Field2,test,2,11,0.1206328949946072,9.055793044123208,0.07474171007621087
2021_Ref_Plot2_C3::76,2021_Ref_Plot2_C3,Field2,test,5,12,0.20654157970032208,15.132929346503571,0.05261396323054791
2021_Ref_Plot2_C3::8,2021_Ref_Plot2_C3,Field2,test,7,1,0.6853560678577383,26.540225954420293,0.17325614860149105
2021_Ref_Plot2_C3::80,2021_Ref_Plot2_C3,Field2,test,4,13,0.0692455542737187,8.280990818555933,0.01017450454871273
2021_Ref_Plot2_C3::85,2021_Ref_Plot2_C3,Field2,test,5,14,0.06753503795982702,8.382009154033284,0.021760383923882822
2021_Ref_Plot2_D12::16,2021_Ref_Plot2_D12,Field2,test,8,2,0.7662405393288504,30.18457402153007,0.3190667364069242
2021_Ref_Plot2_D12::22,2021_Ref_Plot2_D12,Field2,test,6,3,0.27530653843587416,16.790094216963322,0.09408511318174664
2021_Ref_Plot2_D12::27,2021_Ref_Plot2_D12,Field2,test,5,4,0.27128430575495804,16.075486607025894,0.08683487675625019
2021_Ref_Plot2_D12::35,2021_Ref_Plot2_D12,Field2,test,8,5,0.12358369123664485,11.961666346801525,0.02921635586229249
2021_Ref_Plot2_D12::44,2021_Ref_Plot2_D12,Field2,test,9,6,0.09071284610939889,11.748184060227505,0.0275143620673819
2021_Ref_Plot2_D12::50,2021_Ref_Plot2_D12,Field2,test,6,7,0.1049984145070474,8.997101848585855,0.0695743136682067
2021_Ref_Plot2_D12::57,2021_Ref_Plot2_D12,Field2,test,7,8,0.08705002169222602,11.192594618410281,0.03342918602351265
2021_Ref_Plot2_D12::65,2021_Ref_Plot2_D12,Field2,test,8,9,0.07769901948636007,9.634996834480452,0.04258515110500807
2021_Ref_Plot2_D12::69,2021_Ref_Plot2_D12,Field2,test,4,10,0.13569009513203587,12.42110251312254,0.058034242775891406
2021_Ref_Plot2_D12::71,2021_Ref_Plot2_D12,Field2,test,2,11,0.08262211319092135,8.1935758598994,0.03347522447915978
2021_Ref_Plot2_D12::76,2021_Ref_Plot2_D12,Field2,test,5,12,0.11615557512022588,11.67931809949939,0.012403511562304284
2021_Ref_Plot2_D12::8,2021_Ref_Plot2_D12,Field2,test,7,1,0.7207650495833016,27.29530532153764,0.2253325574707197
2021_Ref_Plot2_D12::80,2021_Ref_Plot2_D12,Field2,test,4,13,0.06626389156621058,9.42327046357617,0.0332286202340264
2021_Ref_Plot2_D12::85,2021_Ref_Plot2_D12,Field2,test,5,14,0.0556581997286657,10.912031905268737,0.025430533949208033
2021_Ref_Plot2_D5::16,2021_Ref_Plot2_D5,Field2,test,8,2,0.7842636413868657,31.39992384178999,0.3263954409984022
2021_Ref_Plot2_D5::22,2021_Ref_Plot2_D5,Field2,test,6,3,0.309063580118304,17.371611714146223,0.12435545978483803
2021_Ref_Plot2_D5::27,2021_Ref_Plot2_D5,Field2,test,5,4,0.3264623287479675,16.88538690213327,0.13100461045847617
2021_Ref_Plot2_D5::35,2021_Ref_Plot2_D5,Field2,test,8,5,0.13368728255935333,12.442289751940779,0.03468481414417513
2021_Ref_Plot2_D5::44,2021_Ref_Plot2_D5,Field2,test,9,6,0.10166035599035328,13.008514586206365,0.02439425380401812
2021_Ref_Plot2_D5::50,2021_Ref_Plot2_D5,Field2,test,6,7,0.09691173187678755,9.212593122841517,0.04086593128952704
2021_Ref_Plot2_D5::57,2021_Ref_Plot2_D5,Field2,test,7,8,0.09272631736047239,11.178033535501374,0.017531919668654104
2021_Ref_Plot2_D5::65,2021_Ref_Plot2_D5,Field2,test,8,9,0.08082663060263223,9.364844378061537,0.03664085843197851
2021_Ref_Plot2_D5::69,2021_Ref_Plot2_D5,Field2,test,4,10,0.16106859575682186,12.571805185204886,0.06836533037032619
2021_Ref_Plot2_D5::71,2021_Ref_Plot2_D5,Field2,test,2,11,0.17819219126774644,10.121285162354436,0.12582878166929456
2021_Ref_Plot2_D5::76,2021_Ref_Plot2_D5,Field2,test,5,12,0.16509693539342116,13.27485458433069,0.024609527176557382
2021_Ref_Plot2_D5::8,2021_Ref_Plot2_D5,Field2,test,7,1,0.7216823282426064,27.954944383601486,0.2035246163454503
2021_Ref_Plot2_D5::80,2021_Ref_Plot2_D5,Field2,test,4,13,0.07509614591932894,9.840847113454684,0.032540648874293615
2021_Ref_Plot2_D5::85,2021_Ref_Plot2_D5,Field2,test,5,14,0.08469715337562851,10.683522988493674,0.04313746663694249
2021_Ref_Plot2_E18::16,2021_Ref_Plot2_E18,Field2,test,8,2,0.7484405088102314,29.766715281721968,0.27480805651324247
2021_Ref_Plot2_E18::22,2021_Ref_Plot2_E18,Field2,test,6,3,0.3056485395294069,16.681092360947506,0.08742935549328623
2021_Ref_Plot2_E18::27,2021_Ref_Plot2_E18,Field2,test,5,4,0.25839085005643153,16.366026216772006,0.06468777061641724
2021_Ref_Plot2_E18::35,2021_Ref_Plot2_E18,Field2,test,8,5,0.09249285838352235,11.64613827707582,-0.0006037238577796373
2021_Ref_Plot2_E18::44,2021_Ref_Plot2_E18,Field2,test,9,6,0.08656910600357977,13.191617793115416,0.021702043869949214
2021_Ref_Plot2_E18::50,2021_Ref_Plot2_E18,Field2,test,6,7,0.08358489780577939,10.114386364077196,0.05079475833686727
2021_Ref_Plot2_E18::57,2021_Ref_Plot2_E18,Field2,test,7,8,0.07488020408999468,11.923406896420193,0.023612961208608542
2021_Ref_Plot2_E18::65,2021_Ref_Plot2_E18,Field2,test,8,9,0.08278096466228219,10.571709394359106,0.03390521054687949
2021_Ref_Plot2_E18::69,2021_Ref_Plot2_E18,Field2,test,4,10,0.13547708418036988,12.338028536130825,0.047400715474355495
2021_Ref_Plot2_E18::71,2021_Ref_Plot2_E18,Field2,test,2,11,0.11652029956444147,9.647435294096642,0.07263212641005863
2021_Ref_Plot2_E18::76,2021_Ref_Plot2_E18,Field2,test,5,12,0.1020305304171385,11.84843242433746,0.014684150920064781
2021_Ref_Plot2_E18::8,2021_Ref_Plot2_E18,Field2,test,7,1,0.6618278856694657,27.148036494665696,0.16125255615667175
2021_Ref_Plot2_E18::80,2021_Ref_Plot2_E18,Field2,test,4,13,0.05012375217603505,9.558460412605656,0.021479234976240196
2021_Ref_Plot2_E18::85,2021_Ref_Plot2_E18,Field2,test,5,14,0.0482160588403149,10.734989783828022,0.014191783174666453
2021_Ref_Plot2_E1::16,2021_Ref_Plot2_E1,Field2,test,8,2,0.7291217013491161,29.76763838042404,0.29775486520172717
2021_Ref_Plot2_E1::22,2021_Ref_Plot2_E1,Field2,test,6,3,0.2734004925846143,16.403845633312198,0.07795350906016874
2021_Ref_Plot2_E1::27,2021_Ref_Plot2_E1,Field2,test,5,4,0.23102007447934944,16.324669479053014,0.06551786471525077
2021_Ref_Plot2_E1::35,2021_Ref_Plot2_E1,Field2,test,8,5,0.10873473310664773,11.731468914646143,0.019206311221630648
2021_Ref_Plot2_E1::44,2021_Ref_Plot2_E1,Field2,test,9,6,0.13078865983951082,14.439535581948025,0.020129294481038656
2021_Ref_Plot2_E1::50,2021_Ref_Plot2_E1,Field2,test,6,7,0.07351697972474357,9.37573641661554,0.043251548105437715
2021_Ref_Plot2_E1::57,2021_Ref_Plot2_E1,Field2,test,7,8,0.09915188651416307,11.933802830938085,0.03587392794003446
2021_Ref_Plot2_E1::65,2021_Ref_Plot2_E1,Field2,test,8,9,0.06542017402170554,9.927927510654031,0.03550025708694469
2021_Ref_Plot2_E1::69,2021_Ref_Plot2_E1,Field2,test,4,10,0.11878491623510017,12.147163290962155,0.055700590160339965
2021_Ref_Plot2_E1::71,2021_Ref_Plot2_E1,Field2,test,2,11,0.09664985215362513,9.000472514019341,0.04299908690432327
2021_Ref_Plot2_E1::76,2021_Ref_Plot2_E1,Field2,test,5,12,0.1524074582974346,15.062620960886822,0.02312288301840978
2021_Ref_Plot2_E1::8,2021_Ref_Plot2_E1,Field2,test,7,1,0.6633202183503452,26.18240982451667,0.17619467132877897
2021_Ref_Plot2_E1::80,2021_Ref_Plot2_E1,Field2,test,4,13,0.05393230134893586,10.155525282715661,0.01995277775748117
2021_Ref_Plot2_E1::85,2021_Ref_Plot2_E1,Field2,test,5,14,0.03893654454729246,10.649645101358454,0.00816517315953627
2021_Ref_Plot2_E7::16,2021_Ref_Plot2_E7,Field2,test,8,2,0.6760032117330249,27.696716077216884,0.17817566285216224
2021_Ref_Plot2_E7::22,2021_Ref_Plot2_E7,Field2,test,6,3,0.2233695369986318,14.330139731176445,0.05659067811785088
2021_Ref_Plot2_E7::27,2021_Ref_Plot2_E7,Field2,test,5,4,0.2205725638192192,15.920292500703736,0.0708726957908494
2021_Ref_Plot2_E7::35,2021_Ref_Plot2_E7,Field2,test,8,5,0.08727169165061716,11.952044009906032,0.004977057705007948
2021_Ref_Plot2_E7::44,2021_Ref_Plot2_E7,Field2,test,9,6,0.1097447665754695,14.569601154920411,0.022019767905300337
2021_Ref_Plot2_E7::50,2021_Ref_Plot2_E7,Field2,test,6,7,0.06305557935774757,10.148955206889019,0.031544668113161575
2021_Ref_Plot2_E7::57,2021_Ref_Plot2_E7,Field2,test,7,8,0.08098735350767697,12.254613601076551,0.014279537045363751
2021_Ref_Plot2_E7::65,2021_Ref_Plot2_E7,Field2,test,8,9,0.0575414807764503,10.170193425103042,0.01773749973140768
2021_Ref_Plot2_E7::69,2021_Ref_Plot2_E7,Field2,test,4,10,0.13082989814348867,12.837886413159495,0.04641840489541399
2021_Ref_Plot2_E7::71,2021_Ref_Plot2_E7,Field2,test,2,11,0.108055397981398,9.759059939765502,0.05879980080166653
2021_Ref_Plot2_E7::76,2021_Ref_Plot2_E7,Field2,test,5,12,0.1340300173733288,14.347364528132854,0.023432932801317998
2021_Ref_Plot2_E7::8,2021_Ref_Plot2_E7,Field2,test,7,1,0.6351223620182459,26.263841832568374,0.12165497578978507
2021_Ref_Plot2_E7::80,2021_Ref_Plot2_E7,Field2,test,4,13,0.05625259598264828,10.792606139736911,0.027896610593283577
2021_Ref_Plot2_E7::85,2021_Ref_Plot2_E7,Field2,test,5,14,0.05838679874719232,11.04154916092687,0.0280806191854466
2021_Ref_Plot3_A6::16,2021_Ref_Plot3_A6,Field2,test,8,2,0.7975471651814724,31.169227151700806,0.3608119478606076
2021_Ref_Plot3_A6::22,2021_Ref_Plot3_A6,Field2,test,6,3,0.31362822673130103,16.614459366913568,0.0874991675794765
2021_Ref_Plot3_A6::27,2021_Ref_Plot3_A6,Field2,test,5,4,0.28734584347173214,16.71209490976064,0.09758539854937974
2021_Ref_Plot3_A6::35,2021_Ref_Plot3_A6,Field2,test,8,5,0.16368771551680883,12.980710474669062,0.030328587945896986
2021_Ref_Plot3_A6::44,2021_Ref_Plot3_A6,Field2,test,9,6,0.10372537419518102,9.753808350677039,0.035942554832004876
2021_Ref_Plot3_A6::50,2021_Ref_Plot3_A6,Field2,test,6,7,0.11929656049695407,8.865124843669607,0.06704865624473848
2021_Ref_Plot3_A6::57,2021_Ref_Plot3_A6,Field2,test,7,8,0.12351399294420416,9.910545516270165,0.04707154532646528
2021_Ref_Plot3_A6::65,2021_Ref_Plot3_A6,Field2,test,8,9,0.13144886402667805,11.307074394853347,0.03413289729360842
2021_Ref_Plot3_A6::69,2021_Ref_Plot3_A6,Field2,test,4,10,0.2235914980854715,12.232845900538148,0.10149157484001306
2021_Ref_Plot3_A6::71,2021_Ref_Plot3_A6,Field2,test,2,11,0.16648064276549926,9.514756097545684,0.10206181987883978
2021_Ref_Plot3_A6::76,2021_Ref_Plot3_A6,Field2,test,5,12,0.16567206283600197,13.256692645683506,0.014015576985917858
2021_Ref_Plot3_A6::8,2021_Ref_Plot3_A6,Field2,test,7,1,0.7346400561540755,28.131502351332184,0.22658011674125422
2021_Ref_Plot3_A6::80,2021_Ref_Plot3_A6,Field2,test,4,13,0.1044254373129541,8.305496307742148,0.024820011613188333
2021_Ref_Plot3_A6::85,2021_Ref_Plot3_A6,Field2,test,5,14,0.10365645697536895,9.155469156297535,0.044036525043791304
2021_Ref_Plot3_A7::16,2021_Ref_Plot3_A7,Field2,test,8,2,0.8116990888711851,31.419223639634044,0.394808031416009
2021_Ref_Plot3_A7::22,2021_Ref_Plot3_A7,Field2,test,6,3,0.35732078919242155,17.587941531066374,0.11657519426244514
2021_Ref_Plot3_A7::27,2021_Ref_Plot3_A7,Field2,test,5,4,0.35151312943012253,17.65139575235833,0.10840413854360416
2021_Ref_Plot3_A7::35,2021_Ref_Plot3_A7,Field2,test,8,5,0.16010722990154966,12.56307908692847,0.03206706878866057
2021_Ref_Plot3_A7::44,2021_Ref_Plot3_A7,Field2,test,9,6,0.10718104621014136,9.558861864086355,0.030345048433030174
2021_Ref_Plot3_A7::50,2021_Ref_Plot3_A7,Field2,test,6,7,0.13326611266017285,9.247440539519609,0.057509833741557055
2021_Ref_Plot3_A7::57,2021_Ref_Plot3_A7,Field2,test,7,8,0.12719025940527087,10.311743096175011,0.05111799087996878
2021_Ref_Plot3_A7::65,2021_Ref_Plot3_A7,Field2,test,8,9,0.09392859045187829,11.116243147824143,0.025329516920819937
2021_Ref_Plot3_A7::69,2021_Ref_Plot3_A7,Field2,test,4,10,0.20447067764777413,12.37324422688557,0.10981992516583435
2021_Ref_Plot3_A7::71,2021_Ref_Plot3_A7,Field2,test,2,11,0.17510246250853223,9.5741359449745,0.10881357600956533
2021_Ref_Plot3_A7::76,2021_Ref_Plot3_A7,Field2,test,5,12,0.14326631041406276,12.685580592835557,0.02335527116109356
2021_Ref_Plot3_A7::8,2021_Ref_Plot3_A7,Field2,test,7,1,0.7302876252803762,27.268765960192848,0.22129476416754695
2021_Ref_Plot3_A7::80,2021_Ref_Plot3_A7,Field2,test,4,13,0.07826312083316139,8.200690930569417,0.02598494735799496
2021_Ref_Plot3_A7::85,2021_Ref_Plot3_A7,Field2,test,5,14,0.08878023212009416,9.458072207294062,0.06022508257999634
2021_Ref_Plot3_B10::16,2021_Ref_Plot3_B10,Field2,test,8,2,0.8179161294671786,31.363402498176477,0.3831520235973379
2021_Ref_Plot3_B10::22,2021_Ref_Plot3_B10,Field2,test,6,3,0.345798133008107,18.44229832331298,0.11851096544533644
2021_Ref_Plot3_B10::27,2021_Ref_Plot3_B10,Field2,test,5,4,0.3865381496417489,18.41066097756552,0.13712073260197286
2021_Ref_Plot3_B10::35,2021_Ref_Plot3_B10,Field2,test,8,5,0.18723535073527722,13.42726148313102,0.02602906872550388
2021_Ref_Plot3_B10::44,2021_Ref_Plot3_B10,Field2,test,9,6,0.18205435620564647,10.690551761690115,0.08058884581738204
2021_Ref_Plot3_B10::50,2021_Ref_Plot3_B10,Field2,test,6,7,0.13061546371001317,9.287964863930815,0.07174215765296518
2021_Ref_Plot3_B10::57,2021_Ref_Plot3_B10,Field2,test,7,8,0.10888205972233102,10.008713757595558,0.03556497424625278
2021_Ref_Plot3_B10::65,2021_Ref_Plot3_B10,Field2,test,8,9,0.11310570264279679,10.582844846778126,0.03739755644097022
2021_Ref_Plot3_B10::69,2021_Ref_Plot3_B10,Field2,test,4,10,0.16627627270152082,11.978899041308313,0.0838265685042462
2021_Ref_Plot3_B10::71,2021_Ref_Plot3_B10,Field2,test,2,11,0.19096888845973573,9.730591003909199,0.11067653382694274
2021_Ref_Plot3_B10::76,2021_Ref_Plot3_B10,Field2,test,5,12,0.1293445166447976,12.95345140775725,0.03664142566714569
2021_Ref_Plot3_B10::8,2021_Ref_Plot3_B10,Field2,test,7,1,0.7456626112534194,27.615338840743636,0.2330826376697865
2021_Ref_Plot3_B10::80,2021_Ref_Plot3_B10,Field2,test,4,13,0.08539823292896391,8.103220574609983,0.019724827506032116
2021_Ref_Plot3_B10::85,2021_Ref_Plot3_B10,Field2,test,5,14,0.11881734704180875,9.900577382727002,0.06350413838472736
2021_Ref_Plot3_B12::16,2021_Ref_Plot3_B12,Field2,test,8,2,0.825816953479502,32.02093116922759,0.3749313594983583
2021_Ref_Plot3_B12::22,2021_Ref_Plot3_B12,Field2,test,6,3,0.3666522266628142,17.703807471903307,0.12848881231107315
2021_Ref_Plot3_B12::27,2021_Ref_Plot3_B12,Field2,test,5,4,0.3508916841966158,17.39396829222089,0.12186303303114666
2021_Ref_Plot3_B12::35,2021_Ref_Plot3_B12,Field2,test,8,5,0.17672874407473435,12.879449111964384,0.042774624237322326
2021_Ref_Plot3_B12::44,2021_Ref_Plot3_B12,Field2,test,9,6,0.14124829697029168,10.405177380056239,0.04557086276606948
2021_Ref_Plot3_B12::50,2021_Ref_Plot3_B12,Field2,test,6,7,0.1372257121113096,9.42646644609855,0.07520576212442687
2021_Ref_Plot3_B12::57,2021_Ref_Plot3_B12,Field2,test,7,8,0.10364144101634826,10.25442764367319,0.039770600610662225
2021_Ref_Plot3_B12::65,2021_Ref_Plot3_B12,Field2,test,8,9,0.09751274356312985,10.471918680798328,0.035379629826270374
2021_Ref_Plot3_B12::69,2021_Ref_Plot3_B12,Field2,test,4,10,0.16336783454877848,11.706895277220406,0.0682432924129403
2021_Ref_Plot3_B12::71,2021_Ref_Plot3_B12,Field2,test,2,11,0.1523325088703618,9.53431319806964,0.10651082951501112
2021_Ref_Plot3_B12::76,2021_Ref_Plot3_B12,Field2,test,5,12,0.11930411249418411,12.513657382338238,0.012697767479141591
2021_Ref_Plot3_B12::8,2021_Ref_Plot3_B12,Field2,test,7,1,0.7390309021606463,27.710033846981155,0.2117328376737142
2021_Ref_Plot3_B12::80,2021_Ref_Plot3_B12,Field2,test,4,13,0.0623741916732784,8.41586669165224,0.016961885549696208
2021_Ref_Plot3_B12::85,2021_Ref_Plot3_B12,Field2,test,5,14,0.08763098215782007,9.358019939090047,0.027753698438867214
2021_Ref_Plot3_B17::16,2021_Ref_Plot3_B17,Field2,test,8,2,0.8192164307043684,31.706777958866354,0.36582723513362386
2021_Ref_Plot3_B17::22,2021_Ref_Plot3_B17,Field2,test,6,3,0.3751827418989044,17.982664275624806,0.137214334560859
2021_Ref_Plot3_B17::27,2021_Ref_Plot3_B17,Field2,test,5,4,0.28561930649505823,16.868639765371046,0.08303811850530916
2021_Ref_Plot3_B17::35,2021_Ref_Plot3_B17,Field2,test,8,5,0.13900225791484208,12.695243864633065,0.027510975328578293
2021_Ref_Plot3_B17::44,2021_Ref_Plot3_B17,Field2,test,9,6,0.14364187661171796,9.886975841675644,0.07509640068971145
2021_Ref_Plot3_B17::50,2021_Ref_Plot3_B17,Field2,test,6,7,0.13200626040267086,9.168888978456526,0.07689719253651175
2021_Ref_Plot3_B17::57,2021_Ref_Plot3_B17,Field2,test,7,8,0.09700315955612526,9.785132223069748,0.03523363074786815
2021_Ref_Plot3_B17::65,2021_Ref_Plot3_B17,Field2,test,8,9,0.12205984584357421,10.458318879397579,0.04335474823598885
2021_Ref_Plot3_B17::69,2021_Ref_Plot3_B17,Field2,test,4,10,0.19220131084840442,11.772198502169182,0.10842140790979744
2021_Ref_Plot3_B17::71,2021_Ref_Plot3_B17,Field2,test,2,11,0.1817947397484779,9.242499203848464,0.11509476613457849
2021_Ref_Plot3_B17::76,2021_Ref_Plot3_B17,Field2,test,5,12,0.12683733890171267,11.341568426850493,0.023233717486564855
2021_Ref_Plot3_B17::8,2021_Ref_Plot3_B17,Field2,test,7,1,0.7406466123930472,28.646283524086343,0.2275736540307587
2021_Ref_Plot3_B17::80,2021_Ref_Plot3_B17,Field2,test,4,13,0.07420299418246339,8.032594431175546,0.026510867927273536
2021_Ref_Plot3_B17::85,2021_Ref_Plot3_B17,Field2,test,5,14,0.09752694645982125,9.175860266897892,0.04750925920628769
2021_Ref_Plot3_B1::16,2021_Ref_Plot3_B1,Field2,test,8,2,0.8031365965030465,31.25658893338382,0.3386645195416829
2021_Ref_Plot3_B1::22,2021_Ref_Plot3_B1,Field2,test,6,3,0.3575540849055776,17.626993280282395,0.11629041208795082
2021_Ref_Plot3_B1::27,2021_Ref_Plot3_B1,Field2,test,5,4,0.35035724031128773,17.99165546186344,0.11413891045240403
2021_Ref_Plot3_B1::35,2021_Ref_Plot3_B1,Field2,test,8,5,0.18409836081541184,13.004158462079099,0.044365847988422774
2021_Ref_Plot3_B1::44,2021_Ref_Plot3_B1,Field2,test,9,6,0.13847487003062714,10.232627117314099,0.0493830858523847
2021_Ref_Plot3_B1::50,2021_Ref_Plot3_B1,Field2,test,6,7,0.15893880638691163,9.591255434624932,0.08303929230628619
2021_Ref_Plot3_B1::57,2021_Ref_Plot3_B1,Field2,test,7,8,0.13649267310473026,10.762421461388541,0.04926392634894142
2021_Ref_Plot3_B1::65,2021_Ref_Plot3_B1,Field2,test,8,9,0.12468856769014347,10.514521693600587,0.05019748470212892
2021_Ref_Plot3_B1::69,2021_Ref_Plot3_B1,Field2,test,4,10,0.18714945716589435,11.836754140374016,0.08478823794791078
2021_Ref_Plot3_B1::71,2021_Ref_Plot3_B1,Field2,test,2,11,0.18713958159428482,10.407966726417254,0.1463709762846381
2021_Ref_Plot3_B1::76,2021_Ref_Plot3_B1,Field2,test,5,12,0.1313598852347714,11.507444439495488,0.023433589683703383
2021_Ref_Plot3_B1::8,2021_Ref_Plot3_B1,Field2,test,7,1,0.7051838506821483,26.877804146788588,0.2088684413360888
2021_Ref_Plot3_B1::80,2021_Ref_Plot3_B1,Field2,test,4,13,0.0947455982270079,7.566384234102012,0.009689956917979164
2021_Ref_Plot3_B1::85,2021_Ref_Plot3_B1,Field2,test,5,14,0.077353322621827,8.925986321071539,0.034108621039986936
2021_Ref_Plot3_B3::16,2021_Ref_Plot3_B3,Field2,test,8,2,0.8197187148370825,31.191908664680973,0.37232655134846954
2021_Ref_Plot3_B3::22,2021_Ref_Plot3_B3,Field2,test,6,3,0.3301044966013645,17.342616420327484,0.10352895715123088
2021_Ref_Plot3_B3::27,2021_Ref_Plot3_B3,Field2,test,5,4,0.34475202506435054,17.67087453157159,0.10318201830555743
2021_Ref_Plot3_B3::35,2021_Ref_Plot3_B3,Field2,test,8,5,0.19157938067317204,13.644613506610735,0.034862129500637294
2021_Ref_Plot3_B3::44,2021_Ref_Plot3_B3,Field2,test,9,6,0.12354854257984534,9.911268993823972,0.03978171866475402
2021_Ref_Plot3_B3::50,2021_Ref_Plot3_B3,Field2,test,6,7,0.15880598754759387,9.592226795842402,0.08821566719866826
2021_Ref_Plot3_B3::57,2021_Ref_Plot3_B3,Field2,test,7,8,0.14242106885070774,11.010169296638615,0.060195363866190135
2021_Ref_Plot3_B3::65,2021_Ref_Plot3_B3,Field2,test,8,9,0.11865632120475052,10.974290752499709,0.0557192828751693
2021_Ref_Plot3_B3::69,2021_Ref_Plot3_B3,Field2,test,4,10,0.21976541840187777,12.402025252602503,0.10746592628318104
2021_Ref_Plot3_B3::71,2021_Ref_Plot3_B3,Field2,test,2,11,0.11589205977067764,8.054204976518147,0.058631823674077016
2021_Ref_Plot3_B3::76,2021_Ref_Plot3_B3,Field2,test,5,12,0.17365932717290758,12.55295223036975,0.02082824239404915
2021_Ref_Plot3_B3::8,2021_Ref_Plot3_B3,Field2,test,7,1,0.7242490264425255,27.794994925533338,0.2244143624333427
2021_Ref_Plot3_B3::80,2021_Ref_Plot3_B3,Field2,test,4,13,0.1051129737495383,8.91540398527548,0.02827452587319964
2021_Ref_Plot3_B3::85,2021_Ref_Plot3_B3,Field2,test,5,14,0.08404732742213826,8.563065410935844,0.044080179253017354
2021_Ref_Plot3_B6::16,2021_Ref_Plot3_B6,Field2,test,8,2,0.8116006189159962,31.05254932785604,0.3526776024634588
2021_Ref_Plot3_B6::22,2021_Ref_Plot3_B6,Field2,test,6,3,0.3639515970747694,17.649626350616465,0.13294871448782966
2021_Ref_Plot3_B6::27,2021_Ref_Plot3_B6,Field2,test,5,4,0.35929466148171235,17.652136781983316,0.1314964192840924
2021_Ref_Plot3_B6::35,2021_Ref_Plot3_B6,Field2,test,8,5,0.208409586545605,14.229716077044738,0.05454851235630905
2021_Ref_Plot3_B6::44,2021_Ref_Plot3_B6,Field2,test,9,6,0.13704797652545103,9.979515449147177,0.06135416505655431
2021_Ref_Plot3_B6::50,2021_Ref_Plot3_B6,Field2,test,6,7,0.19032158187314388,10.07999492742572,0.13311589404258506
2021_Ref_Plot3_B6::57,2021_Ref_Plot3_B6,Field2,test,7,8,0.12022603355402493,10.291003409728393,0.03679489183595582
2021_Ref_Plot3_B6::65,2021_Ref_Plot3_B6,Field2,test,8,9,0.13013605879363718,10.853793431851171,0.06848441655266528
2021_Ref_Plot3_B6::69,2021_Ref_Plot3_B6,Field2,test,4,10,0.2613396507192692,12.967685922077127,0.12903621748789154
2021_Ref_Plot3_B6::71,2021_Ref_Plot3_B6,Field2,test,2,11,0.16983887986157495,9.4886212137755,0.09343347026316257
2021_Ref_Plot3_B6::76,2021_Ref_Plot3_B6,Field2,test,5,12,0.19285046148897034,13.42715939941738,0.02724261390661499
2021_Ref_Plot3_B6::8,2021_Ref_Plot3_B6,Field2,test,7,1,0.7328674983913697,26.748282864317908,0.23177710516751512
2021_Ref_Plot3_B6::80,2021_Ref_Plot3_B6,Field2,test,4,13,0.08779141541104425,8.691870479912557,0.008281332505021355
2021_Ref_Plot3_B6::85,2021_Ref_Plot3_B6,Field2,test,5,14,0.11615909012962045,8.568183072567255,0.05106292224826518
2021_Ref_Plot3_B7::16,2021_Ref_Plot3_B7,Field2,test,8,2,0.7959064188381774,30.19468311563722,0.3433137829982863
2021_Ref_Plot3_B7::22,2021_Ref_Plot3_B7,Field2,test,6,3,0.3302308158369142,17.642292080367355,0.10001131056609511
2021_Ref_Plot3_B7::27,2021_Ref_Plot3_B7,Field2,test,5,4,0.34189323323022275,17.820855405994497,0.11407711425316104
2021_Ref_Plot3_B7::35,2021_Ref_Plot3_B7,Field2,test,8,5,0.1705705870224765,12.99504875692522,0.021397050384636195
2021_Ref_Plot3_B7::44,2021_Ref_Plot3_B7,Field2,test,9,6,0.12570485077128626,9.91620206700883,0.05276316837092981
2021_Ref_Plot3_B7::50,2021_Ref_Plot3_B7,Field2,test,6,7,0.16998146419142643,10.277485743933463,0.11021121310152092
2021_Ref_Plot3_B7::57,2021_Ref_Plot3_B7,Field2,test,7,8,0.10319179233829834,10.356979916255506,0.0314293071316572
2021_Ref_Plot3_B7::65,2021_Ref_Plot3_B7,Field2,test,8,9,0.1244372418852779,10.536883169744089,0.05604211783405469
2021_Ref_Plot3_B7::69,2021_Ref_Plot3_B7,Field2,test,4,10,0.23947105692843396,13.15871453099761,0.1007608233487294
2021_Ref_Plot3_B7::71,2021_Ref_Plot3_B7,Field2,test,2,11,0.1796310850429871,10.277029479827139,0.126256752329839
2021_Ref_Plot3_B7::76,2021_Ref_Plot3_B7,Field2,test,5,12,0.14262354237540514,12.955548905441777,0.0123784276092023
2021_Ref_Plot3_B7::8,2021_Ref_Plot3_B7,Field2,test,7,1,0.7419392801237863,26.6847106505503,0.23641700461878115
2021_Ref_Plot3_B7::80,2021_Ref_Plot3_B7,Field2,test,4,13,0.07431591715233084,8.433737531512355,0.012758837345307812
2021_Ref_Plot3_B7::85,2021_Ref_Plot3_B7,Field2,test,5,14,0.10683165258982376,9.801192461548972,0.0624668670456049
2021_Ref_Plot3_B8::16,2021_Ref_Plot3_B8,Field2,test,8,2,0.8113571111202232,30.909597502107843,0.3531365742770836
2021_Ref_Plot3_B8::22,2021_Ref_Plot3_B8,Field2,test,6,3,0.3353571325552503,17.718923396731093,0.10473503216386178
2021_Ref_Plot3_B8::27,2021_Ref_Plot3_B8,Field2,test,5,4,0.2914626054613465,16.887253195569677,0.08514260643023439
2021_Ref_Plot3_B8::35,2021_Ref_Plot3_B8,Field2,test,8,5,0.18025486010938474,13.484715859194338,0.037173673723264675
2021_Ref_Plot3_B8::44,2021_Ref_Plot3_B8,Field2,test,9,6,0.1201616751792647,9.606086647811537,0.034445340875330605
2021_Ref_Plot3_B8::50,2021_Ref_Plot3_B8,Field2,test,6,7,0.15780862324099662,9.397109827488851,0.08091232326363933
2021_Ref_Plot3_B8::57,2021_Ref_Plot3_B8,Field2,test,7,8,0.10006978347326968,10.682100572244131,0.02627007948439592
2021_Ref_Plot3_B8::65,2021_Ref_Plot3_B8,Field2,test,8,9,0.10848312128663473,10.19167677653578,0.04103670426652266
2021_Ref_Plot3_B8::69,2021_Ref_Plot3_B8,Field2,test,4,10,0.18146170853943658,11.967889296168062,0.07821173480292193
2021_Ref_Plot3_B8::71,2021_Ref_Plot3_B8,Field2,test,2,11,0.17296224354205336,9.343737661293064,0.12128137175625699
2021_Ref_Plot3_B8::76,2021_Ref_Plot3_B8,Field2,test,5,12,0.1222881920927696,11.432000285458244,0.016452672501180633
2021_Ref_Plot3_B8::8,2021_Ref_Plot3_B8,Field2,test,7,1,0.7359256499929566,26.91116124116439,0.2083805149227785
2021_Ref_Plot3_B8::80,2021_Ref_Plot3_B8,Field2,test,4,13,0.10517299932987684,8.970646037244009,0.03516609249115817
2021_Ref_Plot3_B8::85,2021_Ref_Plot3_B8,Field2,test,5,14,0.12028261874214972,9.107829834122995,0.06425822825400387
2021_Ref_Plot3_C15::16,2021_Ref_Plot3_C15,Field2,test,8,2,0.8010099777114026,31.23965479697678,0.37021812081183886
2021_Ref_Plot3_C15::22,2021_Ref_Plot3_C15,Field2,test,6,3,0.3535845292606627,16.664186492657258,0.12150214442838272
2021_Ref_Plot3_C15::27,2021_Ref_Plot3_C15,Field2,test,5,4,0.2936125419344151,16.581538492529255,0.09069106572317638
2021_Ref_Plot3_C15::35,2021_Ref_Plot3_C15,Field2,test,8,5,0.17292311858322787,12.52369404893322,0.05990496137742504
2021_Ref_Plot3_C15::44,2021_Ref_Plot3_C15,Field2,test,9,6,0.09518931856378775,9.185823515346938,0.044773817295368876
2021_Ref_Plot3_C15::50,2021_Ref_Plot3_C15,Field2,test,6,7,0.170533119621034,8.803025785931819,0.10258759411395812
2021_Ref_Plot3_C15::57,2021_Ref_Plot3_C15,Field2,test,7,8,0.09542052928530527,9.98393786227322,0.030701224648806848
2021_Ref_Plot3_C15::65,2021_Ref_Plot3_C15,Field2,test,8,9,0.09738975811623034,9.432834790344476,0.05001550458670114
2021_Ref_Plot3_C15::69,2021_Ref_Plot3_C15,Field2,test,4,10,0.14328645166157264,11.428003419015255,0.07356553060194117
2021_Ref_Plot3_C15::71,2021_Ref_Plot3_C15,Field2,test,2,11,0.13667260079739005,9.303898031720813,0.0932817471050045
2021_Ref_Plot3_C15::76,2021_Ref_Plot3_C15,Field2,test,5,12,0.11907849399150393,12.586177156828033,0.02399519651718033
2021_Ref_Plot3_C15::8,2021_Ref_Plot3_C15,Field2,test,7,1,0.7423100857003857,27.3212174691828,0.24960023436694337
2021_Ref_Plot3_C15::80,2021_Ref_Plot3_C15,Field2,test,4,13,0.10475411933882063,9.27738454786822,0.051208794750543664
2021_Ref_Plot3_C15::85,2021_Ref_Plot3_C15,Field2,test,5,14,0.13362287741032697,10.400210250379194,0.0651475411535556
2021_Ref_Plot3_C2::16,2021_Ref_Plot3_C2,Field2,test,8,2,0.8200929869564296,31.720122387517744,0.3960777201731826
2021_Ref_Plot3_C2::22,2021_Ref_Plot3_C2,Field2,test,6,3,0.32270981574124485,17.2170976113279,0.10696670614270236
2021_Ref_Plot3_C2::27,2021_Ref_Plot3_C2,Field2,test,5,4,0.3031273643917612,17.02697361981876,0.1035089857425272
2021_Ref_Plot3_C2::35,2021_Ref_Plot3_C2,Field2,test,8,5,0.2043935205544454,13.297197235942662,0.05503237249118185
2021_Ref_Plot3_C2::44,2021_Ref_Plot3_C2,Field2,test,9,6,0.1047730173732122,9.999775789870103,0.027175725717393715
2021_Ref_Plot3_C2::50,2021_Ref_Plot3_C2,Field2,test,6,7,0.14822371865551306,9.23116540415884,0.09432204428066297
2021_Ref_Plot3_C2::57,2021_Ref_Plot3_C2,Field2,test,7,8,0.13634068162242732,10.934973163660263,0.05505604171477285
2021_Ref_Plot3_C2::65,2021_Ref_Plot3_C2,Field2,test,8,9,0.12058814901955928,9.388045311996434,0.05939646232303239
2021_Ref_Plot3_C2::69,2021_Ref_Plot3_C2,Field2,test,4,10,0.18373270260801544,11.605098877467013,0.0769207567099534
2021_Ref_Plot3_C2::71,2021_Ref_Plot3_C2,Field2,test,2,11,0.15506895564535747,9.924216150998216,0.11399920156477925
2021_Ref_Plot3_C2::76,2021_Ref_Plot3_C2,Field2,test,5,12,0.18797154049415057,14.061392877185888,0.022025569360361805
2021_Ref_Plot3_C2::8,2021_Ref_Plot3_C2,Field2,test,7,1,0.7078091776446037,27.575190102720356,0.19699528847936773
2021_Ref_Plot3_C2::80,2021_Ref_Plot3_C2,Field2,test,4,13,0.07728902676300353,8.24019377234912,0.01661466083853577
2021_Ref_Plot3_C2::85,2021_Ref_Plot3_C2,Field2,test,5,14,0.14047964403777888,10.138171499925528,0.07294796889901282
2021_Ref_Plot3_C3::16,2021_Ref_Plot3_C3,Field2,test,8,2,0.7934431922576022,30.487569581024417,0.3731164002826526
2021_Ref_Plot3_C3::22,2021_Ref_Plot3_C3,Field2,test,6,3,0.3457385730512483,17.33951269089071,0.11825628190226405
2021_Ref_Plot3_C3::27,2021_Ref_Plot3_C3,Field2,test,5,4,0.30979780018860986,16.38884638298586,0.100276661771515
2021_Ref_Plot3_C3::35,2021_Ref_Plot3_C3,Field2,test,8,5,0.1641196321980877,12.334512236599425,0.0283324999792314
2021_Ref_Plot3_C3::44,2021_Ref_Plot3_C3,Field2,test,9,6,0.09685234721286028,9.934957208947491,0.03233568376446143
2021_Ref_Plot3_C3::50,2021_Ref_Plot3_C3,Field2,test,6,7,0.14706675036360642,9.452353381761649,0.08821428863886445
2021_Ref_Plot3_C3::57,2021_Ref_Plot3_C3,Field2,test,7,8,0.10277588258544922,10.4257973986721,0.03080065474660538
2021_Ref_Plot3_C3::65,2021_Ref_Plot3_C3,Field2,test,8,9,0.08951082886629241,9.934255609329357,0.04252358218977333
2021_Ref_Plot3_C3::69,2021_Ref_Plot3_C3,Field2,test,4,10,0.18684536646553496,12.030857813448865,0.08007280983326572
2021_Ref_Plot3_C3::71,2021_Ref_Plot3_C3,Field2,test,2,11,0.12075446342935113,9.10843226875825,0.07390600165681371
2021_Ref_Plot3_C3::76,2021_Ref_Plot3_C3,Field2,test,5,12,0.1908085243586468,12.98989590983721,0.01640708695311652
2021_Ref_Plot3_C3::8,2021_Ref_Plot3_C3,Field2,test,7,1,0.7106009894829158,27.01881121078182,0.20129873968810355
2021_Ref_Plot3_C3::80,2021_Ref_Plot3_C3,Field2,test,4,13,0.09649805817544128,9.55337842995044,0.029648949881673492
2021_Ref_Plot3_C3::85,2021_Ref_Plot3_C3,Field2,test,5,14,0.1203525521670682,10.057622449466914,0.06317975672506827
2021_Ref_Plot3_C4::16,2021_Ref_Plot3_C4,Field2,test,8,2,0.7791779675783118,29.719870373291908,0.36109780791416835
2021_Ref_Plot3_C4::22,2021_Ref_Plot3_C4,Field2,test,6,3,0.3681778016554534,17.062721978357636,0.13543124097114967
2021_Ref_Plot3_C4::27,2021_Ref_Plot3_C4,Field2,test,5,4,0.2991855963452804,15.995135074720592,0.09083964580059684
2021_Ref_Plot3_C4::35,2021_Ref_Plot3_C4,Field2,test,8,5,0.15721468747287062,11.807249362626948,0.04505533531338333
2021_Ref_Plot3_C4::44,2021_Ref_Plot3_C4,Field2,test,9,6,0.12038633340641751,9.526356913279185,0.053933271643369696
2021_Ref_Plot3_C4::50,2021_Ref_Plot3_C4,Field2,test,6,7,0.1537124696174054,9.344054768581795,0.08680169665647243
2021_Ref_Plot3_C4::57,2021_Ref_Plot3_C4,Field2,test,7,8,0.1257662164018816,11.18088538234752,0.052645942937183596
2021_Ref_Plot3_C4::65,2021_Ref_Plot3_C4,Field2,test,8,9,0.09153422243559291,9.492780055328057,0.03644986552869312
2021_Ref_Plot3_C4::69,2021_Ref_Plot3_C4,Field2,test,4,10,0.21352064105955257,11.717101412808749,0.09933898602186345
2021_Ref_Plot3_C4::71,2021_Ref_Plot3_C4,Field2,test,2,11,0.12789270439512626,8.470546418951235,0.045411260808807315
2021_Ref_Plot3_C4::76,2021_Ref_Plot3_C4,Field2,test,5,12,0.182652454998133,13.53487860138369,0.020601744893328822
2021_Ref_Plot3_C4::8,2021_Ref_Plot3_C4,Field2,test,7,1,0.7151238388109039,27.374853995364393,0.22767479998084422
2021_Ref_Plot3_C4::80,2021_Ref_Plot3_C4,Field2,test,4,13,0.11016906853808411,10.117898437321458,0.03808317838325539
2021_Ref_Plot3_C4::85,2021_Ref_Plot3_C4,Field2,test,5,14,0.11690761788665882,10.246312132219284,0.05892939366628454
2021_Ref_Plot3_D15::16,2021_Ref_Plot3_D15,Field2,test,8,2,0.781840275407825,30.87240840540501,0.3502570301989651
2021_Ref_Plot3_D15::22,2021_Ref_Plot3_D15,Field2,test,6,3,0.32653706795773274,16.981398375111965,0.10790523988212491
2021_Ref_Plot3_D15::27,2021_Ref_Plot3_D15,Field2,test,5,4,0.3265639035956507,17.516107666992067,0.12808571614112832
2021_Ref_Plot3_D15::35,2021_Ref_Plot3_D15,Field2,test,8,5,0.1656522139705969,12.763333289604786,0.02881034120481259
2021_Ref_Plot3_D15::44,2021_Ref_Plot3_D15,Field2,test,9,6,0.09244321533744408,9.786818719530014,0.02547583018180927
2021_Ref_Plot3_D15::50,2021_Ref_Plot3_D15,Field2,test,6,7,0.14550035642126813,8.832731419307054,0.08300236867431558
2021_Ref_Plot3_D15::57,2021_Ref_Plot3_D15,Field2,test,7,8,0.10716817872531707,11.064343232325882,0.04060074834907864
2021_Ref_Plot3_D15::65,2021_Ref_Plot3_D15,Field2,test,8,9,0.08801277273203233,8.829664929001463,0.05314669779067694
2021_Ref_Plot3_D15::69,2021_Ref_Plot3_D15,Field2,test,4,10,0.14854840353534776,11.73867278002517,0.06639611884086917
2021_Ref_Plot3_D15::71,2021_Ref_Plot3_D15,Field2,test,2,11,0.12945470206592358,9.755369496953913,0.08481523647256503
2021_Ref_Plot3_D15::76,2021_Ref_Plot3_D15,Field2,test,5,12,0.1356600760879739,12.937528732743413,0.018066313184873024
2021_Ref_Plot3_D15::8,2021_Ref_Plot3_D15,Field2,test,7,1,0.7141471782962096,27.776446168621316,0.19721095995344218
2021_Ref_Plot3_D15::80,2021_Ref_Plot3_D15,Field2,test,4,13,0.06795028524602756,8.771893438800308,0.0031693617536589246
2021_Ref_Plot3_D15::85,2021_Ref_Plot3_D15,Field2,test,5,14,0.14734130830860256,10.595076381262292,0.06546288544203356
2021_Ref_Plot3_D19::16,2021_Ref_Plot3_D19,Field2,test,8,2,0.7798338077287564,30.57953622107175,0.38451567365033906
2021_Ref_Plot3_D19::22,2021_Ref_Plot3_D19,Field2,test,6,3,0.3257905480282234,17.071595618899472,0.12019815064043127
2021_Ref_Plot3_D19::27,2021_Ref_Plot3_D19,Field2,test,5,4,0.258936709094476,16.804750403819774,0.07952031855230378
2021_Ref_Plot3_D19::35,2021_Ref_Plot3_D19,Field2,test,8,5,0.1714786811396406,12.92840633807838,0.04793588241420821
2021_Ref_Plot3_D19::44,2021_Ref_Plot3_D19,Field2,test,9,6,0.10867849108832354,9.69467778947912,0.031379472167145185
2021_Ref_Plot3_D19::50,2021_Ref_Plot3_D19,Field2,test,6,7,0.13428683899707514,8.647827071524286,0.06386970555123828
2021_Ref_Plot3_D19::57,2021_Ref_Plot3_D19,Field2,test,7,8,0.08956118401259756,10.307482083769155,0.015707870313744998
2021_Ref_Plot3_D19::65,2021_Ref_Plot3_D19,Field2,test,8,9,0.11517811282044332,9.329185133182035,0.06464686875518591
2021_Ref_Plot3_D19::69,2021_Ref_Plot3_D19,Field2,test,4,10,0.20055778641094676,12.378511579335962,0.10259522448751836
2021_Ref_Plot3_D19::71,2021_Ref_Plot3_D19,Field2,test,2,11,0.12407154017222465,8.809180966250164,0.07469522459202582
2021_Ref_Plot3_D19::76,2021_Ref_Plot3_D19,Field2,test,5,12,0.0927018433727916,10.901422426285839,0.015597323091477846
2021_Ref_Plot3_D19::8,2021_Ref_Plot3_D19,Field2,test,7,1,0.6947232451977124,26.202141149319267,0.21611592480062253
2021_Ref_Plot3_D19::80,2021_Ref_Plot3_D19,Field2,test,4,13,0.07004133189065245,9.270317241316178,0.015707871682906882
2021_Ref_Plot3_D19::85,2021_Ref_Plot3_D19,Field2,test,5,14,0.11252009302598183,9.846955947978897,0.06253120552364837
2021_Ref_Plot3_D1::16,2021_Ref_Plot3_D1,Field2,test,8,2,0.7878194787499287,30.888892309831228,0.3629803553888487
2021_Ref_Plot3_D1::22,2021_Ref_Plot3_D1,Field2,test,6,3,0.3106024879362789,17.089393290105058,0.09795284114637358
2021_Ref_Plot3_D1::27,2021_Ref_Plot3_D1,Field2,test,5,4,0.3182760340094059,17.378996933913633,0.10740946041324101
2021_Ref_Plot3_D1::35,2021_Ref_Plot3_D1,Field2,test,8,5,0.15237977645552792,12.975255622427294,0.021268301281901693
2021_Ref_Plot3_D1::44,2021_Ref_Plot3_D1,Field2,test,9,6,0.12102581793314177,10.598556538734096,0.03213144010085826
2021_Ref_Plot3_D1::50,2021_Ref_Plot3_D1,Field2,test,6,7,0.14183083301566693,9.180939166396302,0.0787145418561798
2021_Ref_Plot3_D1::57,2021_Ref_Plot3_D1,Field2,test,7,8,0.1345646091025615,11.332888089570854,0.04003469764104537
2021_Ref_Plot3_D1::65,2021_Ref_Plot3_D1,Field2,test,8,9,0.09453596108424826,8.957909622514657,0.03297600955346092
2021_Ref_Plot3_D1::69,2021_Ref_Plot3_D1,Field2,test,4,10,0.18806687912172915,12.402109983216471,0.07901089857412802
2021_Ref_Plot3_D1::71,2021_Ref_Plot3_D1,Field2,test,2,11,0.16253337087167521,8.69441034358797,0.11391901607340388
2021_Ref_Plot3_D1::76,2021_Ref_Plot3_D1,Field2,test,5,12,0.16178386732054284,14.993433017160555,0.04511189454432969
2021_Ref_Plot3_D1::8,2021_Ref_Plot3_D1,Field2,test,7,1,0.705971009665689,26.908970593706133,0.1828295237166445
2021_Ref_Plot3_D1::80,2021_Ref_Plot3_D1,Field2,test,4,13,0.07605980307873757,7.96045682828561,0.03224258630219609
2021_Ref_Plot3_D1::85,2021_Ref_Plot3_D1,Field2,test,5,14,0.10223439048529258,8.750105077099251,0.037849444962570346
2021_Ref_Plot3_D20::16,2021_Ref_Plot3_D20,Field2,test,8,2,0.799238152733384,30.667892129190143,0.4059440102743663
2021_Ref_Plot3_D20::22,2021_Ref_Plot3_D20,Field2,test,6,3,0.310809762107791,16.726772101998375,0.11634456235590067
2021_Ref_Plot3_D20::27,2021_Ref_Plot3_D20,Field2,test,5,4,0.2505765778102764,16.8234234076237,0.07661645433565838
2021_Ref_Plot3_D20::35,2021_Ref_Plot3_D20,Field2,test,8,5,0.15707842242169745,12.824934049475223,0.02850691997438322
2021_Ref_Plot3_D20::44,2021_Ref_Plot3_D20,Field2,test,9,6,0.10147953892064,9.748660823242124,0.016981232363391018
2021_Ref_Plot3_D20::50,2021_Ref_Plot3_D20,Field2,test,6,7,0.12984637169005459,8.64678461800483,0.0705404021502708
2021_Ref_Plot3_D20::57,2021_Ref_Plot3_D20,Field2,test,7,8,0.08891735848863443,10.737537232106911,0.019797454528891503
2021_Ref_Plot3_D20::65,2021_Ref_Plot3_D20,Field2,test,8,9,0.11325864749467694,9.144025576820333,0.06132983069470157
2021_Ref_Plot3_D20::69,2021_Ref_Plot3_D20,Field2,test,4,10,0.1912432381826675,12.626779947034606,0.08464009663259063
2021_Ref_Plot3_D20::71,2021_Ref_Plot3_D20,Field2,test,2,11,0.12449905814247732,8.778196766472679,0.09643529705241569
2021_Ref_Plot3_D20::76,2021_Ref_Plot3_D20,Field2,test,5,12,0.13506021716278196,12.703169714640477,0.036629806921593094
2021_Ref_Plot3_D20::8,2021_Ref_Plot3_D20,Field2,test,7,1,0.7207115036162571,26.398526138805885,0.22250972224083246
2021_Ref_Plot3_D20::80,2021_Ref_Plot3_D20,Field2,test,4,13,0.06232946718111801,8.05545549595699,0.007882789492963478
2021_Ref_Plot3_D20::85,2021_Ref_Plot3_D20,Field2,test,5,14,0.11001963496290564,9.689326190949425,0.05984199257881694
2021_Ref_Plot3_E11::16,2021_Ref_Plot3_E11,Field2,test,8,2,0.733802588958568,29.653867040341602,0.29665044156664655
2021_Ref_Plot3_E11::22,2021_Ref_Plot3_E11,Field2,test,6,3,0.3101148503654157,16.86696456588546,0.09840896018084971
2021_Ref_Plot3_E11::27,2021_Ref_Plot3_E11,Field2,test,5,4,0.25796732257228705,16.61395936160806,0.07797651468374857
2021_Ref_Plot3_E11::35,2021_Ref_Plot3_E11,Field2,test,8,5,0.16716262235045598,12.594917870789589,0.058467907722534386
2021_Ref_Plot3_E11::44,2021_Ref_Plot3_E11,Field2,test,9,6,0.09431968275772178,10.60911559527813,0.030827667021568108
2021_Ref_Plot3_E11::50,2021_Ref_Plot3_E11,Field2,test,6,7,0.1391757008142591,9.363279338503201,0.08723128768908282
2021_Ref_Plot3_E11::57,2021_Ref_Plot3_E11,Field2,test,7,8,0.10317864514065966,11.27367477848785,0.027355129044338178
2021_Ref_Plot3_E11::65,2021_Ref_Plot3_E11,Field2,test,8,9,0.09181913983388486,9.180257829580933,0.04141242261935607
2021_Ref_Plot3_E11::69,2021_Ref_Plot3_E11,Field2,test,4,10,0.1695998115686511,12.60155344335531,0.07702305453560782
2021_Ref_Plot3_E11::71,2021_Ref_Plot3_E11,Field2,test,2,11,0.10704139205222148,7.207283871955634,0.03052257678363143
2021_Ref_Plot3_E11::76,2021_Ref_Plot3_E11,Field2,test,5,12,0.1228523273410933,11.68949075469683,0.015709319319880326
2021_Ref_Plot3_E11::8,2021_Ref_Plot3_E11,Field2,test,7,1,0.6634269588819071,27.382226887087207,0.1555727134776909
2021_Ref_Plot3_E11::80,2021_Ref_Plot3_E11,Field2,test,4,13,0.060030785042474694,9.362714005382621,0.011816043103425662
2021_Ref_Plot3_E11::85,2021_Ref_Plot3_E11,Field2,test,5,14,0.0886596132327832,10.225416323949304,0.04483905735192889
2021_Ref_Plot4_A7::16,2021_Ref_Plot4_A7,Field2,test,8,2,0.8007298991152577,30.397463213762688,0.3726992969319061
2021_Ref_Plot4_A7::22,2021_Ref_Plot4_A7,Field2,test,6,3,0.3248375268768855,17.32262197487945,0.10793209882834588
2021_Ref_Plot4_A7::27,2021_Ref_Plot4_A7,Field2,test,5,4,0.45414305000427224,19.470839444057834,0.16741029293596418
2021_Ref_Plot4_A7::35,2021_Ref_Plot4_A7,Field2,test,8,5,0.19831860418170086,15.336800037310308,0.02938888249473345
2021_Ref_Plot4_A7::44,2021_Ref_Plot4_A7,Field2,test,9,6,0.15181692374915956,9.516442755003352,0.025891775494983324
2021_Ref_Plot4_A7::50,2021_Ref_Plot4_A7,Field2,test,6,7,0.14184039740785434,9.167366014070822,0.08051912846972054
2021_Ref_Plot4_A7::57,2021_Ref_Plot4_A7,Field2,test,7,8,0.12221171866775017,8.535513757974227,0.05821766506807147
2021_Ref_Plot4_A7::65,2021_Ref_Plot4_A7,Field2,test,8,9,0.14365229496358062,11.353331188249056,0.05162462407785442
2021_Ref_Plot4_A7::69,2021_Ref_Plot4_A7,Field2,test,4,10,0.18059684300527212,12.219011636985266,0.10565985682371452
2021_Ref_Plot4_A7::71,2021_Ref_Plot4_A7,Field2,test,2,11,0.16095783360187096,8.8910590658179,0.09701360044700183
2021_Ref_Plot4_A7::76,2021_Ref_Plot4_A7,Field2,test,5,12,0.12930157305163195,12.277505314010785,0.009077341766482401
2021_Ref_Plot4_A7::8,2021_Ref_Plot4_A7,Field2,test,7,1,0.74036182252792,27.109643067437208,0.22781520088813453
2021_Ref_Plot4_A7::80,2021_Ref_Plot4_A7,Field2,test,4,13,0.11566363324238686,8.852517449942598,0.03404740168797382
2021_Ref_Plot4_A7::85,2021_Ref_Plot4_A7,Field2,test,5,14,0.10760644266801152,9.394414072248107,0.05500674262683977
2021_Ref_Plot4_B11::16,2021_Ref_Plot4_B11,Field2,test,8,2,0.850450389324763,32.407488780180856,0.42200407026928505
2021_Ref_Plot4_B11::22,2021_Ref_Plot4_B11,Field2,test,6,3,0.36662058416832793,17.753353012604038,0.14243982129770152
2021_Ref_Plot4_B11::27,2021_Ref_Plot4_B11,Field2,test,5,4,0.4012478237164616,18.602527806641476,0.1444623250412282
2021_Ref_Plot4_B11::35,2021_Ref_Plot4_B11,Field2,test,8,5,0.21283000216573364,15.606770774493333,0.030243448396055386
2021_Ref_Plot4_B11::44,2021_Ref_Plot4_B11,Field2,test,9,6,0.17118230423593092,10.900980766034568,0.05892560672648766
2021_Ref_Plot4_B11::50,2021_Ref_Plot4_B11,Field2,test,6,7,0.15597678554787955,9.356598742265351,0.07582202759354328
2021_Ref_Plot4_B11::57,2021_Ref_Plot4_B11,Field2,test,7,8,0.12759648655305994,9.41034041224861,0.05497951994934929
2021_Ref_Plot4_B11::65,2021_Ref_Plot4_B11,Field2,test,8,9,0.14091868628551482,11.618506961676927,0.04765373797805466
2021_Ref_Plot4_B11::69,2021_Ref_Plot4_B11,Field2,test,4,10,0.23178236296719287,12.606550774628891,0.09766833632617214
2021_Ref_Plot4_B11::71,2021_Ref_Plot4_B11,Field2,test,2,11,0.1527553233187827,8.862418105356918,0.08083897191090711
2021_Ref_Plot4_B11::76,2021_Ref_Plot4_B11,Field2,test,5,12,0.12599987741934057,13.352954946067682,0.02326558535806655
2021_Ref_Plot4_B11::8,2021_Ref_Plot4_B11,Field2,test,7,1,0.7514664403666361,27.44777158172225,0.21294757627743865
2021_Ref_Plot4_B11::80,2021_Ref_Plot4_B11,Field2,test,4,13,0.06906484756538116,8.346109749627978,0.015388550966988825
2021_Ref_Plot4_B11::85,2021_Ref_Plot4_B11,Field2,test,5,14,0.10372094326299326,8.379601257041406,0.03902653001459972
2021_Ref_Plot4_B12::16,2021_Ref_Plot4_B12,Field2,test,8,2,0.8238447132376109,31.25921842395094,0.3932563315990114
2021_Ref_Plot4_B12::22,2021_Ref_Plot4_B12,Field2,test,6,3,0.34978421472844773,17.703152177350844,0.13056217738926282
2021_Ref_Plot4_B12::27,2021_Ref_Plot4_B12,Field2,test,5,4,0.4094543660259354,18.49705649706463,0.16105911660334676
2021_Ref_Plot4_B12::35,2021_Ref_Plot4_B12,Field2,test,8,5,0.19824228107863587,15.439857411316725,0.025720321844286742
2021_Ref_Plot4_B12::44,2021_Ref_Plot4_B12,Field2,test,9,6,0.16768417242107406,10.653167515505967,0.04718058532156328
2021_Ref_Plot4_B12::50,2021_Ref_Plot4_B12,Field2,test,6,7,0.18822838529083627,10.061061720159227,0.09758256711410845
2021_Ref_Plot4_B12::57,2021_Ref_Plot4_B12,Field2,test,7,8,0.14811162571984007,10.089697583577852,0.05787336595533435
2021_Ref_Plot4_B12::65,2021_Ref_Plot4_B12,Field2,test,8,9,0.10007420731243703,11.037940562306456,0.024496473404348965
2021_Ref_Plot4_B12::69,2021_Ref_Plot4_B12,Field2,test,4,10,0.22118606912709213,12.583797145527953,0.07568215065704174
2021_Ref_Plot4_B12::71,2021_Ref_Plot4_B12,Field2,test,2,11,0.17532485944336243,9.789892341737774,0.10278638274637923
2021_Ref_Plot4_B12::76,2021_Ref_Plot4_B12,Field2,test,5,12,0.13280600287350838,13.246194182049216,0.0347749069180008
2021_Ref_Plot4_B12::8,2021_Ref_Plot4_B12,Field2,test,7,1,0.7373038111348885,27.225062418756075,0.22446266790131356
2021_Ref_Plot4_B12::80,2021_Ref_Plot4_B12,Field2,test,4,13,0.1164413733337839,8.726982828732334,0.0286071316150201
2021_Ref_Plot4_B12::85,2021_Ref_Plot4_B12,Field2,test,5,14,0.1034131900555401,7.2206753769137855,0.03085494511441332
2021_Ref_Plot4_B13::16,2021_Ref_Plot4_B13,Field2,test,8,2,0.8173338856702261,31.079015410578293,0.37274296632440346
2021_Ref_Plot4_B13::22,2021_Ref_Plot4_B13,Field2,test,6,3,0.3275464162251068,17.560346371448105,0.11008909301553173
2021_Ref_Plot4_B13::27,2021_Ref_Plot4_B13,Field2,test,5,4,0.38648527991604414,17.92210065131603,0.14732731038650226
2021_Ref_Plot4_B13::35,2021_Ref_Plot4_B13,Field2,test,8,5,0.17875229772512713,14.408605682863808,0.02511937989950087
2021_Ref_Plot4_B13::44,2021_Ref_Plot4_B13,Field2,test,9,6,0.1265303813889135,9.648154576666187,0.03701356111615331
2021_Ref_Plot4_B13::50,2021_Ref_Plot4_B13,Field2,test,6,7,0.14517353157604904,9.410184489927381,0.07585996297701086
2021_Ref_Plot4_B13::57,2021_Ref_Plot4_B13,Field2,test,7,8,0.12033504726101106,9.429171164657928,0.04339513624473488
2021_Ref_Plot4_B13::65,2021_Ref_Plot4_B13,Field2,test,8,9,0.08780953683157215,10.541824581099132,0.026505787745301053
2021_Ref_Plot4_B13::69,2021_Ref_Plot4_B13,Field2,test,4,10,0.19614625062826285,11.851268114432326,0.07946578276556197
2021_Ref_Plot4_B13::71,2021_Ref_Plot4_B13,Field2,test,2,11,0.15944258666894615,10.292736836752798,0.1035422398280181
2021_Ref_Plot4_B13::76,2021_Ref_Plot4_B13,Field2,test,5,12,0.11246904714932109,11.955810682717287,0.017487863573091414
2021_Ref_Plot4_B13::8,2021_Ref_Plot4_B13,Field2,test,7,1,0.7368843074464669,27.258182306244745,0.23284879313821494
2021_Ref_Plot4_B13::80,2021_Ref_Plot4_B13,Field2,test,4,13,0.07671173662790877,8.110336543202795,0.015880005508049518
2021_Ref_Plot4_B13::85,2021_Ref_Plot4_B13,Field2,test,5,14,0.10268490484563607,8.40845470079781,0.03998561275290753
2021_Ref_Plot4_B15::16,2021_Ref_Plot4_B15,Field2,test,8,2,0.8315081862639792,31.19979349401488,0.38546034184752287
2021_Ref_Plot4_B15::22,2021_Ref_Plot4_B15,Field2,test,6,3,0.36341364541235893,17.830047610744263,0.1417801061025253
2021_Ref_Plot4_B15::27,2021_Ref_Plot4_B15,Field2,test,5,4,0.3498218163642542,17.26191198948972,0.1209232717441406
2021_Ref_Plot4_B15::35,2021_Ref_Plot4_B15,Field2,test,8,5,0.17962213978659694,14.02941161768862,0.027648125790942904
2021_Ref_Plot4_B15::44,2021_Ref_Plot4_B15,Field2,test,9,6,0.12127389290493651,8.763927856348245,0.03149223063632423
2021_Ref_Plot4_B15::50,2021_Ref_Plot4_B15,Field2,test,6,7,0.13618573384165633,8.868002316449896,0.07429982004701453
2021_Ref_Plot4_B15::57,2021_Ref_Plot4_B15,Field2,test,7,8,0.13406317607332882,9.898130999318631,0.05534477535772878
2021_Ref_Plot4_B15::65,2021_Ref_Plot4_B15,Field2,test,8,9,0.12475115016589815,11.15146382804834,0.04853677840611392
2021_Ref_Plot4_B15::69,2021_Ref_Plot4_B15,Field2,test,4,10,0.23000336059131446,12.999100983026025,0.11862346247371713
2021_Ref_Plot4_B15::71,2021_Ref_Plot4_B15,Field2,test,2,11,0.18020903760733756,10.178788048355214,0.11109308273247485
2021_Ref_Plot4_B15::76,2021_Ref_Plot4_B15,Field2,test,5,12,0.11812457738775839,12.022261882600159,0.017856313732722395
2021_Ref_Plot4_B15::8,2021_Ref_Plot4_B15,Field2,test,7,1,0.77055165055521,27.974836956086264,0.2350216477366228
2021_Ref_Plot4_B15::80,2021_Ref_Plot4_B15,Field2,test,4,13,0.08999220681009236,8.67931227196898,0.01258427078561547
2021_Ref_Plot4_B15::85,2021_Ref_Plot4_B15,Field2,test,5,14,0.10539374979242681,9.218731841482139,0.03400546242246209
2021_Ref_Plot4_B16::16,2021_Ref_Plot4_B16,Field2,test,8,2,0.8500000089038459,32.407203162891676,0.4181296128734903
2021_Ref_Plot4_B16::22,2021_Ref_Plot4_B16,Field2,test,6,3,0.362837092580418,18.088832389157123,0.1302479519375805
2021_Ref_Plot4_B16::27,2021_Ref_Plot4_B16,Field2,test,5,4,0.3832453445485126,18.0941812392974,0.13394103934999893
2021_Ref_Plot4_B16::35,2021_Ref_Plot4_B16,Field2,test,8,5,0.2018973023381254,14.199588395028135,0.039235482181089375
2021_Ref_Plot4_B16::44,2021_Ref_Plot4_B16,Field2,test,9,6,0.12221217800102524,9.326242549580803,0.031011159392977557
2021_Ref_Plot4_B16::50,2021_Ref_Plot4_B16,Field2,test,6,7,0.10318427074520438,8.561880767618558,0.05372950001596486
2021_Ref_Plot4_B16::57,2021_Ref_Plot4_B16,Field2,test,7,8,0.10612814869373305,9.308324955719034,0.04514189921932364
2021_Ref_Plot4_B16::65,2021_Ref_Plot4_B16,Field2,test,8,9,0.10596746970825871,10.789539303680032,0.02422396906730264
2021_Ref_Plot4_B16::69,2021_Ref_Plot4_B16,Field2,test,4,10,0.19105176570398794,12.578609284968639,0.07921413980015686
2021_Ref_Plot4_B16::71,2021_Ref_Plot4_B16,Field2,test,2,11,0.14522276570141784,9.486847555187975,0.08713034967899878
2021_Ref_Plot4_B16::76,2021_Ref_Plot4_B16,Field2,test,5,12,0.13588931691044617,14.23582105665834,0.020311675845870413
2021_Ref_Plot4_B16::8,2021_Ref_Plot4_B16,Field2,test,7,1,0.7595030638579475,27.411903041239725,0.22835328431598587
2021_Ref_Plot4_B16::80,2021_Ref_Plot4_B16,Field2,test,4,13,0.09611086323454648,8.097165893979355,0.03829937717117921
2021_Ref_Plot4_B16::85,2021_Ref_Plot4_B16,Field2,test,5,14,0.09079920491185067,9.091853401114038,0.037892549427915596
2021_Ref_Plot4_B17::16,2021_Ref_Plot4_B17,Field2,test,8,2,0.8443309555640518,31.830989824274553,0.41683839150504026
2021_Ref_Plot4_B17::22,2021_Ref_Plot4_B17,Field2,test,6,3,0.3520760030504025,18.09997740907945,0.12749269245589048
2021_Ref_Plot4_B17::27,2021_Ref_Plot4_B17,Field2,test,5,4,0.3659067162418881,18.005845015687058,0.1286016370730687
2021_Ref_Plot4_B17::35,2021_Ref_Plot4_B17,Field2,test,8,5,0.17654959793292038,13.64868675328528,0.03313214686374985
2021_Ref_Plot4_B17::44,2021_Ref_Plot4_B17,Field2,test,9,6,0.13563633425122743,9.24384402023856,0.044348650167969114
2021_Ref_Plot4_B17::50,2021_Ref_Plot4_B17,Field2,test,6,7,0.13867901122993756,9.454642487415972,0.07667290611749007
2021_Ref_Plot4_B17::57,2021_Ref_Plot4_B17,Field2,test,7,8,0.10458576442382757,9.4700595228852,0.03663408199797187
2021_Ref_Plot4_B17::65,2021_Ref_Plot4_B17,Field2,test,8,9,0.09078685448454733,10.49923144234607,0.010336365889496808
2021_Ref_Plot4_B17::69,2021_Ref_Plot4_B17,Field2,test,4,10,0.1521236853393251,11.867308591426227,0.05423899465046599
2021_Ref_Plot4_B17::71,2021_Ref_Plot4_B17,Field2,test,2,11,0.1737121569088578,9.758736226847843,0.11531853006212468
2021_Ref_Plot4_B17::76,2021_Ref_Plot4_B17,Field2,test,5,12,0.13829719988059933,13.834275576055093,0.02231321070344421
2021_Ref_Plot4_B17::8,2021_Ref_Plot4_B17,Field2,test,7,1,0.7417951475281779,26.63566071773051,0.21810894590635224
2021_Ref_Plot4_B17::80,2021_Ref_Plot4_B17,Field2,test,4,13,0.07156535905418128,7.947630986120277,0.018017604987849965
2021_Ref_Plot4_B17::85,2021_Ref_Plot4_B17,Field2,test,5,14,0.09565033532374394,9.452582378493618,0.048019072648391836
2021_Ref_Plot4_C4::16,2021_Ref_Plot4_C4,Field2,test,8,2,0.81815798306339,31.011759066360455,0.3974270818168464
2021_Ref_Plot4_C4::22,2021_Ref_Plot4_C4,Field2,test,6,3,0.33581906618436436,17.550115488928444,0.11931298741544116
2021_Ref_Plot4_C4::27,2021_Ref_Plot4_C4,Field2,test,5,4,0.365989626238659,17.246368574377744,0.14243178311425245
2021_Ref_Plot4_C4::35,2021_Ref_Plot4_C4,Field2,test,8,5,0.22994766727099436,15.484864412130538,0.049889428053512444
2021_Ref_Plot4_C4::44,2021_Ref_Plot4_C4,Field2,test,9,6,0.1308737215850468,9.740875040427854,0.053687675173296895
2021_Ref_Plot4_C4::50,2021_Ref_Plot4_C4,Field2,test,6,7,0.16491653264355666,9.896920389471607,0.10957036732426155
2021_Ref_Plot4_C4::57,2021_Ref_Plot4_C4,Field2,test,7,8,0.14589216201214616,10.05494840903286,0.06670453656922012
2021_Ref_Plot4_C4::65,2021_Ref_Plot4_C4,Field2,test,8,9,0.14728734607986968,11.308109589436263,0.04734391006850766
2021_Ref_Plot4_C4::69,2021_Ref_Plot4_C4,Field2,test,4,10,0.20292907817991246,12.785600728716144,0.10242056831857496
2021_Ref_Plot4_C4::71,2021_Ref_Plot4_C4,Field2,test,2,11,0.1250940809252449,8.734218990439249,0.06602812058511863
2021_Ref_Plot4_C4::76,2021_Ref_Plot4_C4,Field2,test,5,12,0.1409845820336468,13.471003092317787,0.014979646114635812
2021_Ref_Plot4_C4::8,2021_Ref_Plot4_C4,Field2,test,7,1,0.7479894804016013,26.787900576433543,0.23510726601526394
2021_Ref_Plot4_C4::80,2021_Ref_Plot4_C4,Field2,test,4,13,0.07845461505467465,8.437628035177363,0.014994248099879589
2021_Ref_Plot4_C4::85,2021_Ref_Plot4_C4,Field2,test,5,14,0.07928233936914775,9.95623141098086,0.028843998785801957
2021_Ref_Plot4_D11::16,2021_Ref_Plot4_D11,Field2,test,8,2,0.8227660289445037,31.72746224751842,0.42468992909970854
2021_Ref_Plot4_D11::22,2021_Ref_Plot4_D11,Field2,test,6,3,0.3303888650290134,17.684504900219093,0.12565313923279217
2021_Ref_Plot4_D11::27,2021_Ref_Plot4_D11,Field2,test,5,4,0.3666035205675164,17.739127219594558,0.15697671103891386
2021_Ref_Plot4_D11::35,2021_Ref_Plot4_D11,Field2,test,8,5,0.2049281953754772,15.187500391688706,0.04442355672108168
2021_Ref_Plot4_D11::44,2021_Ref_Plot4_D11,Field2,test,9,6,0.13222838251435945,9.720327328622872,0.04332516522534087
2021_Ref_Plot4_D11::50,2021_Ref_Plot4_D11,Field2,test,6,7,0.13858663140927777,9.797533176361084,0.08128614282199793
2021_Ref_Plot4_D11::57,2021_Ref_Plot4_D11,Field2,test,7,8,0.10599461385933974,10.291498421314556,0.019781462981212052
2021_Ref_Plot4_D11::65,2021_Ref_Plot4_D11,Field2,test,8,9,0.07162132007011808,8.95915786795088,0.03155297115846455
2021_Ref_Plot4_D11::69,2021_Ref_Plot4_D11,Field2,test,4,10,0.2187607487696491,13.31571913977702,0.07630535535726984
2021_Ref_Plot4_D11::71,2021_Ref_Plot4_D11,Field2,test,2,11,0.13043196319089753,8.89518092418143,0.08115954283852708
2021_Ref_Plot4_D11::76,2021_Ref_Plot4_D11,Field2,test,5,12,0.19234908363740602,14.018606444682506,0.05222531943835951
2021_Ref_Plot4_D11::8,2021_Ref_Plot4_D11,Field2,test,7,1,0.7306056321111777,28.051948695178325,0.2330125106932625
2021_Ref_Plot4_D11::80,2021_Ref_Plot4_D11,Field2,test,4,13,0.11392662454246456,8.603950870955977,0.052390403751487964
2021_Ref_Plot4_D11::85,2021_Ref_Plot4_D11,Field2,test,5,14,0.17010004138340404,10.69991226074852,0.07177972406970687
2021_Ref_Plot4_D6::16,2021_Ref_Plot4_D6,Field2,test,8,2,0.7835972468616449,30.30118685458616,0.37350572536907484
2021_Ref_Plot4_D6::22,2021_Ref_Plot4_D6,Field2,test,6,3,0.2926390869576303,16.940109300281467,0.10944292116455895
2021_Ref_Plot4_D6::27,2021_Ref_Plot4_D6,Field2,test,5,4,0.3822053027149808,17.10865468242848,0.17454434460568713
2021_Ref_Plot4_D6::35,2021_Ref_Plot4_D6,Field2,test,8,5,0.19027769778065162,15.444146390623448,0.019967678218264073
2021_Ref_Plot4_D6::44,2021_Ref_Plot4_D6,Field2,test,9,6,0.09943470566409444,9.137928287955047,0.03720080173097175
2021_Ref_Plot4_D6::50,2021_Ref_Plot4_D6,Field2,test,6,7,0.13669197415880485,9.389088995342117,0.08175386471284843
2021_Ref_Plot4_D6::57,2021_Ref_Plot4_D6,Field2,test,7,8,0.15377577608380888,11.161232767203197,0.03521162812850481
2021_Ref_Plot4_D6::65,2021_Ref_Plot4_D6,Field2,test,8,9,0.08346736966348058,9.957348724007177,0.03269019887216086
2021_Ref_Plot4_D6::69,2021_Ref_Plot4_D6,Field2,test,4,10,0.16822482584508136,12.69867546703204,0.07419356474855826
2021_Ref_Plot4_D6::71,2021_Ref_Plot4_D6,Field2,test,2,11,0.12857663888550894,9.170691621069837,0.07494982990744996
2021_Ref_Plot4_D6::76,2021_Ref_Plot4_D6,Field2,test,5,12,0.18816575631701507,14.782239999879888,0.05308034672307561
2021_Ref_Plot4_D6::8,2021_Ref_Plot4_D6,Field2,test,7,1,0.7119511201640152,27.729866634651255,0.22561032464025607
2021_Ref_Plot4_D6::80,2021_Ref_Plot4_D6,Field2,test,4,13,0.08141359429638087,8.39945111155604,0.02149088211473619
2021_Ref_Plot4_D6::85,2021_Ref_Plot4_D6,Field2,test,5,14,0.08379651042548386,9.383204944214425,0.03772116977901285
2021_Ref_Plot5_A17::16,2021_Ref_Plot5_A17,Field2,test,8,2,0.7939362742029391,31.020700230615233,0.34428104363333056
2021_Ref_Plot5_A17::22,2021_Ref_Plot5_A17,Field2,test,6,3,0.32809322279995917,18.69176838520168,0.10784353159804407
2021_Ref_Plot5_A17::27,2021_Ref_Plot5_A17,Field2,test,5,4,0.3302944873638997,18.221849489888594,0.11592400099977973
2021_Ref_Plot5_A17::35,2021_Ref_Plot5_A17,Field2,test,8,5,0.1240036884481343,12.488022777676171,0.017918882294429127
2021_Ref_Plot5_A17::44,2021_Ref_Plot5_A17,Field2,test,9,6,0.10189180962320711,10.250654835738803,0.029157127898810965
2021_Ref_Plot5_A17::50,2021_Ref_Plot5_A17,Field2,test,6,7,0.13312758801556127,8.640806589195154,0.05918723641993537
2021_Ref_Plot5_A17::69,2021_Ref_Plot5_A17,Field2,test,4,9,0.16024955044125597,12.371951170474173,0.06971759211625576
2021_Ref_Plot5_A17::71,2021_Ref_Plot5_A17,Field2,test,2,10,0.15870242980676222,9.071123753820205,0.10998512338947286
2021_Ref_Plot5_A17::76,2021_Ref_Plot5_A17,Field2,test,5,11,0.15798265916061008,14.182729795230815,0.028022954168789617
2021_Ref_Plot5_A17::8,2021_Ref_Plot5_A17,Field2,test,7,1,0.7293136720491119,27.872326025566615,0.20556794244251217
2021_Ref_Plot5_A17::80,2021_Ref_Plot5_A17,Field2,test,4,12,0.1435288562034824,8.785619482370121,0.04872961027333379
2021_Ref_Plot5_A17::85,2021_Ref_Plot5_A17,Field2,test,5,13,0.08704188163526566,8.301569381760325,0.037733878327788115
2021_Ref_Plot5_A19::16,2021_Ref_Plot5_A19,Field2,test,8,2,0.8194347480773939,31.272338812328826,0.3585931363991969
2021_Ref_Plot5_A19::22,2021_Ref_Plot5_A19,Field2,test,6,3,0.35569269371795675,19.040400025442505,0.10863244823427767
2021_Ref_Plot5_A19::27,2021_Ref_Plot5_A19,Field2,test,5,4,0.3351328937364178,18.634812530809405,0.07767275704045666
2021_Ref_Plot5_A19::35,2021_Ref_Plot5_A19,Field2,test,8,5,0.14182208598140997,13.271944279707867,0.033905185098151366
2021_Ref_Plot5_A19::44,2021_Ref_Plot5_A19,Field2,test,9,6,0.12483561154222815,10.576448871064423,0.034590123292476585
2021_Ref_Plot5_A19::50,2021_Ref_Plot5_A19,Field2,test,6,7,0.20640883056174894,9.073026405285528,0.12226440310147582
2021_Ref_Plot5_A19::57,2021_Ref_Plot5_A19,Field2,test,7,8,0.17216175752417107,10.339226996950735,0.05346372135219531
2021_Ref_Plot5_A19::65,2021_Ref_Plot5_A19,Field2,test,8,9,0.1307339037595442,11.721209195586122,0.040530501090042734
2021_Ref_Plot5_A19::69,2021_Ref_Plot5_A19,Field2,test,4,10,0.1865663907755705,12.410422098054166,0.06564343361870766
2021_Ref_Plot5_A19::71,2021_Ref_Plot5_A19,Field2,test,2,11,0.23863620508638914,10.752908152723775,0.1508344831346129
2021_Ref_Plot5_A19::76,2021_Ref_Plot5_A19,Field2,test,5,12,0.1622125302807871,13.793744394581452,0.045645368738072935
2021_Ref_Plot5_A19::8,2021_Ref_Plot5_A19,Field2,test,7,1,0.7301929998703053,28.086937080920563,0.19905727314270247
2021_Ref_Plot5_A19::80,2021_Ref_Plot5_A19,Field2,test,4,13,0.08927569593902233,7.719904548569843,0.030807034428866217
2021_Ref_Plot5_A19::85,2021_Ref_Plot5_A19,Field2,test,5,14,0.07642891523377403,9.054337921604397,0.026724592171074545
2021_Ref_Plot5_B12::16,2021_Ref_Plot5_B12,Field2,test,8,2,0.8073574835507196,30.77604277507195,0.37330295646553197
2021_Ref_Plot5_B12::22,2021_Ref_Plot5_B12,Field2,test,6,3,0.35916149159853755,18.427804448035538,0.13227990310761192
2021_Ref_Plot5_B12::27,2021_Ref_Plot5_B12,Field2,test,5,4,0.30828456978732444,17.095636546414312,0.07914243559316962
2021_Ref_Plot5_B12::35,2021_Ref_Plot5_B12,Field2,test,8,5,0.16242020938672233,12.864825288998041,0.039161341687540825
2021_Ref_Plot5_B12::44,2021_Ref_Plot5_B12,Field2,test,9,6,0.1260008980646334,9.805119613674528,0.03527290365230601
2021_Ref_Plot5_B12::50,2021_Ref_Plot5_B12,Field2,test,6,7,0.11915295929799868,8.463857015026278,0.05796873525671272
2021_Ref_Plot5_B12::57,2021_Ref_Plot5_B12,Field2,test,7,8,0.10024660000294554,9.982645846329477,0.011352198758444364
2021_Ref_Plot5_B12::65,2021_Ref_Plot5_B12,Field2,test,8,9,0.12576505772231006,11.341987776721904,0.047146372769363704
2021_Ref_Plot5_B12::69,2021_Ref_Plot5_B12,Field2,test,4,10,0.18619126625305923,12.809008098506084,0.09238644327547302
2021_Ref_Plot5_B12::71,2021_Ref_Plot5_B12,Field2,test,2,11,0.1259398738140358,8.6480252438433,0.06940654806364774
2021_Ref_Plot5_B12::76,2021_Ref_Plot5_B12,Field2,test,5,12,0.15061192761419848,13.959931943925055,0.04588588403042208
2021_Ref_Plot5_B12::8,2021_Ref_Plot5_B12,Field2,test,7,1,0.7478240857309725,27.557564595961903,0.27231679818744575
2021_Ref_Plot5_B12::80,2021_Ref_Plot5_B12,Field2,test,4,13,0.0509251763161353,7.255126038657823,-0.0038324825183538736
2021_Ref_Plot5_B12::85,2021_Ref_Plot5_B12,Field2,test,5,14,0.11723176789875776,9.427363981012851,0.04219496391603447
2021_Ref_Plot5_B14::16,2021_Ref_Plot5_B14,Field2,test,8,2,0.8155102337359175,31.77861593337613,0.3747504305402664
2021_Ref_Plot5_B14::22,2021_Ref_Plot5_B14,Field2,test,6,3,0.30242686489610116,17.848417300202602,0.10619817128434443
2021_Ref_Plot5_B14::27,2021_Ref_Plot5_B14,Field2,test,5,4,0.33537751059180293,18.317938941572407,0.1092210900810013
2021_Ref_Plot5_B14::35,2021_Ref_Plot5_B14,Field2,test,8,5,0.14838984162412858,13.017473469951728,0.037688054131818055
2021_Ref_Plot5_B14::44,2021_Ref_Plot5_B14,Field2,test,9,6,0.12325648809789845,10.83446742345007,0.029577013806586103
2021_Ref_Plot5_B14::50,2021_Ref_Plot5_B14,Field2,test,6,7,0.14758165122916408,9.194989982917804,0.07850703250063922
2021_Ref_Plot5_B14::57,2021_Ref_Plot5_B14,Field2,test,7,8,0.1456091547473937,10.649147602686515,0.04999987059676277
2021_Ref_Plot5_B14::65,2021_Ref_Plot5_B14,Field2,test,8,9,0.13480501896831662,11.70819074051234,0.04494331588283736
2021_Ref_Plot5_B14::69,2021_Ref_Plot5_B14,Field2,test,4,10,0.17068531936394793,12.64194359875339,0.05612356022247083
2021_Ref_Plot5_B14::71,2021_Ref_Plot5_B14,Field2,test,2,11,0.17607545371438674,10.090696311249088,0.10237141611173879
2021_Ref_Plot5_B14::76,2021_Ref_Plot5_B14,Field2,test,5,12,0.1554426718754037,13.981541014686332,0.02688583401426978
2021_Ref_Plot5_B14::8,2021_Ref_Plot5_B14,Field2,test,7,1,0.7253108484634542,27.469160876484384,0.23450189540562347
2021_Ref_Plot5_B14::80,2021_Ref_Plot5_B14,Field2,test,4,13,0.11237461864371306,6.730201207596154,0.030660759833035883
2021_Ref_Plot5_B14::85,2021_Ref_Plot5_B14,Field2,test,5,14,0.07739562477477693,9.090242024434206,0.03588035518344938
2021_Ref_Plot5_C12::16,2021_Ref_Plot5_C12,Field2,test,8,2,0.8069381659529121,30.28907774381006,0.353516970604735
2021_Ref_Plot5_C12::22,2021_Ref_Plot5_C12,Field2,test,6,3,0.25005174822244985,15.674946499352966,0.07732133474243497
2021_Ref_Plot5_C12::27,2021_Ref_Plot5_C12,Field2,test,5,4,0.26213068452752286,16.322309953751592,0.07392398285430651
2021_Ref_Plot5_C12::35,2021_Ref_Plot5_C12,Field2,test,8,5,0.13702013516094644,12.083134499018191,0.033937540075045784
2021_Ref_Plot5_C12::44,2021_Ref_Plot5_C12,Field2,test,9,6,0.10595619473542411,8.928130100831138,0.024133540396735022
2021_Ref_Plot5_C12::50,2021_Ref_Plot5_C12,Field2,test,6,7,0.14263371796837365,8.704751030129739,0.07923644810674994
2021_Ref_Plot5_C12::57,2021_Ref_Plot5_C12,Field2,test,7,8,0.10707771499822377,9.806602746618907,0.030795377936621116
2021_Ref_Plot5_C12::65,2021_Ref_Plot5_C12,Field2,test,8,9,0.109216960063854,11.529275718406971,0.027919887601067894
2021_Ref_Plot5_C12::69,2021_Ref_Plot5_C12,Field2,test,4,10,0.1939645351293532,13.396067040231365,0.08538953233518777
2021_Ref_Plot5_C12::71,2021_Ref_Plot5_C12,Field2,test,2,11,0.14545622857176424,8.686064557718513,0.08961701057678804
2021_Ref_Plot5_C12::76,2021_Ref_Plot5_C12,Field2,test,5,12,0.12690776275585947,13.082143913121156,0.016381210490873207
2021_Ref_Plot5_C12::8,2021_Ref_Plot5_C12,Field2,test,7,1,0.7376174133924039,26.83650233964586,0.2220454025222324
2021_Ref_Plot5_C12::80,2021_Ref_Plot5_C12,Field2,test,4,13,0.1029641392777862,8.661876750039202,0.03285434453151222
2021_Ref_Plot5_C12::85,2021_Ref_Plot5_C12,Field2,test,5,14,0.09216418942461917,9.119269250285509,0.02991984828545605
2021_Ref_Plot5_C17::16,2021_Ref_Plot5_C17,Field2,test,8,2,0.8036644801609972,31.058058063429733,0.35998273640612166
2021_Ref_Plot5_C17::22,2021_Ref_Plot5_C17,Field2,test,6,3,0.27487663743818597,16.360489220566436,0.07814262662128732
2021_Ref_Plot5_C17::27,2021_Ref_Plot5_C17,Field2,test,5,4,0.299312155610345,17.039888200373564,0.09935895904721379
2021_Ref_Plot5_C17::35,2021_Ref_Plot5_C17,Field2,test,8,5,0.1367380822693859,12.597279101863588,0.02380130936952965
2021_Ref_Plot5_C17::44,2021_Ref_Plot5_C17,Field2,test,9,6,0.12803022876796014,9.99723446061435,0.045586540943656585
2021_Ref_Plot5_C17::50,2021_Ref_Plot5_C17,Field2,test,6,7,0.1533587442145735,9.334866578677595,0.08508611460175296
2021_Ref_Plot5_C17::57,2021_Ref_Plot5_C17,Field2,test,7,8,0.16649522917773843,11.599998255424415,0.05404382554294488
2021_Ref_Plot5_C17::65,2021_Ref_Plot5_C17,Field2,test,8,9,0.11245383839725681,11.27663048459068,0.0376435171032309
2021_Ref_Plot5_C17::69,2021_Ref_Plot5_C17,Field2,test,4,10,0.16068708961242342,12.286297990256864,0.06010577514972689
2021_Ref_Plot5_C17::71,2021_Ref_Plot5_C17,Field2,test,2,11,0.09255919617044739,8.025256934882352,0.033868255562731556
2021_Ref_Plot5_C17::76,2021_Ref_Plot5_C17,Field2,test,5,12,0.14280940745939316,13.786102741055508,0.043057836536794014
2021_Ref_Plot5_C17::8,2021_Ref_Plot5_C17,Field2,test,7,1,0.7384721822249408,28.118149176266613,0.24701108835343505
2021_Ref_Plot5_C17::80,2021_Ref_Plot5_C17,Field2,test,4,13,0.09222397213826854,8.58037408451479,0.03205175288629981
2021_Ref_Plot5_C17::85,2021_Ref_Plot5_C17,Field2,test,5,14,0.07651057905336649,9.543769748098091,0.03407414553930827
2021_Ref_Plot5_C18::16,2021_Ref_Plot5_C18,Field2,test,8,2,0.8108224325951842,31.098341261234204,0.36122164505854804
2021_Ref_Plot5_C18::22,2021_Ref_Plot5_C18,Field2,test,6,3,0.2736749975221764,16.10097605475604,0.08164183571246876
2021_Ref_Plot5_C18::27,2021_Ref_Plot5_C18,Field2,test,5,4,0.29639372710794437,17.032174640865993,0.09323876034216733
2021_Ref_Plot5_C18::35,2021_Ref_Plot5_C18,Field2,test,8,5,0.1483248098087034,13.3767657969086,0.0366392387339474
2021_Ref_Plot5_C18::44,2021_Ref_Plot5_C18,Field2,test,9,6,0.12485247890054839,9.897542246416766,0.045193072413475574
2021_Ref_Plot5_C18::50,2021_Ref_Plot5_C18,Field2,test,6,7,0.17650415195467375,9.965829359289014,0.11541941645405354
2021_Ref_Plot5_C18::57,2021_Ref_Plot5_C18,Field2,test,7,8,0.17211017981970422,11.619543694701623,0.06759656072378675
2021_Ref_Plot5_C18::65,2021_Ref_Plot5_C18,Field2,test,8,9,0.10936837098504432,11.334786336070412,0.027162087383851865
2021_Ref_Plot5_C18::69,2021_Ref_Plot5_C18,Field2,test,4,10,0.16286982157753946,12.660549956988563,0.07789864089864483
2021_Ref_Plot5_C18::71,2021_Ref_Plot5_C18,Field2,test,2,11,0.140126310143775,8.480917933224612,0.08875961721345542
2021_Ref_Plot5_C18::76,2021_Ref_Plot5_C18,Field2,test,5,12,0.15800292799024215,14.491482367574362,0.054343616347878244
2021_Ref_Plot5_C18::8,2021_Ref_Plot5_C18,Field2,test,7,1,0.7353144273193174,28.020006254940988,0.23306075765949663
2021_Ref_Plot5_C18::80,2021_Ref_Plot5_C18,Field2,test,4,13,0.11168488493775486,8.005080070035627,0.050859784241106314
2021_Ref_Plot5_C18::85,2021_Ref_Plot5_C18,Field2,test,5,14,0.1060034308098564,9.608149764934925,0.05656011000112861
2021_Ref_Plot5_D10::16,2021_Ref_Plot5_D10,Field2,test,8,2,0.8190283942000617,31.11694328362253,0.38267887864503697
2021_Ref_Plot5_D10::22,2021_Ref_Plot5_D10,Field2,test,6,3,0.2955204712821338,15.621001789121667,0.09825531116113613
2021_Ref_Plot5_D10::27,2021_Ref_Plot5_D10,Field2,test,5,4,0.2545048936085144,16.076549186032373,0.08465079134071557
2021_Ref_Plot5_D10::35,2021_Ref_Plot5_D10,Field2,test,8,5,0.12185373948146362,12.22999457865684,0.03240513941937678
2021_Ref_Plot5_D10::44,2021_Ref_Plot5_D10,Field2,test,9,6,0.104848041875798,9.45150342817002,0.029181888307981317
2021_Ref_Plot5_D10::50,2021_Ref_Plot5_D10,Field2,test,6,7,0.11871402535158392,8.525493854118798,0.0601672563497754
2021_Ref_Plot5_D10::57,2021_Ref_Plot5_D10,Field2,test,7,8,0.08712760772818766,10.652941436853276,0.02579613745067428
2021_Ref_Plot5_D10::65,2021_Ref_Plot5_D10,Field2,test,8,9,0.12126044141510407,11.201670352098033,0.046571998006482186
2021_Ref_Plot5_D10::69,2021_Ref_Plot5_D10,Field2,test,4,10,0.1729985241823637,12.41357436513308,0.07783036824271579
2021_Ref_Plot5_D10::71,2021_Ref_Plot5_D10,Field2,test,2,11,0.11905018785503375,8.920892436563609,0.05140744770357874
2021_Ref_Plot5_D10::76,2021_Ref_Plot5_D10,Field2,test,5,12,0.12956338820624003,12.246799351746594,0.024134045721779247
2021_Ref_Plot5_D10::8,2021_Ref_Plot5_D10,Field2,test,7,1,0.7653087707509353,27.906769620753167,0.22850836314317405
2021_Ref_Plot5_D10::80,2021_Ref_Plot5_D10,Field2,test,4,13,0.11386075495926751,8.967079280981938,0.03420144387237207
2021_Ref_Plot5_D10::85,2021_Ref_Plot5_D10,Field2,test,5,14,0.10840854552823749,8.908913834940765,0.04472446147744387
2021_Ref_Plot5_D11::16,2021_Ref_Plot5_D11,Field2,test,8,2,0.8146217266390123,31.39043865623538,0.3875575389340078
2021_Ref_Plot5_D11::22,2021_Ref_Plot5_D11,Field2,test,6,3,0.2716039370072204,15.913326115712177,0.08132663751454325
2021_Ref_Plot5_D11::27,2021_Ref_Plot5_D11,Field2,test,5,4,0.22433935490465198,15.732058290772281,0.06460833622840045
2021_Ref_Plot5_D11::35,2021_Ref_Plot5_D11,Field2,test,8,5,0.12230527203529745,11.945429534696812,0.028562480264258592
2021_Ref_Plot5_D11::44,2021_Ref_Plot5_D11,Field2,test,9,6,0.11878061638286848,9.321506048464153,0.04657152193841719
2021_Ref_Plot5_D11::50,2021_Ref_Plot5_D11,Field2,test,6,7,0.10464188680280719,8.784224321566075,0.042537129576171805
2021_Ref_Plot5_D11::57,2021_Ref_Plot5_D11,Field2,test,7,8,0.10676923931360148,11.697295116992105,0.035352761204720036
2021_Ref_Plot5_D11::65,2021_Ref_Plot5_D11,Field2,test,8,9,0.09000436345120973,10.74199268334546,0.03094057885556249
2021_Ref_Plot5_D11::69,2021_Ref_Plot5_D11,Field2,test,4,10,0.17124141623028874,12.389851412007255,0.08159585584659339
2021_Ref_Plot5_D11::71,2021_Ref_Plot5_D11,Field2,test,2,11,0.1305679219747222,9.08834956313877,0.07783424886532574
2021_Ref_Plot5_D11::76,2021_Ref_Plot5_D11,Field2,test,5,12,0.16382257014810644,12.967502849765252,0.04644598803235021
2021_Ref_Plot5_D11::8,2021_Ref_Plot5_D11,Field2,test,7,1,0.7624752867234655,28.023305924337247,0.25351017641836704
2021_Ref_Plot5_D11::80,2021_Ref_Plot5_D11,Field2,test,4,13,0.09749463559929412,9.44491831879567,0.045994080629253295
2021_Ref_Plot5_D11::85,2021_Ref_Plot5_D11,Field2,test,5,14,0.07121287244778564,8.364482226102886,0.0160309268159428
2021_Ref_Plot5_D9::16,2021_Ref_Plot5_D9,Field2,test,8,2,0.8219188795781635,32.11852997245871,0.3988173486746003
2021_Ref_Plot5_D9::22,2021_Ref_Plot5_D9,Field2,test,6,3,0.2621135163101111,15.053991730706409,0.08359115729476128
2021_Ref_Plot5_D9::27,2021_Ref_Plot5_D9,Field2,test,5,4,0.17517859602197047,14.338785666601371,0.043172630772991036
2021_Ref_Plot5_D9::35,2021_Ref_Plot5_D9,Field2,test,8,5,0.13221090633789206,11.520379860188779,0.039632824202407435
2021_Ref_Plot5_D9::44,2021_Ref_Plot5_D9,Field2,test,9,6,0.10982785978662617,9.562962327799639,0.04099193951395408
2021_Ref_Plot5_D9::50,2021_Ref_Plot5_D9,Field2,test,6,7,0.1333902100420155,9.0792978403446,0.07000945254919426
2021_Ref_Plot5_D9::57,2021_Ref_Plot5_D9,Field2,test,7,8,0.1075917087238355,10.933352692740835,0.036120251139680266
2021_Ref_Plot5_D9::65,2021_Ref_Plot5_D9,Field2,test,8,9,0.111649102475693,11.122280904673437,0.03495594506374951
2021_Ref_Plot5_D9::69,2021_Ref_Plot5_D9,Field2,test,4,10,0.13656816510724237,12.044880278198303,0.05331164778731559
2021_Ref_Plot5_D9::71,2021_Ref_Plot5_D9,Field2,test,2,11,0.12895134207594558,9.283292804227239,0.0747515067272883
2021_Ref_Plot5_D9::76,2021_Ref_Plot5_D9,Field2,test,5,12,0.12809579621872155,12.23255350611124,0.023693761709557806
2021_Ref_Plot5_D9::8,2021_Ref_Plot5_D9,Field2,test,7,1,0.7709729570864657,28.159799033309504,0.24822150552474231
2021_Ref_Plot5_D9::80,2021_Ref_Plot5_D9,Field2,test,4,13,0.09896913992456641,8.956053338316806,0.03955977207840178
2021_Ref_Plot5_D9::85,2021_Ref_Plot5_D9,Field2,test,5,14,0.08153810574963337,7.887939569218565,0.02289420376505835
2021_Ref_Plot5_E11::16,2021_Ref_Plot5_E11,Field2,test,8,2,0.7692598916044194,29.301237291923815,0.33063543668610346
2021_Ref_Plot5_E11::22,2021_Ref_Plot5_E11,Field2,test,6,3,0.2753628977364542,16.198893508342103,0.10054057924170576
2021_Ref_Plot5_E11::27,2021_Ref_Plot5_E11,Field2,test,5,4,0.1946228092411372,15.295861750087985,0.04846454086418683
2021_Ref_Plot5_E11::35,2021_Ref_Plot5_E11,Field2,test,8,5,0.1310494334232278,12.215589986807602,0.030210187920246576
2021_Ref_Plot5_E11::44,2021_Ref_Plot5_E11,Field2,test,9,6,0.0860981729375832,9.247275834934353,0.022750811087671463
2021_Ref_Plot5_E11::50,2021_Ref_Plot5_E11,Field2,test,6,7,0.10311103425661072,9.0799852550399,0.04006258716760178
2021_Ref_Plot5_E11::57,2021_Ref_Plot5_E11,Field2,test,7,8,0.12123200205602158,11.558007853488597,0.03776864853471011
2021_Ref_Plot5_E11::65,2021_Ref_Plot5_E11,Field2,test,8,9,0.09596566631358065,9.95303575653495,0.04047188552840702
2021_Ref_Plot5_E11::69,2021_Ref_Plot5_E11,Field2,test,4,10,0.1676400178045152,12.349050530688757,0.09050276175318311
2021_Ref_Plot5_E11::71,2021_Ref_Plot5_E11,Field2,test,2,11,0.14529753721779526,10.41214318611014,0.09407101871123406
2021_Ref_Plot5_E11::76,2021_Ref_Plot5_E11,Field2,test,5,12,0.10933198007785644,11.54649737739648,0.016312004182884147
2021_Ref_Plot5_E11::8,2021_Ref_Plot5_E11,Field2,test,7,1,0.7362890912932119,27.124836165126062,0.19640215635523475
2021_Ref_Plot5_E11::80,2021_Ref_Plot5_E11,Field2,test,4,13,0.08585288076761892,9.876532297642783,0.038166875612605164
2021_Ref_Plot5_E11::85,2021_Ref_Plot5_E11,Field2,test,5,14,0.08469900092075806,9.193786682491856,0.04365366782417635
2021_Ref_Plot5_E3::16,2021_Ref_Plot5_E3,Field2,test,8,2,0.7948718924341956,31.08770262448281,0.33265623828201607
2021_Ref_Plot5_E3::22,2021_Ref_Plot5_E3,Field2,test,6,3,0.3312376650081353,16.243739054664708,0.10731952915595312
2021_Ref_Plot5_E3::27,2021_Ref_Plot5_E3,Field2,test,5,4,0.28010195544997823,16.45368581144089,0.11355959607305552
2021_Ref_Plot5_E3::35,2021_Ref_Plot5_E3,Field2,test,8,5,0.13388790098987557,12.042707663893921,0.03735606029749009
2021_Ref_Plot5_E3::44,2021_Ref_Plot5_E3,Field2,test,9,6,0.10680817737922461,10.04579726099933,0.04475432327115273
2021_Ref_Plot5_E3::50,2021_Ref_Plot5_E3,Field2,test,6,7,0.15521397018523306,9.77451215682952,0.09119542452007615
2021_Ref_Plot5_E3::57,2021_Ref_Plot5_E3,Field2,test,7,8,0.1024763340048432,11.083607564139115,0.012502590037763472
2021_Ref_Plot5_E3::65,2021_Ref_Plot5_E3,Field2,test,8,9,0.08182716940302291,10.313823219288853,0.025725209223081087
2021_Ref_Plot5_E3::69,2021_Ref_Plot5_E3,Field2,test,4,10,0.15576092417306245,12.9282639223819,0.03999062091470011
2021_Ref_Plot5_E3::71,2021_Ref_Plot5_E3,Field2,test,2,11,0.11720810709882824,8.837615192804254,0.06262704207753678
2021_Ref_Plot5_E3::76,2021_Ref_Plot5_E3,Field2,test,5,12,0.13676843202405767,12.209180177245889,0.010073314680151492
2021_Ref_Plot5_E3::8,2021_Ref_Plot5_E3,Field2,test,7,1,0.7188001181366289,27.515541724682517,0.21494071269544646
2021_Ref_Plot5_E3::80,2021_Ref_Plot5_E3,Field2,test,4,13,0.05418564261526531,7.347026503932402,0.004263290954848208
2021_Ref_Plot5_E3::85,2021_Ref_Plot5_E3,Field2,test,5,14,0.0510673383927601,8.872709604278981,0.015917095349907453
2021_Ref_Plot5_E7::16,2021_Ref_Plot5_E7,Field2,test,8,2,0.797779933315273,30.98909281176652,0.33379229424020335
2021_Ref_Plot5_E7::22,2021_Ref_Plot5_E7,Field2,test,6,3,0.294068820425401,15.651688804686843,0.07898199715774055
2021_Ref_Plot5_E7::27,2021_Ref_Plot5_E7,Field2,test,5,4,0.2649301367754269,15.92870482084878,0.07638641785811953
2021_Ref_Plot5_E7::35,2021_Ref_Plot5_E7,Field2,test,8,5,0.1460776960640874,12.415661870420493,0.025006466967602024
2021_Ref_Plot5_E7::44,2021_Ref_Plot5_E7,Field2,test,9,6,0.1151288865318813,9.58329155368245,0.04139721792043833
2021_Ref_Plot5_E7::50,2021_Ref_Plot5_E7,Field2,test,6,7,0.16698055298640946,9.852408476727305,0.1013636334929851
2021_Ref_Plot5_E7::57,2021_Ref_Plot5_E7,Field2,test,7,8,0.10836040351838977,11.583998251762129,0.03879145516999722
2021_Ref_Plot5_E7::65,2021_Ref_Plot5_E7,Field2,test,8,9,0.12080680017731087,10.848777116370972,0.050360743243769567
2021_Ref_Plot5_E7::69,2021_Ref_Plot5_E7,Field2,test,4,10,0.16729268411936213,13.059211918153931,0.06454081912244046
2021_Ref_Plot5_E7::71,2021_Ref_Plot5_E7,Field2,test,2,11,0.13877127832251684,9.85351603781324,0.09306090480848837
2021_Ref_Plot5_E7::76,2021_Ref_Plot5_E7,Field2,test,5,12,0.12591879277505705,12.712741712423789,0.01711241508235126
2021_Ref_Plot5_E7::8,2021_Ref_Plot5_E7,Field2,test,7,1,0.7405713193386244,27.894126941889013,0.21325049950266253
2021_Ref_Plot5_E7::80,2021_Ref_Plot5_E7,Field2,test,4,13,0.08186321398622627,10.119308418459505,0.03760282976521843
2021_Ref_Plot5_E7::85,2021_Ref_Plot5_E7,Field2,test,5,14,0.0893702854090939,10.398604198754082,0.03526101196123999
