pair_id,plant_id,field,split,gap_days,n_input_frames,ssim,psnr,structure_ssim
2020_Ref_Plot1_A10::22,2020_Ref_Plot1_A10,Field1,test,7,1,0.3434419241615149,19.293315068489424,0.0984554203656202
2020_Ref_Plot1_A10::28,2020_Ref_Plot1_A10,Field1,test,6,2,0.682813671159749,27.704561744577447,0.17575886929779022
2020_Ref_Plot1_A10::36,2020_Ref_Plot1_A10,Field1,test,8,3,0.17382715256497616,14.56554451130529,0.0537521420000988
2020_Ref_Plot1_A10::42,2020_Ref_Plot1_A10,Field1,test,6,4,0.2816803141175931,16.917312298215986,0.0494841829077899
2020_Ref_Plot1_A10::51,2020_Ref_Plot1_A10,Field1,test,9,5,0.14838937309016095,12.268053529099925,0.042346274466408824
2020_Ref_Plot1_A10::83,2020_Ref_Plot1_A10,Field1,test,32,6,0.17861372263386852,15.161305465513736,0.0278724938185961
2020_Ref_Plot1_A93::22,2020_Ref_Plot1_A93,Field1,test,7,1,0.3210386532035506,20.269731008708103,0.07020298471895445
2020_Ref_Plot1_A93::28,2020_Ref_Plot1_A93,Field1,test,6,2,0.7233635475767044,28.951948936161592,0.19083896255667188
2020_Ref_Plot1_A93::36,2020_Ref_Plot1_A93,Field1,test,8,3,0.1807266400319899,15.210550505018482,0.046024291647324515
2020_Ref_Plot1_A93::42,2020_Ref_Plot1_A93,Field1,test,6,4,0.2848166610579563,17.399337928182412,0.04453669085984445
2020_Ref_Plot1_A93::51,2020_Ref_Plot1_A93,Field1,test,9,5,0.14960760215731106,11.885703825765093,0.04309542578170302
2020_Ref_Plot1_A94::22,2020_Ref_Plot1_A94,Field1,test,7,1,0.3544522650427506,20.726676237848054,0.08444376796192844
2020_Ref_Plot1_A94::28,2020_Ref_Plot1_A94,Field1,test,6,2,0.714224280310451,28.599175950845115,0.20081289992336795
2020_Ref_Plot1_A94::36,2020_Ref_Plot1_A94,Field1,test,8,3,0.19990437998589985,15.749433318763815,0.053281751575340215
2020_Ref_Plot1_A94::42,2020_Ref_Plot1_A94,Field1,test,6,4,0.24820153561937194,16.478946472193293,0.03864246457312948
2020_Ref_Plot1_A94::51,2020_Ref_Plot1_A94,Field1,test,9,5,0.1503202535940166,11.234430650366063,0.041073353566782746
2020_Ref_Plot1_B10::22,2020_Ref_Plot1_B10,Field1,test,7,1,0.34286515506554466,18.988842722138365,0.10871616406040074
2020_Ref_Plot1_B10::28,2020_Ref_Plot1_B10,Field1,test,6,2,0.6471611257268645,27.35103512127802,0.14540992108587997
2020_Ref_Plot1_B10::36,2020_Ref_Plot1_B10,Field1,test,8,3,0.15289327913251813,13.96775957634992,0.03804826444037893
2020_Ref_Plot1_B10::42,2020_Ref_Plot1_B10,Field1,test,6,4,0.2563657799004293,17.085635567057825,0.0483677140842611
2020_Ref_Plot1_B10::51,2020_Ref_Plot1_B10,Field1,test,9,5,0.1551189460958398,12.835074569202362,0.04173030984323814
2020_Ref_Plot1_B10::83,2020_Ref_Plot1_B10,Field1,test,32,6,0.25748418199316614,16.707480778076377,0.041562665949143665
2020_Ref_Plot1_B1::22,2020_Ref_Plot1_B1,Field1,test,7,1,0.29130684564367587,19.091841211093563,0.08145154525579533
2020_Ref_Plot1_B1::28,2020_Ref_Plot1_B1,Field1,test,6,2,0.6824892254737723,28.276849911790677,0.17651920493703316
2020_Ref_Plot1_B1::36,2020_Ref_Plot1_B1,Field1,test,8,3,0.17891732719887074,14.577607460378168,0.060834406795272376
2020_Ref_Plot1_B1::42,2020_Ref_Plot1_B1,Field1,test,6,4,0.28394570485175913,17.669602205964342,0.05360302316463105
2020_Ref_Plot1_B1::51,2020_Ref_Plot1_B1,Field1,test,9,5,0.14160447808757284,11.464068495634459,0.05515179627805941
2020_Ref_Plot1_B1::83,2020_Ref_Plot1_B1,Field1,test,32,6,0.2943402960260966,16.080591913227096,0.03366781698257714
2020_Ref_Plot1_B7::22,2020_Ref_Plot1_B7,Field1,test,7,1,0.3875810900267644,19.90260137258249,0.14688311899343867
2020_Ref_Plot1_B7::28,2020_Ref_Plot1_B7,Field1,test,6,2,0.6435543855694354,27.40130243578566,0.14828906515545226
2020_Ref_Plot1_B7::36,2020_Ref_Plot1_B7,Field1,test,8,3,0.14833073589931114,13.25958569276112,0.036753930756321704
2020_Ref_Plot1_B7::42,2020_Ref_Plot1_B7,Field1,test,6,4,0.2627753840495313,17.12176117764169,0.048791578784113755
2020_Ref_Plot1_B7::51,2020_Ref_Plot1_B7,Field1,test,9,5,0.13759919611862304,12.154889788887502,0.05790108216085618
2020_Ref_Plot1_B7::83,2020_Ref_Plot1_B7,Field1,test,32,6,0.2550107928940888,16.763345625912358,0.029316350669075786
2020_Ref_Plot1_B94::22,2020_Ref_Plot1_B94,Field1,test,7,1,0.29292153110619495,19.17588151812217,0.0657387615276252
2020_Ref_Plot1_B94::28,2020_Ref_Plot1_B94,Field1,test,6,2,0.7170030946021769,29.287163884901805,0.19867008282003235
2020_Ref_Plot1_B94::36,2020_Ref_Plot1_B94,Field1,test,8,3,0.18062636486225034,15.307387743419467,0.038214021769960714
2020_Ref_Plot1_B94::42,2020_Ref_Plot1_B94,Field1,test,6,4,0.22701244471260495,16.315944175376423,0.041316182132000806
2020_Ref_Plot1_B94::51,2020_Ref_Plot1_B94,Field1,test,9,5,0.14063668297432366,12.229349034594533,0.05847955540982325
2020_Ref_Plot1_C1::22,2020_Ref_Plot1_C1,Field1,test,7,1,0.31624577273905197,18.99997000728712,0.10220726622760265
2020_Ref_Plot1_C1::28,2020_Ref_Plot1_C1,Field1,test,6,2,0.7110486303777558,28.83611542054372,0.18447949929756796
2020_Ref_Plot1_C1::36,2020_Ref_Plot1_C1,Field1,test,8,3,0.21101397525650464,15.230008526539345,0.061813562335741604
2020_Ref_Plot1_C1::42,2020_Ref_Plot1_C1,Field1,test,6,4,0.2674025590643676,17.30097377736513,0.05388530904536237
2020_Ref_Plot1_C1::51,2020_Ref_Plot1_C1,Field1,test,9,5,0.15289330529056744,12.373556464361188,0.0685002038473563
2020_Ref_Plot1_C1::83,2020_Ref_Plot1_C1,Field1,test,32,6,0.31089931193465087,16.860430457941156,0.040927124988931814
2020_Ref_Plot1_C92::22,2020_Ref_Plot1_C92,Field1,test,7,1,0.2700792342739071,19.050230361677954,0.05967840377363294
2020_Ref_Plot1_C92::28,2020_Ref_Plot1_C92,Field1,test,6,2,0.7270312925916977,29.667182840739716,0.20130194654535
2020_Ref_Plot1_C92::36,2020_Ref_Plot1_C92,Field1,test,8,3,0.1658346658903464,15.010563857051757,0.026904285275745794
2020_Ref_Plot1_C92::42,2020_Ref_Plot1_C92,Field1,test,6,4,0.22622859677760787,16.559560825990996,0.029661622055786874
2020_Ref_Plot1_C92::51,2020_Ref_Plot1_C92,Field1,test,9,5,0.14755351080221543,11.984328510345257,0.047611996467751536
2020_Ref_Plot1_C98::22,2020_Ref_Plot1_C98,Field1,test,7,1,0.3093655392984409,19.27107187829882,0.09231181069088128
2020_Ref_Plot1_C98::28,2020_Ref_Plot1_C98,Field1,test,6,2,0.7017983501757001,28.505768861777625,0.1729040767413223
2020_Ref_Plot1_C98::36,2020_Ref_Plot1_C98,Field1,test,8,3,0.18323132388598293,15.280445913718525,0.049051399971298176
2020_Ref_Plot1_C98::42,2020_Ref_Plot1_C98,Field1,test,6,4,0.23912040714323646,16.831222346254457,0.03357993768549541
2020_Ref_Plot1_C98::51,2020_Ref_Plot1_C98,Field1,test,9,5,0.13078195296522063,12.114752713329047,0.048477468807191615
2020_Ref_Plot2_A2::22,2020_Ref_Plot2_A2,Field1,test,7,1,0.2715291006165007,19.841804088631665,0.04903082891635104
2020_Ref_Plot2_A2::28,2020_Ref_Plot2_A2,Field1,test,6,2,0.6866987133912236,27.97484548015373,0.16220259149500343
2020_Ref_Plot2_A2::36,2020_Ref_Plot2_A2,Field1,test,8,3,0.18453351810957597,14.750100859690162,0.06610746205803218
2020_Ref_Plot2_A2::42,2020_Ref_Plot2_A2,Field1,test,6,4,0.2820142100337535,17.715753457629887,0.044895905044152355
2020_Ref_Plot2_A2::51,2020_Ref_Plot2_A2,Field1,test,9,5,0.13350533616588534,12.106245843627104,0.06172394525453848
2020_Ref_Plot2_A2::83,2020_Ref_Plot2_A2,Field1,test,32,6,0.22099075020712633,15.647701079569751,0.030896680819860783
2020_Ref_Plot2_A4::22,2020_Ref_Plot2_A4,Field1,test,7,1,0.25614488804507674,19.67945076634727,0.042618297203139754
2020_Ref_Plot2_A4::28,2020_Ref_Plot2_A4,Field1,test,6,2,0.6980825639946774,28.31141124312154,0.1907181000689763
2020_Ref_Plot2_A4::36,2020_Ref_Plot2_A4,Field1,test,8,3,0.1885357241007609,14.927035515703587,0.06501371156793743
2020_Ref_Plot2_A4::42,2020_Ref_Plot2_A4,Field1,test,6,4,0.22293430702016082,15.877310466525138,0.0361428249494005
2020_Ref_Plot2_A4::51,2020_Ref_Plot2_A4,Field1,test,9,5,0.13773632830896282,12.120229625023086,0.0462584732919373
2020_Ref_Plot2_A4::83,2020_Ref_Plot2_A4,Field1,test,32,6,0.16388819183793482,13.499873163681187,0.026092350558614877
2020_Ref_Plot2_A91::22,2020_Ref_Plot2_A91,Field1,test,7,1,0.27889797408245837,19.66682928837016,0.06039845213392281
2020_Ref_Plot2_A91::28,2020_Ref_Plot2_A91,Field1,test,6,2,0.688133730746055,28.218047221854615,0.1541879720467875
2020_Ref_Plot2_A91::36,2020_Ref_Plot2_A91,Field1,test,8,3,0.19588377181249186,15.58174006216011,0.060210433005977546
2020_Ref_Plot2_A91::42,2020_Ref_Plot2_A91,Field1,test,6,4,0.2901476539431262,17.95849776526457,0.0478144261471699
2020_Ref_Plot2_A91::51,2020_Ref_Plot2_A91,Field1,test,9,5,0.1311966812665031,11.73479609153633,0.0549844488837784
2020_Ref_Plot2_A91::83,2020_Ref_Plot2_A91,Field1,test,32,6,0.26428877322438943,16.35526443717157,0.03383638498029994
2020_Ref_Plot2_B1::22,2020_Ref_Plot2_B1,Field1,test,7,1,0.26665220850625554,19.867563199544893,0.06328734831924104
2020_Ref_Plot2_B1::28,2020_Ref_Plot2_B1,Field1,test,6,2,0.7017789160201756,28.430751100613904,0.16929106276646835
2020_Ref_Plot2_B1::36,2020_Ref_Plot2_B1,Field1,test,8,3,0.17550630703651568,14.901100013679514,0.054103461432520816
2020_Ref_Plot2_B1::42,2020_Ref_Plot2_B1,Field1,test,6,4,0.31402763601567635,18.33570167239495,0.057657100928829294
2020_Ref_Plot2_B1::51,2020_Ref_Plot2_B1,Field1,test,9,5,0.11651267547547843,11.547689957728162,0.03471541011656642
2020_Ref_Plot2_B1::83,2020_Ref_Plot2_B1,Field1,test,32,6,0.21090842922166356,15.436367150745731,0.027765288114445574
2020_Ref_Plot2_B7::22,2020_Ref_Plot2_B7,Field1,test,7,1,0.3069705408522593,19.99462134153997,0.06714036632362166
2020_Ref_Plot2_B7::28,2020_Ref_Plot2_B7,Field1,test,6,2,0.6637624094607341,28.023271445579002,0.15740621989706777
2020_Ref_Plot2_B7::36,2020_Ref_Plot2_B7,Field1,test,8,3,0.17411158755881662,14.539229770404445,0.04254245539225946
2020_Ref_Plot2_B7::42,2020_Ref_Plot2_B7,Field1,test,6,4,0.26143090791162743,17.113544191236986,0.050332759823772465
2020_Ref_Plot2_B7::51,2020_Ref_Plot2_B7,Field1,test,9,5,0.13263197618128184,11.251836645848215,0.06746833105715695
2020_Ref_Plot2_B7::83,2020_Ref_Plot2_B7,Field1,test,32,6,0.1572280506229328,14.178716155723412,0.024536492317963763
2020_Ref_Plot2_B91::22,2020_Ref_Plot2_B91,Field1,test,7,1,0.2797334677422315,19.232670481787583,0.08028044684485822
2020_Ref_Plot2_B91::28,2020_Ref_Plot2_B91,Field1,test,6,2,0.6927897901536992,28.50750763774521,0.1752920212701218
2020_Ref_Plot2_B91::36,2020_Ref_Plot2_B91,Field1,test,8,3,0.17526225404007392,15.09121279028922,0.042960455338998386
2020_Ref_Plot2_B91::42,2020_Ref_Plot2_B91,Field1,test,6,4,0.25285092288835037,17.1767989913787,0.02286320562707275
2020_Ref_Plot2_B91::51,2020_Ref_Plot2_B91,Field1,test,9,5,0.11732912645934852,11.560574384612512,0.04695478925575887
2020_Ref_Plot2_B99::22,2020_Ref_Plot2_B99,Field1,test,7,1,0.29803744391842174,19.584486586710636,0.060869167379427026
2020_Ref_Plot2_B99::28,2020_Ref_Plot2_B99,Field1,test,6,2,0.6844938660411582,27.941942835294103,0.16789221380730143
2020_Ref_Plot2_B99::36,2020_Ref_Plot2_B99,Field1,test,8,3,0.14724959490441594,13.402776669263192,0.030144702827936604
2020_Ref_Plot2_B99::42,2020_Ref_Plot2_B99,Field1,test,6,4,0.26762341630267145,18.10959088971343,0.04469055722965991
2020_Ref_Plot2_B99::51,2020_Ref_Plot2_B99,Field1,test,9,5,0.1072434093697363,11.070246492693041,0.028842649252733787
2020_Ref_Plot2_B99::83,2020_Ref_Plot2_B99,Field1,test,32,6,0.22298700394440618,16.145813100903936,0.02649354494732844
2020_Ref_Plot2_C2::22,2020_Ref_Plot2_C2,Field1,test,7,1,0.28105951295973314,19.435438582296577,0.06738463544292271
2020_Ref_Plot2_C2::28,2020_Ref_Plot2_C2,Field1,test,6,2,0.7160785433401294,28.824679642080334,0.1883493164707892
2020_Ref_Plot2_C2::36,2020_Ref_Plot2_C2,Field1,test,8,3,0.2012045496193754,15.260055781368289,0.06138570218544855
2020_Ref_Plot2_C2::42,2020_Ref_Plot2_C2,Field1,test,6,4,0.2922754696184539,17.253650862364193,0.05255350173581245
2020_Ref_Plot2_C2::51,2020_Ref_Plot2_C2,Field1,test,9,5,0.1496905049203662,12.025623633665472,0.058965357169393724
2020_Ref_Plot2_C2::83,2020_Ref_Plot2_C2,Field1,test,32,6,0.2085331241534274,15.341205430921061,0.03386631444555125
2020_Ref_Plot2_C5::22,2020_Ref_Plot2_C5,Field1,test,7,1,0.29904565125758914,20.301951751759493,0.07404815692064456
2020_Ref_Plot2_C5::28,2020_Ref_Plot2_C5,Field1,test,6,2,0.7076312586364287,28.70953066919587,0.19052484663663696
2020_Ref_Plot2_C5::36,2020_Ref_Plot2_C5,Field1,test,8,3,0.20190527041960404,15.324192373801353,0.04917082558377934
2020_Ref_Plot2_C5::42,2020_Ref_Plot2_C5,Field1,test,6,4,0.26384399175243994,16.76536531646923,0.039881274191387955
2020_Ref_Plot2_C5::51,2020_Ref_Plot2_C5,Field1,test,9,5,0.13380475097968278,11.44756267025613,0.04417255732779591
2020_Ref_Plot2_C5::83,2020_Ref_Plot2_C5,Field1,test,32,6,0.17385748330918804,13.966761808695322,0.02324499933449975
2020_Ref_Plot2_C6::22,2020_Ref_Plot2_C6,Field1,test,7,1,0.27876903179588586,19.944283181891645,0.05997490326580834
2020_Ref_Plot2_C6::28,2020_Ref_Plot2_C6,Field1,test,6,2,0.6814344157987495,28.10528774672771,0.16890075358878767
2020_Ref_Plot2_C6::36,2020_Ref_Plot2_C6,Field1,test,8,3,0.20072660245704518,15.427294462995498,0.04575211036447597
2020_Ref_Plot2_C6::42,2020_Ref_Plot2_C6,Field1,test,6,4,0.2455031348135648,16.131264541382592,0.044351242756660365
2020_Ref_Plot2_C6::51,2020_Ref_Plot2_C6,Field1,test,9,5,0.15567816554624866,11.696089931694477,0.046885323373863176
2020_Ref_Plot2_C6::83,2020_Ref_Plot2_C6,Field1,test,32,6,0.15680641250982047,13.673647053457467,0.01503194567883028
2020_Ref_Plot3_A2::22,2020_Ref_Plot3_A2,Field1,test,7,1,0.24376071174381556,19.061647598600015,0.040751186571974955
2020_Ref_Plot3_A2::28,2020_Ref_Plot3_A2,Field1,test,6,2,0.6703719629930344,27.571159448580858,0.16188165395154339
2020_Ref_Plot3_A2::36,2020_Ref_Plot3_A2,Field1,test,8,3,0.2003779601350327,14.91179959992328,0.0497136873016876
2020_Ref_Plot3_A2::42,2020_Ref_Plot3_A2,Field1,test,6,4,0.24096163938987988,16.279589822608315,0.03714875201671264
2020_Ref_Plot3_A2::51,2020_Ref_Plot3_A2,Field1,test,9,5,0.12140821918114846,11.596816913648762,0.06447000494843683
2020_Ref_Plot3_A2::83,2020_Ref_Plot3_A2,Field1,test,32,6,0.183075347826817,14.717149668951484,0.022176129229459263
2020_Ref_Plot3_A91::22,2020_Ref_Plot3_A91,Field1,test,7,1,0.22268394962709634,19.473405066408485,0.029270530957506462
2020_Ref_Plot3_A91::28,2020_Ref_Plot3_A91,Field1,test,6,2,0.7041497334856756,29.016609027736724,0.17751792736689156
2020_Ref_Plot3_A91::36,2020_Ref_Plot3_A91,Field1,test,8,3,0.1869783440700695,15.042193141786278,0.04977883723683706
2020_Ref_Plot3_A91::42,2020_Ref_Plot3_A91,Field1,test,6,4,0.2636597748911636,16.739624056665143,0.04170327307170622
2020_Ref_Plot3_A91::51,2020_Ref_Plot3_A91,Field1,test,9,5,0.1109440767512605,11.911264312558991,0.028411018371348483
2020_Ref_Plot3_A91::83,2020_Ref_Plot3_A91,Field1,test,32,6,0.22961250077593967,16.053929740355628,0.027665798129405575
2020_Ref_Plot3_A95::22,2020_Ref_Plot3_A95,Field1,test,7,1,0.2978471916170387,19.971649860228382,0.0678946820653252
2020_Ref_Plot3_A95::28,2020_Ref_Plot3_A95,Field1,test,6,2,0.6659508793528534,27.126361382078592,0.1582604524847957
2020_Ref_Plot3_A95::36,2020_Ref_Plot3_A95,Field1,test,8,3,0.16892913810692592,13.999191191607359,0.04396075612921892
2020_Ref_Plot3_A95::42,2020_Ref_Plot3_A95,Field1,test,6,4,0.2581252954048135,17.01520703382662,0.047927761365223996
2020_Ref_Plot3_A95::51,2020_Ref_Plot3_A95,Field1,test,9,5,0.14646196838656822,12.28698509948737,0.06185258960086793
2020_Ref_Plot3_A95::83,2020_Ref_Plot3_A95,Field1,test,32,6,0.2171826561623554,15.703817171390543,0.03399294182136611
2020_Ref_Plot3_A99::22,2020_Ref_Plot3_A99,Field1,test,7,1,0.28182518926587696,19.50005002346138,0.05695434153608039
2020_Ref_Plot3_A99::28,2020_Ref_Plot3_A99,Field1,test,6,2,0.696744360701374,27.90350403695413,0.19267486422472466
2020_Ref_Plot3_A99::36,2020_Ref_Plot3_A99,Field1,test,8,3,0.19240469112457945,14.487471715899654,0.04738083507613873
2020_Ref_Plot3_A99::42,2020_Ref_Plot3_A99,Field1,test,6,4,0.3051040778465292,18.276813657211346,0.06903929215632416
2020_Ref_Plot3_A99::51,2020_Ref_Plot3_A99,Field1,test,9,5,0.15233773035754408,12.048512912923364,0.058685705302021406
2020_Ref_Plot3_A99::83,2020_Ref_Plot3_A99,Field1,test,32,6,0.18388083259893317,15.196002279910024,0.021923491914156493
2020_Ref_Plot3_A9::22,2020_Ref_Plot3_A9,Field1,test,7,1,0.25924238116938275,20.097123272665893,0.04933733071848882
2020_Ref_Plot3_A9::28,2020_Ref_Plot3_A9,Field1,test,6,2,0.7067719478652688,28.088026649758294,0.17382273544348487
2020_Ref_Plot3_A9::36,2020_Ref_Plot3_A9,Field1,test,8,3,0.14505991103177063,14.430508531425744,0.028301958592053072
2020_Ref_Plot3_A9::42,2020_Ref_Plot3_A9,Field1,test,6,4,0.30415132284313906,19.015462199952154,0.045030488675821566
2020_Ref_Plot3_A9::51,2020_Ref_Plot3_A9,Field1,test,9,5,0.13690671007923405,11.839576147372608,0.04838281846555344
2020_Ref_Plot3_A9::83,2020_Ref_Plot3_A9,Field1,test,32,6,0.2440511234620786,15.626951295957657,0.05085380233969911
2020_Ref_Plot3_A9::97,2020_Ref_Plot3_A9,Field1,test,14,7,0.30481962727019707,18.443043379173854,0.04110022130877948
2020_Ref_Plot3_B97::22,2020_Ref_Plot3_B97,Field1,test,7,1,0.2982678741869867,19.897696005028983,0.07477929322020903
2020_Ref_Plot3_B97::28,2020_Ref_Plot3_B97,Field1,test,6,2,0.7019256617230237,27.993578696913183,0.19859828373516503
2020_Ref_Plot3_B97::36,2020_Ref_Plot3_B97,Field1,test,8,3,0.19782085401593733,14.415731285672704,0.045646055412860376
2020_Ref_Plot3_B97::42,2020_Ref_Plot3_B97,Field1,test,6,4,0.27740342258240536,17.127350386746112,0.04381977054573889
2020_Ref_Plot3_B97::51,2020_Ref_Plot3_B97,Field1,test,9,5,0.1511232904518278,11.708248658219137,0.051460315586323455
2020_Ref_Plot3_B97::83,2020_Ref_Plot3_B97,Field1,test,32,6,0.19083035923896471,14.59913483123261,0.027752498053566742
2020_Ref_Plot3_C10::22,2020_Ref_Plot3_C10,Field1,test,7,1,0.24767831141533003,19.167049911233395,0.041821281093873834
2020_Ref_Plot3_C10::28,2020_Ref_Plot3_C10,Field1,test,6,2,0.6772385461551519,27.32456134258554,0.16710892315769638
2020_Ref_Plot3_C10::36,2020_Ref_Plot3_C10,Field1,test,8,3,0.17370015728558066,14.736235766988809,0.03644905746971772
2020_Ref_Plot3_C10::42,2020_Ref_Plot3_C10,Field1,test,6,4,0.2672145226386924,17.19455807387294,0.04657007316483868
2020_Ref_Plot3_C10::51,2020_Ref_Plot3_C10,Field1,test,9,5,0.1320485876830064,11.937431175231987,0.048691427314350826
2020_Ref_Plot3_C10::83,2020_Ref_Plot3_C10,Field1,test,32,6,0.1995985587014321,14.860439177818659,0.022533879837354085
2020_Ref_Plot3_C10::97,2020_Ref_Plot3_C10,Field1,test,14,7,0.271558870849862,17.57823662449292,0.039057690933384126
2020_Ref_Plot3_C2::22,2020_Ref_Plot3_C2,Field1,test,7,1,0.2789090621049253,19.754995159161542,0.05314583903776026
2020_Ref_Plot3_C2::28,2020_Ref_Plot3_C2,Field1,test,6,2,0.6635774108443863,26.926248581629594,0.1562067853329064
2020_Ref_Plot3_C2::36,2020_Ref_Plot3_C2,Field1,test,8,3,0.18013963956758672,14.721607268609851,0.03869940065814831
2020_Ref_Plot3_C2::42,2020_Ref_Plot3_C2,Field1,test,6,4,0.29022313686384493,16.717160856918124,0.056566498067920926
2020_Ref_Plot3_C2::51,2020_Ref_Plot3_C2,Field1,test,9,5,0.13264640873512767,11.910903849530525,0.040493301417054435
2020_Ref_Plot3_C2::83,2020_Ref_Plot3_C2,Field1,test,32,6,0.15822113918397396,14.257727590900588,0.020880066981275494
2020_Ref_Plot3_C7::22,2020_Ref_Plot3_C7,Field1,test,7,1,0.3043588164513255,19.94620097943653,0.07245903701039694
2020_Ref_Plot3_C7::28,2020_Ref_Plot3_C7,Field1,test,6,2,0.6575827505142887,26.804143553465202,0.1678176637783251
2020_Ref_Plot3_C7::36,2020_Ref_Plot3_C7,Field1,test,8,3,0.17802870977865135,14.348358971619884,0.052485485320584266
2020_Ref_Plot3_C7::42,2020_Ref_Plot3_C7,Field1,test,6,4,0.27898552158701934,17.901608159971616,0.05534573322530718
2020_Ref_Plot3_C7::51,2020_Ref_Plot3_C7,Field1,test,9,5,0.12743612965496293,12.210836413831846,0.04501949100532207
2020_Ref_Plot3_C7::83,2020_Ref_Plot3_C7,Field1,test,32,6,0.19534774483763584,15.625940186067307,0.033463197576354874
2020_Ref_Plot3_C7::97,2020_Ref_Plot3_C7,Field1,test,14,7,0.2347163846867896,16.639217475058498,0.018133645599669058
2020_Ref_Plot4_A8::22,2020_Ref_Plot4_A8,Field1,test,7,1,0.33307303210272976,21.761381511574566,0.07270330706451249
2020_Ref_Plot4_A8::28,2020_Ref_Plot4_A8,Field1,test,6,2,0.7265009208335383,27.583965871600405,0.2044587672751932
2020_Ref_Plot4_A8::36,2020_Ref_Plot4_A8,Field1,test,8,3,0.10478825309054633,14.480871346708224,0.026072464843760187
2020_Ref_Plot4_A8::42,2020_Ref_Plot4_A8,Field1,test,6,4,0.34154957979395145,19.10705127281063,0.06123941676679785
2020_Ref_Plot4_A8::51,2020_Ref_Plot4_A8,Field1,test,9,5,0.10992860530831983,11.581481943543409,0.04363236245939262
2020_Ref_Plot4_A8::83,2020_Ref_Plot4_A8,Field1,test,32,6,0.17960981553870112,15.486335045676359,0.02857939576105053
2020_Ref_Plot4_A90::22,2020_Ref_Plot4_A90,Field1,test,7,1,0.2608410905509682,20.10762660150412,0.036270975604365076
2020_Ref_Plot4_A90::28,2020_Ref_Plot4_A90,Field1,test,6,2,0.7509797070243703,29.389645195370854,0.23410805021627504
2020_Ref_Plot4_A90::36,2020_Ref_Plot4_A90,Field1,test,8,3,0.10500320225607007,14.637570767383558,0.01834677135170404
2020_Ref_Plot4_A90::42,2020_Ref_Plot4_A90,Field1,test,6,4,0.32635409596700055,18.518599086689512,0.05184234347511964
2020_Ref_Plot4_A90::51,2020_Ref_Plot4_A90,Field1,test,9,5,0.11231089904979513,11.79035293105783,0.05782247830057813
2020_Ref_Plot4_A92::22,2020_Ref_Plot4_A92,Field1,test,7,1,0.2753629045366186,20.681479776244647,0.037618347698036944
2020_Ref_Plot4_A92::28,2020_Ref_Plot4_A92,Field1,test,6,2,0.743432314738758,29.461229841037138,0.1959151860657303
2020_Ref_Plot4_A92::36,2020_Ref_Plot4_A92,Field1,test,8,3,0.10119826476729597,14.964153348492626,0.022120347863730457
2020_Ref_Plot4_A92::42,2020_Ref_Plot4_A92,Field1,test,6,4,0.30114520972316755,18.14501649253271,0.049074143136201044
2020_Ref_Plot4_A92::51,2020_Ref_Plot4_A92,Field1,test,9,5,0.10219363799999481,11.769811580997732,0.027008746348542983
2020_Ref_Plot4_B2::22,2020_Ref_Plot4_B2,Field1,test,7,1,0.2887100161079134,21.05763844682179,0.04413269721240774
2020_Ref_Plot4_B2::28,2020_Ref_Plot4_B2,Field1,test,6,2,0.7607954664596722,29.74435852974239,0.21959167658356288
2020_Ref_Plot4_B2::36,2020_Ref_Plot4_B2,Field1,test,8,3,0.1070494463968722,15.330762255969246,0.01776484747631284
2020_Ref_Plot4_B2::42,2020_Ref_Plot4_B2,Field1,test,6,4,0.26741383208858904,16.98439540059445,0.03274169066126051
2020_Ref_Plot4_B2::51,2020_Ref_Plot4_B2,Field1,test,9,5,0.11073071384675977,11.841336866293812,0.031744803858925134
2020_Ref_Plot4_B2::83,2020_Ref_Plot4_B2,Field1,test,32,6,0.16540769360827925,13.75405242988106,0.014980967636078988
2020_Ref_Plot4_B6::22,2020_Ref_Plot4_B6,Field1,test,7,1,0.36979598822121157,22.80556679372621,0.06704732836016039
2020_Ref_Plot4_B6::28,2020_Ref_Plot4_B6,Field1,test,6,2,0.7868315970626195,29.35552284999026,0.26373706837219724
2020_Ref_Plot4_B6::36,2020_Ref_Plot4_B6,Field1,test,8,3,0.08052315915555062,14.187737226865648,0.020935995602878718
2020_Ref_Plot4_B6::42,2020_Ref_Plot4_B6,Field1,test,6,4,0.29831253612541053,18.52476948879412,0.058706937572870925
2020_Ref_Plot4_B6::51,2020_Ref_Plot4_B6,Field1,test,9,5,0.11289159316862034,11.585561707548766,0.04179151273972643
2020_Ref_Plot4_B6::83,2020_Ref_Plot4_B6,Field1,test,32,6,0.17682881421859808,15.217370889766347,0.0221072986675237
2020_Ref_Plot4_B95::22,2020_Ref_Plot4_B95,Field1,test,7,1,0.3031586073675554,21.072774768520443,0.044855103160448696
2020_Ref_Plot4_B95::28,2020_Ref_Plot4_B95,Field1,test,6,2,0.7383706606100828,28.97877775012395,0.22459982563055006
2020_Ref_Plot4_B95::36,2020_Ref_Plot4_B95,Field1,test,8,3,0.08509490523920948,14.331140119251335,0.02081073355599376
2020_Ref_Plot4_B95::42,2020_Ref_Plot4_B95,Field1,test,6,4,0.30053845005253227,18.25209260898721,0.04281419444457719
2020_Ref_Plot4_B95::51,2020_Ref_Plot4_B95,Field1,test,9,5,0.10058405061499832,11.317855209866979,0.024430626024333796
2020_Ref_Plot4_B95::83,2020_Ref_Plot4_B95,Field1,test,32,6,0.2923671662525842,16.61900077757269,0.06053184341429473
2020_Ref_Plot4_B97::22,2020_Ref_Plot4_B97,Field1,test,7,1,0.29690829023177584,21.099272579061772,0.04073417266304413
2020_Ref_Plot4_B97::28,2020_Ref_Plot4_B97,Field1,test,6,2,0.7636892899329123,29.243910935044926,0.24887306330329237
2020_Ref_Plot4_B97::36,2020_Ref_Plot4_B97,Field1,test,8,3,0.10403850444448566,14.895596081206115,0.01944938695198044
2020_Ref_Plot4_B97::42,2020_Ref_Plot4_B97,Field1,test,6,4,0.3106808435978074,18.854015300153215,0.04316040078912748
2020_Ref_Plot4_B97::51,2020_Ref_Plot4_B97,Field1,test,9,5,0.12880075867407678,11.81215001775725,0.034665921594673535
2020_Ref_Plot4_C91::22,2020_Ref_Plot4_C91,Field1,test,7,1,0.26563895322086867,20.8848783281768,0.03426853936885684
2020_Ref_Plot4_C91::28,2020_Ref_Plot4_C91,Field1,test,6,2,0.7648808882943761,29.803101901446833,0.22496096614057678
2020_Ref_Plot4_C91::36,2020_Ref_Plot4_C91,Field1,test,8,3,0.09735188882670952,14.941231987693298,0.025194622531145308
2020_Ref_Plot4_C91::42,2020_Ref_Plot4_C91,Field1,test,6,4,0.29057991673025013,17.80335657702584,0.035799867226507215
2020_Ref_Plot4_C91::51,2020_Ref_Plot4_C91,Field1,test,9,5,0.11401380782395125,11.558952607015616,0.03412861854044359
2021_Ref_Plot1_A11::16,2021_Ref_Plot1_A11,Field2,test,8,2,0.8134056109860327,31.536128306471657,0.4115222471031208
2021_Ref_Plot1_A11::22,2021_Ref_Plot1_A11,Field2,test,6,3,0.349137671275854,18.09234825019487,0.11032804096067046
2021_Ref_Plot1_A11::27,2021_Ref_Plot1_A11,Field2,test,5,4,0.3579008879278069,16.782736312010808,0.12336080172867228
2021_Ref_Plot1_A11::35,2021_Ref_Plot1_A11,Field2,test,8,5,0.12253017253211178,12.009768686283842,0.028224858931173602
2021_Ref_Plot1_A11::44,2021_Ref_Plot1_A11,Field2,test,9,6,0.14400759437421454,15.007353568056951,0.020748305510174113
2021_Ref_Plot1_A11::50,2021_Ref_Plot1_A11,Field2,test,6,7,0.09067585479649026,9.278124352575329,0.07229477005948648
2021_Ref_Plot1_A11::57,2021_Ref_Plot1_A11,Field2,test,7,8,0.09821052766295056,11.514585577903805,0.03610014012354954
2021_Ref_Plot1_A11::65,2021_Ref_Plot1_A11,Field2,test,8,9,0.09723412291582205,11.447431444659317,0.04452038959323619
2021_Ref_Plot1_A11::69,2021_Ref_Plot1_A11,Field2,test,4,10,0.17187063567357871,13.043936378782412,0.11803435975199783
2021_Ref_Plot1_A11::71,2021_Ref_Plot1_A11,Field2,test,2,11,0.10669850095688276,10.835444645129018,0.1065146709634467
2021_Ref_Plot1_A11::76,2021_Ref_Plot1_A11,Field2,test,5,12,0.12432480145554371,12.152374311849512,0.020061015907359057
2021_Ref_Plot1_A11::8,2021_Ref_Plot1_A11,Field2,test,7,1,0.7148008896489283,27.370317781913123,0.20259827724240984
2021_Ref_Plot1_A11::80,2021_Ref_Plot1_A11,Field2,test,4,13,0.06349302246129597,8.22527221244742,0.013521807977592747
2021_Ref_Plot1_A11::85,2021_Ref_Plot1_A11,Field2,test,5,14,0.07056969771027695,10.085905911492576,0.03371725328799443
2021_Ref_Plot1_A13::16,2021_Ref_Plot1_A13,Field2,test,8,2,0.803854952109129,30.521313808230385,0.40797399608368845
2021_Ref_Plot1_A13::22,2021_Ref_Plot1_A13,Field2,test,6,3,0.31281072972037016,17.174988472985138,0.1061558797225623
2021_Ref_Plot1_A13::27,2021_Ref_Plot1_A13,Field2,test,5,4,0.32188642489639147,17.344633138872084,0.10409562921308459
2021_Ref_Plot1_A13::35,2021_Ref_Plot1_A13,Field2,test,8,5,0.11108632439492012,11.77597949131856,0.02581022757413783
2021_Ref_Plot1_A13::44,2021_Ref_Plot1_A13,Field2,test,9,6,0.13692831334765118,14.470059558552549,0.030821889379921842
2021_Ref_Plot1_A13::50,2021_Ref_Plot1_A13,Field2,test,6,7,0.07552652861177916,8.221749848533022,0.04759077292402248
2021_Ref_Plot1_A13::57,2021_Ref_Plot1_A13,Field2,test,7,8,0.10654635333636532,11.595231008244136,0.050667592282923016
2021_Ref_Plot1_A13::65,2021_Ref_Plot1_A13,Field2,test,8,9,0.1112917464944555,12.483072149449104,0.045155832186201346
2021_Ref_Plot1_A13::69,2021_Ref_Plot1_A13,Field2,test,4,10,0.15218860045204266,13.50786468887035,0.06987687046528239
2021_Ref_Plot1_A13::71,2021_Ref_Plot1_A13,Field2,test,2,11,0.0738335086184924,9.122165896104862,0.06169028765739914
2021_Ref_Plot1_A13::76,2021_Ref_Plot1_A13,Field2,test,5,12,0.11658279423246332,13.131969014123005,0.01567548663375412
2021_Ref_Plot1_A13::8,2021_Ref_Plot1_A13,Field2,test,7,1,0.712823815305386,27.921839181625714,0.18744981462380167
2021_Ref_Plot1_A13::80,2021_Ref_Plot1_A13,Field2,test,4,13,0.05751546539542702,9.119258444705135,0.02085280317084067
2021_Ref_Plot1_A13::85,2021_Ref_Plot1_A13,Field2,test,5,14,0.05182560060548349,9.367773897073839,0.026060200136047203
2021_Ref_Plot1_A20::16,2021_Ref_Plot1_A20,Field2,test,8,2,0.814469754539946,31.48731507693102,0.43316647594943586
2021_Ref_Plot1_A20::22,2021_Ref_Plot1_A20,Field2,test,6,3,0.34841765448922063,17.491767016460347,0.12168378478185429
2021_Ref_Plot1_A20::27,2021_Ref_Plot1_A20,Field2,test,5,4,0.32676967396397777,17.44995408242135,0.104903628978036
2021_Ref_Plot1_A20::35,2021_Ref_Plot1_A20,Field2,test,8,5,0.13431477192515598,13.037794255196806,0.048132639067864344
2021_Ref_Plot1_A20::44,2021_Ref_Plot1_A20,Field2,test,9,6,0.13976641254511832,15.071571934461739,0.01934302753689357
2021_Ref_Plot1_A20::50,2021_Ref_Plot1_A20,Field2,test,6,7,0.0748056669482798,9.117388657683758,0.06402029257842974
2021_Ref_Plot1_A20::57,2021_Ref_Plot1_A20,Field2,test,7,8,0.08441565669640001,11.246456070769007,0.01901890200474135
2021_Ref_Plot1_A20::65,2021_Ref_Plot1_A20,Field2,test,8,9,0.06683956149697885,11.636467645328745,0.02862285269501927
2021_Ref_Plot1_A20::69,2021_Ref_Plot1_A20,Field2,test,4,10,0.11600589704403204,13.277986066326129,0.05058570769597507
2021_Ref_Plot1_A20::71,2021_Ref_Plot1_A20,Field2,test,2,11,0.06155004106035935,9.966598068048535,0.05832444264349129
2021_Ref_Plot1_A20::76,2021_Ref_Plot1_A20,Field2,test,5,12,0.11150969961504302,14.340348624376631,0.030718375518019807
2021_Ref_Plot1_A20::8,2021_Ref_Plot1_A20,Field2,test,7,1,0.6799124660780658,26.27051524423805,0.17553569691286341
2021_Ref_Plot1_A20::80,2021_Ref_Plot1_A20,Field2,test,4,13,0.0836215251551688,9.424954962969686,0.034060679247779634
2021_Ref_Plot1_A20::85,2021_Ref_Plot1_A20,Field2,test,5,14,0.06561214046289023,10.144294920708273,0.032602355266291023
2021_Ref_Plot1_A3::16,2021_Ref_Plot1_A3,Field2,test,8,2,0.799454221070059,31.109360372796225,0.38044725498741905
2021_Ref_Plot1_A3::22,2021_Ref_Plot1_A3,Field2,test,6,3,0.2875680283753644,16.323379592460842,0.08112793037244907
2021_Ref_Plot1_A3::27,2021_Ref_Plot1_A3,Field2,test,5,4,0.31010499628105426,16.199779430624968,0.08125293226492612
2021_Ref_Plot1_A3::35,2021_Ref_Plot1_A3,Field2,test,8,5,0.12596226138176722,11.276437010148353,0.04165198667025702
2021_Ref_Plot1_A3::44,2021_Ref_Plot1_A3,Field2,test,9,6,0.13613388092050063,14.912700980279245,0.025517984136822946
2021_Ref_Plot1_A3::50,2021_Ref_Plot1_A3,Field2,test,6,7,0.09102992930611015,8.998122550400115,0.08126389196897969
2021_Ref_Plot1_A3::57,2021_Ref_Plot1_A3,Field2,test,7,8,0.09963499915753565,11.293659734610234,0.03770636042726679
2021_Ref_Plot1_A3::65,2021_Ref_Plot1_A3,Field2,test,8,9,0.10890533745925203,11.595718337489611,0.05486494579365473
2021_Ref_Plot1_A3::69,2021_Ref_Plot1_A3,Field2,test,4,10,0.17573033948403396,13.048175626850691,0.12524788114981283
2021_Ref_Plot1_A3::71,2021_Ref_Plot1_A3,Field2,test,2,11,0.10026935376578289,9.7320713408315,0.07333110210067365
2021_Ref_Plot1_A3::76,2021_Ref_Plot1_A3,Field2,test,5,12,0.1791265351850583,13.346915073902517,0.040089036794177815
2021_Ref_Plot1_A3::8,2021_Ref_Plot1_A3,Field2,test,7,1,0.7326601704511182,27.477248530738684,0.21395751690160966
2021_Ref_Plot1_A3::80,2021_Ref_Plot1_A3,Field2,test,4,13,0.09475429234477901,9.47805099395937,0.024146790793124883
2021_Ref_Plot1_A3::85,2021_Ref_Plot1_A3,Field2,test,5,14,0.08679538778848687,9.84800148722568,0.033868904112708
2021_Ref_Plot1_B19::16,2021_Ref_Plot1_B19,Field2,test,8,2,0.8157205771551705,31.11898887580058,0.3861935224397601
2021_Ref_Plot1_B19::22,2021_Ref_Plot1_B19,Field2,test,6,3,0.3685045588070001,17.532389698532928,0.13974971733314653
2021_Ref_Plot1_B19::27,2021_Ref_Plot1_B19,Field2,test,5,4,0.339274608981583,17.047815025650472,0.12572960494327684
2021_Ref_Plot1_B19::35,2021_Ref_Plot1_B19,Field2,test,8,5,0.1420321524952145,13.038098428263712,0.027400686662365153
2021_Ref_Plot1_B19::44,2021_Ref_Plot1_B19,Field2,test,9,6,0.12194575301061812,14.829917644752298,0.02558208845049357
2021_Ref_Plot1_B19::50,2021_Ref_Plot1_B19,Field2,test,6,7,0.06463789981778865,9.054631872454628,0.04276932853370067
2021_Ref_Plot1_B19::57,2021_Ref_Plot1_B19,Field2,test,7,8,0.08873030505938817,12.2510504385372,0.033169357700735314
2021_Ref_Plot1_B19::65,2021_Ref_Plot1_B19,Field2,test,8,9,0.06896284027668514,12.075149214348288,0.03535571926389568
2021_Ref_Plot1_B19::69,2021_Ref_Plot1_B19,Field2,test,4,10,0.12258376530195725,13.702062389878705,0.05342085142498957
2021_Ref_Plot1_B19::71,2021_Ref_Plot1_B19,Field2,test,2,11,0.07397963539451663,10.643854734389368,0.09218934021450992
2021_Ref_Plot1_B19::76,2021_Ref_Plot1_B19,Field2,test,5,12,0.13767921127447227,15.461614895279938,0.02992218955937456
2021_Ref_Plot1_B19::8,2021_Ref_Plot1_B19,Field2,test,7,1,0.7154565557129414,27.534710642301462,0.20125291774005039
2021_Ref_Plot1_B19::80,2021_Ref_Plot1_B19,Field2,test,4,13,0.05857183462843859,10.116902288652414,0.014124049164004882
2021_Ref_Plot1_B19::85,2021_Ref_Plot1_B19,Field2,test,5,14,0.05286776004932565,11.795870708799868,0.02396175566431637
2021_Ref_Plot1_B2::16,2021_Ref_Plot1_B2,Field2,test,8,2,0.8070127566929917,31.844347503638883,0.3468022167982261
2021_Ref_Plot1_B2::22,2021_Ref_Plot1_B2,Field2,test,6,3,0.3584701181066166,18.2080640946418,0.12168775494224286
2021_Ref_Plot1_B2::27,2021_Ref_Plot1_B2,Field2,test,5,4,0.4081741152427108,18.82218235294441,0.14529153031193093
2021_Ref_Plot1_B2::35,2021_Ref_Plot1_B2,Field2,test,8,5,0.18627068370977815,13.894369037913304,0.03495623081572205
2021_Ref_Plot1_B2::44,2021_Ref_Plot1_B2,Field2,test,9,6,0.1547124961095608,14.823173434699955,0.024073957417653332
2021_Ref_Plot1_B2::50,2021_Ref_Plot1_B2,Field2,test,6,7,0.10452138223097039,9.131550912861648,0.0884311168405059
2021_Ref_Plot1_B2::57,2021_Ref_Plot1_B2,Field2,test,7,8,0.13568410153039076,11.819486542161705,0.057235352970994274
2021_Ref_Plot1_B2::65,2021_Ref_Plot1_B2,Field2,test,8,9,0.0931142629666764,11.89084943098823,0.026445768629392834
2021_Ref_Plot1_B2::69,2021_Ref_Plot1_B2,Field2,test,4,10,0.14116563139073499,12.574871503251735,0.06919611366497669
2021_Ref_Plot1_B2::71,2021_Ref_Plot1_B2,Field2,test,2,11,0.10078129849925621,9.947194437035254,0.10913842136205049
2021_Ref_Plot1_B2::76,2021_Ref_Plot1_B2,Field2,test,5,12,0.16993414758242678,15.401773887427627,0.04225703632448214
2021_Ref_Plot1_B2::8,2021_Ref_Plot1_B2,Field2,test,7,1,0.7509309632871659,28.415820424216193,0.22255616509686607
2021_Ref_Plot1_B2::80,2021_Ref_Plot1_B2,Field2,test,4,13,0.09183834272367399,8.472242591289698,0.04993721558035371
2021_Ref_Plot1_B2::85,2021_Ref_Plot1_B2,Field2,test,5,14,0.08225272677666441,9.460933097782778,0.016415899709790106
2021_Ref_Plot1_B4::16,2021_Ref_Plot1_B4,Field2,test,8,2,0.8140307242121755,31.65945977130107,0.3613740184916001
2021_Ref_Plot1_B4::22,2021_Ref_Plot1_B4,Field2,test,6,3,0.32629879084872365,17.736079801228,0.10991091133992162
2021_Ref_Plot1_B4::27,2021_Ref_Plot1_B4,Field2,test,5,4,0.37342278386458966,17.617742434147242,0.12437512801930806
2021_Ref_Plot1_B4::35,2021_Ref_Plot1_B4,Field2,test,8,5,0.16718622908378464,12.911797868111714,0.048820063923345695
2021_Ref_Plot1_B4::44,2021_Ref_Plot1_B4,Field2,test,9,6,0.14845963425659572,15.296755707269602,0.020014754774075806
2021_Ref_Plot1_B4::50,2021_Ref_Plot1_B4,Field2,test,6,7,0.07432461308800138,8.513493840011181,0.044420100751116645
2021_Ref_Plot1_B4::57,2021_Ref_Plot1_B4,Field2,test,7,8,0.09925442532759128,10.910659363601653,0.00963094499280761
2021_Ref_Plot1_B4::65,2021_Ref_Plot1_B4,Field2,test,8,9,0.08617823155375458,11.1202008657457,0.0390187927855074
2021_Ref_Plot1_B4::69,2021_Ref_Plot1_B4,Field2,test,4,10,0.1461704573078337,13.215072513605746,0.06067208730252193
2021_Ref_Plot1_B4::71,2021_Ref_Plot1_B4,Field2,test,2,11,0.10741415163530976,10.427646249645834,0.10950975558298844
2021_Ref_Plot1_B4::76,2021_Ref_Plot1_B4,Field2,test,5,12,0.2232530112984028,14.545743410111411,0.030780798838455754
2021_Ref_Plot1_B4::8,2021_Ref_Plot1_B4,Field2,test,7,1,0.7511322272389186,29.151342654222105,0.22588096579793637
2021_Ref_Plot1_B4::80,2021_Ref_Plot1_B4,Field2,test,4,13,0.09539633940097879,7.576454272530477,0.02498789881453413
2021_Ref_Plot1_B4::85,2021_Ref_Plot1_B4,Field2,test,5,14,0.09772611366875396,9.97068490632812,0.02845275521209478
2021_Ref_Plot1_B7::16,2021_Ref_Plot1_B7,Field2,test,8,2,0.7950458083969143,31.40243232943416,0.3478631024255846
2021_Ref_Plot1_B7::22,2021_Ref_Plot1_B7,Field2,test,6,3,0.31256579461406314,17.54745354495754,0.09295029297941265
2021_Ref_Plot1_B7::27,2021_Ref_Plot1_B7,Field2,test,5,4,0.3445715011940719,18.07626478188062,0.12136653568119044
2021_Ref_Plot1_B7::35,2021_Ref_Plot1_B7,Field2,test,8,5,0.15914589153673683,13.626340432658392,0.04343023684438219
2021_Ref_Plot1_B7::44,2021_Ref_Plot1_B7,Field2,test,9,6,0.15736995885203017,15.569138470253488,0.02584021456581044
2021_Ref_Plot1_B7::50,2021_Ref_Plot1_B7,Field2,test,6,7,0.10873456769150484,9.511769917563905,0.08491893007671623
2021_Ref_Plot1_B7::57,2021_Ref_Plot1_B7,Field2,test,7,8,0.11650454293068703,11.614586511739091,0.0441851081743454
2021_Ref_Plot1_B7::65,2021_Ref_Plot1_B7,Field2,test,8,9,0.1157218355525243,11.552492430300811,0.04098563202881292
2021_Ref_Plot1_B7::69,2021_Ref_Plot1_B7,Field2,test,4,10,0.13697136068281948,12.434095628023003,0.055602842578053695
2021_Ref_Plot1_B7::71,2021_Ref_Plot1_B7,Field2,test,2,11,0.1132712964953656,10.818668338378464,0.11434187133854269
2021_Ref_Plot1_B7::8,2021_Ref_Plot1_B7,Field2,test,7,1,0.7320289550887603,27.758062251701663,0.21603140498820497
2021_Ref_Plot1_B7::85,2021_Ref_Plot1_B7,Field2,test,5,13,0.0813653278340611,9.533718238135473,0.02303898050901251
2021_Ref_Plot1_C18::16,2021_Ref_Plot1_C18,Field2,test,8,2,0.8082051912822653,30.67653148654864,0.37767035630365
2021_Ref_Plot1_C18::22,2021_Ref_Plot1_C18,Field2,test,6,3,0.33312605244613436,16.778483931700194,0.11999698365526287
2021_Ref_Plot1_C18::27,2021_Ref_Plot1_C18,Field2,test,5,4,0.28171890915310493,16.019781924769447,0.09479396859512965
2021_Ref_Plot1_C18::35,2021_Ref_Plot1_C18,Field2,test,8,5,0.1417449408080489,12.04670690146932,0.03846700627676094
2021_Ref_Plot1_C18::44,2021_Ref_Plot1_C18,Field2,test,9,6,0.1353937134960392,15.293498386705034,0.026261811501021068
2021_Ref_Plot1_C18::50,2021_Ref_Plot1_C18,Field2,test,6,7,0.08031426417985268,8.592474592753826,0.054585860945783556
2021_Ref_Plot1_C18::57,2021_Ref_Plot1_C18,Field2,test,7,8,0.09985678314015234,11.451943067757309,0.0382992922885712
2021_Ref_Plot1_C18::65,2021_Ref_Plot1_C18,Field2,test,8,9,0.08419795005153974,11.216182334818264,0.038273335797279595
2021_Ref_Plot1_C18::69,2021_Ref_Plot1_C18,Field2,test,4,10,0.1595166968686895,13.470984931448625,0.06688074419747018
2021_Ref_Plot1_C18::71,2021_Ref_Plot1_C18,Field2,test,2,11,0.10092803315908971,10.566844744875056,0.11804135689366894
2021_Ref_Plot1_C18::76,2021_Ref_Plot1_C18,Field2,test,5,12,0.14540094029393255,15.056723824631897,0.02083162743858886
2021_Ref_Plot1_C18::8,2021_Ref_Plot1_C18,Field2,test,7,1,0.7390574778153735,27.96536555441306,0.20845911547340434
2021_Ref_Plot1_C18::80,2021_Ref_Plot1_C18,Field2,test,4,13,0.05050208915342614,10.693493769161364,0.015996774380803356
2021_Ref_Plot1_C18::85,2021_Ref_Plot1_C18,Field2,test,5,14,0.04854850991018686,11.49267474586872,0.024919617590543213
2021_Ref_Plot1_C6::16,2021_Ref_Plot1_C6,Field2,test,8,2,0.8243645274269715,31.959853339452145,0.3954664236671418
2021_Ref_Plot1_C6::22,2021_Ref_Plot1_C6,Field2,test,6,3,0.33143238639217865,17.394315947827405,0.10797917139394432
2021_Ref_Plot1_C6::27,2021_Ref_Plot1_C6,Field2,test,5,4,0.3725002860710613,17.818760934477865,0.11447518583269593
2021_Ref_Plot1_C6::35,2021_Ref_Plot1_C6,Field2,test,8,5,0.1657775934602501,13.57219015951404,0.033344926223016984
2021_Ref_Plot1_C6::44,2021_Ref_Plot1_C6,Field2,test,9,6,0.1431090371382077,15.270592010671935,0.02026333570134404
2021_Ref_Plot1_C6::50,2021_Ref_Plot1_C6,Field2,test,6,7,0.1066460855623045,8.961745286374164,0.06612520236482235
2021_Ref_Plot1_C6::57,2021_Ref_Plot1_C6,Field2,test,7,8,0.14306366545466495,11.017264833262265,0.04443166578620919
2021_Ref_Plot1_C6::65,2021_Ref_Plot1_C6,Field2,test,8,9,0.11225429092596269,11.1255194364523,0.07646876765436744
2021_Ref_Plot1_C6::69,2021_Ref_Plot1_C6,Field2,test,4,10,0.14392994864050743,12.710379723626925,0.09623446838932243
2021_Ref_Plot1_C6::71,2021_Ref_Plot1_C6,Field2,test,2,11,0.10105611794950131,10.350520691651228,0.10594172126436084
2021_Ref_Plot1_C6::76,2021_Ref_Plot1_C6,Field2,test,5,12,0.20789383613467174,15.031706018478442,0.06524658516364466
2021_Ref_Plot1_C6::8,2021_Ref_Plot1_C6,Field2,test,7,1,0.7378991176621293,28.34865881996977,0.2133521705199279
2021_Ref_Plot1_C6::80,2021_Ref_Plot1_C6,Field2,test,4,13,0.09001286676703056,9.441570580841505,0.06304311757895019
2021_Ref_Plot1_C6::85,2021_Ref_Plot1_C6,Field2,test,5,14,0.1453562470351202,9.71706919276958,0.0612379284296153
2021_Ref_Plot1_D18::16,2021_Ref_Plot1_D18,Field2,test,8,2,0.8000497574585866,30.591280018344452,0.38003502940416234
2021_Ref_Plot1_D18::22,2021_Ref_Plot1_D18,Field2,test,6,3,0.32151757963933747,17.15487648470249,0.10703813089427314
2021_Ref_Plot1_D18::27,2021_Ref_Plot1_D18,Field2,test,5,4,0.3321646633765009,16.508593000378024,0.1391734853632114
2021_Ref_Plot1_D18::35,2021_Ref_Plot1_D18,Field2,test,8,5,0.11747481571316631,11.880523794787193,0.01654388432179514
2021_Ref_Plot1_D18::44,2021_Ref_Plot1_D18,Field2,test,9,6,0.1427064573710548,15.772308238593764,0.015609974197229065
2021_Ref_Plot1_D18::50,2021_Ref_Plot1_D18,Field2,test,6,7,0.10830124630808012,9.22195336792582,0.06229449608189277
2021_Ref_Plot1_D18::57,2021_Ref_Plot1_D18,Field2,test,7,8,0.12030329575591096,11.943860958607996,0.0433653524419966
2021_Ref_Plot1_D18::65,2021_Ref_Plot1_D18,Field2,test,8,9,0.0909514832829334,11.361915963089256,0.036722153301903385
2021_Ref_Plot1_D18::69,2021_Ref_Plot1_D18,Field2,test,4,10,0.12440513412759328,12.417774747953981,0.05712768901925878
2021_Ref_Plot1_D18::71,2021_Ref_Plot1_D18,Field2,test,2,11,0.10936518686073399,10.6883892343921,0.11401320096384546
2021_Ref_Plot1_D18::76,2021_Ref_Plot1_D18,Field2,test,5,12,0.1683751999714028,15.527906489610668,0.03978666850822604
2021_Ref_Plot1_D18::8,2021_Ref_Plot1_D18,Field2,test,7,1,0.7361485373722427,28.579257094822218,0.19782312317242026
2021_Ref_Plot1_D18::80,2021_Ref_Plot1_D18,Field2,test,4,13,0.07857838260309334,10.557780995568567,0.05464719313668051
2021_Ref_Plot1_D18::85,2021_Ref_Plot1_D18,Field2,test,5,14,0.05401343423657639,9.979339224532094,0.03098995688405417
2021_Ref_Plot1_D4::16,2021_Ref_Plot1_D4,Field2,test,8,2,0.7856221179418138,30.670655171283713,0.34885266252077907
2021_Ref_Plot1_D4::22,2021_Ref_Plot1_D4,Field2,test,6,3,0.31800054278958,17.452506878645146,0.10954058128300134
2021_Ref_Plot1_D4::27,2021_Ref_Plot1_D4,Field2,test,5,4,0.341842173912954,17.07603190117264,0.13242508899432004
2021_Ref_Plot1_D4::35,2021_Ref_Plot1_D4,Field2,test,8,5,0.156602387662935,12.65590112515798,0.03030083422001241
2021_Ref_Plot1_D4::44,2021_Ref_Plot1_D4,Field2,test,9,6,0.14803883067877918,14.853068745814475,0.018543132996801718
2021_Ref_Plot1_D4::50,2021_Ref_Plot1_D4,Field2,test,6,7,0.08048931489239369,8.372581092689416,0.0446703412207663
2021_Ref_Plot1_D4::57,2021_Ref_Plot1_D4,Field2,test,7,8,0.11981867453196549,12.314922525708976,0.03445709085482444
2021_Ref_Plot1_D4::65,2021_Ref_Plot1_D4,Field2,test,8,9,0.085839959072938,11.492678947036666,0.02676972258636284
2021_Ref_Plot1_D4::69,2021_Ref_Plot1_D4,Field2,test,4,10,0.1593327520783811,13.430226614714744,0.09733305294728524
2021_Ref_Plot1_D4::71,2021_Ref_Plot1_D4,Field2,test,2,11,0.1176130060520802,10.605321605398423,0.11724451494414868
2021_Ref_Plot1_D4::76,2021_Ref_Plot1_D4,Field2,test,5,12,0.15850650029190064,12.677864220692832,0.020277353074396872
2021_Ref_Plot1_D4::8,2021_Ref_Plot1_D4,Field2,test,7,1,0.7325580004768178,27.739438695984155,0.1767858031059865
2021_Ref_Plot1_D4::80,2021_Ref_Plot1_D4,Field2,test,4,13,0.09648835180554234,8.602615153157865,0.0388070572001494
2021_Ref_Plot1_D4::85,2021_Ref_Plot1_D4,Field2,test,5,14,0.12556148662052793,10.268867821057533,0.05016431118517918
2021_Ref_Plot1_D6::16,2021_Ref_Plot1_D6,Field2,test,8,2,0.7919219283364903,30.564829320007803,0.36357301112155826
2021_Ref_Plot1_D6::22,2021_Ref_Plot1_D6,Field2,test,6,3,0.3358695511626033,17.414635386470717,0.12778700610096308
2021_Ref_Plot1_D6::27,2021_Ref_Plot1_D6,Field2,test,5,4,0.3818899072997273,17.665556239957834,0.1446823955818304
2021_Ref_Plot1_D6::35,2021_Ref_Plot1_D6,Field2,test,8,5,0.16791565530432062,13.34035063933599,0.03690207459572681
2021_Ref_Plot1_D6::44,2021_Ref_Plot1_D6,Field2,test,9,6,0.14732942405288557,15.407710201779423,0.028623669156975163
2021_Ref_Plot1_D6::50,2021_Ref_Plot1_D6,Field2,test,6,7,0.09557331937099271,8.827039659721855,0.058589974002364674
2021_Ref_Plot1_D6::57,2021_Ref_Plot1_D6,Field2,test,7,8,0.12390209857899155,11.653791444897415,0.04101199675195668
2021_Ref_Plot1_D6::65,2021_Ref_Plot1_D6,Field2,test,8,9,0.10586594035358975,11.392410482433279,0.04598679984154345
2021_Ref_Plot1_D6::69,2021_Ref_Plot1_D6,Field2,test,4,10,0.15434185969974734,13.022229756304673,0.08357944352209704
2021_Ref_Plot1_D6::71,2021_Ref_Plot1_D6,Field2,test,2,11,0.11192682398534763,10.318211767807279,0.11723019297712939
2021_Ref_Plot1_D6::76,2021_Ref_Plot1_D6,Field2,test,5,12,0.2271608141226372,16.13159419548377,0.03696197741250211
2021_Ref_Plot1_D6::8,2021_Ref_Plot1_D6,Field2,test,7,1,0.7113428541895285,27.77179285986034,0.1717275434153225
2021_Ref_Plot1_D6::80,2021_Ref_Plot1_D6,Field2,test,4,13,0.10417722169373646,9.975771269537226,0.08640650401777011
2021_Ref_Plot1_D6::85,2021_Ref_Plot1_D6,Field2,test,5,14,0.10932256765422543,10.401466334639736,0.05150513818334151
2021_Ref_Plot1_E2::16,2021_Ref_Plot1_E2,Field2,test,8,2,0.782328921477677,30.414436507896063,0.3222076500578715
2021_Ref_Plot1_E2::22,2021_Ref_Plot1_E2,Field2,test,6,3,0.2979650492397024,16.04046298820883,0.08199227076715473
2021_Ref_Plot1_E2::27,2021_Ref_Plot1_E2,Field2,test,5,4,0.3152993733448361,15.458050779536446,0.11684522906855072
2021_Ref_Plot1_E2::35,2021_Ref_Plot1_E2,Field2,test,8,5,0.12632609678437887,11.169478292543001,0.01944149105064703
2021_Ref_Plot1_E2::44,2021_Ref_Plot1_E2,Field2,test,9,6,0.13822691974153956,14.919627364099979,0.024303238743648255
2021_Ref_Plot1_E2::50,2021_Ref_Plot1_E2,Field2,test,6,7,0.09268304243332054,9.270486032727513,0.06761262339703324
2021_Ref_Plot1_E2::57,2021_Ref_Plot1_E2,Field2,test,7,8,0.11783846350842087,11.694091716754508,0.04758006485364386
2021_Ref_Plot1_E2::65,2021_Ref_Plot1_E2,Field2,test,8,9,0.0920507430159409,11.151515198064887,0.026773919326703075
2021_Ref_Plot1_E2::69,2021_Ref_Plot1_E2,Field2,test,4,10,0.1684115632401372,12.942183237848209,0.07509097375716536
2021_Ref_Plot1_E2::71,2021_Ref_Plot1_E2,Field2,test,2,11,0.09589394850704776,9.984494153231818,0.11261275195485076
2021_Ref_Plot1_E2::76,2021_Ref_Plot1_E2,Field2,test,5,12,0.13219918153517538,13.022667528120746,0.015550549319663896
2021_Ref_Plot1_E2::8,2021_Ref_Plot1_E2,Field2,test,7,1,0.730954529449492,28.4373244260996,0.18686918119126059
2021_Ref_Plot1_E2::80,2021_Ref_Plot1_E2,Field2,test,4,13,0.09335017394420696,8.51055754785425,0.018263298714542218
2021_Ref_Plot1_E2::85,2021_Ref_Plot1_E2,Field2,test,5,14,0.10528594800164358,9.382857613771654,0.036802523152748824
2021_Ref_Plot1_E8::16,2021_Ref_Plot1_E8,Field2,test,8,2,0.7645729951717337,30.045728596735565,0.2985154770628036
2021_Ref_Plot1_E8::22,2021_Ref_Plot1_E8,Field2,test,6,3,0.3267044318973323,16.408594525898625,0.1252139796880954
2021_Ref_Plot1_E8::27,2021_Ref_Plot1_E8,Field2,test,5,4,0.2960294925348386,16.651411144965437,0.11064844296859115
2021_Ref_Plot1_E8::35,2021_Ref_Plot1_E8,Field2,test,8,5,0.1597008217271109,12.470578738991115,0.03674657617357142
2021_Ref_Plot1_E8::44,2021_Ref_Plot1_E8,Field2,test,9,6,0.14372790334254507,15.275636306505096,0.022680145596860567
2021_Ref_Plot1_E8::50,2021_Ref_Plot1_E8,Field2,test,6,7,0.09988565783516094,9.38232221368266,0.07504307829831593
2021_Ref_Plot1_E8::57,2021_Ref_Plot1_E8,Field2,test,7,8,0.093691841949148,10.913404545473242,0.0241759059374082
2021_Ref_Plot1_E8::65,2021_Ref_Plot1_E8,Field2,test,8,9,0.10008565783801426,11.354234403427505,0.03765010828152678
2021_Ref_Plot1_E8::69,2021_Ref_Plot1_E8,Field2,test,4,10,0.15119323534098927,13.217509621656037,0.06841944458785275
2021_Ref_Plot1_E8::71,2021_Ref_Plot1_E8,Field2,test,2,11,0.11939348070762694,10.357053626919829,0.12871295992289208
2021_Ref_Plot1_E8::76,2021_Ref_Plot1_E8,Field2,test,5,12,0.18289954753255402,14.894455467920517,0.02356451077042105
2021_Ref_Plot1_E8::8,2021_Ref_Plot1_E8,Field2,test,7,1,0.6993005794769996,28.038057099389945,0.16622508581547132
2021_Ref_Plot1_E8::80,2021_Ref_Plot1_E8,Field2,test,4,13,0.09316624650946233,8.541917032706387,0.02794382738229312
2021_Ref_Plot1_E8::85,2021_Ref_Plot1_E8,Field2,test,5,14,0.06945207727492857,8.886704924155648,0.023042232720956256
2021_Ref_Plot2_A13::16,2021_Ref_Plot2_A13,Field2,test,8,2,0.8177181360357548,31.983933448555874,0.39990285819210747
2021_Ref_Plot2_A13::22,2021_Ref_Plot2_A13,Field2,test,6,3,0.36617171848318514,19.506591675677267,0.10995318950163696
2021_Ref_Plot2_A13::27,2021_Ref_Plot2_A13,Field2,test,5,4,0.4179491439819789,18.886237965478823,0.12285421971252085
2021_Ref_Plot2_A13::35,2021_Ref_Plot2_A13,Field2,test,8,5,0.14511356621845942,12.82990608611991,0.020515825235312733
2021_Ref_Plot2_A13::44,2021_Ref_Plot2_A13,Field2,test,9,6,0.09775393764255969,11.30746823705092,0.020001627730761563
2021_Ref_Plot2_A13::50,2021_Ref_Plot2_A13,Field2,test,6,7,0.13638248827345364,8.994017207214242,0.07777698249315798
2021_Ref_Plot2_A13::57,2021_Ref_Plot2_A13,Field2,test,7,8,0.12004122844431532,10.763112040341493,0.04068721844877758
2021_Ref_Plot2_A13::65,2021_Ref_Plot2_A13,Field2,test,8,9,0.1282370465647129,11.54134289236245,0.05713641683362408
2021_Ref_Plot2_A13::69,2021_Ref_Plot2_A13,Field2,test,4,10,0.1229122259637681,11.849010324890232,0.06295761629090753
2021_Ref_Plot2_A13::71,2021_Ref_Plot2_A13,Field2,test,2,11,0.11970821157468932,10.358061743776833,0.09741204865165348
2021_Ref_Plot2_A13::76,2021_Ref_Plot2_A13,Field2,test,5,12,0.11442584437807903,12.641127871041025,0.028310593236972815
2021_Ref_Plot2_A13::8,2021_Ref_Plot2_A13,Field2,test,7,1,0.6503624289926032,26.27368532937941,0.1788412996747989
2021_Ref_Plot2_A13::80,2021_Ref_Plot2_A13,Field2,test,4,13,0.13540606454267273,9.029982171911286,0.05024720575441235
2021_Ref_Plot2_A13::85,2021_Ref_Plot2_A13,Field2,test,5,14,0.08544018094391864,9.23904331651616,0.02647989047621073
2021_Ref_Plot2_A15::16,2021_Ref_Plot2_A15,Field2,test,8,2,0.7729301243968988,30.289001859318027,0.32866910506045444
2021_Ref_Plot2_A15::22,2021_Ref_Plot2_A15,Field2,test,6,3,0.361830991923002,18.57069377382196,0.10142485069322543
2021_Ref_Plot2_A15::27,2021_Ref_Plot2_A15,Field2,test,5,4,0.3962531118457074,18.144238240957442,0.11538160632703294
2021_Ref_Plot2_A15::35,2021_Ref_Plot2_A15,Field2,test,8,5,0.1458711374514085,12.28120966957423,0.04052813605042611
2021_Ref_Plot2_A15::44,2021_Ref_Plot2_A15,Field2,test,9,6,0.09038378699095295,10.77429705310882,0.014815591747314215
2021_Ref_Plot2_A15::50,2021_Ref_Plot2_A15,Field2,test,6,7,0.13642274416471298,9.677761634112313,0.09112739931426306
2021_Ref_Plot2_A15::57,2021_Ref_Plot2_A15,Field2,test,7,8,0.11704753768029082,10.673813869760043,0.052111694399955166
2021_Ref_Plot2_A15::65,2021_Ref_Plot2_A15,Field2,test,8,9,0.11061568771908896,11.25617251802014,0.04020153551899027
2021_Ref_Plot2_A15::69,2021_Ref_Plot2_A15,Field2,test,4,10,0.13761971769944556,12.258179986522538,0.08979420782043611
2021_Ref_Plot2_A15::71,2021_Ref_Plot2_A15,Field2,test,2,11,0.10053768606888373,9.528759246659753,0.09554344442710766
2021_Ref_Plot2_A15::76,2021_Ref_Plot2_A15,Field2,test,5,12,0.10732706068233815,11.977511583757002,0.022528256892438314
2021_Ref_Plot2_A15::8,2021_Ref_Plot2_A15,Field2,test,7,1,0.666482643691895,27.567070450193793,0.1813900689604483
2021_Ref_Plot2_A15::80,2021_Ref_Plot2_A15,Field2,test,4,13,0.11327349705662469,8.46483203156335,0.027915684712404205
2021_Ref_Plot2_A15::85,2021_Ref_Plot2_A15,Field2,test,5,14,0.12637904636929645,9.526614358672138,0.05732577349119915
2021_Ref_Plot2_A1::16,2021_Ref_Plot2_A1,Field2,test,8,2,0.760404937824493,29.750903388657086,0.32882309176149044
2021_Ref_Plot2_A1::22,2021_Ref_Plot2_A1,Field2,test,6,3,0.3389513759433241,18.159170740723013,0.10533398384991165
2021_Ref_Plot2_A1::27,2021_Ref_Plot2_A1,Field2,test,5,4,0.42448462480364085,17.743972538574443,0.15372217620499615
2021_Ref_Plot2_A1::35,2021_Ref_Plot2_A1,Field2,test,8,5,0.14320230492200947,13.745725742518442,0.020874790856800416
2021_Ref_Plot2_A1::44,2021_Ref_Plot2_A1,Field2,test,9,6,0.10981069800395771,13.044903041222184,0.01874403400070457
2021_Ref_Plot2_A1::50,2021_Ref_Plot2_A1,Field2,test,6,7,0.14026886326095753,10.399066042973978,0.07090167945889428
2021_Ref_Plot2_A1::57,2021_Ref_Plot2_A1,Field2,test,7,8,0.16300538506723874,11.56970517479716,0.05418533014780565
2021_Ref_Plot2_A1::65,2021_Ref_Plot2_A1,Field2,test,8,9,0.1283126996614946,11.359378861421687,0.06500163789075095
2021_Ref_Plot2_A1::69,2021_Ref_Plot2_A1,Field2,test,4,10,0.14522479265251145,12.067232433337526,0.08262962350907581
2021_Ref_Plot2_A1::71,2021_Ref_Plot2_A1,Field2,test,2,11,0.09125334515103507,8.891355746985445,0.07324196065605272
2021_Ref_Plot2_A1::76,2021_Ref_Plot2_A1,Field2,test,5,12,0.1860525812590341,11.698716033321022,0.016568674960786307
2021_Ref_Plot2_A1::8,2021_Ref_Plot2_A1,Field2,test,7,1,0.6180319872409187,25.923375347430483,0.13847725113817766
2021_Ref_Plot2_A1::80,2021_Ref_Plot2_A1,Field2,test,4,13,0.09415791802670827,9.230172965157479,0.010841509092744055
2021_Ref_Plot2_A1::85,2021_Ref_Plot2_A1,Field2,test,5,14,0.12021392433235879,10.216779262235459,0.05691526792477812
2021_Ref_Plot2_B17::16,2021_Ref_Plot2_B17,Field2,test,8,2,0.776787188267071,30.113239715317185,0.30759915114367636
2021_Ref_Plot2_B17::22,2021_Ref_Plot2_B17,Field2,test,6,3,0.35617766678607393,18.414177878132993,0.10038045180977025
2021_Ref_Plot2_B17::27,2021_Ref_Plot2_B17,Field2,test,5,4,0.36387024397763396,18.47100151679472,0.10895969547543506
2021_Ref_Plot2_B17::35,2021_Ref_Plot2_B17,Field2,test,8,5,0.16249625177300406,13.550044951485285,0.05757842052059237
2021_Ref_Plot2_B17::44,2021_Ref_Plot2_B17,Field2,test,9,6,0.10065354523595044,10.946971783647587,0.026649952657889952
2021_Ref_Plot2_B17::50,2021_Ref_Plot2_B17,Field2,test,6,7,0.12781402649840243,9.11425223259206,0.08998574452964836
2021_Ref_Plot2_B17::57,2021_Ref_Plot2_B17,Field2,test,7,8,0.11806234352579718,11.339752390116438,0.04706635693290428
2021_Ref_Plot2_B17::65,2021_Ref_Plot2_B17,Field2,test,8,9,0.0860275574402402,10.27722049984943,0.04942955282706351
2021_Ref_Plot2_B17::69,2021_Ref_Plot2_B17,Field2,test,4,10,0.141211137317958,12.398164965426533,0.07406667433241901
2021_Ref_Plot2_B17::71,2021_Ref_Plot2_B17,Field2,test,2,11,0.13794763800004584,10.067012410593854,0.1379156247108344
2021_Ref_Plot2_B17::76,2021_Ref_Plot2_B17,Field2,test,5,12,0.12897152965710446,11.677345094346268,0.024819209789236543
2021_Ref_Plot2_B17::8,2021_Ref_Plot2_B17,Field2,test,7,1,0.6965406637702745,27.667746228385887,0.22222274886185037
2021_Ref_Plot2_B17::80,2021_Ref_Plot2_B17,Field2,test,4,13,0.15631429087685964,10.086949355775701,0.05585254284434757
2021_Ref_Plot2_B17::85,2021_Ref_Plot2_B17,Field2,test,5,14,0.17842022890598086,11.377053759403184,0.09185697361186207
2021_Ref_Plot2_B4::16,2021_Ref_Plot2_B4,Field2,test,8,2,0.7689507442655358,30.543801083870203,0.2995674156893389
2021_Ref_Plot2_B4::22,2021_Ref_Plot2_B4,Field2,test,6,3,0.3399838113974854,19.327895807903705,0.08460924645860157
2021_Ref_Plot2_B4::27,2021_Ref_Plot2_B4,Field2,test,5,4,0.4508962423271461,19.601535544329533,0.15691047336741645
2021_Ref_Plot2_B4::35,2021_Ref_Plot2_B4,Field2,test,8,5,0.15327930936825537,13.420965054674577,0.038981928733300024
2021_Ref_Plot2_B4::44,2021_Ref_Plot2_B4,Field2,test,9,6,0.11126288372269422,13.381006416878861,0.023561618810927918
2021_Ref_Plot2_B4::50,2021_Ref_Plot2_B4,Field2,test,6,7,0.13400892360918407,9.632860909304924,0.09415802453970942
2021_Ref_Plot2_B4::57,2021_Ref_Plot2_B4,Field2,test,7,8,0.13913790412172783,11.27890346670448,0.06036562367712565
2021_Ref_Plot2_B4::65,2021_Ref_Plot2_B4,Field2,test,8,9,0.10589235008014487,10.215985068361505,0.05957650951535242
2021_Ref_Plot2_B4::69,2021_Ref_Plot2_B4,Field2,test,4,10,0.14788581860267716,12.357269056982503,0.08842269272420472
2021_Ref_Plot2_B4::71,2021_Ref_Plot2_B4,Field2,test,2,11,0.13513836694031575,10.509719271294664,0.10946513407409751
2021_Ref_Plot2_B4::76,2021_Ref_Plot2_B4,Field2,test,5,12,0.20748608367461288,14.337345252207587,0.038750546675978416
2021_Ref_Plot2_B4::8,2021_Ref_Plot2_B4,Field2,test,7,1,0.6802690472494902,27.383801354711082,0.15881500434910834
2021_Ref_Plot2_B4::80,2021_Ref_Plot2_B4,Field2,test,4,13,0.09813794657772303,9.019827406722477,0.01621680935010068
2021_Ref_Plot2_B4::85,2021_Ref_Plot2_B4,Field2,test,5,14,0.12140041165526795,9.192099598324845,0.05060680577254368
2021_Ref_Plot2_C10::16,2021_Ref_Plot2_C10,Field2,test,8,2,0.7716689106674836,29.65801464031093,0.31006904390110485
2021_Ref_Plot2_C10::22,2021_Ref_Plot2_C10,Field2,test,6,3,0.3352280081008436,16.947484566927432,0.11137208154115072
2021_Ref_Plot2_C10::27,2021_Ref_Plot2_C10,Field2,test,5,4,0.33959450456129386,16.781793114170696,0.10355418041459656
2021_Ref_Plot2_C10::35,2021_Ref_Plot2_C10,Field2,test,8,5,0.15355038373759772,12.539909250875098,0.04772657473833031
2021_Ref_Plot2_C10::44,2021_Ref_Plot2_C10,Field2,test,9,6,0.11011491576061631,12.228894960562489,0.030179483006701226
2021_Ref_Plot2_C10::50,2021_Ref_Plot2_C10,Field2,test,6,7,0.09987789873121673,8.804486955255596,0.06680355697051395
2021_Ref_Plot2_C10::57,2021_Ref_Plot2_C10,Field2,test,7,8,0.09187354211878225,10.343823657735111,0.02118181487407483
2021_Ref_Plot2_C10::65,2021_Ref_Plot2_C10,Field2,test,8,9,0.0922996171724788,9.87402132076017,0.06765265575306534
2021_Ref_Plot2_C10::69,2021_Ref_Plot2_C10,Field2,test,4,10,0.15365514279767845,12.596279446132632,0.10201714346235366
2021_Ref_Plot2_C10::71,2021_Ref_Plot2_C10,Field2,test,2,11,0.09597504719155743,9.157864800296885,0.06865735936391437
2021_Ref_Plot2_C10::76,2021_Ref_Plot2_C10,Field2,test,5,12,0.12584446022825552,12.679005248240895,0.01968455997977433
2021_Ref_Plot2_C10::8,2021_Ref_Plot2_C10,Field2,test,7,1,0.7004271822451749,27.19538893077781,0.20972017833141635
2021_Ref_Plot2_C10::80,2021_Ref_Plot2_C10,Field2,test,4,13,0.09700423505033173,9.203921729194183,0.02571658428027539
2021_Ref_Plot2_C10::85,2021_Ref_Plot2_C10,Field2,test,5,14,0.13373807688437186,10.015180286114415,0.06478722935059188
2021_Ref_Plot2_C16::16,2021_Ref_Plot2_C16,Field2,test,8,2,0.7816126071509432,30.08983951165139,0.3100623676795998
2021_Ref_Plot2_C16::22,2021_Ref_Plot2_C16,Field2,test,6,3,0.36473359067071404,17.09912565705771,0.10766572827221524
2021_Ref_Plot2_C16::27,2021_Ref_Plot2_C16,Field2,test,5,4,0.34656765902635955,17.906826620406665,0.11115878303331635
2021_Ref_Plot2_C16::35,2021_Ref_Plot2_C16,Field2,test,8,5,0.16061399735191229,13.003738317577906,0.03923788729834042
2021_Ref_Plot2_C16::44,2021_Ref_Plot2_C16,Field2,test,9,6,0.10610227889507161,11.738025258248289,0.035440433097557705
2021_Ref_Plot2_C16::50,2021_Ref_Plot2_C16,Field2,test,6,7,0.1145532540122045,9.127097334932499,0.06284455738077385
2021_Ref_Plot2_C16::57,2021_Ref_Plot2_C16,Field2,test,7,8,0.10013149705381548,11.073713707968666,0.03370584578891378
2021_Ref_Plot2_C16::65,2021_Ref_Plot2_C16,Field2,test,8,9,0.09206444045587751,10.381927023675605,0.05387066652198651
2021_Ref_Plot2_C16::69,2021_Ref_Plot2_C16,Field2,test,4,10,0.13996148678873968,12.58241273894853,0.061857776242799235
2021_Ref_Plot2_C16::71,2021_Ref_Plot2_C16,Field2,test,2,11,0.09444133554481286,8.598208382677251,0.0662686172322658
2021_Ref_Plot2_C16::76,2021_Ref_Plot2_C16,Field2,test,5,12,0.16100587355681328,11.807763433631752,0.019020572623302548
2021_Ref_Plot2_C16::8,2021_Ref_Plot2_C16,Field2,test,7,1,0.6905619238996348,27.126748949286366,0.19589049827123484
2021_Ref_Plot2_C16::80,2021_Ref_Plot2_C16,Field2,test,4,13,0.11768304887345064,10.211477869178536,0.04303223461603888
2021_Ref_Plot2_C16::85,2021_Ref_Plot2_C16,Field2,test,5,14,0.15166677674453619,11.254846323256835,0.09583951793139185
2021_Ref_Plot2_C18::16,2021_Ref_Plot2_C18,Field2,test,8,2,0.7772950955586916,30.319532894586665,0.30555426645082445
2021_Ref_Plot2_C18::22,2021_Ref_Plot2_C18,Field2,test,6,3,0.35585819302214294,17.631322263755266,0.09023298362969433
2021_Ref_Plot2_C18::27,2021_Ref_Plot2_C18,Field2,test,5,4,0.32942316832840424,17.4584706957222,0.09372455812059961
2021_Ref_Plot2_C18::35,2021_Ref_Plot2_C18,Field2,test,8,5,0.16590594716025583,12.863857374646233,0.04563400165331844
2021_Ref_Plot2_C18::44,2021_Ref_Plot2_C18,Field2,test,9,6,0.09124576752836265,10.320792545680062,0.02680483303392552
2021_Ref_Plot2_C18::50,2021_Ref_Plot2_C18,Field2,test,6,7,0.1044790047510238,9.0595772496886,0.06806003296159835
2021_Ref_Plot2_C18::57,2021_Ref_Plot2_C18,Field2,test,7,8,0.11424565357076961,11.332417677667081,0.037968477262845746
2021_Ref_Plot2_C18::65,2021_Ref_Plot2_C18,Field2,test,8,9,0.08655655100699407,9.969407657881973,0.03590945180457807
2021_Ref_Plot2_C18::69,2021_Ref_Plot2_C18,Field2,test,4,10,0.15472596900498328,12.580626626749321,0.08108216817945013
2021_Ref_Plot2_C18::71,2021_Ref_Plot2_C18,Field2,test,2,11,0.09276925658438417,9.177972320236222,0.05314191047279318
2021_Ref_Plot2_C18::76,2021_Ref_Plot2_C18,Field2,test,5,12,0.15357315114903902,13.000978836803228,0.01984206086866888
2021_Ref_Plot2_C18::8,2021_Ref_Plot2_C18,Field2,test,7,1,0.6930517284276899,26.99349407204428,0.1528848084978581
2021_Ref_Plot2_C18::80,2021_Ref_Plot2_C18,Field2,test,4,13,0.09182953472039079,9.019490736849825,0.01427194170894421
2021_Ref_Plot2_C18::85,2021_Ref_Plot2_C18,Field2,test,5,14,0.1018810315169032,9.42875924544904,0.05427826012426036
2021_Ref_Plot2_C1::16,2021_Ref_Plot2_C1,Field2,test,8,2,0.7455257772877224,28.93027014633576,0.29457942365662243
2021_Ref_Plot2_C1::22,2021_Ref_Plot2_C1,Field2,test,6,3,0.305095573061521,17.14726498397399,0.07406521714448192
2021_Ref_Plot2_C1::27,2021_Ref_Plot2_C1,Field2,test,5,4,0.38025055837343097,17.840151087918517,0.14555684416583803
2021_Ref_Plot2_C1::35,2021_Ref_Plot2_C1,Field2,test,8,5,0.1416154152009814,12.975380999343093,0.034283185182962216
2021_Ref_Plot2_C1::44,2021_Ref_Plot2_C1,Field2,test,9,6,0.10198327112063636,12.926431149652926,0.01230938081678591
2021_Ref_Plot2_C1::50,2021_Ref_Plot2_C1,Field2,test,6,7,0.1421384399281095,9.620078722734078,0.09914894341886557
2021_Ref_Plot2_C1::57,2021_Ref_Plot2_C1,Field2,test,7,8,0.11963931760382522,10.895236244435413,0.03752431680121168
2021_Ref_Plot2_C1::65,2021_Ref_Plot2_C1,Field2,test,8,9,0.07695582016826708,9.329216005870098,0.026557505334112864
2021_Ref_Plot2_C1::69,2021_Ref_Plot2_C1,Field2,test,4,10,0.15630789240112963,12.948416894179811,0.09475416722908053
2021_Ref_Plot2_C1::71,2021_Ref_Plot2_C1,Field2,test,2,11,0.11905599956421124,8.764665076048336,0.09201654629069023
2021_Ref_Plot2_C1::76,2021_Ref_Plot2_C1,Field2,test,5,12,0.19649064212424627,14.432074844702472,0.02411501571127462
2021_Ref_Plot2_C1::8,2021_Ref_Plot2_C1,Field2,test,7,1,0.6549976533636033,25.49569816501879,0.11879538280474013
2021_Ref_Plot2_C1::80,2021_Ref_Plot2_C1,Field2,test,4,13,0.11132613244289498,9.768405748094048,0.03117838597071779
2021_Ref_Plot2_C1::85,2021_Ref_Plot2_C1,Field2,test,5,14,0.09521910149183231,9.742170377732744,0.04480100989477188
2021_Ref_Plot2_C2::16,2021_Ref_Plot2_C2,Field2,test,8,2,0.7534052338907994,30.035676015027924,0.2931572144319541
2021_Ref_Plot2_C2::22,2021_Ref_Plot2_C2,Field2,test,6,3,0.336487753046191,18.32137037484084,0.08192440618400457
2021_Ref_Plot2_C2::27,2021_Ref_Plot2_C2,Field2,test,5,4,0.4376547500119841,19.41469254567153,0.16193570505634075
2021_Ref_Plot2_C2::35,2021_Ref_Plot2_C2,Field2,test,8,5,0.1548348039617308,13.395496115279666,0.02506941037898911
2021_Ref_Plot2_C2::44,2021_Ref_Plot2_C2,Field2,test,9,6,0.09485629863604389,12.61833958474634,0.010945015325411513
2021_Ref_Plot2_C2::50,2021_Ref_Plot2_C2,Field2,test,6,7,0.1326708957639318,9.960219261874535,0.08183478015741505
2021_Ref_Plot2_C2::57,2021_Ref_Plot2_C2,Field2,test,7,8,0.11126499235757177,11.189341615798904,0.03937941158247576
2021_Ref_Plot2_C2::65,2021_Ref_Plot2_C2,Field2,test,8,9,0.10034797826002446,9.87591430654701,0.0455804817411813
2021_Ref_Plot2_C2::69,2021_Ref_Plot2_C2,Field2,test,4,10,0.13745411223016502,11.948081565056166,0.07096407789495446
2021_Ref_Plot2_C2::71,2021_Ref_Plot2_C2,Field2,test,2,11,0.08861296079822685,8.06233932158423,0.03980357382814003
2021_Ref_Plot2_C2::76,2021_Ref_Plot2_C2,Field2,test,5,12,0.1880015907359519,14.526407083733833,0.010069564559378621
2021_Ref_Plot2_C2::8,2021_Ref_Plot2_C2,Field2,test,7,1,0.6848991630356857,26.74388405804568,0.1611531357186062
2021_Ref_Plot2_C2::80,2021_Ref_Plot2_C2,Field2,test,4,13,0.10400639773372934,9.075572956735922,0.02782082447008633
2021_Ref_Plot2_C2::85,2021_Ref_Plot2_C2,Field2,test,5,14,0.09427166185873287,9.36623147291822,0.025600235113441634
2021_Ref_Plot2_C3::16,2021_Ref_Plot2_C3,Field2,test,8,2,0.7722776501979064,30.803226881844132,0.30170913961483625
2021_Ref_Plot2_C3::22,2021_Ref_Plot2_C3,Field2,test,6,3,0.33204071572932325,18.706840318703705,0.0907318254887971
2021_Ref_Plot2_C3::27,2021_Ref_Plot2_C3,Field2,test,5,4,0.42533447006651875,19.351494133477996,0.13735796795247346
2021_Ref_Plot2_C3::35,2021_Ref_Plot2_C3,Field2,test,8,5,0.15038248550913788,13.908134103064356,0.025701239824796576
2021_Ref_Plot2_C3::44,2021_Ref_Plot2_C3,Field2,test,9,6,0.12327891797140351,13.270892572418134,0.027195513006658265
2021_Ref_Plot2_C3::50,2021_Ref_Plot2_C3,Field2,test,6,7,0.11926649740617488,9.669932218066197,0.09913477762182214
2021_Ref_Plot2_C3::57,2021_Ref_Plot2_C3,Field2,test,7,8,0.10529383697431184,11.16600657237328,0.030213590819897017
2021_Ref_Plot2_C3::65,2021_Ref_Plot2_C3,Field2,test,8,9,0.11043868244724243,10.26852392893948,0.05749277918577584
2021_Ref_Plot2_C3::69,2021_Ref_Plot2_C3,Field2,test,4,10,0.1396267453946022,12.262940880957935,0.07715122582625455
2021_Ref_Plot2_C3::71,2021_Ref_Plot2_C3,Field2,test,2,11,0.09030645736024738,9.408969919919256,0.07470073732844044
2021_Ref_Plot2_C3::76,2021_Ref_Plot2_C3,Field2,test,5,12,0.1958778219685081,15.322653781297003,0.052488673595173965
2021_Ref_Plot2_C3::8,2021_Ref_Plot2_C3,Field2,test,7,1,0.6866071169958614,27.24744143606753,0.17486950433583157
2021_Ref_Plot2_C3::80,2021_Ref_Plot2_C3,Field2,test,4,13,0.06692094639782,8.34989676082561,0.009991902205280108
2021_Ref_Plot2_C3::85,2021_Ref_Plot2_C3,Field2,test,5,14,0.06848654582190489,9.004032041121867,0.021648731129991772
2021_Ref_Plot2_D12::16,2021_Ref_Plot2_D12,Field2,test,8,2,0.766282042567319,30.197458385729973,0.3189583655135763
2021_Ref_Plot2_D12::22,2021_Ref_Plot2_D12,Field2,test,6,3,0.2758309814372211,16.907272385015954,0.09417313319517574
2021_Ref_Plot2_D12::27,2021_Ref_Plot2_D12,Field2,test,5,4,0.27322378886583815,16.27168659737858,0.08695807146308242
2021_Ref_Plot2_D12::35,2021_Ref_Plot2_D12,Field2,test,8,5,0.12315890205509611,12.156974594883408,0.028435375590235984
2021_Ref_Plot2_D12::44,2021_Ref_Plot2_D12,Field2,test,9,6,0.09004938925313895,11.787874058116758,0.027662461022760976
2021_Ref_Plot2_D12::50,2021_Ref_Plot2_D12,Field2,test,6,7,0.08954159190832112,9.0803111830671,0.06956439736465629
2021_Ref_Plot2_D12::57,2021_Ref_Plot2_D12,Field2,test,7,8,0.08434420379343936,11.317794237382552,0.03342827630162887
2021_Ref_Plot2_D12::65,2021_Ref_Plot2_D12,Field2,test,8,9,0.07299199528048532,9.709986713942554,0.042540771761857554
2021_Ref_Plot2_D12::69,2021_Ref_Plot2_D12,Field2,test,4,10,0.11531304091572632,12.922760365472028,0.05818210594650245
2021_Ref_Plot2_D12::71,2021_Ref_Plot2_D12,Field2,test,2,11,0.07555265228689118,8.476597355259823,0.03323530910073791
2021_Ref_Plot2_D12::76,2021_Ref_Plot2_D12,Field2,test,5,12,0.11232581745934976,12.37648823540251,0.012673857381632084
2021_Ref_Plot2_D12::8,2021_Ref_Plot2_D12,Field2,test,7,1,0.7213737883423458,27.772593795850288,0.22221955368966453
2021_Ref_Plot2_D12::80,2021_Ref_Plot2_D12,Field2,test,4,13,0.06547103160351216,9.746888601000087,0.03294175237413019
2021_Ref_Plot2_D12::85,2021_Ref_Plot2_D12,Field2,test,5,14,0.05246519780927305,10.98603331430632,0.02528960120570544
2021_Ref_Plot2_D5::16,2021_Ref_Plot2_D5,Field2,test,8,2,0.784349804648086,31.423274754858138,0.3260867255828109
2021_Ref_Plot2_D5::22,2021_Ref_Plot2_D5,Field2,test,6,3,0.3091330100779483,17.396170487968547,0.12423700941052124
2021_Ref_Plot2_D5::27,2021_Ref_Plot2_D5,Field2,test,5,4,0.3264626143484919,16.8890867002997,0.130939957790777
2021_Ref_Plot2_D5::35,2021_Ref_Plot2_D5,Field2,test,8,5,0.1300104083657269,12.514968921613354,0.03443243164567916
2021_Ref_Plot2_D5::44,2021_Ref_Plot2_D5,Field2,test,9,6,0.10180652618990615,13.018829898436238,0.024368447581549067
2021_Ref_Plot2_D5::50,2021_Ref_Plot2_D5,Field2,test,6,7,0.08404134396417713,9.315372440309691,0.04084775309313517
2021_Ref_Plot2_D5::57,2021_Ref_Plot2_D5,Field2,test,7,8,0.08976985931437602,11.281820979728533,0.017751602594996942
2021_Ref_Plot2_D5::65,2021_Ref_Plot2_D5,Field2,test,8,9,0.08261848608386536,9.566715993620244,0.03647446778235019
2021_Ref_Plot2_D5::69,2021_Ref_Plot2_D5,Field2,test,4,10,0.14472708583680036,13.063310475710976,0.06824597371529512
2021_Ref_Plot2_D5::71,2021_Ref_Plot2_D5,Field2,test,2,11,0.1399050130724581,10.223606774231744,0.12566025303989478
2021_Ref_Plot2_D5::76,2021_Ref_Plot2_D5,Field2,test,5,12,0.15777061704142745,13.931116042078717,0.024424127026119465
2021_Ref_Plot2_D5::8,2021_Ref_Plot2_D5,Field2,test,7,1,0.7222182037364379,28.21518138608536,0.2021976097909138
2021_Ref_Plot2_D5::80,2021_Ref_Plot2_D5,Field2,test,4,13,0.06115859904986887,9.970890967068367,0.032669612220371215
2021_Ref_Plot2_D5::85,2021_Ref_Plot2_D5,Field2,test,5,14,0.06225028143450717,10.788432953109552,0.04314629706618924
2021_Ref_Plot2_E18::16,2021_Ref_Plot2_E18,Field2,test,8,2,0.7487212999881252,29.951133188782123,0.27471399000489904
2021_Ref_Plot2_E18::22,2021_Ref_Plot2_E18,Field2,test,6,3,0.30694279067911495,16.860198901974318,0.08737676921731949
2021_Ref_Plot2_E18::27,2021_Ref_Plot2_E18,Field2,test,5,4,0.252054997846507,16.480294948553475,0.06495101150153071
2021_Ref_Plot2_E18::35,2021_Ref_Plot2_E18,Field2,test,8,5,0.09480441029255311,11.670244075176225,-0.000314312530380894
2021_Ref_Plot2_E18::44,2021_Ref_Plot2_E18,Field2,test,9,6,0.08637857314597781,13.196967066838955,0.021834152876274406
2021_Ref_Plot2_E18::50,2021_Ref_Plot2_E18,Field2,test,6,7,0.07756841666192846,10.22939959250084,0.05108698692003174
2021_Ref_Plot2_E18::57,2021_Ref_Plot2_E18,Field2,test,7,8,0.07076520492060828,12.007766230641746,0.023502013263376895
2021_Ref_Plot2_E18::65,2021_Ref_Plot2_E18,Field2,test,8,9,0.08157580238965893,10.601349071789345,0.033774935820772914
2021_Ref_Plot2_E18::69,2021_Ref_Plot2_E18,Field2,test,4,10,0.12017343005397207,13.047475516971375,0.04745004665721521
2021_Ref_Plot2_E18::71,2021_Ref_Plot2_E18,Field2,test,2,11,0.09136746219052112,9.885519219326433,0.07269297494288861
2021_Ref_Plot2_E18::76,2021_Ref_Plot2_E18,Field2,test,5,12,0.10307087377275542,12.597118921810242,0.014812581815559524
2021_Ref_Plot2_E18::8,2021_Ref_Plot2_E18,Field2,test,7,1,0.6620570263466691,27.353595574283037,0.16072894862757786
2021_Ref_Plot2_E18::80,2021_Ref_Plot2_E18,Field2,test,4,13,0.05055390462515977,9.661902825996696,0.021428334708193674
2021_Ref_Plot2_E18::85,2021_Ref_Plot2_E18,Field2,test,5,14,0.0438569555755561,11.280532413766228,0.014410426413236374
2021_Ref_Plot2_E1::16,2021_Ref_Plot2_E1,Field2,test,8,2,0.7290799544814711,29.7779794094417,0.298107733605004
2021_Ref_Plot2_E1::22,2021_Ref_Plot2_E1,Field2,test,6,3,0.27267231436221945,16.607120665848296,0.07805976709607755
2021_Ref_Plot2_E1::27,2021_Ref_Plot2_E1,Field2,test,5,4,0.22854262411947626,16.43505189321394,0.06541707184478963
2021_Ref_Plot2_E1::35,2021_Ref_Plot2_E1,Field2,test,8,5,0.10640508241536584,11.869413039749128,0.019214213782016962
2021_Ref_Plot2_E1::44,2021_Ref_Plot2_E1,Field2,test,9,6,0.130480026203074,14.844906140215212,0.020132700232045525
2021_Ref_Plot2_E1::50,2021_Ref_Plot2_E1,Field2,test,6,7,0.07131590278307533,9.660124754553252,0.04331044693150146
2021_Ref_Plot2_E1::57,2021_Ref_Plot2_E1,Field2,test,7,8,0.09858898362326228,11.957038360538386,0.03616671291364287
2021_Ref_Plot2_E1::65,2021_Ref_Plot2_E1,Field2,test,8,9,0.06537271608304278,9.93061669634601,0.03560363320809115
2021_Ref_Plot2_E1::69,2021_Ref_Plot2_E1,Field2,test,4,10,0.10611151760099802,12.76804826144372,0.05607310827967012
2021_Ref_Plot2_E1::71,2021_Ref_Plot2_E1,Field2,test,2,11,0.07653708811240252,9.292592492904824,0.04329178528595729
2021_Ref_Plot2_E1::76,2021_Ref_Plot2_E1,Field2,test,5,12,0.16020280323381936,15.323938390416744,0.023934488930211804
2021_Ref_Plot2_E1::8,2021_Ref_Plot2_E1,Field2,test,7,1,0.6636511673330727,26.374467251107898,0.17645030605465561
2021_Ref_Plot2_E1::80,2021_Ref_Plot2_E1,Field2,test,4,13,0.053970737537108425,10.20908982383025,0.01989251708210609
2021_Ref_Plot2_E1::85,2021_Ref_Plot2_E1,Field2,test,5,14,0.03566763877344175,10.767593690184427,0.008126675865647614
2021_Ref_Plot2_E7::16,2021_Ref_Plot2_E7,Field2,test,8,2,0.6760381020448712,27.732230870122606,0.17767979998370068
2021_Ref_Plot2_E7::22,2021_Ref_Plot2_E7,Field2,test,6,3,0.22428052476354413,14.562337763816567,0.05727143481660399
2021_Ref_Plot2_E7::27,2021_Ref_Plot2_E7,Field2,test,5,4,0.21835277052541646,16.273098753244575,0.07115868211002181
2021_Ref_Plot2_E7::35,2021_Ref_Plot2_E7,Field2,test,8,5,0.08773521282710899,11.961044259738216,0.005073768186976078
2021_Ref_Plot2_E7::44,2021_Ref_Plot2_E7,Field2,test,9,6,0.10877430013070001,14.632850750159907,0.02201520805184244
2021_Ref_Plot2_E7::50,2021_Ref_Plot2_E7,Field2,test,6,7,0.058232905998910324,10.36322329311381,0.03169227602664604
2021_Ref_Plot2_E7::57,2021_Ref_Plot2_E7,Field2,test,7,8,0.08076428786707035,12.31923193600121,0.014164468936176485
2021_Ref_Plot2_E7::65,2021_Ref_Plot2_E7,Field2,test,8,9,0.057643527957849695,10.183276884412521,0.017890172713409123
2021_Ref_Plot2_E7::69,2021_Ref_Plot2_E7,Field2,test,4,10,0.11092087060398322,13.048162577568604,0.04622065279551311
2021_Ref_Plot2_E7::71,2021_Ref_Plot2_E7,Field2,test,2,11,0.09736799906521774,9.780274747116556,0.05878466427554399
2021_Ref_Plot2_E7::76,2021_Ref_Plot2_E7,Field2,test,5,12,0.12558141281484167,14.55517742442802,0.023211333322421254
2021_Ref_Plot2_E7::8,2021_Ref_Plot2_E7,Field2,test,7,1,0.6354606140295175,26.39306705340595,0.12130370166382745
2021_Ref_Plot2_E7::80,2021_Ref_Plot2_E7,Field2,test,4,13,0.050765770595830484,10.843368918088546,0.027845950556782982
2021_Ref_Plot2_E7::85,2021_Ref_Plot2_E7,Field2,test,5,14,0.05172388688502238,11.507311012300958,0.02842113846471535
2021_Ref_Plot3_A6::16,2021_Ref_Plot3_A6,Field2,test,8,2,0.79748179328171,31.18646600273419,0.3620262499039153
2021_Ref_Plot3_A6::22,2021_Ref_Plot3_A6,Field2,test,6,3,0.31320090236572423,17.23894668647382,0.08754675578224813
2021_Ref_Plot3_A6::27,2021_Ref_Plot3_A6,Field2,test,5,4,0.28618746029584785,16.835160864741148,0.09763056590902387
2021_Ref_Plot3_A6::35,2021_Ref_Plot3_A6,Field2,test,8,5,0.15873368819484146,13.005852165773526,0.030204567055270096
2021_Ref_Plot3_A6::44,2021_Ref_Plot3_A6,Field2,test,9,6,0.1021088484678672,9.807739826932126,0.03583878318037342
2021_Ref_Plot3_A6::50,2021_Ref_Plot3_A6,Field2,test,6,7,0.10329310884975103,8.90685038604316,0.06700112064093186
2021_Ref_Plot3_A6::57,2021_Ref_Plot3_A6,Field2,test,7,8,0.11856828521878221,10.015261760814107,0.047077373342971914
2021_Ref_Plot3_A6::65,2021_Ref_Plot3_A6,Field2,test,8,9,0.12080556469458548,11.34212996742855,0.034065333209580946
2021_Ref_Plot3_A6::69,2021_Ref_Plot3_A6,Field2,test,4,10,0.1824821878418915,12.64277268323177,0.1020789130631358
2021_Ref_Plot3_A6::71,2021_Ref_Plot3_A6,Field2,test,2,11,0.09257256757114553,10.124309767191715,0.10234269989332162
2021_Ref_Plot3_A6::76,2021_Ref_Plot3_A6,Field2,test,5,12,0.16654610112747162,13.295027202121501,0.01323373837157356
2021_Ref_Plot3_A6::8,2021_Ref_Plot3_A6,Field2,test,7,1,0.734677151432613,28.15871176391582,0.22872938642296411
2021_Ref_Plot3_A6::80,2021_Ref_Plot3_A6,Field2,test,4,13,0.0984247745691566,8.349729152218028,0.02517290550271995
2021_Ref_Plot3_A6::85,2021_Ref_Plot3_A6,Field2,test,5,14,0.10297767978327704,9.299302473334329,0.0439561501644011
2021_Ref_Plot3_A7::16,2021_Ref_Plot3_A7,Field2,test,8,2,0.8118970365817448,31.47562178782522,0.3931272272425866
2021_Ref_Plot3_A7::22,2021_Ref_Plot3_A7,Field2,test,6,3,0.35717981111345165,18.08348295185595,0.11654362442882257
2021_Ref_Plot3_A7::27,2021_Ref_Plot3_A7,Field2,test,5,4,0.3525890328114564,17.714907073921236,0.10834473069586278
2021_Ref_Plot3_A7::35,2021_Ref_Plot3_A7,Field2,test,8,5,0.15255560383804337,12.596774847182564,0.03241862618721483
2021_Ref_Plot3_A7::44,2021_Ref_Plot3_A7,Field2,test,9,6,0.10852856573155271,9.679417108335814,0.03045313415369275
2021_Ref_Plot3_A7::50,2021_Ref_Plot3_A7,Field2,test,6,7,0.12340458924619081,9.28443994530514,0.05768604464731715
2021_Ref_Plot3_A7::57,2021_Ref_Plot3_A7,Field2,test,7,8,0.11927974351290031,10.332395361014568,0.051168438900492386
2021_Ref_Plot3_A7::65,2021_Ref_Plot3_A7,Field2,test,8,9,0.08836642278845915,11.159688812773991,0.02495715333055916
2021_Ref_Plot3_A7::69,2021_Ref_Plot3_A7,Field2,test,4,10,0.1727645587672331,12.715954576194473,0.10948860129060826
2021_Ref_Plot3_A7::71,2021_Ref_Plot3_A7,Field2,test,2,11,0.09749088825600442,9.952974269556119,0.10906629645166954
2021_Ref_Plot3_A7::76,2021_Ref_Plot3_A7,Field2,test,5,12,0.14306251583021293,13.032785616417035,0.02339884701262901
2021_Ref_Plot3_A7::8,2021_Ref_Plot3_A7,Field2,test,7,1,0.7307353420542232,27.427274920615314,0.22116587284612646
2021_Ref_Plot3_A7::80,2021_Ref_Plot3_A7,Field2,test,4,13,0.08099190445972086,9.085159884089911,0.026483993924779424
2021_Ref_Plot3_A7::85,2021_Ref_Plot3_A7,Field2,test,5,14,0.08786551351764278,9.490942458124621,0.06048187527909123
2021_Ref_Plot3_B10::16,2021_Ref_Plot3_B10,Field2,test,8,2,0.8179476973995872,31.425433090911426,0.38327741997649883
2021_Ref_Plot3_B10::22,2021_Ref_Plot3_B10,Field2,test,6,3,0.34592539259481464,18.460904922946717,0.11851096544533639
2021_Ref_Plot3_B10::27,2021_Ref_Plot3_B10,Field2,test,5,4,0.3863121037438981,18.515065728846672,0.13695268976731242
2021_Ref_Plot3_B10::35,2021_Ref_Plot3_B10,Field2,test,8,5,0.1829202862862612,13.446852930144814,0.026181885052346365
2021_Ref_Plot3_B10::44,2021_Ref_Plot3_B10,Field2,test,9,6,0.18156914487792233,10.72757682268101,0.08070843345475986
2021_Ref_Plot3_B10::50,2021_Ref_Plot3_B10,Field2,test,6,7,0.11140118709389428,9.397899536249572,0.07149190591952252
2021_Ref_Plot3_B10::57,2021_Ref_Plot3_B10,Field2,test,7,8,0.10559957017320727,10.023608138427559,0.035529540969400704
2021_Ref_Plot3_B10::65,2021_Ref_Plot3_B10,Field2,test,8,9,0.09710055636106159,10.710791400519838,0.03735098309602086
2021_Ref_Plot3_B10::69,2021_Ref_Plot3_B10,Field2,test,4,10,0.13198063262364113,12.191056155203665,0.08354813432545899
2021_Ref_Plot3_B10::71,2021_Ref_Plot3_B10,Field2,test,2,11,0.11385759646977728,10.203628369831845,0.11100905914439506
2021_Ref_Plot3_B10::76,2021_Ref_Plot3_B10,Field2,test,5,12,0.1302624719833057,12.984615835518591,0.03707650766122601
2021_Ref_Plot3_B10::8,2021_Ref_Plot3_B10,Field2,test,7,1,0.7456626112534194,27.615338840743636,0.2330826376697865
2021_Ref_Plot3_B10::80,2021_Ref_Plot3_B10,Field2,test,4,13,0.08398831152533763,8.283159123836663,0.020477744042878374
2021_Ref_Plot3_B10::85,2021_Ref_Plot3_B10,Field2,test,5,14,0.11808696367647749,9.959792796858766,0.06364263208940346
2021_Ref_Plot3_B12::16,2021_Ref_Plot3_B12,Field2,test,8,2,0.8258428553510794,32.05343230910762,0.37465225149657466
2021_Ref_Plot3_B12::22,2021_Ref_Plot3_B12,Field2,test,6,3,0.36694568769642216,17.79983935526074,0.12859098705042604
2021_Ref_Plot3_B12::27,2021_Ref_Plot3_B12,Field2,test,5,4,0.3498480963899648,17.429069713369177,0.12209329023468998
2021_Ref_Plot3_B12::35,2021_Ref_Plot3_B12,Field2,test,8,5,0.16779056016665694,12.928929618023759,0.04261932244656946
2021_Ref_Plot3_B12::44,2021_Ref_Plot3_B12,Field2,test,9,6,0.14132121163373088,10.412274085402967,0.04560986598559123
2021_Ref_Plot3_B12::50,2021_Ref_Plot3_B12,Field2,test,6,7,0.12292106475274539,9.489574156840725,0.0751713370437408
2021_Ref_Plot3_B12::57,2021_Ref_Plot3_B12,Field2,test,7,8,0.09684147695956652,10.27720185551971,0.0394952247690317
2021_Ref_Plot3_B12::65,2021_Ref_Plot3_B12,Field2,test,8,9,0.09316688142001638,10.698585242928228,0.03536099220299872
2021_Ref_Plot3_B12::69,2021_Ref_Plot3_B12,Field2,test,4,10,0.14141159297434416,12.117664131928255,0.06822186951970657
2021_Ref_Plot3_B12::71,2021_Ref_Plot3_B12,Field2,test,2,11,0.11508639822186999,10.300452401893756,0.10632567041203779
2021_Ref_Plot3_B12::76,2021_Ref_Plot3_B12,Field2,test,5,12,0.11918416867859959,12.74020061362018,0.012661501228719566
2021_Ref_Plot3_B12::8,2021_Ref_Plot3_B12,Field2,test,7,1,0.7393832601150128,27.87522104246884,0.21173283767371423
2021_Ref_Plot3_B12::80,2021_Ref_Plot3_B12,Field2,test,4,13,0.0620209131837977,8.855174463705188,0.01667436469782314
2021_Ref_Plot3_B12::85,2021_Ref_Plot3_B12,Field2,test,5,14,0.08707916550612584,9.47135259767588,0.02802348481582402
2021_Ref_Plot3_B17::16,2021_Ref_Plot3_B17,Field2,test,8,2,0.8192570971900972,31.741642527967407,0.36565569726257185
2021_Ref_Plot3_B17::22,2021_Ref_Plot3_B17,Field2,test,6,3,0.37561463684277996,18.1255899615917,0.13766806484063046
2021_Ref_Plot3_B17::27,2021_Ref_Plot3_B17,Field2,test,5,4,0.2841457000505896,16.929141110667594,0.08321800261258085
2021_Ref_Plot3_B17::35,2021_Ref_Plot3_B17,Field2,test,8,5,0.13493819637478574,12.742893217536956,0.027409103774350095
2021_Ref_Plot3_B17::44,2021_Ref_Plot3_B17,Field2,test,9,6,0.1420940697224836,10.07217933257704,0.07497548297591546
2021_Ref_Plot3_B17::50,2021_Ref_Plot3_B17,Field2,test,6,7,0.10961359085042961,9.22799748753895,0.07723125969635403
2021_Ref_Plot3_B17::57,2021_Ref_Plot3_B17,Field2,test,7,8,0.09028892353340379,9.86164099662885,0.03499875237708911
2021_Ref_Plot3_B17::65,2021_Ref_Plot3_B17,Field2,test,8,9,0.09721360621312637,10.665975162493904,0.043374183798844244
2021_Ref_Plot3_B17::69,2021_Ref_Plot3_B17,Field2,test,4,10,0.14919017627336292,12.140058955966763,0.10806922345592905
2021_Ref_Plot3_B17::71,2021_Ref_Plot3_B17,Field2,test,2,11,0.12014589359071252,9.925594169687704,0.11508227302870302
2021_Ref_Plot3_B17::76,2021_Ref_Plot3_B17,Field2,test,5,12,0.12745217777958495,11.942102708510099,0.023152784140242386
2021_Ref_Plot3_B17::8,2021_Ref_Plot3_B17,Field2,test,7,1,0.7407631920890286,28.786684263381595,0.22725270387653043
2021_Ref_Plot3_B17::80,2021_Ref_Plot3_B17,Field2,test,4,13,0.07803303466070442,9.091870893839417,0.027001546308827798
2021_Ref_Plot3_B17::85,2021_Ref_Plot3_B17,Field2,test,5,14,0.09305979338132203,9.300866266104116,0.047582135858850634
2021_Ref_Plot3_B1::16,2021_Ref_Plot3_B1,Field2,test,8,2,0.8033806046433193,31.32235808608955,0.3386645195416829
2021_Ref_Plot3_B1::22,2021_Ref_Plot3_B1,Field2,test,6,3,0.3577156174139296,18.079577472999972,0.11635349933080698
2021_Ref_Plot3_B1::27,2021_Ref_Plot3_B1,Field2,test,5,4,0.34943279546202577,18.01589831321732,0.11405226086889841
2021_Ref_Plot3_B1::35,2021_Ref_Plot3_B1,Field2,test,8,5,0.18015957977205685,13.017520624439452,0.04417882699855148
2021_Ref_Plot3_B1::44,2021_Ref_Plot3_B1,Field2,test,9,6,0.13971253335797637,10.313827809372441,0.04934809647122019
2021_Ref_Plot3_B1::50,2021_Ref_Plot3_B1,Field2,test,6,7,0.126821313860038,9.687876622338367,0.083219954302217
2021_Ref_Plot3_B1::57,2021_Ref_Plot3_B1,Field2,test,7,8,0.13445829816820942,10.775416718420924,0.04949525510665698
2021_Ref_Plot3_B1::65,2021_Ref_Plot3_B1,Field2,test,8,9,0.11050914304546472,10.70364033041172,0.050054757919070034
2021_Ref_Plot3_B1::69,2021_Ref_Plot3_B1,Field2,test,4,10,0.1552937579951707,12.110083519901117,0.08472257986505899
2021_Ref_Plot3_B1::71,2021_Ref_Plot3_B1,Field2,test,2,11,0.14881280423869392,10.44735471209663,0.14640261215225675
2021_Ref_Plot3_B1::76,2021_Ref_Plot3_B1,Field2,test,5,12,0.1340399784843615,11.595870123088973,0.024394669952480335
2021_Ref_Plot3_B1::8,2021_Ref_Plot3_B1,Field2,test,7,1,0.7051838506821483,26.877804146788588,0.2088684413360888
2021_Ref_Plot3_B1::80,2021_Ref_Plot3_B1,Field2,test,4,13,0.09257753635669157,7.993728436470685,0.009436964796673525
2021_Ref_Plot3_B1::85,2021_Ref_Plot3_B1,Field2,test,5,14,0.07833389632183603,9.057379508867498,0.03459289300018121
2021_Ref_Plot3_B3::16,2021_Ref_Plot3_B3,Field2,test,8,2,0.8197187148370825,31.191908664680973,0.37232655134846954
2021_Ref_Plot3_B3::22,2021_Ref_Plot3_B3,Field2,test,6,3,0.33076799002807306,17.710233686143194,0.10353844469087367
2021_Ref_Plot3_B3::27,2021_Ref_Plot3_B3,Field2,test,5,4,0.34413893213971997,17.755262295038875,0.10320643858694233
2021_Ref_Plot3_B3::35,2021_Ref_Plot3_B3,Field2,test,8,5,0.18162713405490882,13.696964631370598,0.03457791616962873
2021_Ref_Plot3_B3::44,2021_Ref_Plot3_B3,Field2,test,9,6,0.12339210114250128,9.926386342871155,0.039842695021870676
2021_Ref_Plot3_B3::50,2021_Ref_Plot3_B3,Field2,test,6,7,0.12155192836939965,9.656305892905856,0.08855952111090247
2021_Ref_Plot3_B3::57,2021_Ref_Plot3_B3,Field2,test,7,8,0.13589795796800133,11.020216089135559,0.06004221346900083
2021_Ref_Plot3_B3::65,2021_Ref_Plot3_B3,Field2,test,8,9,0.11088778988724762,11.082505772189036,0.05528536885979736
2021_Ref_Plot3_B3::69,2021_Ref_Plot3_B3,Field2,test,4,10,0.16883482361664004,12.789282913915105,0.10724647345233174
2021_Ref_Plot3_B3::71,2021_Ref_Plot3_B3,Field2,test,2,11,0.09671829990249892,8.96509866021267,0.05839476509863448
2021_Ref_Plot3_B3::76,2021_Ref_Plot3_B3,Field2,test,5,12,0.1724922470628455,12.650223332971173,0.020716760963038556
2021_Ref_Plot3_B3::8,2021_Ref_Plot3_B3,Field2,test,7,1,0.7246878666795812,28.049351432860888,0.2232275042754499
2021_Ref_Plot3_B3::80,2021_Ref_Plot3_B3,Field2,test,4,13,0.10352166773358847,9.30347930453461,0.028636302781070124
2021_Ref_Plot3_B3::85,2021_Ref_Plot3_B3,Field2,test,5,14,0.08427122146497669,8.610037875629232,0.04408308813780962
2021_Ref_Plot3_B6::16,2021_Ref_Plot3_B6,Field2,test,8,2,0.8117673660620534,31.188434293985182,0.35241488050958114
2021_Ref_Plot3_B6::22,2021_Ref_Plot3_B6,Field2,test,6,3,0.3616245425156414,18.14512896496433,0.1328122379625291
2021_Ref_Plot3_B6::27,2021_Ref_Plot3_B6,Field2,test,5,4,0.3627948053316595,17.79594820928375,0.1316834399078653
2021_Ref_Plot3_B6::35,2021_Ref_Plot3_B6,Field2,test,8,5,0.19832631205946405,14.248853086404187,0.054688403297137686
2021_Ref_Plot3_B6::44,2021_Ref_Plot3_B6,Field2,test,9,6,0.1362281204965465,10.069591392355996,0.0613683185293995
2021_Ref_Plot3_B6::50,2021_Ref_Plot3_B6,Field2,test,6,7,0.14892356693915387,10.141681417073588,0.13310666060335358
2021_Ref_Plot3_B6::57,2021_Ref_Plot3_B6,Field2,test,7,8,0.11626698827849492,10.295349454467114,0.036982710849078136
2021_Ref_Plot3_B6::65,2021_Ref_Plot3_B6,Field2,test,8,9,0.09987865549778863,10.990112326914442,0.06846314120483762
2021_Ref_Plot3_B6::69,2021_Ref_Plot3_B6,Field2,test,4,10,0.20154059319142656,13.254116789853276,0.12886125373773588
2021_Ref_Plot3_B6::71,2021_Ref_Plot3_B6,Field2,test,2,11,0.10021102248109492,10.192055099925462,0.09344602250984528
2021_Ref_Plot3_B6::76,2021_Ref_Plot3_B6,Field2,test,5,12,0.19134034630964156,13.45966052086683,0.026957389958136107
2021_Ref_Plot3_B6::8,2021_Ref_Plot3_B6,Field2,test,7,1,0.7335366600811835,26.979445812407555,0.23084023296048492
2021_Ref_Plot3_B6::80,2021_Ref_Plot3_B6,Field2,test,4,13,0.08709832106781874,8.868910215366606,0.007981950830810818
2021_Ref_Plot3_B6::85,2021_Ref_Plot3_B6,Field2,test,5,14,0.1160035222938114,8.601962797982958,0.05104051726793534
2021_Ref_Plot3_B7::16,2021_Ref_Plot3_B7,Field2,test,8,2,0.7958988866647657,30.217467212511192,0.3432908679084674
2021_Ref_Plot3_B7::22,2021_Ref_Plot3_B7,Field2,test,6,3,0.32990078885599977,18.077325624184546,0.09997316457557347
2021_Ref_Plot3_B7::27,2021_Ref_Plot3_B7,Field2,test,5,4,0.344000720592377,17.93133544163395,0.11413593080637574
2021_Ref_Plot3_B7::35,2021_Ref_Plot3_B7,Field2,test,8,5,0.1695738071807312,13.013858533144004,0.021554018659384864
2021_Ref_Plot3_B7::44,2021_Ref_Plot3_B7,Field2,test,9,6,0.12464748461155689,10.1019518940283,0.05273767520899466
2021_Ref_Plot3_B7::50,2021_Ref_Plot3_B7,Field2,test,6,7,0.15777249240429583,10.310565367054572,0.1104967321984913
2021_Ref_Plot3_B7::57,2021_Ref_Plot3_B7,Field2,test,7,8,0.09980823575950819,10.367589422382487,0.031444346403412086
2021_Ref_Plot3_B7::65,2021_Ref_Plot3_B7,Field2,test,8,9,0.10043874394668871,10.621286243085418,0.05594171172460095
2021_Ref_Plot3_B7::69,2021_Ref_Plot3_B7,Field2,test,4,10,0.18586846119540576,13.402231741862687,0.10046179105890983
2021_Ref_Plot3_B7::71,2021_Ref_Plot3_B7,Field2,test,2,11,0.10476116617929578,10.617840839219511,0.12662140225818613
2021_Ref_Plot3_B7::76,2021_Ref_Plot3_B7,Field2,test,5,12,0.14189799902108477,13.061058036144527,0.012609036191867002
2021_Ref_Plot3_B7::8,2021_Ref_Plot3_B7,Field2,test,7,1,0.742358835996194,26.78595402371288,0.2358925676964558
2021_Ref_Plot3_B7::80,2021_Ref_Plot3_B7,Field2,test,4,13,0.07331310096817585,8.874035818634475,0.012697620149281667
2021_Ref_Plot3_B7::85,2021_Ref_Plot3_B7,Field2,test,5,14,0.10591439843025248,9.834193180649017,0.06256280317501171
2021_Ref_Plot3_B8::16,2021_Ref_Plot3_B8,Field2,test,8,2,0.8115622601767876,30.99526143560766,0.3524706638665174
2021_Ref_Plot3_B8::22,2021_Ref_Plot3_B8,Field2,test,6,3,0.3347600780529462,18.235064553938304,0.10556137423274822
2021_Ref_Plot3_B8::27,2021_Ref_Plot3_B8,Field2,test,5,4,0.291270159083547,17.022334986908994,0.08547811292448364
2021_Ref_Plot3_B8::35,2021_Ref_Plot3_B8,Field2,test,8,5,0.1793799521357032,13.492619439157911,0.037174697938761166
2021_Ref_Plot3_B8::44,2021_Ref_Plot3_B8,Field2,test,9,6,0.11921206749925954,9.669852613535138,0.03440055528703687
2021_Ref_Plot3_B8::50,2021_Ref_Plot3_B8,Field2,test,6,7,0.1389982398965607,9.418336476257592,0.08106985916466265
2021_Ref_Plot3_B8::57,2021_Ref_Plot3_B8,Field2,test,7,8,0.09727635130647751,10.694086567037349,0.02569582025952838
2021_Ref_Plot3_B8::65,2021_Ref_Plot3_B8,Field2,test,8,9,0.09882860138199608,10.271863727780863,0.04116482903574553
2021_Ref_Plot3_B8::69,2021_Ref_Plot3_B8,Field2,test,4,10,0.13920501124562248,12.127903542895044,0.07816327073119907
2021_Ref_Plot3_B8::71,2021_Ref_Plot3_B8,Field2,test,2,11,0.10005971590576185,9.789389364183162,0.12087490494028753
2021_Ref_Plot3_B8::76,2021_Ref_Plot3_B8,Field2,test,5,12,0.12200906319352824,11.848410878435619,0.0165508627360917
2021_Ref_Plot3_B8::8,2021_Ref_Plot3_B8,Field2,test,7,1,0.7360438578317957,26.949357111680186,0.20838051492277848
2021_Ref_Plot3_B8::80,2021_Ref_Plot3_B8,Field2,test,4,13,0.102995044812993,9.671083142616858,0.0349712845113451
2021_Ref_Plot3_B8::85,2021_Ref_Plot3_B8,Field2,test,5,14,0.12326277905988907,9.355487941621096,0.06442595393458617
2021_Ref_Plot3_C15::16,2021_Ref_Plot3_C15,Field2,test,8,2,0.8010672532477897,31.25677585874165,0.36912698735438787
2021_Ref_Plot3_C15::22,2021_Ref_Plot3_C15,Field2,test,6,3,0.353451463164836,16.752236629439313,0.12148673512702705
2021_Ref_Plot3_C15::27,2021_Ref_Plot3_C15,Field2,test,5,4,0.29306829532394446,16.597209372702917,0.09068767092779412
2021_Ref_Plot3_C15::35,2021_Ref_Plot3_C15,Field2,test,8,5,0.16860520940670298,12.529581959596696,0.059871048912037386
2021_Ref_Plot3_C15::44,2021_Ref_Plot3_C15,Field2,test,9,6,0.09504272569033025,9.197630728224638,0.045010370182507045
2021_Ref_Plot3_C15::50,2021_Ref_Plot3_C15,Field2,test,6,7,0.12940668639864028,8.986843891755758,0.10249577068836796
2021_Ref_Plot3_C15::57,2021_Ref_Plot3_C15,Field2,test,7,8,0.0939095058987579,10.070064163270613,0.030776177834689035
2021_Ref_Plot3_C15::65,2021_Ref_Plot3_C15,Field2,test,8,9,0.08671571447715931,9.738564461579541,0.049964164124300166
2021_Ref_Plot3_C15::69,2021_Ref_Plot3_C15,Field2,test,4,10,0.12414788263804548,11.907143037894844,0.07345012868615905
2021_Ref_Plot3_C15::71,2021_Ref_Plot3_C15,Field2,test,2,11,0.10598486048103628,9.533927764879214,0.0932052339467731
2021_Ref_Plot3_C15::76,2021_Ref_Plot3_C15,Field2,test,5,12,0.11803885007898146,12.607806432843965,0.02376854890895195
2021_Ref_Plot3_C15::8,2021_Ref_Plot3_C15,Field2,test,7,1,0.7423314860166065,27.3587702013938,0.24960023436694348
2021_Ref_Plot3_C15::80,2021_Ref_Plot3_C15,Field2,test,4,13,0.10832444130919554,9.964669138228931,0.051332801888695045
2021_Ref_Plot3_C15::85,2021_Ref_Plot3_C15,Field2,test,5,14,0.12109631952519824,10.564462391215567,0.06526608923319423
2021_Ref_Plot3_C2::16,2021_Ref_Plot3_C2,Field2,test,8,2,0.8201078160201458,31.721651175682155,0.39575226256353613
2021_Ref_Plot3_C2::22,2021_Ref_Plot3_C2,Field2,test,6,3,0.3227199379742295,17.262034166561953,0.1070066163406236
2021_Ref_Plot3_C2::27,2021_Ref_Plot3_C2,Field2,test,5,4,0.30052375083843225,17.11401365581995,0.10378871637154266
2021_Ref_Plot3_C2::35,2021_Ref_Plot3_C2,Field2,test,8,5,0.19482023207689267,13.309459367732536,0.05511106714699199
2021_Ref_Plot3_C2::44,2021_Ref_Plot3_C2,Field2,test,9,6,0.10415779227019317,10.043610504016875,0.02709555031293211
2021_Ref_Plot3_C2::50,2021_Ref_Plot3_C2,Field2,test,6,7,0.0998038304758153,9.398708945783007,0.09425899051083675
2021_Ref_Plot3_C2::57,2021_Ref_Plot3_C2,Field2,test,7,8,0.12222800949974115,10.98244027750344,0.0550874905072861
2021_Ref_Plot3_C2::65,2021_Ref_Plot3_C2,Field2,test,8,9,0.09801739179282672,9.729937504933552,0.059610113491033304
2021_Ref_Plot3_C2::69,2021_Ref_Plot3_C2,Field2,test,4,10,0.1614079779964356,12.05077364509801,0.07669594781696498
2021_Ref_Plot3_C2::71,2021_Ref_Plot3_C2,Field2,test,2,11,0.12399555064233532,10.288801559674763,0.11418445519195455
2021_Ref_Plot3_C2::76,2021_Ref_Plot3_C2,Field2,test,5,12,0.18978217933934563,14.18244246877183,0.02182063101322485
2021_Ref_Plot3_C2::8,2021_Ref_Plot3_C2,Field2,test,7,1,0.7078623752915548,27.61900330675838,0.19662305516783254
2021_Ref_Plot3_C2::80,2021_Ref_Plot3_C2,Field2,test,4,13,0.07652603617160204,8.46152652190127,0.01632147575651967
2021_Ref_Plot3_C2::85,2021_Ref_Plot3_C2,Field2,test,5,14,0.13936845236962034,10.189258043382408,0.07298598893890508
2021_Ref_Plot3_C3::16,2021_Ref_Plot3_C3,Field2,test,8,2,0.7934431922576022,30.487569581024417,0.3731164002826526
2021_Ref_Plot3_C3::22,2021_Ref_Plot3_C3,Field2,test,6,3,0.3474734788121576,17.66681926151245,0.11831802199563587
2021_Ref_Plot3_C3::27,2021_Ref_Plot3_C3,Field2,test,5,4,0.3051404949034561,16.453064011966717,0.10018897409773561
2021_Ref_Plot3_C3::35,2021_Ref_Plot3_C3,Field2,test,8,5,0.1526477909759623,12.359851917508198,0.02792690122332976
2021_Ref_Plot3_C3::44,2021_Ref_Plot3_C3,Field2,test,9,6,0.0969368953133359,9.951228442323233,0.03227663988720064
2021_Ref_Plot3_C3::50,2021_Ref_Plot3_C3,Field2,test,6,7,0.11161562516957942,9.517826991292429,0.08809529443711765
2021_Ref_Plot3_C3::57,2021_Ref_Plot3_C3,Field2,test,7,8,0.09855390590299744,10.455323527692762,0.030771528541592007
2021_Ref_Plot3_C3::65,2021_Ref_Plot3_C3,Field2,test,8,9,0.0843654843830367,10.104471494149507,0.04259940653760232
2021_Ref_Plot3_C3::69,2021_Ref_Plot3_C3,Field2,test,4,10,0.1592114053922428,12.363864716734955,0.0797955614185308
2021_Ref_Plot3_C3::71,2021_Ref_Plot3_C3,Field2,test,2,11,0.10764760311752809,9.479894528973523,0.07405866430336486
2021_Ref_Plot3_C3::76,2021_Ref_Plot3_C3,Field2,test,5,12,0.19009596332284637,13.006107193949102,0.016294762632107017
2021_Ref_Plot3_C3::8,2021_Ref_Plot3_C3,Field2,test,7,1,0.710642386923091,27.06182878223039,0.19949097966950674
2021_Ref_Plot3_C3::80,2021_Ref_Plot3_C3,Field2,test,4,13,0.09662908941434041,9.772903734839725,0.029604411724286628
2021_Ref_Plot3_C3::85,2021_Ref_Plot3_C3,Field2,test,5,14,0.11846295432309195,10.193323528810192,0.06323138387933594
2021_Ref_Plot3_C4::16,2021_Ref_Plot3_C4,Field2,test,8,2,0.779098895751412,29.73023478674464,0.3603315995877194
2021_Ref_Plot3_C4::22,2021_Ref_Plot3_C4,Field2,test,6,3,0.3684625439207358,17.372603457593208,0.13543384274375808
2021_Ref_Plot3_C4::27,2021_Ref_Plot3_C4,Field2,test,5,4,0.29766808189989297,16.056871617486973,0.09067572879406996
2021_Ref_Plot3_C4::35,2021_Ref_Plot3_C4,Field2,test,8,5,0.1509502335925911,11.81976678157329,0.04486663172076158
2021_Ref_Plot3_C4::44,2021_Ref_Plot3_C4,Field2,test,9,6,0.12010094283739518,9.572083168952233,0.05400424013078792
2021_Ref_Plot3_C4::50,2021_Ref_Plot3_C4,Field2,test,6,7,0.10208185850327789,9.600664234794825,0.08619712701113166
2021_Ref_Plot3_C4::57,2021_Ref_Plot3_C4,Field2,test,7,8,0.11992066115108473,11.19338786262113,0.052333382661311094
2021_Ref_Plot3_C4::65,2021_Ref_Plot3_C4,Field2,test,8,9,0.0888568203105846,9.678958524592808,0.03651612651504668
2021_Ref_Plot3_C4::69,2021_Ref_Plot3_C4,Field2,test,4,10,0.17570560903193777,12.26727834542194,0.09926222520727992
2021_Ref_Plot3_C4::71,2021_Ref_Plot3_C4,Field2,test,2,11,0.09590512726895563,9.002607728430332,0.04551288980153554
2021_Ref_Plot3_C4::76,2021_Ref_Plot3_C4,Field2,test,5,12,0.18221502501329556,13.54394174561886,0.020049208028586223
2021_Ref_Plot3_C4::8,2021_Ref_Plot3_C4,Field2,test,7,1,0.7151781192889385,27.407406711543402,0.22569728679343934
2021_Ref_Plot3_C4::80,2021_Ref_Plot3_C4,Field2,test,4,13,0.10998425877822911,10.126639333365944,0.03855680836138311
2021_Ref_Plot3_C4::85,2021_Ref_Plot3_C4,Field2,test,5,14,0.11627843322676872,10.39928077769684,0.058990351949271685
2021_Ref_Plot3_D15::16,2021_Ref_Plot3_D15,Field2,test,8,2,0.7819876033396196,30.94722779351271,0.35109025658379656
2021_Ref_Plot3_D15::22,2021_Ref_Plot3_D15,Field2,test,6,3,0.3266556701327888,17.099477006118015,0.10791507718111795
2021_Ref_Plot3_D15::27,2021_Ref_Plot3_D15,Field2,test,5,4,0.32784428292293616,17.612052911216207,0.12803898346559933
2021_Ref_Plot3_D15::35,2021_Ref_Plot3_D15,Field2,test,8,5,0.15887948436088004,12.788931796230681,0.02864736922221206
2021_Ref_Plot3_D15::44,2021_Ref_Plot3_D15,Field2,test,9,6,0.08845113964283254,9.900180384738075,0.025607196310586274
2021_Ref_Plot3_D15::50,2021_Ref_Plot3_D15,Field2,test,6,7,0.10733822243695001,8.929614418515916,0.08302218071436744
2021_Ref_Plot3_D15::57,2021_Ref_Plot3_D15,Field2,test,7,8,0.10455775521300743,11.101450324227375,0.0404080775168847
2021_Ref_Plot3_D15::65,2021_Ref_Plot3_D15,Field2,test,8,9,0.07477366582093913,9.058982177216619,0.053085335750632956
2021_Ref_Plot3_D15::69,2021_Ref_Plot3_D15,Field2,test,4,10,0.1190140551586043,11.994599974739096,0.06642293993378853
2021_Ref_Plot3_D15::71,2021_Ref_Plot3_D15,Field2,test,2,11,0.10786687815708394,9.914641457403125,0.08486686028630953
2021_Ref_Plot3_D15::76,2021_Ref_Plot3_D15,Field2,test,5,12,0.13264356929135104,13.258244743845427,0.018414169979740224
2021_Ref_Plot3_D15::8,2021_Ref_Plot3_D15,Field2,test,7,1,0.7141786549691252,27.78962225443444,0.19764471443272144
2021_Ref_Plot3_D15::80,2021_Ref_Plot3_D15,Field2,test,4,13,0.06777875703698744,9.002940583512085,0.0032517037452289496
2021_Ref_Plot3_D15::85,2021_Ref_Plot3_D15,Field2,test,5,14,0.14575724803252207,10.64140873618231,0.0653854633461904
2021_Ref_Plot3_D19::16,2021_Ref_Plot3_D19,Field2,test,8,2,0.7798309126565582,30.598297279373096,0.38546512076543377
2021_Ref_Plot3_D19::22,2021_Ref_Plot3_D19,Field2,test,6,3,0.32643400755222346,17.186805709005352,0.12008356144988691
2021_Ref_Plot3_D19::27,2021_Ref_Plot3_D19,Field2,test,5,4,0.25808764702112846,16.83922467894507,0.07971690007545582
2021_Ref_Plot3_D19::35,2021_Ref_Plot3_D19,Field2,test,8,5,0.16727628968033234,12.98434060314558,0.04754256638324052
2021_Ref_Plot3_D19::44,2021_Ref_Plot3_D19,Field2,test,9,6,0.10730332888413134,9.758411792584106,0.03136662720886741
2021_Ref_Plot3_D19::50,2021_Ref_Plot3_D19,Field2,test,6,7,0.1051922971047516,8.70206564850285,0.06401834470258762
2021_Ref_Plot3_D19::57,2021_Ref_Plot3_D19,Field2,test,7,8,0.0874052146647465,10.37171190467389,0.015809993692681757
2021_Ref_Plot3_D19::65,2021_Ref_Plot3_D19,Field2,test,8,9,0.0962646074252664,9.524636796624883,0.06456466181711575
2021_Ref_Plot3_D19::69,2021_Ref_Plot3_D19,Field2,test,4,10,0.164034622077227,12.690138223834479,0.10260238515977378
2021_Ref_Plot3_D19::71,2021_Ref_Plot3_D19,Field2,test,2,11,0.11259857234394538,9.283039270775062,0.0746460042639715
2021_Ref_Plot3_D19::76,2021_Ref_Plot3_D19,Field2,test,5,12,0.09166535673304625,11.19284534823686,0.01541219375974717
2021_Ref_Plot3_D19::8,2021_Ref_Plot3_D19,Field2,test,7,1,0.6946590347830915,26.251645350243624,0.21584053346152243
2021_Ref_Plot3_D19::80,2021_Ref_Plot3_D19,Field2,test,4,13,0.07008122528923333,9.386291470048066,0.015552214196590601
2021_Ref_Plot3_D19::85,2021_Ref_Plot3_D19,Field2,test,5,14,0.10734483264417309,9.911777935806782,0.06260012178341204
2021_Ref_Plot3_D1::16,2021_Ref_Plot3_D1,Field2,test,8,2,0.7878576918597373,30.92268418316083,0.3631575160790344
2021_Ref_Plot3_D1::22,2021_Ref_Plot3_D1,Field2,test,6,3,0.31067782259622406,17.223064268539893,0.09790628776262929
2021_Ref_Plot3_D1::27,2021_Ref_Plot3_D1,Field2,test,5,4,0.31714122282723906,17.516628522556182,0.107327257378248
2021_Ref_Plot3_D1::35,2021_Ref_Plot3_D1,Field2,test,8,5,0.14868657290208095,13.054812921475962,0.021144137866810072
2021_Ref_Plot3_D1::44,2021_Ref_Plot3_D1,Field2,test,9,6,0.12090141612724342,10.618831593411912,0.032103860045954905
2021_Ref_Plot3_D1::50,2021_Ref_Plot3_D1,Field2,test,6,7,0.11793302957427103,9.307196358384031,0.07842806229237027
2021_Ref_Plot3_D1::57,2021_Ref_Plot3_D1,Field2,test,7,8,0.1345504040674965,11.342301111430984,0.039625519725586394
2021_Ref_Plot3_D1::65,2021_Ref_Plot3_D1,Field2,test,8,9,0.08641353985703866,9.188266608666524,0.03262239008707076
2021_Ref_Plot3_D1::69,2021_Ref_Plot3_D1,Field2,test,4,10,0.1544622105525399,12.514369477898537,0.07927373096595067
2021_Ref_Plot3_D1::71,2021_Ref_Plot3_D1,Field2,test,2,11,0.11132060543413168,8.792282400546847,0.11378957959807015
2021_Ref_Plot3_D1::76,2021_Ref_Plot3_D1,Field2,test,5,12,0.163625050091455,15.082077030350662,0.04503333962228679
2021_Ref_Plot3_D1::8,2021_Ref_Plot3_D1,Field2,test,7,1,0.7059687640951952,26.933861754014398,0.1828295237166445
2021_Ref_Plot3_D1::80,2021_Ref_Plot3_D1,Field2,test,4,13,0.07637790649284414,8.049486939147206,0.03318103295484119
2021_Ref_Plot3_D1::85,2021_Ref_Plot3_D1,Field2,test,5,14,0.09006003019528981,9.074174420265326,0.0377063540764387
2021_Ref_Plot3_D20::16,2021_Ref_Plot3_D20,Field2,test,8,2,0.7992392473445656,30.720813216499458,0.40594401027436616
2021_Ref_Plot3_D20::22,2021_Ref_Plot3_D20,Field2,test,6,3,0.3110035597741779,16.744516609956502,0.1164980153157824
2021_Ref_Plot3_D20::27,2021_Ref_Plot3_D20,Field2,test,5,4,0.25016383937114495,16.84886145915171,0.07670276404090995
2021_Ref_Plot3_D20::35,2021_Ref_Plot3_D20,Field2,test,8,5,0.15385436206309266,12.847085664387967,0.028960249673013236
2021_Ref_Plot3_D20::44,2021_Ref_Plot3_D20,Field2,test,9,6,0.10128203418438275,9.765195339652015,0.016774931428072487
2021_Ref_Plot3_D20::50,2021_Ref_Plot3_D20,Field2,test,6,7,0.09595961353941633,8.685420004943408,0.07040653376834737
2021_Ref_Plot3_D20::57,2021_Ref_Plot3_D20,Field2,test,7,8,0.08668540820847957,10.871531504559403,0.019928411131709713
2021_Ref_Plot3_D20::65,2021_Ref_Plot3_D20,Field2,test,8,9,0.10006482211887928,9.319815941419055,0.061217095094766215
2021_Ref_Plot3_D20::69,2021_Ref_Plot3_D20,Field2,test,4,10,0.15951218277351698,12.78970830925888,0.0845580848573467
2021_Ref_Plot3_D20::71,2021_Ref_Plot3_D20,Field2,test,2,11,0.1062528715394413,9.14868281728227,0.09644074732019658
2021_Ref_Plot3_D20::76,2021_Ref_Plot3_D20,Field2,test,5,12,0.13182680675271677,12.772370468101785,0.03680479578166999
2021_Ref_Plot3_D20::8,2021_Ref_Plot3_D20,Field2,test,7,1,0.7207331216104813,26.462531153081517,0.2212824687828727
2021_Ref_Plot3_D20::80,2021_Ref_Plot3_D20,Field2,test,4,13,0.06077825327334988,8.166578331044082,0.00831000885003847
2021_Ref_Plot3_D20::85,2021_Ref_Plot3_D20,Field2,test,5,14,0.10363710019538579,9.757181229544722,0.05958323918478012
2021_Ref_Plot3_E11::16,2021_Ref_Plot3_E11,Field2,test,8,2,0.7338030215257844,29.732461144410628,0.296727505731793
2021_Ref_Plot3_E11::22,2021_Ref_Plot3_E11,Field2,test,6,3,0.3107959305076822,16.970194903146304,0.09844606317082503
2021_Ref_Plot3_E11::27,2021_Ref_Plot3_E11,Field2,test,5,4,0.2532169050776761,16.74020383572442,0.0780281965022133
2021_Ref_Plot3_E11::35,2021_Ref_Plot3_E11,Field2,test,8,5,0.16022192696557533,12.621983208290846,0.058358187657973425
2021_Ref_Plot3_E11::44,2021_Ref_Plot3_E11,Field2,test,9,6,0.09517113879577636,10.703776534385343,0.03057546792049551
2021_Ref_Plot3_E11::50,2021_Ref_Plot3_E11,Field2,test,6,7,0.1129002384303498,9.519763591176527,0.08739704124720162
2021_Ref_Plot3_E11::57,2021_Ref_Plot3_E11,Field2,test,7,8,0.10009278136417504,11.313960189292072,0.02724205644991193
2021_Ref_Plot3_E11::65,2021_Ref_Plot3_E11,Field2,test,8,9,0.07448316858993044,9.367045498714615,0.04137765847170569
2021_Ref_Plot3_E11::69,2021_Ref_Plot3_E11,Field2,test,4,10,0.13986238485525956,13.043584501500032,0.07703580234651121
2021_Ref_Plot3_E11::71,2021_Ref_Plot3_E11,Field2,test,2,11,0.10303848627155111,8.03224531376779,0.030012888302466997
2021_Ref_Plot3_E11::76,2021_Ref_Plot3_E11,Field2,test,5,12,0.12522470121211104,11.927646977460755,0.01540577269639829
2021_Ref_Plot3_E11::8,2021_Ref_Plot3_E11,Field2,test,7,1,0.6634425706905414,27.407855162585303,0.15742414557983683
2021_Ref_Plot3_E11::80,2021_Ref_Plot3_E11,Field2,test,4,13,0.05683234515071997,9.6095663909716,0.011330286816389692
2021_Ref_Plot3_E11::85,2021_Ref_Plot3_E11,Field2,test,5,14,0.08563625494797217,10.36457862390706,0.044776238841107104
2021_Ref_Plot4_A7::16,2021_Ref_Plot4_A7,Field2,test,8,2,0.8008901534378983,30.441437833089356,0.37358998754471084
2021_Ref_Plot4_A7::22,2021_Ref_Plot4_A7,Field2,test,6,3,0.32740842184214514,17.943732629498236,0.10799891413060445
2021_Ref_Plot4_A7::27,2021_Ref_Plot4_A7,Field2,test,5,4,0.45391966821726754,19.52782321119367,0.16700838857383202
2021_Ref_Plot4_A7::35,2021_Ref_Plot4_A7,Field2,test,8,5,0.19813205166478523,15.456171543349042,0.02945173166170651
2021_Ref_Plot4_A7::44,2021_Ref_Plot4_A7,Field2,test,9,6,0.15131600613608936,9.614432368980136,0.025759648490070192
2021_Ref_Plot4_A7::50,2021_Ref_Plot4_A7,Field2,test,6,7,0.12737587433697464,9.394560079731706,0.08012731245603619
2021_Ref_Plot4_A7::57,2021_Ref_Plot4_A7,Field2,test,7,8,0.11579416865359397,8.57559331843814,0.05811478353794839
2021_Ref_Plot4_A7::65,2021_Ref_Plot4_A7,Field2,test,8,9,0.12633109864542352,11.503285279295163,0.05166532934778991
2021_Ref_Plot4_A7::69,2021_Ref_Plot4_A7,Field2,test,4,10,0.14232204009534355,12.527614058427531,0.10567420592618874
2021_Ref_Plot4_A7::71,2021_Ref_Plot4_A7,Field2,test,2,11,0.08893075333540201,9.681134615124224,0.09679684308804987
2021_Ref_Plot4_A7::76,2021_Ref_Plot4_A7,Field2,test,5,12,0.1287811507601437,12.422240088941816,0.008879783650943992
2021_Ref_Plot4_A7::8,2021_Ref_Plot4_A7,Field2,test,7,1,0.7412111905648183,27.38147955412185,0.22979256126964506
2021_Ref_Plot4_A7::80,2021_Ref_Plot4_A7,Field2,test,4,13,0.11443597107613686,9.359452962527822,0.033455773262456925
2021_Ref_Plot4_A7::85,2021_Ref_Plot4_A7,Field2,test,5,14,0.10527940198420033,9.543366215306687,0.055122164038509926
2021_Ref_Plot4_B11::16,2021_Ref_Plot4_B11,Field2,test,8,2,0.8504576486746919,32.423654668030466,0.42207273502075837
2021_Ref_Plot4_B11::22,2021_Ref_Plot4_B11,Field2,test,6,3,0.36777175850785654,18.067970436743554,0.14295923216166778
2021_Ref_Plot4_B11::27,2021_Ref_Plot4_B11,Field2,test,5,4,0.40143944905407364,18.698327901671256,0.14427952586243453
2021_Ref_Plot4_B11::35,2021_Ref_Plot4_B11,Field2,test,8,5,0.2144407237445575,15.829592263240643,0.03004669827138933
2021_Ref_Plot4_B11::44,2021_Ref_Plot4_B11,Field2,test,9,6,0.17038365110105202,11.160848175032697,0.05877998073194477
2021_Ref_Plot4_B11::50,2021_Ref_Plot4_B11,Field2,test,6,7,0.13216984514609972,9.408890552152586,0.07589893463810574
2021_Ref_Plot4_B11::57,2021_Ref_Plot4_B11,Field2,test,7,8,0.12628235876156754,9.542120354470656,0.05483323457215839
2021_Ref_Plot4_B11::65,2021_Ref_Plot4_B11,Field2,test,8,9,0.1265035471734314,11.875012386994403,0.04780514975722122
2021_Ref_Plot4_B11::69,2021_Ref_Plot4_B11,Field2,test,4,10,0.17878061916592394,12.930892788082716,0.0968506814386626
2021_Ref_Plot4_B11::71,2021_Ref_Plot4_B11,Field2,test,2,11,0.07520031475040678,9.700956178981528,0.08090123945654626
2021_Ref_Plot4_B11::76,2021_Ref_Plot4_B11,Field2,test,5,12,0.12433927645929328,13.38259676076384,0.02352249296439335
2021_Ref_Plot4_B11::8,2021_Ref_Plot4_B11,Field2,test,7,1,0.7514724299628366,27.47169230900191,0.21339068622188548
2021_Ref_Plot4_B11::80,2021_Ref_Plot4_B11,Field2,test,4,13,0.06981572248703276,8.701979297019015,0.015390278435691724
2021_Ref_Plot4_B11::85,2021_Ref_Plot4_B11,Field2,test,5,14,0.09478599143012613,8.84013645685683,0.03902857836640629
2021_Ref_Plot4_B12::16,2021_Ref_Plot4_B12,Field2,test,8,2,0.8238447132376109,31.25921842395094,0.3932563315990114
2021_Ref_Plot4_B12::22,2021_Ref_Plot4_B12,Field2,test,6,3,0.3502680106375784,17.911757161807536,0.1306180330704454
2021_Ref_Plot4_B12::27,2021_Ref_Plot4_B12,Field2,test,5,4,0.41061210483037797,18.852780784839528,0.16171506623959986
2021_Ref_Plot4_B12::35,2021_Ref_Plot4_B12,Field2,test,8,5,0.20069930331701027,15.686483979767038,0.02577095460432487
2021_Ref_Plot4_B12::44,2021_Ref_Plot4_B12,Field2,test,9,6,0.16673217138256205,10.972784590076646,0.04715325708159721
2021_Ref_Plot4_B12::50,2021_Ref_Plot4_B12,Field2,test,6,7,0.13500147465992648,10.318417372766582,0.0976631436308323
2021_Ref_Plot4_B12::57,2021_Ref_Plot4_B12,Field2,test,7,8,0.1348161234745234,10.275215423881608,0.058229896799494814
2021_Ref_Plot4_B12::65,2021_Ref_Plot4_B12,Field2,test,8,9,0.08365569510027686,11.475901599280242,0.024481915537378367
2021_Ref_Plot4_B12::69,2021_Ref_Plot4_B12,Field2,test,4,10,0.17250589065058983,13.050355372886177,0.07578752874555887
2021_Ref_Plot4_B12::71,2021_Ref_Plot4_B12,Field2,test,2,11,0.09169012438856555,10.382900761466571,0.10369851474140905
2021_Ref_Plot4_B12::76,2021_Ref_Plot4_B12,Field2,test,5,12,0.12928593880766456,13.58582215848142,0.03496487019065563
2021_Ref_Plot4_B12::8,2021_Ref_Plot4_B12,Field2,test,7,1,0.7373523093782103,27.239774384982297,0.22502737081626917
2021_Ref_Plot4_B12::80,2021_Ref_Plot4_B12,Field2,test,4,13,0.10038132994512884,9.363091655553331,0.027422738960649614
2021_Ref_Plot4_B12::85,2021_Ref_Plot4_B12,Field2,test,5,14,0.11675790967008054,8.306272851072242,0.030968473552035095
2021_Ref_Plot4_B13::16,2021_Ref_Plot4_B13,Field2,test,8,2,0.8173338856702261,31.079015410578293,0.37274296632440346
2021_Ref_Plot4_B13::22,2021_Ref_Plot4_B13,Field2,test,6,3,0.3275675051733429,17.582426607030722,0.11021684884896613
2021_Ref_Plot4_B13::27,2021_Ref_Plot4_B13,Field2,test,5,4,0.3869254651738019,18.002001326677437,0.14723591604712624
2021_Ref_Plot4_B13::35,2021_Ref_Plot4_B13,Field2,test,8,5,0.18016125139922026,14.64903422965894,0.024888788127570224
2021_Ref_Plot4_B13::44,2021_Ref_Plot4_B13,Field2,test,9,6,0.12606558582541771,9.978255232922406,0.03719897104492196
2021_Ref_Plot4_B13::50,2021_Ref_Plot4_B13,Field2,test,6,7,0.11078973226834676,9.587272150579132,0.0761049838466813
2021_Ref_Plot4_B13::57,2021_Ref_Plot4_B13,Field2,test,7,8,0.1077033392524317,9.618138908072506,0.04311211628033455
2021_Ref_Plot4_B13::65,2021_Ref_Plot4_B13,Field2,test,8,9,0.08831900177679068,10.99150181831111,0.02619757289496057
2021_Ref_Plot4_B13::69,2021_Ref_Plot4_B13,Field2,test,4,10,0.16959859167142424,12.726526803767621,0.07949150080068915
2021_Ref_Plot4_B13::71,2021_Ref_Plot4_B13,Field2,test,2,11,0.09647277702781276,10.790374215094925,0.10366982637552755
2021_Ref_Plot4_B13::76,2021_Ref_Plot4_B13,Field2,test,5,12,0.11268140767814351,12.461219688081018,0.017723778075813875
2021_Ref_Plot4_B13::8,2021_Ref_Plot4_B13,Field2,test,7,1,0.7368684450955972,27.27345601712761,0.23291070927784938
2021_Ref_Plot4_B13::80,2021_Ref_Plot4_B13,Field2,test,4,13,0.08636348878605433,9.190045303313957,0.0159572144189503
2021_Ref_Plot4_B13::85,2021_Ref_Plot4_B13,Field2,test,5,14,0.09887232090005238,8.53800479152127,0.03981694390333016
2021_Ref_Plot4_B15::16,2021_Ref_Plot4_B15,Field2,test,8,2,0.8316410230920489,31.293768484861445,0.38546034184752287
2021_Ref_Plot4_B15::22,2021_Ref_Plot4_B15,Field2,test,6,3,0.3633211866180049,17.852833743581996,0.14172084343208666
2021_Ref_Plot4_B15::27,2021_Ref_Plot4_B15,Field2,test,5,4,0.350725724107024,17.607196264955224,0.12113337965153259
2021_Ref_Plot4_B15::35,2021_Ref_Plot4_B15,Field2,test,8,5,0.1788978989325841,14.255427628449091,0.027444426644743506
2021_Ref_Plot4_B15::44,2021_Ref_Plot4_B15,Field2,test,9,6,0.11909119389823049,9.321415873367398,0.0316251202860728
2021_Ref_Plot4_B15::50,2021_Ref_Plot4_B15,Field2,test,6,7,0.1147153115723042,8.92539140405789,0.07427556976892527
2021_Ref_Plot4_B15::57,2021_Ref_Plot4_B15,Field2,test,7,8,0.1252031626218777,9.918738254489533,0.05519962236691713
2021_Ref_Plot4_B15::65,2021_Ref_Plot4_B15,Field2,test,8,9,0.11024304637438564,11.325755998506231,0.04857060467391113
2021_Ref_Plot4_B15::69,2021_Ref_Plot4_B15,Field2,test,4,10,0.21299884114885168,13.082409180754661,0.11843859649040098
2021_Ref_Plot4_B15::71,2021_Ref_Plot4_B15,Field2,test,2,11,0.10001361514936576,10.686016726067349,0.11124416476409053
2021_Ref_Plot4_B15::76,2021_Ref_Plot4_B15,Field2,test,5,12,0.11443862607684242,12.490846256533988,0.018166238306202627
2021_Ref_Plot4_B15::8,2021_Ref_Plot4_B15,Field2,test,7,1,0.7705314257101379,27.98211407192511,0.23413054732591526
2021_Ref_Plot4_B15::80,2021_Ref_Plot4_B15,Field2,test,4,13,0.08930560017971938,8.959948116964904,0.012637365458674613
2021_Ref_Plot4_B15::85,2021_Ref_Plot4_B15,Field2,test,5,14,0.10489512936334666,9.26672398354573,0.03394806707627724
2021_Ref_Plot4_B16::16,2021_Ref_Plot4_B16,Field2,test,8,2,0.8499965327918043,32.41543030831473,0.4194249703570233
2021_Ref_Plot4_B16::22,2021_Ref_Plot4_B16,Field2,test,6,3,0.3628513646664658,18.111764965198176,0.13017558262764425
2021_Ref_Plot4_B16::27,2021_Ref_Plot4_B16,Field2,test,5,4,0.3830901026353797,18.160803120411032,0.13388345636609802
2021_Ref_Plot4_B16::35,2021_Ref_Plot4_B16,Field2,test,8,5,0.2012041701129876,14.457722597758496,0.039060885946361944
2021_Ref_Plot4_B16::44,2021_Ref_Plot4_B16,Field2,test,9,6,0.12187203902677156,10.046922090250288,0.030939258675817413
2021_Ref_Plot4_B16::50,2021_Ref_Plot4_B16,Field2,test,6,7,0.09879001935818811,8.586617559074625,0.05384324689446952
2021_Ref_Plot4_B16::57,2021_Ref_Plot4_B16,Field2,test,7,8,0.104120474993717,9.347798276655336,0.044955734026899015
2021_Ref_Plot4_B16::65,2021_Ref_Plot4_B16,Field2,test,8,9,0.1021610740538942,11.013600443527565,0.02402005248371367
2021_Ref_Plot4_B16::69,2021_Ref_Plot4_B16,Field2,test,4,10,0.18035348895496686,12.704966505290091,0.07927574754374533
2021_Ref_Plot4_B16::71,2021_Ref_Plot4_B16,Field2,test,2,11,0.08423313384044627,9.854354980923976,0.08682611637527742
2021_Ref_Plot4_B16::76,2021_Ref_Plot4_B16,Field2,test,5,12,0.13318222316830272,14.297022044886385,0.02041833705534284
2021_Ref_Plot4_B16::8,2021_Ref_Plot4_B16,Field2,test,7,1,0.7595225440354737,27.421465346891676,0.22823454818438002
2021_Ref_Plot4_B16::80,2021_Ref_Plot4_B16,Field2,test,4,13,0.09886474648627974,8.151161309635611,0.038339246101930076
2021_Ref_Plot4_B16::85,2021_Ref_Plot4_B16,Field2,test,5,14,0.09478177796881852,9.434082659366084,0.0380189486321799
2021_Ref_Plot4_B17::16,2021_Ref_Plot4_B17,Field2,test,8,2,0.8443716963870296,31.889048842015697,0.4168383915050403
2021_Ref_Plot4_B17::22,2021_Ref_Plot4_B17,Field2,test,6,3,0.35220374585374725,18.21123969426154,0.12736318506651317
2021_Ref_Plot4_B17::27,2021_Ref_Plot4_B17,Field2,test,5,4,0.36601680468033765,18.02734968101897,0.12875277695546872
2021_Ref_Plot4_B17::35,2021_Ref_Plot4_B17,Field2,test,8,5,0.17262101286523382,13.79306585047585,0.03297581979289589
2021_Ref_Plot4_B17::44,2021_Ref_Plot4_B17,Field2,test,9,6,0.13519595921441077,9.898478558868838,0.0446175760328693
2021_Ref_Plot4_B17::50,2021_Ref_Plot4_B17,Field2,test,6,7,0.12578680122353295,9.465559723907617,0.07748363366118385
2021_Ref_Plot4_B17::57,2021_Ref_Plot4_B17,Field2,test,7,8,0.09977419065296499,9.5848047060256,0.036774731384208136
2021_Ref_Plot4_B17::65,2021_Ref_Plot4_B17,Field2,test,8,9,0.08159270746800593,10.778534846829388,0.010446688355017227
2021_Ref_Plot4_B17::69,2021_Ref_Plot4_B17,Field2,test,4,10,0.12976447709381445,12.148839510364889,0.05460500680441951
2021_Ref_Plot4_B17::71,2021_Ref_Plot4_B17,Field2,test,2,11,0.0768663964361354,10.27295557955487,0.11533545307069508
2021_Ref_Plot4_B17::76,2021_Ref_Plot4_B17,Field2,test,5,12,0.1369727460727969,13.891371541778916,0.02220000541128535
2021_Ref_Plot4_B17::8,2021_Ref_Plot4_B17,Field2,test,7,1,0.7417036548952254,26.650509391158195,0.21653477214964223
2021_Ref_Plot4_B17::80,2021_Ref_Plot4_B17,Field2,test,4,13,0.07079039180826481,8.426605301311866,0.017660234160350792
2021_Ref_Plot4_B17::85,2021_Ref_Plot4_B17,Field2,test,5,14,0.09460265380466282,9.4995629358702,0.047464581811305105
2021_Ref_Plot4_C4::16,2021_Ref_Plot4_C4,Field2,test,8,2,0.8181363559014446,31.04818905146047,0.39746686423301775
2021_Ref_Plot4_C4::22,2021_Ref_Plot4_C4,Field2,test,6,3,0.33592631236783094,17.580173898485867,0.11945188474243411
2021_Ref_Plot4_C4::27,2021_Ref_Plot4_C4,Field2,test,5,4,0.3659367325864333,17.273483578023644,0.14243160629087412
2021_Ref_Plot4_C4::35,2021_Ref_Plot4_C4,Field2,test,8,5,0.22987214483848875,15.48984233511572,0.050000644238357705
2021_Ref_Plot4_C4::44,2021_Ref_Plot4_C4,Field2,test,9,6,0.12959304467519653,9.895269087689364,0.053748469087811
2021_Ref_Plot4_C4::50,2021_Ref_Plot4_C4,Field2,test,6,7,0.1370415834331609,9.970252716000502,0.10965521700443877
2021_Ref_Plot4_C4::57,2021_Ref_Plot4_C4,Field2,test,7,8,0.14336994680146478,10.183103062292517,0.06691100662774775
2021_Ref_Plot4_C4::65,2021_Ref_Plot4_C4,Field2,test,8,9,0.13509073557991869,11.415133525560009,0.04745728971710931
2021_Ref_Plot4_C4::69,2021_Ref_Plot4_C4,Field2,test,4,10,0.1745087588906433,12.979506228364087,0.10212074109047153
2021_Ref_Plot4_C4::71,2021_Ref_Plot4_C4,Field2,test,2,11,0.09626473003702714,9.614862586322069,0.066127132730559
2021_Ref_Plot4_C4::76,2021_Ref_Plot4_C4,Field2,test,5,12,0.14179111893002497,13.558503074853473,0.014981108663439078
2021_Ref_Plot4_C4::8,2021_Ref_Plot4_C4,Field2,test,7,1,0.7482006655216038,26.885338101070797,0.23382902845999587
2021_Ref_Plot4_C4::80,2021_Ref_Plot4_C4,Field2,test,4,13,0.07830150401824128,8.690007670574499,0.015083934366447335
2021_Ref_Plot4_C4::85,2021_Ref_Plot4_C4,Field2,test,5,14,0.07832339705033708,9.98353720823126,0.028622758529032583
2021_Ref_Plot4_D11::16,2021_Ref_Plot4_D11,Field2,test,8,2,0.8227970363347975,31.771559504358933,0.42530586785883484
2021_Ref_Plot4_D11::22,2021_Ref_Plot4_D11,Field2,test,6,3,0.33040139386041184,17.702628060927044,0.12584579731072937
2021_Ref_Plot4_D11::27,2021_Ref_Plot4_D11,Field2,test,5,4,0.366384035614884,17.853492953488125,0.15681038303679978
2021_Ref_Plot4_D11::35,2021_Ref_Plot4_D11,Field2,test,8,5,0.2070944640681408,15.317649693932653,0.04433305105374635
2021_Ref_Plot4_D11::44,2021_Ref_Plot4_D11,Field2,test,9,6,0.13123343977582638,9.794078712449597,0.04323720999245447
2021_Ref_Plot4_D11::50,2021_Ref_Plot4_D11,Field2,test,6,7,0.1345657467297352,9.811566883160294,0.0810067083264874
2021_Ref_Plot4_D11::57,2021_Ref_Plot4_D11,Field2,test,7,8,0.10531635958050456,10.3153274671496,0.019777242752073588
2021_Ref_Plot4_D11::65,2021_Ref_Plot4_D11,Field2,test,8,9,0.06980313825009105,9.237433327842613,0.031398820927929734
2021_Ref_Plot4_D11::69,2021_Ref_Plot4_D11,Field2,test,4,10,0.17689483942204307,13.792013842369562,0.07652328683464536
2021_Ref_Plot4_D11::71,2021_Ref_Plot4_D11,Field2,test,2,11,0.0900039651883215,9.795160127691943,0.08160969961888953
2021_Ref_Plot4_D11::76,2021_Ref_Plot4_D11,Field2,test,5,12,0.15214969258402705,14.362114917412024,0.05197089021342281
2021_Ref_Plot4_D11::8,2021_Ref_Plot4_D11,Field2,test,7,1,0.7307167916589652,28.117209026961888,0.23357151110183125
2021_Ref_Plot4_D11::80,2021_Ref_Plot4_D11,Field2,test,4,13,0.05851878527680917,9.175248091955169,0.05222048259510547
2021_Ref_Plot4_D11::85,2021_Ref_Plot4_D11,Field2,test,5,14,0.13719606330250325,10.726178750812892,0.07043498289478224
2021_Ref_Plot4_D6::16,2021_Ref_Plot4_D6,Field2,test,8,2,0.7837082306255804,30.332362091713335,0.3745359655112699
2021_Ref_Plot4_D6::22,2021_Ref_Plot4_D6,Field2,test,6,3,0.293030053161234,17.05872003055994,0.10940059329478884
2021_Ref_Plot4_D6::27,2021_Ref_Plot4_D6,Field2,test,5,4,0.381671244226568,17.127120737796467,0.17462575659050006
2021_Ref_Plot4_D6::35,2021_Ref_Plot4_D6,Field2,test,8,5,0.19026724171295592,15.54485302046778,0.019982414879750242
2021_Ref_Plot4_D6::44,2021_Ref_Plot4_D6,Field2,test,9,6,0.09857601889680116,9.169357145830277,0.03718034283294875
2021_Ref_Plot4_D6::50,2021_Ref_Plot4_D6,Field2,test,6,7,0.12067070394202417,9.414554804303151,0.08164582523693359
2021_Ref_Plot4_D6::57,2021_Ref_Plot4_D6,Field2,test,7,8,0.15338255683810156,11.17848180973908,0.035271237815361366
2021_Ref_Plot4_D6::65,2021_Ref_Plot4_D6,Field2,test,8,9,0.07985234345651808,10.129599221473033,0.03277916967378883
2021_Ref_Plot4_D6::69,2021_Ref_Plot4_D6,Field2,test,4,10,0.1396462849264591,13.021042849146864,0.07437971272652681
2021_Ref_Plot4_D6::71,2021_Ref_Plot4_D6,Field2,test,2,11,0.08938752746810219,9.703608001887435,0.07466129565938577
2021_Ref_Plot4_D6::76,2021_Ref_Plot4_D6,Field2,test,5,12,0.16570621729138377,15.094274863613999,0.05300578455068103
2021_Ref_Plot4_D6::8,2021_Ref_Plot4_D6,Field2,test,7,1,0.7123571349014957,27.953132979478315,0.2280787379392286
2021_Ref_Plot4_D6::80,2021_Ref_Plot4_D6,Field2,test,4,13,0.07875490375051687,8.474190483727474,0.021234087093631886
2021_Ref_Plot4_D6::85,2021_Ref_Plot4_D6,Field2,test,5,14,0.08257526267883138,9.415186387858105,0.03763747312389199
2021_Ref_Plot5_A17::16,2021_Ref_Plot5_A17,Field2,test,8,2,0.7939701560622171,31.031692292956944,0.3460891768945964
2021_Ref_Plot5_A17::22,2021_Ref_Plot5_A17,Field2,test,6,3,0.32823775069170735,18.737136861971205,0.10777581800019906
2021_Ref_Plot5_A17::27,2021_Ref_Plot5_A17,Field2,test,5,4,0.3303016266582064,18.238888890000943,0.11618338968098246
2021_Ref_Plot5_A17::35,2021_Ref_Plot5_A17,Field2,test,8,5,0.12430382773622718,12.495571405551756,0.01789762615841414
2021_Ref_Plot5_A17::44,2021_Ref_Plot5_A17,Field2,test,9,6,0.10161871430869708,10.263388144387015,0.02924363849815086
2021_Ref_Plot5_A17::50,2021_Ref_Plot5_A17,Field2,test,6,7,0.09457024369744689,8.691539400957955,0.0592027858385241
2021_Ref_Plot5_A17::69,2021_Ref_Plot5_A17,Field2,test,4,9,0.12809448198423964,12.677821708606903,0.06987367021491588
2021_Ref_Plot5_A17::71,2021_Ref_Plot5_A17,Field2,test,2,10,0.07842138972848801,10.027685246956706,0.10973363134617957
2021_Ref_Plot5_A17::76,2021_Ref_Plot5_A17,Field2,test,5,11,0.15136214920018898,14.43509860142048,0.02804777032702518
2021_Ref_Plot5_A17::8,2021_Ref_Plot5_A17,Field2,test,7,1,0.7293947631147013,27.994557962957035,0.20579383920081679
2021_Ref_Plot5_A17::80,2021_Ref_Plot5_A17,Field2,test,4,12,0.11453729069948675,8.991933705774338,0.04925714911008829
2021_Ref_Plot5_A17::85,2021_Ref_Plot5_A17,Field2,test,5,13,0.08377328796118881,8.414766438591908,0.03756673546381441
2021_Ref_Plot5_A19::16,2021_Ref_Plot5_A19,Field2,test,8,2,0.8197088939493219,31.325804857632914,0.357816531528597
2021_Ref_Plot5_A19::22,2021_Ref_Plot5_A19,Field2,test,6,3,0.35552416510445095,19.085683302009098,0.10870849939521555
2021_Ref_Plot5_A19::27,2021_Ref_Plot5_A19,Field2,test,5,4,0.3351441402795572,18.639445927679247,0.0777014774573147
2021_Ref_Plot5_A19::35,2021_Ref_Plot5_A19,Field2,test,8,5,0.1406738433492399,13.301792180243323,0.033585480243613526
2021_Ref_Plot5_A19::44,2021_Ref_Plot5_A19,Field2,test,9,6,0.12007305102421952,10.875403919739819,0.03477075312349717
2021_Ref_Plot5_A19::50,2021_Ref_Plot5_A19,Field2,test,6,7,0.12835509134305254,9.233856114693115,0.12199574736238067
2021_Ref_Plot5_A19::57,2021_Ref_Plot5_A19,Field2,test,7,8,0.16754270105848942,10.347873850865032,0.05326425925423091
2021_Ref_Plot5_A19::65,2021_Ref_Plot5_A19,Field2,test,8,9,0.12567915094941473,11.764429896585698,0.03997654767717168
2021_Ref_Plot5_A19::69,2021_Ref_Plot5_A19,Field2,test,4,10,0.15375434941856667,12.62545113995637,0.06585639185189815
2021_Ref_Plot5_A19::71,2021_Ref_Plot5_A19,Field2,test,2,11,0.10225549558461094,11.226558684147179,0.1517032299205417
2021_Ref_Plot5_A19::76,2021_Ref_Plot5_A19,Field2,test,5,12,0.13897050468499286,14.169481998971563,0.04525247854880884
2021_Ref_Plot5_A19::8,2021_Ref_Plot5_A19,Field2,test,7,1,0.7302900203862106,28.175097210855306,0.19899305741144066
2021_Ref_Plot5_A19::80,2021_Ref_Plot5_A19,Field2,test,4,13,0.05965240576878652,7.860305263820572,0.03166127508159257
2021_Ref_Plot5_A19::85,2021_Ref_Plot5_A19,Field2,test,5,14,0.06083912687353877,9.323044517629741,0.02670875006239253
2021_Ref_Plot5_B12::16,2021_Ref_Plot5_B12,Field2,test,8,2,0.8073574835507196,30.77604277507195,0.37330295646553197
2021_Ref_Plot5_B12::22,2021_Ref_Plot5_B12,Field2,test,6,3,0.3588537349975107,18.62616393039176,0.13246103228074738
2021_Ref_Plot5_B12::27,2021_Ref_Plot5_B12,Field2,test,5,4,0.3083651144606457,17.117130771058815,0.07901619320837668
2021_Ref_Plot5_B12::35,2021_Ref_Plot5_B12,Field2,test,8,5,0.1598603457641574,12.889203929778336,0.03915448573746511
2021_Ref_Plot5_B12::44,2021_Ref_Plot5_B12,Field2,test,9,6,0.12552161704174475,9.848948727675369,0.03530800956919741
2021_Ref_Plot5_B12::50,2021_Ref_Plot5_B12,Field2,test,6,7,0.09889926506344555,8.620816960299909,0.0578629821118328
2021_Ref_Plot5_B12::57,2021_Ref_Plot5_B12,Field2,test,7,8,0.09907482678254281,9.988367815557659,0.011689865808973061
2021_Ref_Plot5_B12::65,2021_Ref_Plot5_B12,Field2,test,8,9,0.11461728909482931,11.367374649025727,0.04692912495883821
2021_Ref_Plot5_B12::69,2021_Ref_Plot5_B12,Field2,test,4,10,0.14800996854520188,13.031939709262465,0.09224953380871002
2021_Ref_Plot5_B12::71,2021_Ref_Plot5_B12,Field2,test,2,11,0.06608378958813711,9.714543937289468,0.06948045929859084
2021_Ref_Plot5_B12::76,2021_Ref_Plot5_B12,Field2,test,5,12,0.14993421106690535,14.094294672480492,0.045708792197847486
2021_Ref_Plot5_B12::8,2021_Ref_Plot5_B12,Field2,test,7,1,0.7477522425393849,27.58708373182174,0.27257120670335255
2021_Ref_Plot5_B12::80,2021_Ref_Plot5_B12,Field2,test,4,13,0.053342127309029895,7.602937464564464,-0.003779280348769238
2021_Ref_Plot5_B12::85,2021_Ref_Plot5_B12,Field2,test,5,14,0.12370543188018583,9.710486244865622,0.04217466771702105
2021_Ref_Plot5_B14::16,2021_Ref_Plot5_B14,Field2,test,8,2,0.8157170056839113,31.83626263837302,0.37613729843027127
2021_Ref_Plot5_B14::22,2021_Ref_Plot5_B14,Field2,test,6,3,0.30230752011541034,17.880072005713316,0.10606172541489345
2021_Ref_Plot5_B14::27,2021_Ref_Plot5_B14,Field2,test,5,4,0.33604786145708104,18.54725609004303,0.10931658722140332
2021_Ref_Plot5_B14::35,2021_Ref_Plot5_B14,Field2,test,8,5,0.14810922161720344,13.25117933008,0.03780205956277183
2021_Ref_Plot5_B14::44,2021_Ref_Plot5_B14,Field2,test,9,6,0.12357955562859706,10.860899914877102,0.029528889801451418
2021_Ref_Plot5_B14::50,2021_Ref_Plot5_B14,Field2,test,6,7,0.1239750811365542,9.260064380412619,0.07798428532769688
2021_Ref_Plot5_B14::57,2021_Ref_Plot5_B14,Field2,test,7,8,0.14261631799776428,10.649464810186952,0.05000197578439137
2021_Ref_Plot5_B14::65,2021_Ref_Plot5_B14,Field2,test,8,9,0.11532653716413836,11.806846843456082,0.04483781248400616
2021_Ref_Plot5_B14::69,2021_Ref_Plot5_B14,Field2,test,4,10,0.14674734657052968,12.96621660964971,0.056008558285443856
2021_Ref_Plot5_B14::71,2021_Ref_Plot5_B14,Field2,test,2,11,0.08129774727200288,10.811366618837896,0.10260219911049014
2021_Ref_Plot5_B14::76,2021_Ref_Plot5_B14,Field2,test,5,12,0.15254977156896835,14.446458098169565,0.026559271526565204
2021_Ref_Plot5_B14::8,2021_Ref_Plot5_B14,Field2,test,7,1,0.7252971135329757,27.484758068142277,0.2352266627521395
2021_Ref_Plot5_B14::80,2021_Ref_Plot5_B14,Field2,test,4,13,0.07926584160836947,8.097831853096952,0.030645210133539724
2021_Ref_Plot5_B14::85,2021_Ref_Plot5_B14,Field2,test,5,14,0.07691704704089712,9.189985353186959,0.035759470785456375
2021_Ref_Plot5_C12::16,2021_Ref_Plot5_C12,Field2,test,8,2,0.8068568139506835,30.304956203362465,0.3538609860393456
2021_Ref_Plot5_C12::22,2021_Ref_Plot5_C12,Field2,test,6,3,0.24930745188179537,15.68136174418932,0.07731608034180394
2021_Ref_Plot5_C12::27,2021_Ref_Plot5_C12,Field2,test,5,4,0.26215944612057235,16.324261070420032,0.07396169897707336
2021_Ref_Plot5_C12::35,2021_Ref_Plot5_C12,Field2,test,8,5,0.13029621449665998,12.126085171203652,0.03420930120606504
2021_Ref_Plot5_C12::44,2021_Ref_Plot5_C12,Field2,test,9,6,0.10361504738771792,8.965723693097384,0.024015671664457554
2021_Ref_Plot5_C12::50,2021_Ref_Plot5_C12,Field2,test,6,7,0.11666193007327158,8.78794120258191,0.0792880611455274
2021_Ref_Plot5_C12::57,2021_Ref_Plot5_C12,Field2,test,7,8,0.10274450242060691,9.881424095675953,0.03092286732857648
2021_Ref_Plot5_C12::65,2021_Ref_Plot5_C12,Field2,test,8,9,0.10349117806653833,11.582829343959453,0.028181603473671844
2021_Ref_Plot5_C12::69,2021_Ref_Plot5_C12,Field2,test,4,10,0.16868148451157738,13.590050081600866,0.08529843896238952
2021_Ref_Plot5_C12::71,2021_Ref_Plot5_C12,Field2,test,2,11,0.07881395484144939,9.684147380446523,0.08991708434394438
2021_Ref_Plot5_C12::76,2021_Ref_Plot5_C12,Field2,test,5,12,0.12449900710223055,13.354127397935528,0.0158485796230769
2021_Ref_Plot5_C12::8,2021_Ref_Plot5_C12,Field2,test,7,1,0.7377802539954983,26.854103933437056,0.2230186711585609
2021_Ref_Plot5_C12::80,2021_Ref_Plot5_C12,Field2,test,4,13,0.10372076987716287,8.78207478692159,0.03299979905891478
2021_Ref_Plot5_C12::85,2021_Ref_Plot5_C12,Field2,test,5,14,0.0918206752128879,9.241332241267372,0.029952054469483416
2021_Ref_Plot5_C17::16,2021_Ref_Plot5_C17,Field2,test,8,2,0.8036422206021454,31.099761921424726,0.36068314015240893
2021_Ref_Plot5_C17::22,2021_Ref_Plot5_C17,Field2,test,6,3,0.2745445256887361,16.38353744717951,0.07814858143158529
2021_Ref_Plot5_C17::27,2021_Ref_Plot5_C17,Field2,test,5,4,0.2997966688788587,17.055772521985524,0.0993500326969129
2021_Ref_Plot5_C17::35,2021_Ref_Plot5_C17,Field2,test,8,5,0.1367569604237416,12.60196863372212,0.02404976980772275
2021_Ref_Plot5_C17::44,2021_Ref_Plot5_C17,Field2,test,9,6,0.1244489276249937,10.081210488808585,0.04601093466457168
2021_Ref_Plot5_C17::50,2021_Ref_Plot5_C17,Field2,test,6,7,0.1019028856771439,9.48688554285651,0.08485763114306985
2021_Ref_Plot5_C17::57,2021_Ref_Plot5_C17,Field2,test,7,8,0.1650772817328863,11.618890069453215,0.05340213587073479
2021_Ref_Plot5_C17::65,2021_Ref_Plot5_C17,Field2,test,8,9,0.09452066898975763,11.492027656445412,0.037089364336869275
2021_Ref_Plot5_C17::69,2021_Ref_Plot5_C17,Field2,test,4,10,0.14291123643657408,12.627769702075549,0.060084587724417236
2021_Ref_Plot5_C17::71,2021_Ref_Plot5_C17,Field2,test,2,11,0.06350691341812333,8.766034163725282,0.03404597317948001
2021_Ref_Plot5_C17::76,2021_Ref_Plot5_C17,Field2,test,5,12,0.12795829950048296,14.018673836983366,0.04313262644730913
2021_Ref_Plot5_C17::8,2021_Ref_Plot5_C17,Field2,test,7,1,0.7385069378176127,28.16383475976572,0.2458246392061817
2021_Ref_Plot5_C17::80,2021_Ref_Plot5_C17,Field2,test,4,13,0.08781135691834378,8.657571925944454,0.032163469923154525
2021_Ref_Plot5_C17::85,2021_Ref_Plot5_C17,Field2,test,5,14,0.0750567555247651,9.574122464901869,0.03409506736437364
2021_Ref_Plot5_C18::16,2021_Ref_Plot5_C18,Field2,test,8,2,0.8108105034702513,31.159464120359132,0.36173616678313286
2021_Ref_Plot5_C18::22,2021_Ref_Plot5_C18,Field2,test,6,3,0.2730262929342808,16.12000982466052,0.08178347949006474
2021_Ref_Plot5_C18::27,2021_Ref_Plot5_C18,Field2,test,5,4,0.2968986554430277,17.047777808930356,0.09323876034216738
2021_Ref_Plot5_C18::35,2021_Ref_Plot5_C18,Field2,test,8,5,0.14827091668716183,13.381847127841445,0.03658773102778658
2021_Ref_Plot5_C18::44,2021_Ref_Plot5_C18,Field2,test,9,6,0.12327755147437618,9.959708933238987,0.04511069243732158
2021_Ref_Plot5_C18::50,2021_Ref_Plot5_C18,Field2,test,6,7,0.12670411618205055,10.08737967814727,0.1151759130440359
2021_Ref_Plot5_C18::57,2021_Ref_Plot5_C18,Field2,test,7,8,0.1711505051179135,11.707802814989215,0.06691522301026238
2021_Ref_Plot5_C18::65,2021_Ref_Plot5_C18,Field2,test,8,9,0.09745022916719707,11.3647841362147,0.02688505934571316
2021_Ref_Plot5_C18::69,2021_Ref_Plot5_C18,Field2,test,4,10,0.14339839243433883,12.902549646676778,0.07790367282310412
2021_Ref_Plot5_C18::71,2021_Ref_Plot5_C18,Field2,test,2,11,0.07746051696927911,9.294297274011068,0.08854661092259031
2021_Ref_Plot5_C18::76,2021_Ref_Plot5_C18,Field2,test,5,12,0.14520869130882705,14.584225150684354,0.05442165229775371
2021_Ref_Plot5_C18::8,2021_Ref_Plot5_C18,Field2,test,7,1,0.7354957207325374,28.131985108331484,0.2351305179367126
2021_Ref_Plot5_C18::80,2021_Ref_Plot5_C18,Field2,test,4,13,0.10304419428312787,8.625024907708498,0.05060725417251637
2021_Ref_Plot5_C18::85,2021_Ref_Plot5_C18,Field2,test,5,14,0.10143901248662662,9.650210525182912,0.05605057478705298
2021_Ref_Plot5_D10::16,2021_Ref_Plot5_D10,Field2,test,8,2,0.8193192025578525,31.171233464386372,0.3813021711179282
2021_Ref_Plot5_D10::22,2021_Ref_Plot5_D10,Field2,test,6,3,0.29553305649271716,15.622411683765765,0.09826539772923873
2021_Ref_Plot5_D10::27,2021_Ref_Plot5_D10,Field2,test,5,4,0.25453272304336877,16.091125660473736,0.0846986800203374
2021_Ref_Plot5_D10::35,2021_Ref_Plot5_D10,Field2,test,8,5,0.12345696302624247,12.330841533172558,0.032805804203339166
2021_Ref_Plot5_D10::44,2021_Ref_Plot5_D10,Field2,test,9,6,0.1047597125470985,9.469521466142488,0.029138382375705166
2021_Ref_Plot5_D10::50,2021_Ref_Plot5_D10,Field2,test,6,7,0.09874907343471502,8.738703909305091,0.060062766586804296
2021_Ref_Plot5_D10::57,2021_Ref_Plot5_D10,Field2,test,7,8,0.08357439092102592,10.737375505056217,0.025887186965859225
2021_Ref_Plot5_D10::65,2021_Ref_Plot5_D10,Field2,test,8,9,0.10444218665383402,11.245750614557553,0.04657326610810222
2021_Ref_Plot5_D10::69,2021_Ref_Plot5_D10,Field2,test,4,10,0.1435705140525315,12.878736914109666,0.07778181153107075
2021_Ref_Plot5_D10::71,2021_Ref_Plot5_D10,Field2,test,2,11,0.08260161675653115,9.811407907956967,0.05114377115715227
2021_Ref_Plot5_D10::76,2021_Ref_Plot5_D10,Field2,test,5,12,0.11991542662389598,13.216635105550434,0.024196767019144454
2021_Ref_Plot5_D10::8,2021_Ref_Plot5_D10,Field2,test,7,1,0.7654373818302815,27.94181467211706,0.2272252161292062
2021_Ref_Plot5_D10::80,2021_Ref_Plot5_D10,Field2,test,4,13,0.07573970049116925,9.49816360775598,0.034224185070692435
2021_Ref_Plot5_D10::85,2021_Ref_Plot5_D10,Field2,test,5,14,0.08104499718310353,9.819888155612489,0.04462344011950977
2021_Ref_Plot5_D11::16,2021_Ref_Plot5_D11,Field2,test,8,2,0.814741669744182,31.416216374817513,0.3874059886110961
2021_Ref_Plot5_D11::22,2021_Ref_Plot5_D11,Field2,test,6,3,0.27177578222683496,15.924989123996378,0.08130250836487346
2021_Ref_Plot5_D11::27,2021_Ref_Plot5_D11,Field2,test,5,4,0.22389095163257675,15.763843156514515,0.0646723647360809
2021_Ref_Plot5_D11::35,2021_Ref_Plot5_D11,Field2,test,8,5,0.12291684992056817,11.954553595277527,0.02815976214463167
2021_Ref_Plot5_D11::44,2021_Ref_Plot5_D11,Field2,test,9,6,0.1180746221952461,9.324018064300393,0.046553251432363614
2021_Ref_Plot5_D11::50,2021_Ref_Plot5_D11,Field2,test,6,7,0.08355882259366294,8.893020476388912,0.04235370166272755
2021_Ref_Plot5_D11::57,2021_Ref_Plot5_D11,Field2,test,7,8,0.10493481143123595,11.707964493814815,0.03555101339572392
2021_Ref_Plot5_D11::65,2021_Ref_Plot5_D11,Field2,test,8,9,0.0847016518976456,10.850068213677527,0.03073182271950711
2021_Ref_Plot5_D11::69,2021_Ref_Plot5_D11,Field2,test,4,10,0.1511298947914477,12.668717906231898,0.08162264182556282
2021_Ref_Plot5_D11::71,2021_Ref_Plot5_D11,Field2,test,2,11,0.09547804309018555,9.610533552216081,0.07788304808183136
2021_Ref_Plot5_D11::76,2021_Ref_Plot5_D11,Field2,test,5,12,0.14016694019757106,13.555122301942536,0.046576333689172286
2021_Ref_Plot5_D11::8,2021_Ref_Plot5_D11,Field2,test,7,1,0.7625852739412303,28.072642100451738,0.25208495031223094
2021_Ref_Plot5_D11::80,2021_Ref_Plot5_D11,Field2,test,4,13,0.06358681815663675,10.188848038249091,0.04590555804860763
2021_Ref_Plot5_D11::85,2021_Ref_Plot5_D11,Field2,test,5,14,0.07164370043525782,9.22265950162502,0.01607203166564149
2021_Ref_Plot5_D9::16,2021_Ref_Plot5_D9,Field2,test,8,2,0.8222802659525378,32.22356913534324,0.3991916493624412
2021_Ref_Plot5_D9::22,2021_Ref_Plot5_D9,Field2,test,6,3,0.262452233514924,15.07571017809757,0.08358622650238097
2021_Ref_Plot5_D9::27,2021_Ref_Plot5_D9,Field2,test,5,4,0.17431182584019048,14.424225089168068,0.04319352928241975
2021_Ref_Plot5_D9::35,2021_Ref_Plot5_D9,Field2,test,8,5,0.12975718359207153,11.549588382000127,0.03965916604424105
2021_Ref_Plot5_D9::44,2021_Ref_Plot5_D9,Field2,test,9,6,0.10956534850738726,9.580787988708527,0.041158014276365174
2021_Ref_Plot5_D9::50,2021_Ref_Plot5_D9,Field2,test,6,7,0.11273935179656115,9.191055513831298,0.0701649527400976
2021_Ref_Plot5_D9::57,2021_Ref_Plot5_D9,Field2,test,7,8,0.10314491507598976,10.954916122711793,0.03591788759436099
2021_Ref_Plot5_D9::65,2021_Ref_Plot5_D9,Field2,test,8,9,0.10653810285316541,11.184601815906275,0.03495922433879122
2021_Ref_Plot5_D9::69,2021_Ref_Plot5_D9,Field2,test,4,10,0.11976705930024355,12.649538469320373,0.05335088535268084
2021_Ref_Plot5_D9::71,2021_Ref_Plot5_D9,Field2,test,2,11,0.08287250428872471,9.950500360199216,0.07437413719332946
2021_Ref_Plot5_D9::76,2021_Ref_Plot5_D9,Field2,test,5,12,0.1390890206798641,13.471392927188393,0.023073063865643225
2021_Ref_Plot5_D9::8,2021_Ref_Plot5_D9,Field2,test,7,1,0.7711532763432675,28.195343253754707,0.24686515438160317
2021_Ref_Plot5_D9::80,2021_Ref_Plot5_D9,Field2,test,4,13,0.07938697196574916,9.235426664733742,0.03966084892310018
2021_Ref_Plot5_D9::85,2021_Ref_Plot5_D9,Field2,test,5,14,0.06931101149394821,8.33716556739914,0.02307312253066995
2021_Ref_Plot5_E11::16,2021_Ref_Plot5_E11,Field2,test,8,2,0.7694746079012251,29.32545096491139,0.33207003166339694
2021_Ref_Plot5_E11::22,2021_Ref_Plot5_E11,Field2,test,6,3,0.27576686214364843,16.583448739000776,0.10062467540144039
2021_Ref_Plot5_E11::27,2021_Ref_Plot5_E11,Field2,test,5,4,0.19249756015241504,15.42961143885379,0.04852002867726926
2021_Ref_Plot5_E11::35,2021_Ref_Plot5_E11,Field2,test,8,5,0.1286412584929353,12.224832559359953,0.030242106661130166
2021_Ref_Plot5_E11::44,2021_Ref_Plot5_E11,Field2,test,9,6,0.08595809738826089,9.262297933719864,0.022846006109733707
2021_Ref_Plot5_E11::50,2021_Ref_Plot5_E11,Field2,test,6,7,0.09651477581402575,9.09526799221194,0.03948919664169867
2021_Ref_Plot5_E11::57,2021_Ref_Plot5_E11,Field2,test,7,8,0.11522047119592572,11.589744906093376,0.037863300839076894
2021_Ref_Plot5_E11::65,2021_Ref_Plot5_E11,Field2,test,8,9,0.0896017256897705,9.993261078665478,0.04051269489621244
2021_Ref_Plot5_E11::69,2021_Ref_Plot5_E11,Field2,test,4,10,0.14480907063046902,12.723209033144059,0.09070275193560938
2021_Ref_Plot5_E11::71,2021_Ref_Plot5_E11,Field2,test,2,11,0.10735350119448415,10.79928560574662,0.09442086158622662
2021_Ref_Plot5_E11::76,2021_Ref_Plot5_E11,Field2,test,5,12,0.10834210195551193,11.967400762799517,0.016325877017059655
2021_Ref_Plot5_E11::8,2021_Ref_Plot5_E11,Field2,test,7,1,0.736731834415009,27.20025906201133,0.19319616331037762
2021_Ref_Plot5_E11::80,2021_Ref_Plot5_E11,Field2,test,4,13,0.08452546652703481,9.922606554439927,0.03816542503608371
2021_Ref_Plot5_E11::85,2021_Ref_Plot5_E11,Field2,test,5,14,0.08076391455624658,9.61691786277423,0.043640109686453994
2021_Ref_Plot5_E3::16,2021_Ref_Plot5_E3,Field2,test,8,2,0.7949124899383987,31.111111496747654,0.33197536936637606
2021_Ref_Plot5_E3::22,2021_Ref_Plot5_E3,Field2,test,6,3,0.3267731936343107,17.21327009380438,0.10711102615477316
2021_Ref_Plot5_E3::27,2021_Ref_Plot5_E3,Field2,test,5,4,0.2794350569246426,16.488666600811527,0.11341649582751824
2021_Ref_Plot5_E3::35,2021_Ref_Plot5_E3,Field2,test,8,5,0.1339388535121981,12.060248784590517,0.03776263457472326
2021_Ref_Plot5_E3::44,2021_Ref_Plot5_E3,Field2,test,9,6,0.10797266473091564,10.218235068678133,0.044941660248946844
2021_Ref_Plot5_E3::50,2021_Ref_Plot5_E3,Field2,test,6,7,0.12151805905694996,9.873502599240842,0.09075836465828253
2021_Ref_Plot5_E3::57,2021_Ref_Plot5_E3,Field2,test,7,8,0.1017147462614833,11.14708249295619,0.012445978148245248
2021_Ref_Plot5_E3::65,2021_Ref_Plot5_E3,Field2,test,8,9,0.07263376393921935,10.395687650951643,0.025603312117485292
2021_Ref_Plot5_E3::69,2021_Ref_Plot5_E3,Field2,test,4,10,0.1452499010357681,13.24623847772788,0.03985722560352877
2021_Ref_Plot5_E3::71,2021_Ref_Plot5_E3,Field2,test,2,11,0.08554526407101326,9.4638015998719,0.06224078924158245
2021_Ref_Plot5_E3::76,2021_Ref_Plot5_E3,Field2,test,5,12,0.13095305040588573,12.38034244655768,0.010162384652740051
2021_Ref_Plot5_E3::8,2021_Ref_Plot5_E3,Field2,test,7,1,0.7189586373747239,27.56242984202849,0.21494594776703854
2021_Ref_Plot5_E3::80,2021_Ref_Plot5_E3,Field2,test,4,13,0.06076039612720707,7.835767711282036,0.004474962146305308
2021_Ref_Plot5_E3::85,2021_Ref_Plot5_E3,Field2,test,5,14,0.048459208699539603,8.917090667430061,0.015781960364466083
2021_Ref_Plot5_E7::16,2021_Ref_Plot5_E7,Field2,test,8,2,0.7982733097585379,31.09617638116754,0.33321000759899805
2021_Ref_Plot5_E7::22,2021_Ref_Plot5_E7,Field2,test,6,3,0.29387812337803915,15.654075800295184,0.07892123927430277
2021_Ref_Plot5_E7::27,2021_Ref_Plot5_E7,Field2,test,5,4,0.2659261289331943,16.043114618510348,0.07646009294826904
2021_Ref_Plot5_E7::35,2021_Ref_Plot5_E7,Field2,test,8,5,0.1476458250185335,12.557674364131193,0.02499876936120677
2021_Ref_Plot5_E7::44,2021_Ref_Plot5_E7,Field2,test,9,6,0.11438082253607562,9.640759562898722,0.0414109583288523
2021_Ref_Plot5_E7::50,2021_Ref_Plot5_E7,Field2,test,6,7,0.13491706299878603,10.007342966291993,0.101083676138123
2021_Ref_Plot5_E7::57,2021_Ref_Plot5_E7,Field2,test,7,8,0.1061045358463963,11.620978782856886,0.03880493901836264
2021_Ref_Plot5_E7::65,2021_Ref_Plot5_E7,Field2,test,8,9,0.11110481170453161,10.87032585205499,0.05030623046338309
2021_Ref_Plot5_E7::69,2021_Ref_Plot5_E7,Field2,test,4,10,0.15113663047027268,13.284285236030955,0.06461343800861345
2021_Ref_Plot5_E7::71,2021_Ref_Plot5_E7,Field2,test,2,11,0.09917717246343638,10.28052273902377,0.0928539725222532
2021_Ref_Plot5_E7::76,2021_Ref_Plot5_E7,Field2,test,5,12,0.13008519163644108,13.141996252976156,0.017111208073732617
2021_Ref_Plot5_E7::8,2021_Ref_Plot5_E7,Field2,test,7,1,0.7411745749190753,28.0660417721828,0.2138135067358358
2021_Ref_Plot5_E7::80,2021_Ref_Plot5_E7,Field2,test,4,13,0.08211611955924715,10.203138837113247,0.03771944974926977
2021_Ref_Plot5_E7::85,2021_Ref_Plot5_E7,Field2,test,5,14,0.08407429484738081,10.48710035332669,0.0352710475925535
