pair_id,plant_id,field,split,gap_days,n_input_frames,ssim,psnr,structure_ssim,bucket_n,used_fallback,thin_bucket
2020_Ref_Plot1_A10::22,2020_Ref_Plot1_A10,Field1,test,7,1,0.23871280216074264,16.59137006613934,0.07376057452838221,174,False,False
2020_Ref_Plot1_A10::28,2020_Ref_Plot1_A10,Field1,test,6,2,0.4510377781006533,23.86604890704621,0.04587603691297554,174,False,False
2020_Ref_Plot1_A10::36,2020_Ref_Plot1_A10,Field1,test,8,3,0.06663103264944677,11.26250462452618,0.00878444881305228,174,False,False
2020_Ref_Plot1_A10::42,2020_Ref_Plot1_A10,Field1,test,6,4,0.1285384957773449,14.68442568893624,0.021038218430767735,174,False,False
2020_Ref_Plot1_A10::51,2020_Ref_Plot1_A10,Field1,test,9,5,0.05546273879737882,9.646243382430491,0.02152098361989704,174,False,False
2020_Ref_Plot1_A10::83,2020_Ref_Plot1_A10,Field1,test,32,6,0.08744621304255024,12.365306566230188,0.0219992319910131,140,False,False
2020_Ref_Plot1_A93::22,2020_Ref_Plot1_A93,Field1,test,7,1,0.16953678154344495,17.17404862012692,0.01638518824180987,174,False,False
2020_Ref_Plot1_A93::28,2020_Ref_Plot1_A93,Field1,test,6,2,0.4623284045432982,24.006445696076888,0.0446144338872435,174,False,False
2020_Ref_Plot1_A93::36,2020_Ref_Plot1_A93,Field1,test,8,3,0.06890491497317491,11.240430137834638,0.009169960242509868,174,False,False
2020_Ref_Plot1_A93::42,2020_Ref_Plot1_A93,Field1,test,6,4,0.11716663002018175,14.295974747935825,0.007283673047917452,174,False,False
2020_Ref_Plot1_A93::51,2020_Ref_Plot1_A93,Field1,test,9,5,0.05406840933806123,9.415983150299223,0.013362080315142686,174,False,False
2020_Ref_Plot1_A94::22,2020_Ref_Plot1_A94,Field1,test,7,1,0.22576974391229856,17.094030877247345,0.04788174298650477,174,False,False
2020_Ref_Plot1_A94::28,2020_Ref_Plot1_A94,Field1,test,6,2,0.4681825404401599,23.950277134561702,0.049804329197188676,174,False,False
2020_Ref_Plot1_A94::36,2020_Ref_Plot1_A94,Field1,test,8,3,0.06892287018594352,11.573917799566091,0.005346586893123691,174,False,False
2020_Ref_Plot1_A94::42,2020_Ref_Plot1_A94,Field1,test,6,4,0.10812683291905895,14.08014109903377,0.013696270979499929,174,False,False
2020_Ref_Plot1_A94::51,2020_Ref_Plot1_A94,Field1,test,9,5,0.032544003817568744,8.943575763668914,0.01684486641889637,174,False,False
2020_Ref_Plot1_B1::22,2020_Ref_Plot1_B1,Field1,test,7,1,0.28384014411553005,16.36323947114412,0.10733487045357111,174,False,False
2020_Ref_Plot1_B1::28,2020_Ref_Plot1_B1,Field1,test,6,2,0.4447444886729632,23.8175592573105,0.04109884935284386,174,False,False
2020_Ref_Plot1_B1::36,2020_Ref_Plot1_B1,Field1,test,8,3,0.07617469744688878,11.398458032359057,0.010559176447094205,174,False,False
2020_Ref_Plot1_B1::42,2020_Ref_Plot1_B1,Field1,test,6,4,0.12299747598417166,14.786923755379897,0.010471812656788504,174,False,False
2020_Ref_Plot1_B1::51,2020_Ref_Plot1_B1,Field1,test,9,5,0.039718981571770846,9.26233107483981,0.024945059527130515,174,False,False
2020_Ref_Plot1_B1::83,2020_Ref_Plot1_B1,Field1,test,32,6,0.1182408392415215,13.015764603107263,0.009127911560603063,140,False,False
2020_Ref_Plot1_B10::22,2020_Ref_Plot1_B10,Field1,test,7,1,0.24477917329139856,16.285575089097264,0.08221385951328652,174,False,False
2020_Ref_Plot1_B10::28,2020_Ref_Plot1_B10,Field1,test,6,2,0.4299601797279276,23.757702767963373,0.03786684548456704,174,False,False
2020_Ref_Plot1_B10::36,2020_Ref_Plot1_B10,Field1,test,8,3,0.05365599600890258,11.142466705967307,0.013970799351884245,174,False,False
2020_Ref_Plot1_B10::42,2020_Ref_Plot1_B10,Field1,test,6,4,0.11567285066846959,14.340793439838231,0.0146803430267523,174,False,False
2020_Ref_Plot1_B10::51,2020_Ref_Plot1_B10,Field1,test,9,5,0.05020697566496465,9.909358928061977,0.015624769614039058,174,False,False
2020_Ref_Plot1_B10::83,2020_Ref_Plot1_B10,Field1,test,32,6,0.11116679495087874,13.492334097620795,0.022262260512916732,140,False,False
2020_Ref_Plot1_B7::22,2020_Ref_Plot1_B7,Field1,test,7,1,0.33179519597790746,16.354512129291052,0.13249791404040182,174,False,False
2020_Ref_Plot1_B7::28,2020_Ref_Plot1_B7,Field1,test,6,2,0.44053925741709427,23.879520080161317,0.04107961498182117,174,False,False
2020_Ref_Plot1_B7::36,2020_Ref_Plot1_B7,Field1,test,8,3,0.057092516821329826,10.689586362833083,0.009601286986731874,174,False,False
2020_Ref_Plot1_B7::42,2020_Ref_Plot1_B7,Field1,test,6,4,0.12187180445240813,14.201191794255605,0.02811835371650509,174,False,False
2020_Ref_Plot1_B7::51,2020_Ref_Plot1_B7,Field1,test,9,5,0.0405959936034914,9.443089430623381,0.02063317244338906,174,False,False
2020_Ref_Plot1_B7::83,2020_Ref_Plot1_B7,Field1,test,32,6,0.11519806331042302,13.450314512651499,0.022620174302217872,140,False,False
2020_Ref_Plot1_B94::22,2020_Ref_Plot1_B94,Field1,test,7,1,0.1812072202072689,16.201637779794453,0.0303755201904762,174,False,False
2020_Ref_Plot1_B94::28,2020_Ref_Plot1_B94,Field1,test,6,2,0.4642939710990735,23.91642771951404,0.05667021871072514,174,False,False
2020_Ref_Plot1_B94::36,2020_Ref_Plot1_B94,Field1,test,8,3,0.0771876941166576,11.45798567732972,0.01250979688305403,174,False,False
2020_Ref_Plot1_B94::42,2020_Ref_Plot1_B94,Field1,test,6,4,0.11042527119558393,13.797299138220524,0.01840455660994345,174,False,False
2020_Ref_Plot1_B94::51,2020_Ref_Plot1_B94,Field1,test,9,5,0.039530001779021294,9.273444193611768,0.019925871245632634,174,False,False
2020_Ref_Plot1_C1::22,2020_Ref_Plot1_C1,Field1,test,7,1,0.260292767537666,16.431411101092547,0.09283105898032329,174,False,False
2020_Ref_Plot1_C1::28,2020_Ref_Plot1_C1,Field1,test,6,2,0.46567273354936956,23.95168429884841,0.048071956639240646,174,False,False
2020_Ref_Plot1_C1::36,2020_Ref_Plot1_C1,Field1,test,8,3,0.07863107379975708,11.079868065126535,0.013779522566315271,174,False,False
2020_Ref_Plot1_C1::42,2020_Ref_Plot1_C1,Field1,test,6,4,0.1317181668799677,14.818408026878899,0.017541022243085163,174,False,False
2020_Ref_Plot1_C1::51,2020_Ref_Plot1_C1,Field1,test,9,5,0.02295878816479177,8.930538817290582,0.008857951670801447,174,False,False
2020_Ref_Plot1_C1::83,2020_Ref_Plot1_C1,Field1,test,32,6,0.10997359892243187,12.974456875232931,0.010986957069284615,140,False,False
2020_Ref_Plot1_C92::22,2020_Ref_Plot1_C92,Field1,test,7,1,0.16662005912233505,16.112947695877736,0.02500024445597879,174,False,False
2020_Ref_Plot1_C92::28,2020_Ref_Plot1_C92,Field1,test,6,2,0.4462291500066225,23.73781967143246,0.03796591505370974,174,False,False
2020_Ref_Plot1_C92::36,2020_Ref_Plot1_C92,Field1,test,8,3,0.06734439607450123,11.542784849304448,0.006696585343093515,174,False,False
2020_Ref_Plot1_C92::42,2020_Ref_Plot1_C92,Field1,test,6,4,0.09687169363872368,14.266157735273083,0.007146958330765204,174,False,False
2020_Ref_Plot1_C92::51,2020_Ref_Plot1_C92,Field1,test,9,5,0.03528011601585653,9.148885457821635,0.014180726920447383,174,False,False
2020_Ref_Plot1_C98::22,2020_Ref_Plot1_C98,Field1,test,7,1,0.3102072586789435,17.261194205312393,0.12332737093180426,174,False,False
2020_Ref_Plot1_C98::28,2020_Ref_Plot1_C98,Field1,test,6,2,0.47545101249837113,23.832925751083565,0.05105803670522153,174,False,False
2020_Ref_Plot1_C98::36,2020_Ref_Plot1_C98,Field1,test,8,3,0.08385391230374668,11.47595538389522,0.019752246651686546,174,False,False
2020_Ref_Plot1_C98::42,2020_Ref_Plot1_C98,Field1,test,6,4,0.10518922144063042,14.157103205060535,0.01711477987342548,174,False,False
2020_Ref_Plot1_C98::51,2020_Ref_Plot1_C98,Field1,test,9,5,0.039389803690952935,9.16355090147109,0.013330927486060332,174,False,False
2020_Ref_Plot2_A2::22,2020_Ref_Plot2_A2,Field1,test,7,1,0.10274319737719352,16.524837486702804,0.009685762565695786,174,False,False
2020_Ref_Plot2_A2::28,2020_Ref_Plot2_A2,Field1,test,6,2,0.434575389939486,23.900820916988987,0.03622883559227331,174,False,False
2020_Ref_Plot2_A2::36,2020_Ref_Plot2_A2,Field1,test,8,3,0.08438885948742714,11.697259128149355,0.019715920168778954,174,False,False
2020_Ref_Plot2_A2::42,2020_Ref_Plot2_A2,Field1,test,6,4,0.14273599472520238,14.753329640761466,0.02761678246482434,174,False,False
2020_Ref_Plot2_A2::51,2020_Ref_Plot2_A2,Field1,test,9,5,0.03230626422155628,8.92612827370237,0.0069244309754887485,174,False,False
2020_Ref_Plot2_A2::83,2020_Ref_Plot2_A2,Field1,test,32,6,0.08867919556868455,12.43324095020553,0.021172643958836612,140,False,False
2020_Ref_Plot2_A4::22,2020_Ref_Plot2_A4,Field1,test,7,1,0.09187999510190654,16.1729366449497,0.005992222977277412,174,False,False
2020_Ref_Plot2_A4::28,2020_Ref_Plot2_A4,Field1,test,6,2,0.43321292460247357,23.957940382143907,0.0373552730858987,174,False,False
2020_Ref_Plot2_A4::36,2020_Ref_Plot2_A4,Field1,test,8,3,0.06715546017820441,11.329810603078212,0.013925374881754351,174,False,False
2020_Ref_Plot2_A4::42,2020_Ref_Plot2_A4,Field1,test,6,4,0.10858816583105539,13.566876004361507,0.015965420138335837,174,False,False
2020_Ref_Plot2_A4::51,2020_Ref_Plot2_A4,Field1,test,9,5,0.03639242607654177,9.465558498392031,0.012536883612003492,174,False,False
2020_Ref_Plot2_A4::83,2020_Ref_Plot2_A4,Field1,test,32,6,0.07692214143544297,11.136258158522894,0.014349770004180412,140,False,False
2020_Ref_Plot2_A91::22,2020_Ref_Plot2_A91,Field1,test,7,1,0.17940544212625661,16.852099578447945,0.03302789247115688,174,False,False
2020_Ref_Plot2_A91::28,2020_Ref_Plot2_A91,Field1,test,6,2,0.4449526531671261,23.720638865722215,0.02756766527083655,174,False,False
2020_Ref_Plot2_A91::36,2020_Ref_Plot2_A91,Field1,test,8,3,0.09665852022020166,11.7610354621286,0.01571562079435106,174,False,False
2020_Ref_Plot2_A91::42,2020_Ref_Plot2_A91,Field1,test,6,4,0.12953226348700694,15.251231428516942,0.02115007194077005,174,False,False
2020_Ref_Plot2_A91::51,2020_Ref_Plot2_A91,Field1,test,9,5,0.03222763972008714,9.19566872351682,0.008857157307593256,174,False,False
2020_Ref_Plot2_A91::83,2020_Ref_Plot2_A91,Field1,test,32,6,0.1125226653320394,12.947859342449089,0.01669428843681896,140,False,False
2020_Ref_Plot2_B1::22,2020_Ref_Plot2_B1,Field1,test,7,1,0.10453362415237906,16.258481296305117,0.016342801407955267,174,False,False
2020_Ref_Plot2_B1::28,2020_Ref_Plot2_B1,Field1,test,6,2,0.43680418445719194,24.13084535830486,0.04474057283456236,174,False,False
2020_Ref_Plot2_B1::36,2020_Ref_Plot2_B1,Field1,test,8,3,0.09209892342569818,11.625070768359356,0.022457217546671238,174,False,False
2020_Ref_Plot2_B1::42,2020_Ref_Plot2_B1,Field1,test,6,4,0.1274597158872347,14.741498988508683,0.017625287920373555,174,False,False
2020_Ref_Plot2_B1::51,2020_Ref_Plot2_B1,Field1,test,9,5,0.040116908978554765,8.891721483488915,0.004861399437686533,174,False,False
2020_Ref_Plot2_B1::83,2020_Ref_Plot2_B1,Field1,test,32,6,0.07517354813857707,12.278402700205362,0.004843829163120082,140,False,False
2020_Ref_Plot2_B7::22,2020_Ref_Plot2_B7,Field1,test,7,1,0.1437279526527829,16.33258360077152,0.018731230692428803,174,False,False
2020_Ref_Plot2_B7::28,2020_Ref_Plot2_B7,Field1,test,6,2,0.4473088519844788,23.77451236470899,0.039095225387622674,174,False,False
2020_Ref_Plot2_B7::36,2020_Ref_Plot2_B7,Field1,test,8,3,0.07196810780109429,11.216680012796385,0.009842728972208583,174,False,False
2020_Ref_Plot2_B7::42,2020_Ref_Plot2_B7,Field1,test,6,4,0.12201748815846443,14.071418564010461,0.02095859534887851,174,False,False
2020_Ref_Plot2_B7::51,2020_Ref_Plot2_B7,Field1,test,9,5,0.05191249991997109,8.830987950061344,0.018999073915697336,174,False,False
2020_Ref_Plot2_B7::83,2020_Ref_Plot2_B7,Field1,test,32,6,0.07195582693404945,11.179579297521993,0.009334140146660822,140,False,False
2020_Ref_Plot2_B91::22,2020_Ref_Plot2_B91,Field1,test,7,1,0.17313638679906015,16.533911915342614,0.037483093237320984,174,False,False
2020_Ref_Plot2_B91::28,2020_Ref_Plot2_B91,Field1,test,6,2,0.4363988635974967,23.61495078758633,0.027479381990154945,174,False,False
2020_Ref_Plot2_B91::36,2020_Ref_Plot2_B91,Field1,test,8,3,0.09667467590717775,11.709065357462794,0.02021208184408988,174,False,False
2020_Ref_Plot2_B91::42,2020_Ref_Plot2_B91,Field1,test,6,4,0.0954522122735934,14.31135035807988,0.012577650107385138,174,False,False
2020_Ref_Plot2_B91::51,2020_Ref_Plot2_B91,Field1,test,9,5,0.03809165343346943,9.039912785019906,0.008834826552129305,174,False,False
2020_Ref_Plot2_B99::22,2020_Ref_Plot2_B99,Field1,test,7,1,0.11482986492165598,16.391246741215838,0.005756370273514495,174,False,False
2020_Ref_Plot2_B99::28,2020_Ref_Plot2_B99,Field1,test,6,2,0.44049588695248637,23.43393035988569,0.029274897813650926,174,False,False
2020_Ref_Plot2_B99::36,2020_Ref_Plot2_B99,Field1,test,8,3,0.0749339737361782,11.210529826937766,0.010162221571868416,174,False,False
2020_Ref_Plot2_B99::42,2020_Ref_Plot2_B99,Field1,test,6,4,0.11318217282578742,14.449666276754767,0.01586464675268891,174,False,False
2020_Ref_Plot2_B99::51,2020_Ref_Plot2_B99,Field1,test,9,5,0.03256291409522418,8.909977200580027,0.012435052974127767,174,False,False
2020_Ref_Plot2_B99::83,2020_Ref_Plot2_B99,Field1,test,32,6,0.08326196113733336,12.334826458765594,0.016214375066821083,140,False,False
2020_Ref_Plot2_C2::22,2020_Ref_Plot2_C2,Field1,test,7,1,0.13169549419014615,16.448509096652927,0.02015665617544074,174,False,False
2020_Ref_Plot2_C2::28,2020_Ref_Plot2_C2,Field1,test,6,2,0.449687450055986,24.149714367910583,0.04736640275246964,174,False,False
2020_Ref_Plot2_C2::36,2020_Ref_Plot2_C2,Field1,test,8,3,0.08441800002380317,11.126830718162157,0.014284185569378258,174,False,False
2020_Ref_Plot2_C2::42,2020_Ref_Plot2_C2,Field1,test,6,4,0.13075293729434026,14.589156287788938,0.023509859340488198,174,False,False
2020_Ref_Plot2_C2::51,2020_Ref_Plot2_C2,Field1,test,9,5,0.047629179422384114,9.385225099319651,0.018907667904645493,174,False,False
2020_Ref_Plot2_C2::83,2020_Ref_Plot2_C2,Field1,test,32,6,0.08231425476654548,11.913509418962411,0.008983655048325243,140,False,False
2020_Ref_Plot2_C5::22,2020_Ref_Plot2_C5,Field1,test,7,1,0.16545904150725413,17.000297187603866,0.026124353362933204,174,False,False
2020_Ref_Plot2_C5::28,2020_Ref_Plot2_C5,Field1,test,6,2,0.44022610131711265,23.813066399403382,0.04302523543745973,174,False,False
2020_Ref_Plot2_C5::36,2020_Ref_Plot2_C5,Field1,test,8,3,0.08518568597240812,11.167054281352913,0.01155226637179261,174,False,False
2020_Ref_Plot2_C5::42,2020_Ref_Plot2_C5,Field1,test,6,4,0.13394960680322532,13.954055800538473,0.021116753499323706,174,False,False
2020_Ref_Plot2_C5::51,2020_Ref_Plot2_C5,Field1,test,9,5,0.05098762981233177,9.32705634364375,0.01672527668246518,174,False,False
2020_Ref_Plot2_C5::83,2020_Ref_Plot2_C5,Field1,test,32,6,0.08473400669045987,11.573555641717938,0.016265079268211413,140,False,False
2020_Ref_Plot2_C6::22,2020_Ref_Plot2_C6,Field1,test,7,1,0.15201680522952155,16.9710790552034,0.01994596944557135,174,False,False
2020_Ref_Plot2_C6::28,2020_Ref_Plot2_C6,Field1,test,6,2,0.43369130890666163,23.705032261227707,0.038774975088060125,174,False,False
2020_Ref_Plot2_C6::36,2020_Ref_Plot2_C6,Field1,test,8,3,0.0850863262904147,11.10236775445085,0.013341926593259277,174,False,False
2020_Ref_Plot2_C6::42,2020_Ref_Plot2_C6,Field1,test,6,4,0.12314792312486698,13.673155920930903,0.014429767248298789,174,False,False
2020_Ref_Plot2_C6::51,2020_Ref_Plot2_C6,Field1,test,9,5,0.04456497586617098,9.20956778470887,0.01467025614041383,174,False,False
2020_Ref_Plot2_C6::83,2020_Ref_Plot2_C6,Field1,test,32,6,0.07651835292114965,11.484251773186937,0.019072428430372813,140,False,False
2020_Ref_Plot3_A2::22,2020_Ref_Plot3_A2,Field1,test,7,1,0.11490440111822442,16.141604048226828,0.009321443827753021,174,False,False
2020_Ref_Plot3_A2::28,2020_Ref_Plot3_A2,Field1,test,6,2,0.43012847504207136,23.769341881089233,0.038665916373879367,174,False,False
2020_Ref_Plot3_A2::36,2020_Ref_Plot3_A2,Field1,test,8,3,0.06541091369018982,11.138522585477684,0.00833680879250732,174,False,False
2020_Ref_Plot3_A2::42,2020_Ref_Plot3_A2,Field1,test,6,4,0.109739496364818,13.49228022001527,0.019678133284273827,174,False,False
2020_Ref_Plot3_A2::51,2020_Ref_Plot3_A2,Field1,test,9,5,0.04830888175610846,9.5530947944322,0.022495709709554956,174,False,False
2020_Ref_Plot3_A2::83,2020_Ref_Plot3_A2,Field1,test,32,6,0.08889572272672287,11.992753550767697,0.012670288734140773,140,False,False
2020_Ref_Plot3_A9::22,2020_Ref_Plot3_A9,Field1,test,7,1,0.10253684267917647,17.03086091125567,0.012421909931380612,174,False,False
2020_Ref_Plot3_A9::28,2020_Ref_Plot3_A9,Field1,test,6,2,0.44751063171694216,24.407889598750636,0.03979055741411456,174,False,False
2020_Ref_Plot3_A9::36,2020_Ref_Plot3_A9,Field1,test,8,3,0.06172990818809313,11.786069479057604,0.008901395689418112,174,False,False
2020_Ref_Plot3_A9::42,2020_Ref_Plot3_A9,Field1,test,6,4,0.15886826849434854,16.12269173322513,0.03749456886573972,174,False,False
2020_Ref_Plot3_A9::51,2020_Ref_Plot3_A9,Field1,test,9,5,0.04891690793505977,9.524225925220065,0.014468318423092938,174,False,False
2020_Ref_Plot3_A9::83,2020_Ref_Plot3_A9,Field1,test,32,6,0.09684014933942652,12.390552670128303,0.0081594131146231,140,False,False
2020_Ref_Plot3_A9::97,2020_Ref_Plot3_A9,Field1,test,14,7,0.13726208351320912,14.346854350617065,0.01770148457837069,7,True,True
2020_Ref_Plot3_A91::22,2020_Ref_Plot3_A91,Field1,test,7,1,0.12493096348825766,16.88041239722604,0.014063854306396024,174,False,False
2020_Ref_Plot3_A91::28,2020_Ref_Plot3_A91,Field1,test,6,2,0.43638512625310427,24.08510814175508,0.02811395222620246,174,False,False
2020_Ref_Plot3_A91::36,2020_Ref_Plot3_A91,Field1,test,8,3,0.07214208822352482,11.453305833132749,0.012599974957848042,174,False,False
2020_Ref_Plot3_A91::42,2020_Ref_Plot3_A91,Field1,test,6,4,0.12080390284035179,13.878752464125018,0.013632516139892992,174,False,False
2020_Ref_Plot3_A91::51,2020_Ref_Plot3_A91,Field1,test,9,5,0.04345878941606249,8.965575605564482,0.013086775554188815,174,False,False
2020_Ref_Plot3_A91::83,2020_Ref_Plot3_A91,Field1,test,32,6,0.07590591027619091,12.692261689171616,0.012768351964868344,140,False,False
2020_Ref_Plot3_A95::22,2020_Ref_Plot3_A95,Field1,test,7,1,0.1299475467498811,17.0902897402721,0.008851992205399806,174,False,False
2020_Ref_Plot3_A95::28,2020_Ref_Plot3_A95,Field1,test,6,2,0.43553114452966013,23.665008642381842,0.03458084053434598,174,False,False
2020_Ref_Plot3_A95::36,2020_Ref_Plot3_A95,Field1,test,8,3,0.0626691229930395,11.069388472205047,0.011658161374309799,174,False,False
2020_Ref_Plot3_A95::42,2020_Ref_Plot3_A95,Field1,test,6,4,0.11567667617846457,14.064017801664225,0.02332001749500302,174,False,False
2020_Ref_Plot3_A95::51,2020_Ref_Plot3_A95,Field1,test,9,5,0.04410829936552879,9.456994311619866,0.019242646513091283,174,False,False
2020_Ref_Plot3_A95::83,2020_Ref_Plot3_A95,Field1,test,32,6,0.08577647743796475,12.406298784748115,0.010920788133881408,140,False,False
2020_Ref_Plot3_A99::22,2020_Ref_Plot3_A99,Field1,test,7,1,0.12955747827740874,16.517578437679482,0.010474366101057522,174,False,False
2020_Ref_Plot3_A99::28,2020_Ref_Plot3_A99,Field1,test,6,2,0.45083344136937437,23.771844701361662,0.03700784597491857,174,False,False
2020_Ref_Plot3_A99::36,2020_Ref_Plot3_A99,Field1,test,8,3,0.07116119880951115,11.239872219957629,0.0127803511620373,174,False,False
2020_Ref_Plot3_A99::42,2020_Ref_Plot3_A99,Field1,test,6,4,0.1500624987633123,14.826834428529718,0.03267173454784098,174,False,False
2020_Ref_Plot3_A99::51,2020_Ref_Plot3_A99,Field1,test,9,5,0.04642334239849257,9.612892021572657,0.022722188429987546,174,False,False
2020_Ref_Plot3_A99::83,2020_Ref_Plot3_A99,Field1,test,32,6,0.10571093383702714,12.412069477345257,0.01693666665222715,140,False,False
2020_Ref_Plot3_B97::22,2020_Ref_Plot3_B97,Field1,test,7,1,0.14298370419496967,17.31875587621452,0.009663904681524919,174,False,False
2020_Ref_Plot3_B97::28,2020_Ref_Plot3_B97,Field1,test,6,2,0.44175147322581915,23.242632767556806,0.042897837926193186,174,False,False
2020_Ref_Plot3_B97::36,2020_Ref_Plot3_B97,Field1,test,8,3,0.07728965631792362,11.284911077447974,0.008912959607660044,174,False,False
2020_Ref_Plot3_B97::42,2020_Ref_Plot3_B97,Field1,test,6,4,0.1328837214163189,14.53376639840342,0.018393400168928438,174,False,False
2020_Ref_Plot3_B97::51,2020_Ref_Plot3_B97,Field1,test,9,5,0.0329788431120403,9.178305823600798,0.008213090488966799,174,False,False
2020_Ref_Plot3_B97::83,2020_Ref_Plot3_B97,Field1,test,32,6,0.09164772504518141,12.048138372655238,0.013491214472912485,140,False,False
2020_Ref_Plot3_C10::22,2020_Ref_Plot3_C10,Field1,test,7,1,0.1136502317271653,16.180632894805722,0.00911380846989714,174,False,False
2020_Ref_Plot3_C10::28,2020_Ref_Plot3_C10,Field1,test,6,2,0.44163676934167934,23.33416296705707,0.027225677746423274,174,False,False
2020_Ref_Plot3_C10::36,2020_Ref_Plot3_C10,Field1,test,8,3,0.06801762952667312,11.71671213573622,0.007114160667878629,174,False,False
2020_Ref_Plot3_C10::42,2020_Ref_Plot3_C10,Field1,test,6,4,0.12601402876557513,14.237334627007655,0.021624317408744664,174,False,False
2020_Ref_Plot3_C10::51,2020_Ref_Plot3_C10,Field1,test,9,5,0.04770438734712523,9.258870059698967,0.02057445094180291,174,False,False
2020_Ref_Plot3_C10::83,2020_Ref_Plot3_C10,Field1,test,32,6,0.09106359880233407,11.991001585721659,0.017100219945050323,140,False,False
2020_Ref_Plot3_C10::97,2020_Ref_Plot3_C10,Field1,test,14,7,0.12170771167482498,14.290929674556638,0.011238694722797543,7,True,True
2020_Ref_Plot3_C2::22,2020_Ref_Plot3_C2,Field1,test,7,1,0.11664365900391675,16.55732566744051,0.007384852985071761,174,False,False
2020_Ref_Plot3_C2::28,2020_Ref_Plot3_C2,Field1,test,6,2,0.4303577714981926,23.002225937166536,0.0361852294418034,174,False,False
2020_Ref_Plot3_C2::36,2020_Ref_Plot3_C2,Field1,test,8,3,0.07406709956697603,11.523161290424648,0.010105704166925772,174,False,False
2020_Ref_Plot3_C2::42,2020_Ref_Plot3_C2,Field1,test,6,4,0.13930341459252793,14.356364780224878,0.033174168809369194,174,False,False
2020_Ref_Plot3_C2::51,2020_Ref_Plot3_C2,Field1,test,9,5,0.04078584891471492,8.850092250388169,0.013094761072712758,174,False,False
2020_Ref_Plot3_C2::83,2020_Ref_Plot3_C2,Field1,test,32,6,0.07442828087650523,11.845616593678038,0.012099035246398486,140,False,False
2020_Ref_Plot3_C7::22,2020_Ref_Plot3_C7,Field1,test,7,1,0.13036882330844532,16.9077094214745,0.011954441729933915,174,False,False
2020_Ref_Plot3_C7::28,2020_Ref_Plot3_C7,Field1,test,6,2,0.4433765313833679,23.222108188210555,0.032793518327156934,174,False,False
2020_Ref_Plot3_C7::36,2020_Ref_Plot3_C7,Field1,test,8,3,0.07129985249130062,11.153976640095077,0.013327423737252781,174,False,False
2020_Ref_Plot3_C7::42,2020_Ref_Plot3_C7,Field1,test,6,4,0.12885777714167765,14.815606840104842,0.020445849651735324,174,False,False
2020_Ref_Plot3_C7::51,2020_Ref_Plot3_C7,Field1,test,9,5,0.04061458269204112,9.214413397463074,0.018330711928123352,174,False,False
2020_Ref_Plot3_C7::83,2020_Ref_Plot3_C7,Field1,test,32,6,0.07498539140943689,12.16953438068829,0.013565075202296578,140,False,False
2020_Ref_Plot3_C7::97,2020_Ref_Plot3_C7,Field1,test,14,7,0.10715138798497996,13.764279938318005,0.008886277210294443,7,True,True
2020_Ref_Plot4_A8::22,2020_Ref_Plot4_A8,Field1,test,7,1,0.168020676253416,17.702867272274876,0.03507337004649362,174,False,False
2020_Ref_Plot4_A8::28,2020_Ref_Plot4_A8,Field1,test,6,2,0.44514466837355027,22.346592783547305,0.05455772473375142,174,False,False
2020_Ref_Plot4_A8::36,2020_Ref_Plot4_A8,Field1,test,8,3,0.04490086048269299,10.921326990119782,0.006714354521186721,174,False,False
2020_Ref_Plot4_A8::42,2020_Ref_Plot4_A8,Field1,test,6,4,0.13238558438801992,15.054314969192646,0.030963516195303468,174,False,False
2020_Ref_Plot4_A8::51,2020_Ref_Plot4_A8,Field1,test,9,5,0.043033710962151334,8.862431260205872,0.012145421616072755,174,False,False
2020_Ref_Plot4_A8::83,2020_Ref_Plot4_A8,Field1,test,32,6,0.07555416534339121,12.60727094178187,0.020757420462402993,140,False,False
2020_Ref_Plot4_A90::22,2020_Ref_Plot4_A90,Field1,test,7,1,0.11282977583309324,16.333039605992983,0.007936807873169856,174,False,False
2020_Ref_Plot4_A90::28,2020_Ref_Plot4_A90,Field1,test,6,2,0.4862811304721945,24.143410204738863,0.04830730341261728,174,False,False
2020_Ref_Plot4_A90::36,2020_Ref_Plot4_A90,Field1,test,8,3,0.04462295900255953,11.403041536448793,0.006694995858177746,174,False,False
2020_Ref_Plot4_A90::42,2020_Ref_Plot4_A90,Field1,test,6,4,0.09401135629720665,14.724225542996788,0.013508685001243897,174,False,False
2020_Ref_Plot4_A90::51,2020_Ref_Plot4_A90,Field1,test,9,5,0.043318933221280075,9.032860647779705,0.006481359465135867,174,False,False
2020_Ref_Plot4_A92::22,2020_Ref_Plot4_A92,Field1,test,7,1,0.11493923274097367,16.53525310832918,0.008788717444516396,174,False,False
2020_Ref_Plot4_A92::28,2020_Ref_Plot4_A92,Field1,test,6,2,0.47227341625572156,23.847275797946907,0.0449263683732693,174,False,False
2020_Ref_Plot4_A92::36,2020_Ref_Plot4_A92,Field1,test,8,3,0.03909155782094452,11.527108507038244,0.005937305639339913,174,False,False
2020_Ref_Plot4_A92::42,2020_Ref_Plot4_A92,Field1,test,6,4,0.08833518594106743,14.723039626085248,0.01565394214369719,174,False,False
2020_Ref_Plot4_A92::51,2020_Ref_Plot4_A92,Field1,test,9,5,0.038111746884883065,9.144384184001561,0.014285376752660103,174,False,False
2020_Ref_Plot4_B2::22,2020_Ref_Plot4_B2,Field1,test,7,1,0.11737472235068148,16.90677268533571,0.011586211178148011,174,False,False
2020_Ref_Plot4_B2::28,2020_Ref_Plot4_B2,Field1,test,6,2,0.46940921905772015,24.172085476902048,0.04889020469682081,174,False,False
2020_Ref_Plot4_B2::36,2020_Ref_Plot4_B2,Field1,test,8,3,0.05285242598988373,12.242455422050554,0.003034171331776706,174,False,False
2020_Ref_Plot4_B2::42,2020_Ref_Plot4_B2,Field1,test,6,4,0.057514071475303054,13.926731608532151,0.007599832286188483,174,False,False
2020_Ref_Plot4_B2::51,2020_Ref_Plot4_B2,Field1,test,9,5,0.03553171479577335,8.914779566293888,0.00709444029597293,174,False,False
2020_Ref_Plot4_B2::83,2020_Ref_Plot4_B2,Field1,test,32,6,0.05841109466084702,11.529966566707897,0.004163834579662924,140,False,False
2020_Ref_Plot4_B6::22,2020_Ref_Plot4_B6,Field1,test,7,1,0.1490720266068546,17.992889319042874,0.019488624723698944,174,False,False
2020_Ref_Plot4_B6::28,2020_Ref_Plot4_B6,Field1,test,6,2,0.4697092527208187,22.29627016770798,0.0571605093006922,174,False,False
2020_Ref_Plot4_B6::36,2020_Ref_Plot4_B6,Field1,test,8,3,0.04336560943022418,11.203204344373356,0.005224542108110701,174,False,False
2020_Ref_Plot4_B6::42,2020_Ref_Plot4_B6,Field1,test,6,4,0.09576157218699043,14.621980681797586,0.018508079352123192,174,False,False
2020_Ref_Plot4_B6::51,2020_Ref_Plot4_B6,Field1,test,9,5,0.036297936334815074,9.01674672485051,0.011977935277953353,174,False,False
2020_Ref_Plot4_B6::83,2020_Ref_Plot4_B6,Field1,test,32,6,0.07294734613006888,12.653169856546672,0.012512351448311332,140,False,False
2020_Ref_Plot4_B95::22,2020_Ref_Plot4_B95,Field1,test,7,1,0.1226351089420914,16.8571232559045,0.00865217555139767,174,False,False
2020_Ref_Plot4_B95::28,2020_Ref_Plot4_B95,Field1,test,6,2,0.4793147746784984,23.877668263477997,0.05275558652524829,174,False,False
2020_Ref_Plot4_B95::36,2020_Ref_Plot4_B95,Field1,test,8,3,0.03539773586165755,11.635688935224275,0.005167387104809689,174,False,False
2020_Ref_Plot4_B95::42,2020_Ref_Plot4_B95,Field1,test,6,4,0.07290510949535987,14.240450471665234,0.010603537345399778,174,False,False
2020_Ref_Plot4_B95::51,2020_Ref_Plot4_B95,Field1,test,9,5,0.0361451481867358,8.673887818045745,0.0025495916749942683,174,False,False
2020_Ref_Plot4_B95::83,2020_Ref_Plot4_B95,Field1,test,32,6,0.10024838279629807,12.868083823484751,0.011359200859949164,140,False,False
2020_Ref_Plot4_B97::22,2020_Ref_Plot4_B97,Field1,test,7,1,0.117340301379873,17.147134386767018,0.009149498782671338,174,False,False
2020_Ref_Plot4_B97::28,2020_Ref_Plot4_B97,Field1,test,6,2,0.4952878295713648,24.230363505619227,0.05185398307883824,174,False,False
2020_Ref_Plot4_B97::36,2020_Ref_Plot4_B97,Field1,test,8,3,0.045939225931202844,11.865166883207053,0.003849120000301145,174,False,False
2020_Ref_Plot4_B97::42,2020_Ref_Plot4_B97,Field1,test,6,4,0.08127329773206708,14.50812021609898,0.010871763011395504,174,False,False
2020_Ref_Plot4_B97::51,2020_Ref_Plot4_B97,Field1,test,9,5,0.040515947805133005,9.2255203884684,0.0059771789946803785,174,False,False
2020_Ref_Plot4_C91::22,2020_Ref_Plot4_C91,Field1,test,7,1,0.10619933696041121,17.137118063181735,0.00961281262614346,174,False,False
2020_Ref_Plot4_C91::28,2020_Ref_Plot4_C91,Field1,test,6,2,0.47438756324176806,24.53943492831405,0.04379739993878864,174,False,False
2020_Ref_Plot4_C91::36,2020_Ref_Plot4_C91,Field1,test,8,3,0.047470365668318505,11.680347679578773,0.005085263250288017,174,False,False
2020_Ref_Plot4_C91::42,2020_Ref_Plot4_C91,Field1,test,6,4,0.06816697383581191,14.302543944317197,0.009552734973776515,174,False,False
2020_Ref_Plot4_C91::51,2020_Ref_Plot4_C91,Field1,test,9,5,0.045432970310120176,8.864633175293186,0.01675817996892921,174,False,False
2021_Ref_Plot1_A11::8,2021_Ref_Plot1_A11,Field2,test,7,1,0.45145865302936206,24.094110433548014,0.04683221333454877,344,False,False
2021_Ref_Plot1_A11::16,2021_Ref_Plot1_A11,Field2,test,8,2,0.7557216765906659,28.631350007315746,0.33564830660660283,344,False,False
2021_Ref_Plot1_A11::22,2021_Ref_Plot1_A11,Field2,test,6,3,0.16419223811942904,13.998224901263427,0.03801437398589512,344,False,False
2021_Ref_Plot1_A11::27,2021_Ref_Plot1_A11,Field2,test,5,4,0.2301845385921751,13.630746914590206,0.08293840046375882,344,False,False
2021_Ref_Plot1_A11::35,2021_Ref_Plot1_A11,Field2,test,8,5,0.049998632257187425,9.48640127250666,0.006929115362305296,344,False,False
2021_Ref_Plot1_A11::44,2021_Ref_Plot1_A11,Field2,test,9,6,0.0458659789902254,8.74725124155746,0.011511160243397774,344,False,False
2021_Ref_Plot1_A11::50,2021_Ref_Plot1_A11,Field2,test,6,7,0.03882114729042947,7.730057915597475,0.02599844323115284,344,False,False
2021_Ref_Plot1_A11::57,2021_Ref_Plot1_A11,Field2,test,7,8,0.046296445597511664,8.74726273595514,0.02252102152925239,341,False,False
2021_Ref_Plot1_A11::65,2021_Ref_Plot1_A11,Field2,test,8,9,0.03643166547134317,8.824274189654243,0.02222295710569985,341,False,False
2021_Ref_Plot1_A11::69,2021_Ref_Plot1_A11,Field2,test,4,10,0.12344951494648705,11.020734624528188,0.07914836947431361,344,False,False
2021_Ref_Plot1_A11::71,2021_Ref_Plot1_A11,Field2,test,2,11,0.08114925360520187,8.936538017738155,0.0783378855656436,344,False,False
2021_Ref_Plot1_A11::76,2021_Ref_Plot1_A11,Field2,test,5,12,0.03305790860579395,9.337993235941353,0.00867698916931122,340,False,False
2021_Ref_Plot1_A11::80,2021_Ref_Plot1_A11,Field2,test,4,13,0.04026859521354704,6.915329892499398,0.015105886293352425,340,False,False
2021_Ref_Plot1_A11::85,2021_Ref_Plot1_A11,Field2,test,5,14,0.05916808602503848,8.153207982249612,0.030715519886938176,344,False,False
2021_Ref_Plot1_A13::8,2021_Ref_Plot1_A13,Field2,test,7,1,0.4347264581859398,24.47836922611168,0.0445265085549562,344,False,False
2021_Ref_Plot1_A13::16,2021_Ref_Plot1_A13,Field2,test,8,2,0.7544727283106113,28.47681848282803,0.3374041666005664,344,False,False
2021_Ref_Plot1_A13::22,2021_Ref_Plot1_A13,Field2,test,6,3,0.16220880253109196,13.679957273547922,0.03631650116862832,344,False,False
2021_Ref_Plot1_A13::27,2021_Ref_Plot1_A13,Field2,test,5,4,0.21434786133714445,13.705555166974978,0.07501583214272463,344,False,False
2021_Ref_Plot1_A13::35,2021_Ref_Plot1_A13,Field2,test,8,5,0.03528137217321449,9.08445918895155,0.003650969274931017,344,False,False
2021_Ref_Plot1_A13::44,2021_Ref_Plot1_A13,Field2,test,9,6,0.04438758745863993,8.52651898978809,0.007819289275382132,344,False,False
2021_Ref_Plot1_A13::50,2021_Ref_Plot1_A13,Field2,test,6,7,0.054532315339689684,7.6228980036131375,0.03235260582921907,344,False,False
2021_Ref_Plot1_A13::57,2021_Ref_Plot1_A13,Field2,test,7,8,0.05164879232686811,8.86674795605083,0.02984061308884153,341,False,False
2021_Ref_Plot1_A13::65,2021_Ref_Plot1_A13,Field2,test,8,9,0.04078614867934874,9.510075778375423,0.02435661945630393,341,False,False
2021_Ref_Plot1_A13::69,2021_Ref_Plot1_A13,Field2,test,4,10,0.08753525075686867,11.051486133981577,0.048589800679363776,344,False,False
2021_Ref_Plot1_A13::71,2021_Ref_Plot1_A13,Field2,test,2,11,0.049383325762288655,7.592609293400109,0.03764522169189612,344,False,False
2021_Ref_Plot1_A13::76,2021_Ref_Plot1_A13,Field2,test,5,12,0.05874389674477851,10.266403482533173,0.014417796356224744,340,False,False
2021_Ref_Plot1_A13::80,2021_Ref_Plot1_A13,Field2,test,4,13,0.028512803491837626,7.3949036587092944,0.01893981465441952,340,False,False
2021_Ref_Plot1_A13::85,2021_Ref_Plot1_A13,Field2,test,5,14,0.029277069565307196,7.68316172764561,0.0246971163187905,344,False,False
2021_Ref_Plot1_A20::8,2021_Ref_Plot1_A20,Field2,test,7,1,0.5149678712182714,24.00816910625105,0.06950104375691878,344,False,False
2021_Ref_Plot1_A20::16,2021_Ref_Plot1_A20,Field2,test,8,2,0.7955432437854917,30.278396528938607,0.41708890717902886,344,False,False
2021_Ref_Plot1_A20::22,2021_Ref_Plot1_A20,Field2,test,6,3,0.15200765455294596,13.075649843263935,0.027412763724552567,344,False,False
2021_Ref_Plot1_A20::27,2021_Ref_Plot1_A20,Field2,test,5,4,0.2500470091426656,14.03333556121918,0.09031494137610785,344,False,False
2021_Ref_Plot1_A20::35,2021_Ref_Plot1_A20,Field2,test,8,5,0.03747692680267026,9.64626200441551,0.008058588630649819,344,False,False
2021_Ref_Plot1_A20::44,2021_Ref_Plot1_A20,Field2,test,9,6,0.04856997121381915,8.666767046616505,0.013711076338760108,344,False,False
2021_Ref_Plot1_A20::50,2021_Ref_Plot1_A20,Field2,test,6,7,0.03224447378485069,7.418006834582772,0.02200505600153677,344,False,False
2021_Ref_Plot1_A20::57,2021_Ref_Plot1_A20,Field2,test,7,8,0.03902009821660598,8.456973880400252,0.021668804870465738,341,False,False
2021_Ref_Plot1_A20::65,2021_Ref_Plot1_A20,Field2,test,8,9,0.028056905901922276,8.802199573394715,0.025819709583502323,341,False,False
2021_Ref_Plot1_A20::69,2021_Ref_Plot1_A20,Field2,test,4,10,0.06019688357938927,10.662734677703858,0.046255592958922925,344,False,False
2021_Ref_Plot1_A20::71,2021_Ref_Plot1_A20,Field2,test,2,11,0.017815482171428813,7.763514729238391,0.027380789450743986,344,False,False
2021_Ref_Plot1_A20::76,2021_Ref_Plot1_A20,Field2,test,5,12,0.05140929300044142,10.33082773046756,0.03741392707601098,340,False,False
2021_Ref_Plot1_A20::80,2021_Ref_Plot1_A20,Field2,test,4,13,0.024807018451039577,7.704580787798497,0.03893781995000891,340,False,False
2021_Ref_Plot1_A20::85,2021_Ref_Plot1_A20,Field2,test,5,14,0.03740680855407669,7.732783269271253,0.032593365704604305,344,False,False
2021_Ref_Plot1_A3::8,2021_Ref_Plot1_A3,Field2,test,7,1,0.5301611076091413,24.75358990684372,0.06443022918470201,344,False,False
2021_Ref_Plot1_A3::16,2021_Ref_Plot1_A3,Field2,test,8,2,0.7485038449201524,28.738264901417224,0.30975993211767855,344,False,False
2021_Ref_Plot1_A3::22,2021_Ref_Plot1_A3,Field2,test,6,3,0.13018592496638412,12.98296969896179,0.02619713472029918,344,False,False
2021_Ref_Plot1_A3::27,2021_Ref_Plot1_A3,Field2,test,5,4,0.18660900470924138,13.348836576425535,0.0446947587110449,344,False,False
2021_Ref_Plot1_A3::35,2021_Ref_Plot1_A3,Field2,test,8,5,0.04282929629557897,8.922264533875207,0.005286580212105851,344,False,False
2021_Ref_Plot1_A3::44,2021_Ref_Plot1_A3,Field2,test,9,6,0.04933176039071457,8.384881290797834,0.011640243784857274,344,False,False
2021_Ref_Plot1_A3::50,2021_Ref_Plot1_A3,Field2,test,6,7,0.02657707188001621,7.4674293705615415,0.02386247972673679,344,False,False
2021_Ref_Plot1_A3::57,2021_Ref_Plot1_A3,Field2,test,7,8,0.04655208278743675,8.518006153513335,0.041909817896336354,341,False,False
2021_Ref_Plot1_A3::65,2021_Ref_Plot1_A3,Field2,test,8,9,0.068769415442429,8.90661038900043,0.038131030415009495,341,False,False
2021_Ref_Plot1_A3::69,2021_Ref_Plot1_A3,Field2,test,4,10,0.12853495262366746,10.441820545597086,0.07701078699176792,344,False,False
2021_Ref_Plot1_A3::71,2021_Ref_Plot1_A3,Field2,test,2,11,0.06154570333044465,7.906192862847629,0.04623426041605176,344,False,False
2021_Ref_Plot1_A3::76,2021_Ref_Plot1_A3,Field2,test,5,12,0.07867399910811607,10.059785897454582,0.020481594181358847,340,False,False
2021_Ref_Plot1_A3::80,2021_Ref_Plot1_A3,Field2,test,4,13,0.06170479252869058,7.946622100656086,0.03543732859807897,340,False,False
2021_Ref_Plot1_A3::85,2021_Ref_Plot1_A3,Field2,test,5,14,0.053255606207948177,7.7162688823901835,0.030916766403792307,344,False,False
2021_Ref_Plot1_B19::8,2021_Ref_Plot1_B19,Field2,test,7,1,0.546650049371626,24.32837900650092,0.052779488743184305,344,False,False
2021_Ref_Plot1_B19::16,2021_Ref_Plot1_B19,Field2,test,8,2,0.7603404775421668,28.665627622426882,0.3363313903619787,344,False,False
2021_Ref_Plot1_B19::22,2021_Ref_Plot1_B19,Field2,test,6,3,0.16823509754650015,13.480573079920905,0.04281303189767799,344,False,False
2021_Ref_Plot1_B19::27,2021_Ref_Plot1_B19,Field2,test,5,4,0.2702640085864536,13.957023805848241,0.11784727315601815,344,False,False
2021_Ref_Plot1_B19::35,2021_Ref_Plot1_B19,Field2,test,8,5,0.04918246395827436,10.329608151316288,0.014368670479764391,344,False,False
2021_Ref_Plot1_B19::44,2021_Ref_Plot1_B19,Field2,test,9,6,0.032051480028612696,8.519046487091849,0.01495152403886965,344,False,False
2021_Ref_Plot1_B19::50,2021_Ref_Plot1_B19,Field2,test,6,7,0.016101734334035667,7.39827272734377,0.015454199679710618,344,False,False
2021_Ref_Plot1_B19::57,2021_Ref_Plot1_B19,Field2,test,7,8,0.016200923291617046,8.442973069033467,0.017396706077094218,341,False,False
2021_Ref_Plot1_B19::65,2021_Ref_Plot1_B19,Field2,test,8,9,0.03612056224407853,8.825104537650056,0.02352374872760539,341,False,False
2021_Ref_Plot1_B19::69,2021_Ref_Plot1_B19,Field2,test,4,10,0.044527006517870775,10.244729708984286,0.029234648425446156,344,False,False
2021_Ref_Plot1_B19::71,2021_Ref_Plot1_B19,Field2,test,2,11,0.028220958757854492,8.133480804796198,0.03411836665819628,344,False,False
2021_Ref_Plot1_B19::76,2021_Ref_Plot1_B19,Field2,test,5,12,0.06792518190180084,11.110175588440416,0.022615185212854588,340,False,False
2021_Ref_Plot1_B19::80,2021_Ref_Plot1_B19,Field2,test,4,13,0.013263003715664183,7.6254415809838285,0.018522255997565455,340,False,False
2021_Ref_Plot1_B19::85,2021_Ref_Plot1_B19,Field2,test,5,14,0.027679215273563307,7.560627235066001,0.031056182319523843,344,False,False
2021_Ref_Plot1_B2::8,2021_Ref_Plot1_B2,Field2,test,7,1,0.5301269192667112,25.259866821759516,0.06774618779148661,344,False,False
2021_Ref_Plot1_B2::16,2021_Ref_Plot1_B2,Field2,test,8,2,0.7171774054594348,28.43674915014743,0.246328500430603,344,False,False
2021_Ref_Plot1_B2::22,2021_Ref_Plot1_B2,Field2,test,6,3,0.1698885700796474,13.5206411235609,0.04134798175539203,344,False,False
2021_Ref_Plot1_B2::27,2021_Ref_Plot1_B2,Field2,test,5,4,0.28276278358175994,15.09230812936601,0.10408661228085866,344,False,False
2021_Ref_Plot1_B2::35,2021_Ref_Plot1_B2,Field2,test,8,5,0.054183097061704176,9.763128441514638,0.005982199167870233,344,False,False
2021_Ref_Plot1_B2::44,2021_Ref_Plot1_B2,Field2,test,9,6,0.04810064927668479,8.481323664491324,0.011988696209714933,344,False,False
2021_Ref_Plot1_B2::50,2021_Ref_Plot1_B2,Field2,test,6,7,0.029924573166918034,7.24208749149177,0.018452530671032936,344,False,False
2021_Ref_Plot1_B2::57,2021_Ref_Plot1_B2,Field2,test,7,8,0.049758237109141755,8.462358479679025,0.026371546074178433,341,False,False
2021_Ref_Plot1_B2::65,2021_Ref_Plot1_B2,Field2,test,8,9,0.04711573435744249,8.563975762329061,0.016894096192648866,341,False,False
2021_Ref_Plot1_B2::69,2021_Ref_Plot1_B2,Field2,test,4,10,0.0822230041223148,10.281899214663673,0.04341170532214578,344,False,False
2021_Ref_Plot1_B2::71,2021_Ref_Plot1_B2,Field2,test,2,11,0.06570218186279816,8.597215272943284,0.06420235628877381,344,False,False
2021_Ref_Plot1_B2::76,2021_Ref_Plot1_B2,Field2,test,5,12,0.10674224938802297,11.366128153763178,0.04726904411856534,340,False,False
2021_Ref_Plot1_B2::80,2021_Ref_Plot1_B2,Field2,test,4,13,0.037247039027713626,7.632989257667271,0.01987067612730978,340,False,False
2021_Ref_Plot1_B2::85,2021_Ref_Plot1_B2,Field2,test,5,14,0.03697701819259935,6.967353952548355,0.010784528396688479,344,False,False
2021_Ref_Plot1_B4::8,2021_Ref_Plot1_B4,Field2,test,7,1,0.5357251918358797,25.334612781889703,0.08262500841684123,344,False,False
2021_Ref_Plot1_B4::16,2021_Ref_Plot1_B4,Field2,test,8,2,0.7095990377636152,28.364348675493602,0.2514632149826674,344,False,False
2021_Ref_Plot1_B4::22,2021_Ref_Plot1_B4,Field2,test,6,3,0.14527722556360861,12.946879689686174,0.034446907505951564,344,False,False
2021_Ref_Plot1_B4::27,2021_Ref_Plot1_B4,Field2,test,5,4,0.23727258620792216,14.717866473341097,0.08282210056454545,344,False,False
2021_Ref_Plot1_B4::35,2021_Ref_Plot1_B4,Field2,test,8,5,0.05182273890939514,9.561694959783763,0.00635859609678218,344,False,False
2021_Ref_Plot1_B4::44,2021_Ref_Plot1_B4,Field2,test,9,6,0.04776727695972152,8.59519862056824,0.005385312139032572,344,False,False
2021_Ref_Plot1_B4::50,2021_Ref_Plot1_B4,Field2,test,6,7,0.03558968367780974,7.161459664858044,0.014458845568033321,344,False,False
2021_Ref_Plot1_B4::57,2021_Ref_Plot1_B4,Field2,test,7,8,0.035313777839922844,8.492305499204205,0.02255274397769666,341,False,False
2021_Ref_Plot1_B4::65,2021_Ref_Plot1_B4,Field2,test,8,9,0.04350307940836982,8.466127157987044,0.020858321366667675,341,False,False
2021_Ref_Plot1_B4::69,2021_Ref_Plot1_B4,Field2,test,4,10,0.07128886344311015,10.70240057413618,0.02785544412395293,344,False,False
2021_Ref_Plot1_B4::71,2021_Ref_Plot1_B4,Field2,test,2,11,0.06244167404787987,8.64648413828824,0.055915901748442735,344,False,False
2021_Ref_Plot1_B4::76,2021_Ref_Plot1_B4,Field2,test,5,12,0.09184103719635982,10.703713299290884,0.03431694254464312,340,False,False
2021_Ref_Plot1_B4::80,2021_Ref_Plot1_B4,Field2,test,4,13,0.03064036801700916,6.9794563743793,0.017635603007604854,340,False,False
2021_Ref_Plot1_B4::85,2021_Ref_Plot1_B4,Field2,test,5,14,0.027633065389350328,6.5325445455163,0.010783622765634642,344,False,False
2021_Ref_Plot1_B7::8,2021_Ref_Plot1_B7,Field2,test,7,1,0.5089913763922219,24.571036966426682,0.06488558574495024,344,False,False
2021_Ref_Plot1_B7::16,2021_Ref_Plot1_B7,Field2,test,8,2,0.7104520906342527,28.582127308768275,0.2547854966606862,344,False,False
2021_Ref_Plot1_B7::22,2021_Ref_Plot1_B7,Field2,test,6,3,0.1451938287181741,13.357737401454589,0.03451472536174759,344,False,False
2021_Ref_Plot1_B7::27,2021_Ref_Plot1_B7,Field2,test,5,4,0.213014484892825,14.675831090188806,0.06370383871770803,344,False,False
2021_Ref_Plot1_B7::35,2021_Ref_Plot1_B7,Field2,test,8,5,0.04647775129900539,9.801543191479059,0.017675823640325307,344,False,False
2021_Ref_Plot1_B7::44,2021_Ref_Plot1_B7,Field2,test,9,6,0.05041866802555602,9.524446804948425,0.004915512937396408,344,False,False
2021_Ref_Plot1_B7::50,2021_Ref_Plot1_B7,Field2,test,6,7,0.04867543133587108,8.145848658015392,0.02299765184216987,344,False,False
2021_Ref_Plot1_B7::57,2021_Ref_Plot1_B7,Field2,test,7,8,0.037590517512680756,8.75342113765196,0.018651185634980083,341,False,False
2021_Ref_Plot1_B7::65,2021_Ref_Plot1_B7,Field2,test,8,9,0.03069987409094327,8.586407383240799,0.013819703955053643,341,False,False
2021_Ref_Plot1_B7::69,2021_Ref_Plot1_B7,Field2,test,4,10,0.06437652650204671,10.385101103341427,0.03602620295814495,344,False,False
2021_Ref_Plot1_B7::71,2021_Ref_Plot1_B7,Field2,test,2,11,0.05546897525155694,8.282022810803799,0.04972082785788945,344,False,False
2021_Ref_Plot1_B7::85,2021_Ref_Plot1_B7,Field2,test,5,13,0.03954627678162708,7.893435750238095,0.02877748709533103,344,False,False
2021_Ref_Plot1_C18::8,2021_Ref_Plot1_C18,Field2,test,7,1,0.5247624726498205,24.598004369554758,0.04977173767742572,344,False,False
2021_Ref_Plot1_C18::16,2021_Ref_Plot1_C18,Field2,test,8,2,0.7597956560129034,28.04769981224168,0.323514951792856,344,False,False
2021_Ref_Plot1_C18::22,2021_Ref_Plot1_C18,Field2,test,6,3,0.16526008208475093,12.454843606032133,0.045350353120630904,344,False,False
2021_Ref_Plot1_C18::27,2021_Ref_Plot1_C18,Field2,test,5,4,0.2053843781267247,13.359055280299476,0.06606821150971182,344,False,False
2021_Ref_Plot1_C18::35,2021_Ref_Plot1_C18,Field2,test,8,5,0.03521608822836292,9.109845120503904,0.008548368033970572,344,False,False
2021_Ref_Plot1_C18::44,2021_Ref_Plot1_C18,Field2,test,9,6,0.03596289281709727,7.8898037861242525,0.005433685194980919,344,False,False
2021_Ref_Plot1_C18::50,2021_Ref_Plot1_C18,Field2,test,6,7,0.018301443054736757,6.909634507009839,0.016433770726895787,344,False,False
2021_Ref_Plot1_C18::57,2021_Ref_Plot1_C18,Field2,test,7,8,0.04701513643899497,8.684437509071795,0.0330898079009815,341,False,False
2021_Ref_Plot1_C18::65,2021_Ref_Plot1_C18,Field2,test,8,9,0.0380465187688954,8.654653309183047,0.022216321398802814,341,False,False
2021_Ref_Plot1_C18::69,2021_Ref_Plot1_C18,Field2,test,4,10,0.06766741256271698,10.95876365201966,0.03961759177470335,344,False,False
2021_Ref_Plot1_C18::71,2021_Ref_Plot1_C18,Field2,test,2,11,0.06837607657687135,8.90744890990325,0.0644370056810328,344,False,False
2021_Ref_Plot1_C18::76,2021_Ref_Plot1_C18,Field2,test,5,12,0.06344976813298926,10.793705336388,0.02156659216271179,340,False,False
2021_Ref_Plot1_C18::80,2021_Ref_Plot1_C18,Field2,test,4,13,0.013919394050307982,8.07226647331351,0.019634631319709172,340,False,False
2021_Ref_Plot1_C18::85,2021_Ref_Plot1_C18,Field2,test,5,14,0.016229149571534245,8.120785784990261,0.024458380237114823,344,False,False
2021_Ref_Plot1_C6::8,2021_Ref_Plot1_C6,Field2,test,7,1,0.49445035923064024,24.997309512957862,0.03917726913620423,344,False,False
2021_Ref_Plot1_C6::16,2021_Ref_Plot1_C6,Field2,test,8,2,0.7363806509203202,28.786660628260215,0.2894067109020548,344,False,False
2021_Ref_Plot1_C6::22,2021_Ref_Plot1_C6,Field2,test,6,3,0.16661959972539828,13.154726179261893,0.03909405676494856,344,False,False
2021_Ref_Plot1_C6::27,2021_Ref_Plot1_C6,Field2,test,5,4,0.2250343336902474,14.581250258203317,0.06713657807184559,344,False,False
2021_Ref_Plot1_C6::35,2021_Ref_Plot1_C6,Field2,test,8,5,0.0673423915415506,9.976534739425562,0.011822957895164892,344,False,False
2021_Ref_Plot1_C6::44,2021_Ref_Plot1_C6,Field2,test,9,6,0.0417741945433141,9.760489051800949,0.014918093016828756,344,False,False
2021_Ref_Plot1_C6::50,2021_Ref_Plot1_C6,Field2,test,6,7,0.04937090103161577,7.640252107050912,0.029897521104975417,344,False,False
2021_Ref_Plot1_C6::57,2021_Ref_Plot1_C6,Field2,test,7,8,0.0591265286660056,8.436458812871948,0.013467963525733017,341,False,False
2021_Ref_Plot1_C6::65,2021_Ref_Plot1_C6,Field2,test,8,9,0.057735939762883305,9.097499389507252,0.037518448078718444,341,False,False
2021_Ref_Plot1_C6::69,2021_Ref_Plot1_C6,Field2,test,4,10,0.10789087607845393,10.392628896259684,0.061578002219363874,344,False,False
2021_Ref_Plot1_C6::71,2021_Ref_Plot1_C6,Field2,test,2,11,0.08253410546059335,8.677339601041325,0.08148481273215251,344,False,False
2021_Ref_Plot1_C6::76,2021_Ref_Plot1_C6,Field2,test,5,12,0.09270263782611361,10.51867793262156,0.0665851320019902,340,False,False
2021_Ref_Plot1_C6::80,2021_Ref_Plot1_C6,Field2,test,4,13,0.03973831898373144,7.5580732460419275,0.047028359521274744,340,False,False
2021_Ref_Plot1_C6::85,2021_Ref_Plot1_C6,Field2,test,5,14,0.06565703995405799,7.731771037828445,0.03930353862308202,344,False,False
2021_Ref_Plot1_D18::8,2021_Ref_Plot1_D18,Field2,test,7,1,0.4767617100896144,24.681271599519576,0.05997022421294642,344,False,False
2021_Ref_Plot1_D18::16,2021_Ref_Plot1_D18,Field2,test,8,2,0.7672078228388525,29.250642503504384,0.3455694806339311,344,False,False
2021_Ref_Plot1_D18::22,2021_Ref_Plot1_D18,Field2,test,6,3,0.17318697457204632,12.538568120413455,0.049764134501131645,344,False,False
2021_Ref_Plot1_D18::27,2021_Ref_Plot1_D18,Field2,test,5,4,0.27427470003421534,14.188798980169464,0.10482330472859129,344,False,False
2021_Ref_Plot1_D18::35,2021_Ref_Plot1_D18,Field2,test,8,5,0.04398068606115172,8.83609118746983,0.011220431741176068,344,False,False
2021_Ref_Plot1_D18::44,2021_Ref_Plot1_D18,Field2,test,9,6,0.03706751961212818,7.850130895944249,0.009420357708476334,344,False,False
2021_Ref_Plot1_D18::50,2021_Ref_Plot1_D18,Field2,test,6,7,0.03198012654063658,7.158987204444818,0.02122161055141639,344,False,False
2021_Ref_Plot1_D18::57,2021_Ref_Plot1_D18,Field2,test,7,8,0.05718537655103178,8.78288140125758,0.031880928018535044,341,False,False
2021_Ref_Plot1_D18::65,2021_Ref_Plot1_D18,Field2,test,8,9,0.04095096379039386,8.716847725504914,0.022995761658229915,341,False,False
2021_Ref_Plot1_D18::69,2021_Ref_Plot1_D18,Field2,test,4,10,0.06697030203305844,10.186354051348482,0.03589740934520238,344,False,False
2021_Ref_Plot1_D18::71,2021_Ref_Plot1_D18,Field2,test,2,11,0.05201314127493728,8.536260463076736,0.057553028827824156,344,False,False
2021_Ref_Plot1_D18::76,2021_Ref_Plot1_D18,Field2,test,5,12,0.08005919036264851,11.065120329034306,0.040716610165215106,340,False,False
2021_Ref_Plot1_D18::80,2021_Ref_Plot1_D18,Field2,test,4,13,0.03760420294578737,7.8343679279636005,0.02690288639713383,340,False,False
2021_Ref_Plot1_D18::85,2021_Ref_Plot1_D18,Field2,test,5,14,0.025110151296669898,7.80674842958966,0.021418909217769514,344,False,False
2021_Ref_Plot1_D4::8,2021_Ref_Plot1_D4,Field2,test,7,1,0.4753952253078026,24.476772664460412,0.056076377831590314,344,False,False
2021_Ref_Plot1_D4::16,2021_Ref_Plot1_D4,Field2,test,8,2,0.7047136262521566,27.497992138383562,0.25746748104681405,344,False,False
2021_Ref_Plot1_D4::22,2021_Ref_Plot1_D4,Field2,test,6,3,0.13980556220783705,13.284979999955091,0.03110196743004007,344,False,False
2021_Ref_Plot1_D4::27,2021_Ref_Plot1_D4,Field2,test,5,4,0.22557030439452896,13.880488862392603,0.07041251640571927,344,False,False
2021_Ref_Plot1_D4::35,2021_Ref_Plot1_D4,Field2,test,8,5,0.032849379876784456,9.00417150892027,0.0009688052326675648,344,False,False
2021_Ref_Plot1_D4::44,2021_Ref_Plot1_D4,Field2,test,9,6,0.04982417623715183,8.465324152574313,0.006428683831855134,344,False,False
2021_Ref_Plot1_D4::50,2021_Ref_Plot1_D4,Field2,test,6,7,0.01781215384614528,7.247382152514246,0.01650174586807419,344,False,False
2021_Ref_Plot1_D4::57,2021_Ref_Plot1_D4,Field2,test,7,8,0.04944325970780739,8.90563568655448,0.026220876839650038,341,False,False
2021_Ref_Plot1_D4::65,2021_Ref_Plot1_D4,Field2,test,8,9,0.04287410024630411,8.792758754901746,0.017585455993231663,341,False,False
2021_Ref_Plot1_D4::69,2021_Ref_Plot1_D4,Field2,test,4,10,0.10582780094504396,11.1496652597559,0.06810565161314562,344,False,False
2021_Ref_Plot1_D4::71,2021_Ref_Plot1_D4,Field2,test,2,11,0.08610083552458415,8.62216703283277,0.0663762891085324,344,False,False
2021_Ref_Plot1_D4::76,2021_Ref_Plot1_D4,Field2,test,5,12,0.06786494894025501,10.063645928924636,0.025560577504780982,340,False,False
2021_Ref_Plot1_D4::80,2021_Ref_Plot1_D4,Field2,test,4,13,0.054735712594452875,7.45788637302558,0.023912769643062354,340,False,False
2021_Ref_Plot1_D4::85,2021_Ref_Plot1_D4,Field2,test,5,14,0.08742817680852699,8.565788213693633,0.04541362577176038,344,False,False
2021_Ref_Plot1_D6::8,2021_Ref_Plot1_D6,Field2,test,7,1,0.4445517280545677,24.47618903061256,0.03933797543010858,344,False,False
2021_Ref_Plot1_D6::16,2021_Ref_Plot1_D6,Field2,test,8,2,0.715648245977412,27.98248614664459,0.2683880216974338,344,False,False
2021_Ref_Plot1_D6::22,2021_Ref_Plot1_D6,Field2,test,6,3,0.1603904765650862,12.540024687025344,0.04017223930384608,344,False,False
2021_Ref_Plot1_D6::27,2021_Ref_Plot1_D6,Field2,test,5,4,0.24722451171303308,13.977926956771288,0.08250751094548281,344,False,False
2021_Ref_Plot1_D6::35,2021_Ref_Plot1_D6,Field2,test,8,5,0.05286051701776753,9.464015551237049,0.006533861323841778,344,False,False
2021_Ref_Plot1_D6::44,2021_Ref_Plot1_D6,Field2,test,9,6,0.05057498052019758,8.738535619100285,0.01395676908555882,344,False,False
2021_Ref_Plot1_D6::50,2021_Ref_Plot1_D6,Field2,test,6,7,0.030273483274918023,7.409957736230912,0.021874421117221945,344,False,False
2021_Ref_Plot1_D6::57,2021_Ref_Plot1_D6,Field2,test,7,8,0.04999653871652058,8.765768667967528,0.027207345890496754,341,False,False
2021_Ref_Plot1_D6::65,2021_Ref_Plot1_D6,Field2,test,8,9,0.06885134583714496,9.376212512944962,0.036268811319548934,341,False,False
2021_Ref_Plot1_D6::69,2021_Ref_Plot1_D6,Field2,test,4,10,0.09816587109495216,10.78567454542551,0.054953819181389245,344,False,False
2021_Ref_Plot1_D6::71,2021_Ref_Plot1_D6,Field2,test,2,11,0.07947286988719769,8.8400300779223,0.07497287407578132,344,False,False
2021_Ref_Plot1_D6::76,2021_Ref_Plot1_D6,Field2,test,5,12,0.09565373956480273,10.7714588780654,0.03649305429366241,340,False,False
2021_Ref_Plot1_D6::80,2021_Ref_Plot1_D6,Field2,test,4,13,0.03459908249043315,7.472857294002708,0.029121157546812645,340,False,False
2021_Ref_Plot1_D6::85,2021_Ref_Plot1_D6,Field2,test,5,14,0.059986799971870064,7.4817097906349,0.05327784056872339,344,False,False
2021_Ref_Plot1_E2::8,2021_Ref_Plot1_E2,Field2,test,7,1,0.5160222154425368,24.242957965415712,0.05343172238923482,344,False,False
2021_Ref_Plot1_E2::16,2021_Ref_Plot1_E2,Field2,test,8,2,0.6827210216695446,27.100538019369196,0.21379158879691884,344,False,False
2021_Ref_Plot1_E2::22,2021_Ref_Plot1_E2,Field2,test,6,3,0.1441702431625629,12.864507869625513,0.027582135915507393,344,False,False
2021_Ref_Plot1_E2::27,2021_Ref_Plot1_E2,Field2,test,5,4,0.2308066428087759,13.30648024123121,0.08815030203164793,344,False,False
2021_Ref_Plot1_E2::35,2021_Ref_Plot1_E2,Field2,test,8,5,0.053355084566042404,8.951322685818125,0.012612105894416291,344,False,False
2021_Ref_Plot1_E2::44,2021_Ref_Plot1_E2,Field2,test,9,6,0.04675708738589274,8.211172878723184,0.016042640304814972,344,False,False
2021_Ref_Plot1_E2::50,2021_Ref_Plot1_E2,Field2,test,6,7,0.031039877093200774,7.230653231620492,0.021639345606966582,344,False,False
2021_Ref_Plot1_E2::57,2021_Ref_Plot1_E2,Field2,test,7,8,0.05823787043473653,8.861132024355527,0.04083957126118912,341,False,False
2021_Ref_Plot1_E2::65,2021_Ref_Plot1_E2,Field2,test,8,9,0.05231105172811362,8.661710167580456,0.022624546595092835,341,False,False
2021_Ref_Plot1_E2::69,2021_Ref_Plot1_E2,Field2,test,4,10,0.06553809253096983,10.397165183325608,0.037109369130683384,344,False,False
2021_Ref_Plot1_E2::71,2021_Ref_Plot1_E2,Field2,test,2,11,0.07019891218832358,8.570151559251315,0.08543055034075737,344,False,False
2021_Ref_Plot1_E2::76,2021_Ref_Plot1_E2,Field2,test,5,12,0.055039038353896556,10.11900085133787,0.018757821585723044,340,False,False
2021_Ref_Plot1_E2::80,2021_Ref_Plot1_E2,Field2,test,4,13,0.026142304601266538,7.426094057722732,0.024115102757419075,340,False,False
2021_Ref_Plot1_E2::85,2021_Ref_Plot1_E2,Field2,test,5,14,0.07550468922062054,7.653775183364166,0.03872456931568328,344,False,False
2021_Ref_Plot1_E8::8,2021_Ref_Plot1_E8,Field2,test,7,1,0.5019121136280482,24.59672572689389,0.049429922830593546,344,False,False
2021_Ref_Plot1_E8::16,2021_Ref_Plot1_E8,Field2,test,8,2,0.6627069521273617,27.03822676143565,0.2029838494971246,344,False,False
2021_Ref_Plot1_E8::22,2021_Ref_Plot1_E8,Field2,test,6,3,0.13306448680501656,12.433917109798529,0.03376290255118548,344,False,False
2021_Ref_Plot1_E8::27,2021_Ref_Plot1_E8,Field2,test,5,4,0.2167756721237858,14.11664945085833,0.06933728191033944,344,False,False
2021_Ref_Plot1_E8::35,2021_Ref_Plot1_E8,Field2,test,8,5,0.042357215137896004,9.442643465557985,0.0089709323109476,344,False,False
2021_Ref_Plot1_E8::44,2021_Ref_Plot1_E8,Field2,test,9,6,0.042894375599098276,8.278420544182087,0.007578400187621126,344,False,False
2021_Ref_Plot1_E8::50,2021_Ref_Plot1_E8,Field2,test,6,7,0.03447116905827104,7.649287564998249,0.02893407748999996,344,False,False
2021_Ref_Plot1_E8::57,2021_Ref_Plot1_E8,Field2,test,7,8,0.02991535158706975,8.70902817584093,0.026243527692439657,341,False,False
2021_Ref_Plot1_E8::65,2021_Ref_Plot1_E8,Field2,test,8,9,0.03232473384584902,8.48513467031286,0.016868833238394557,341,False,False
2021_Ref_Plot1_E8::69,2021_Ref_Plot1_E8,Field2,test,4,10,0.07542333885166363,10.625156798551442,0.03983196135857584,344,False,False
2021_Ref_Plot1_E8::71,2021_Ref_Plot1_E8,Field2,test,2,11,0.08398824626548024,8.758978668536715,0.07922134592794973,344,False,False
2021_Ref_Plot1_E8::76,2021_Ref_Plot1_E8,Field2,test,5,12,0.08506128063106179,10.80255279207064,0.0229728878748359,340,False,False
2021_Ref_Plot1_E8::80,2021_Ref_Plot1_E8,Field2,test,4,13,0.022283470440905995,7.371891719100116,0.016596296078374803,340,False,False
2021_Ref_Plot1_E8::85,2021_Ref_Plot1_E8,Field2,test,5,14,0.06169148571527681,7.478778290978994,0.02881993151385893,344,False,False
2021_Ref_Plot2_A1::8,2021_Ref_Plot2_A1,Field2,test,7,1,0.4056140829134678,22.186100381795267,0.03731045169092521,344,False,False
2021_Ref_Plot2_A1::16,2021_Ref_Plot2_A1,Field2,test,8,2,0.718148419784734,28.534588429559538,0.2953738631544334,344,False,False
2021_Ref_Plot2_A1::22,2021_Ref_Plot2_A1,Field2,test,6,3,0.10977289036174499,13.206047323885663,0.014954852850665935,344,False,False
2021_Ref_Plot2_A1::27,2021_Ref_Plot2_A1,Field2,test,5,4,0.3186384648652099,14.47081371843488,0.13598408345185023,344,False,False
2021_Ref_Plot2_A1::35,2021_Ref_Plot2_A1,Field2,test,8,5,0.0643804141073225,10.745960527871796,0.01242130793491942,344,False,False
2021_Ref_Plot2_A1::44,2021_Ref_Plot2_A1,Field2,test,9,6,0.051842034861625204,9.621430692761153,0.013354297200477957,344,False,False
2021_Ref_Plot2_A1::50,2021_Ref_Plot2_A1,Field2,test,6,7,0.07509528795236046,8.604414209329756,0.040366999498395,344,False,False
2021_Ref_Plot2_A1::57,2021_Ref_Plot2_A1,Field2,test,7,8,0.0748648783214339,9.229835008419533,0.03912886053283805,341,False,False
2021_Ref_Plot2_A1::65,2021_Ref_Plot2_A1,Field2,test,8,9,0.06762193351858138,9.451512538949098,0.042745662659120685,341,False,False
2021_Ref_Plot2_A1::69,2021_Ref_Plot2_A1,Field2,test,4,10,0.12003871479185185,10.754171110221337,0.0698235679673089,344,False,False
2021_Ref_Plot2_A1::71,2021_Ref_Plot2_A1,Field2,test,2,11,0.060070843126347244,7.242015849247884,0.042703239033175466,344,False,False
2021_Ref_Plot2_A1::76,2021_Ref_Plot2_A1,Field2,test,5,12,0.07447984320686148,9.140743330558426,0.01696206304734054,340,False,False
2021_Ref_Plot2_A1::80,2021_Ref_Plot2_A1,Field2,test,4,13,0.061479870713685804,6.722007723428582,0.019307392997511944,340,False,False
2021_Ref_Plot2_A1::85,2021_Ref_Plot2_A1,Field2,test,5,14,0.09156218472731838,8.104203347785731,0.05648281722938745,344,False,False
2021_Ref_Plot2_A13::8,2021_Ref_Plot2_A13,Field2,test,7,1,0.4393104327630974,22.333454914615217,0.045071419266799306,344,False,False
2021_Ref_Plot2_A13::16,2021_Ref_Plot2_A13,Field2,test,8,2,0.7708941312506035,29.598771894693886,0.3556368068809518,344,False,False
2021_Ref_Plot2_A13::22,2021_Ref_Plot2_A13,Field2,test,6,3,0.09560380044730425,13.295550527344053,0.01785937965650879,344,False,False
2021_Ref_Plot2_A13::27,2021_Ref_Plot2_A13,Field2,test,5,4,0.2388021263526552,15.235776028012094,0.06232405652811335,344,False,False
2021_Ref_Plot2_A13::35,2021_Ref_Plot2_A13,Field2,test,8,5,0.05894160265038687,9.97299800550023,0.015230083769993344,344,False,False
2021_Ref_Plot2_A13::44,2021_Ref_Plot2_A13,Field2,test,9,6,0.04597702705981271,8.438899469743657,0.007342798102336777,344,False,False
2021_Ref_Plot2_A13::50,2021_Ref_Plot2_A13,Field2,test,6,7,0.08063219323319477,7.8711139687622325,0.04591420658051456,344,False,False
2021_Ref_Plot2_A13::57,2021_Ref_Plot2_A13,Field2,test,7,8,0.04893954694791205,8.477470319941869,0.01698051684659535,341,False,False
2021_Ref_Plot2_A13::65,2021_Ref_Plot2_A13,Field2,test,8,9,0.05652749702612939,9.249968059478773,0.03446506050236622,341,False,False
2021_Ref_Plot2_A13::69,2021_Ref_Plot2_A13,Field2,test,4,10,0.07992356452141965,10.041114217941738,0.04191385559539566,344,False,False
2021_Ref_Plot2_A13::71,2021_Ref_Plot2_A13,Field2,test,2,11,0.08910925655025932,8.552954108739973,0.0730133364288725,344,False,False
2021_Ref_Plot2_A13::76,2021_Ref_Plot2_A13,Field2,test,5,12,0.05295595014285739,10.00087485053073,0.025303686293292497,340,False,False
2021_Ref_Plot2_A13::80,2021_Ref_Plot2_A13,Field2,test,4,13,0.062435548943521414,7.627025143665971,0.036411506359421586,340,False,False
2021_Ref_Plot2_A13::85,2021_Ref_Plot2_A13,Field2,test,5,14,0.07621856285702971,8.279223001525951,0.04452960475816164,344,False,False
2021_Ref_Plot2_A15::8,2021_Ref_Plot2_A15,Field2,test,7,1,0.45473816201983447,22.75171720280936,0.04765352823280508,344,False,False
2021_Ref_Plot2_A15::16,2021_Ref_Plot2_A15,Field2,test,8,2,0.7194159833529111,28.513260987826623,0.2750076417817855,344,False,False
2021_Ref_Plot2_A15::22,2021_Ref_Plot2_A15,Field2,test,6,3,0.06493743722428884,13.106908145645678,0.007607195992865358,344,False,False
2021_Ref_Plot2_A15::27,2021_Ref_Plot2_A15,Field2,test,5,4,0.2109912288705452,13.972264566302734,0.05109133143822975,344,False,False
2021_Ref_Plot2_A15::35,2021_Ref_Plot2_A15,Field2,test,8,5,0.05160276978376995,9.48500378242345,0.015262489833668066,344,False,False
2021_Ref_Plot2_A15::44,2021_Ref_Plot2_A15,Field2,test,9,6,0.03381602410586982,8.164228704261367,0.0013844149515902467,344,False,False
2021_Ref_Plot2_A15::50,2021_Ref_Plot2_A15,Field2,test,6,7,0.07866471225589212,7.9576919169068585,0.04981316878175893,344,False,False
2021_Ref_Plot2_A15::57,2021_Ref_Plot2_A15,Field2,test,7,8,0.08514174930767067,8.78673480700651,0.05075053279809149,341,False,False
2021_Ref_Plot2_A15::65,2021_Ref_Plot2_A15,Field2,test,8,9,0.0821916679588301,9.50333239214811,0.0486981918674299,341,False,False
2021_Ref_Plot2_A15::69,2021_Ref_Plot2_A15,Field2,test,4,10,0.1199406932635621,10.813764593995725,0.0765732090934221,344,False,False
2021_Ref_Plot2_A15::71,2021_Ref_Plot2_A15,Field2,test,2,11,0.0502311682933014,7.729678937070117,0.054312699247604505,344,False,False
2021_Ref_Plot2_A15::76,2021_Ref_Plot2_A15,Field2,test,5,12,0.062022538631679024,9.881212234217534,0.017201211674157325,340,False,False
2021_Ref_Plot2_A15::80,2021_Ref_Plot2_A15,Field2,test,4,13,0.04384322931359929,6.5907751521845555,0.020266448076669163,340,False,False
2021_Ref_Plot2_A15::85,2021_Ref_Plot2_A15,Field2,test,5,14,0.10497404016972268,8.231136247506937,0.07270464597811677,344,False,False
2021_Ref_Plot2_B17::8,2021_Ref_Plot2_B17,Field2,test,7,1,0.47500599282237327,23.506353304137953,0.07675093391433443,344,False,False
2021_Ref_Plot2_B17::16,2021_Ref_Plot2_B17,Field2,test,8,2,0.7137180663310018,28.163472414555997,0.24784882842318018,344,False,False
2021_Ref_Plot2_B17::22,2021_Ref_Plot2_B17,Field2,test,6,3,0.1278418626688643,13.401498837566042,0.017007328651534294,344,False,False
2021_Ref_Plot2_B17::27,2021_Ref_Plot2_B17,Field2,test,5,4,0.2211593945835069,14.922708490202677,0.06993102832911481,344,False,False
2021_Ref_Plot2_B17::35,2021_Ref_Plot2_B17,Field2,test,8,5,0.056098293843538545,9.963889912718138,0.01665194014608055,344,False,False
2021_Ref_Plot2_B17::44,2021_Ref_Plot2_B17,Field2,test,9,6,0.034956363034011,8.329550042241728,0.012018540476798619,344,False,False
2021_Ref_Plot2_B17::50,2021_Ref_Plot2_B17,Field2,test,6,7,0.033205574037520676,7.315707297232548,0.025330069041016506,344,False,False
2021_Ref_Plot2_B17::57,2021_Ref_Plot2_B17,Field2,test,7,8,0.04836532138976498,8.53926422308391,0.034018054507817724,341,False,False
2021_Ref_Plot2_B17::65,2021_Ref_Plot2_B17,Field2,test,8,9,0.056661383061034465,8.497099328930688,0.03693806871532303,341,False,False
2021_Ref_Plot2_B17::69,2021_Ref_Plot2_B17,Field2,test,4,10,0.10315490989044186,10.748057365149409,0.04627527819227928,344,False,False
2021_Ref_Plot2_B17::71,2021_Ref_Plot2_B17,Field2,test,2,11,0.09105849309680834,8.404148236487694,0.06953105281845626,344,False,False
2021_Ref_Plot2_B17::76,2021_Ref_Plot2_B17,Field2,test,5,12,0.049933010049284854,8.499092210713027,0.004812453324231155,340,False,False
2021_Ref_Plot2_B17::80,2021_Ref_Plot2_B17,Field2,test,4,13,0.07948416534634867,7.146499388063089,0.034247741037075875,340,False,False
2021_Ref_Plot2_B17::85,2021_Ref_Plot2_B17,Field2,test,5,14,0.1468907084334805,8.916078403259334,0.10215608761055471,344,False,False
2021_Ref_Plot2_B4::8,2021_Ref_Plot2_B4,Field2,test,7,1,0.47807293638755005,22.928816976925326,0.05953411743971412,344,False,False
2021_Ref_Plot2_B4::16,2021_Ref_Plot2_B4,Field2,test,8,2,0.7191724388145736,28.351291785523966,0.2657372532182635,344,False,False
2021_Ref_Plot2_B4::22,2021_Ref_Plot2_B4,Field2,test,6,3,0.13405097978826183,13.759014210344073,0.01659935740176796,344,False,False
2021_Ref_Plot2_B4::27,2021_Ref_Plot2_B4,Field2,test,5,4,0.28809674634840926,15.258774044211659,0.11844652857666493,344,False,False
2021_Ref_Plot2_B4::35,2021_Ref_Plot2_B4,Field2,test,8,5,0.04294089690341407,10.294648929620976,0.001946427762057138,344,False,False
2021_Ref_Plot2_B4::44,2021_Ref_Plot2_B4,Field2,test,9,6,0.05534021785948192,10.059373880225015,0.014390087817322993,344,False,False
2021_Ref_Plot2_B4::50,2021_Ref_Plot2_B4,Field2,test,6,7,0.07910694013651381,8.217499230119868,0.04694492145322381,344,False,False
2021_Ref_Plot2_B4::57,2021_Ref_Plot2_B4,Field2,test,7,8,0.0668008099310284,8.967675369869415,0.03710538589913019,341,False,False
2021_Ref_Plot2_B4::65,2021_Ref_Plot2_B4,Field2,test,8,9,0.06129585843912146,8.580976168027727,0.03437788548337885,341,False,False
2021_Ref_Plot2_B4::69,2021_Ref_Plot2_B4,Field2,test,4,10,0.10189813586670758,10.442464983199253,0.07042844146384805,344,False,False
2021_Ref_Plot2_B4::71,2021_Ref_Plot2_B4,Field2,test,2,11,0.1103965674272014,9.266138385623586,0.0786025102492389,344,False,False
2021_Ref_Plot2_B4::76,2021_Ref_Plot2_B4,Field2,test,5,12,0.13623404089813543,11.377087208895915,0.058074944722918416,340,False,False
2021_Ref_Plot2_B4::80,2021_Ref_Plot2_B4,Field2,test,4,13,0.024522880127919686,6.979938434654789,0.01644207633605336,340,False,False
2021_Ref_Plot2_B4::85,2021_Ref_Plot2_B4,Field2,test,5,14,0.12560392269706136,8.48616741497182,0.06495922692887976,344,False,False
2021_Ref_Plot2_C1::8,2021_Ref_Plot2_C1,Field2,test,7,1,0.4502544935537213,22.22930979133418,0.04082172796127229,344,False,False
2021_Ref_Plot2_C1::16,2021_Ref_Plot2_C1,Field2,test,8,2,0.6983458965578038,27.303819875277604,0.26018419153333366,344,False,False
2021_Ref_Plot2_C1::22,2021_Ref_Plot2_C1,Field2,test,6,3,0.1833009959419913,13.98050852632345,0.047293403998055206,344,False,False
2021_Ref_Plot2_C1::27,2021_Ref_Plot2_C1,Field2,test,5,4,0.30913080233476453,14.451221452327088,0.12278135353866616,344,False,False
2021_Ref_Plot2_C1::35,2021_Ref_Plot2_C1,Field2,test,8,5,0.04759275730860135,9.977252455661516,0.01387324098035786,344,False,False
2021_Ref_Plot2_C1::44,2021_Ref_Plot2_C1,Field2,test,9,6,0.04300193965280913,9.393446199059767,0.012998918916812248,344,False,False
2021_Ref_Plot2_C1::50,2021_Ref_Plot2_C1,Field2,test,6,7,0.04557418514249343,7.649023274533216,0.02880083148053183,344,False,False
2021_Ref_Plot2_C1::57,2021_Ref_Plot2_C1,Field2,test,7,8,0.0672175959491919,8.803248013404438,0.039797936884814165,341,False,False
2021_Ref_Plot2_C1::65,2021_Ref_Plot2_C1,Field2,test,8,9,0.05521970000239299,8.039094064945397,0.02578851519141994,341,False,False
2021_Ref_Plot2_C1::69,2021_Ref_Plot2_C1,Field2,test,4,10,0.08460238065953003,10.785989157612716,0.050000614552284224,344,False,False
2021_Ref_Plot2_C1::71,2021_Ref_Plot2_C1,Field2,test,2,11,0.08750061270465442,7.9097336273827,0.07735904178210208,344,False,False
2021_Ref_Plot2_C1::76,2021_Ref_Plot2_C1,Field2,test,5,12,0.10257144168979081,11.57841752590323,0.034246944712472936,340,False,False
2021_Ref_Plot2_C1::80,2021_Ref_Plot2_C1,Field2,test,4,13,0.04482796074566717,7.654653343031436,0.026578445531223627,340,False,False
2021_Ref_Plot2_C1::85,2021_Ref_Plot2_C1,Field2,test,5,14,0.05493318166077791,8.130073912645331,0.03524298155913585,344,False,False
2021_Ref_Plot2_C10::8,2021_Ref_Plot2_C10,Field2,test,7,1,0.49304828764544134,22.93862161015848,0.06390451279644742,344,False,False
2021_Ref_Plot2_C10::16,2021_Ref_Plot2_C10,Field2,test,8,2,0.7099444622720791,27.5913638883633,0.2538105191781467,344,False,False
2021_Ref_Plot2_C10::22,2021_Ref_Plot2_C10,Field2,test,6,3,0.15060758284850684,13.601537819205587,0.03616749840898759,344,False,False
2021_Ref_Plot2_C10::27,2021_Ref_Plot2_C10,Field2,test,5,4,0.18915452476719416,13.41946542056083,0.04248949971489438,344,False,False
2021_Ref_Plot2_C10::35,2021_Ref_Plot2_C10,Field2,test,8,5,0.04381616828507306,9.297393034770833,0.0082528117558614,344,False,False
2021_Ref_Plot2_C10::44,2021_Ref_Plot2_C10,Field2,test,9,6,0.04939849453627681,8.664362733944714,0.010159935168094908,344,False,False
2021_Ref_Plot2_C10::50,2021_Ref_Plot2_C10,Field2,test,6,7,0.059867236717355436,7.640139065255297,0.03104046929456349,344,False,False
2021_Ref_Plot2_C10::57,2021_Ref_Plot2_C10,Field2,test,7,8,0.030264212559491983,8.240252439000805,0.031564351209055215,341,False,False
2021_Ref_Plot2_C10::65,2021_Ref_Plot2_C10,Field2,test,8,9,0.07363015401811003,8.229490266879594,0.05468132163399967,341,False,False
2021_Ref_Plot2_C10::69,2021_Ref_Plot2_C10,Field2,test,4,10,0.10050529554532119,10.738720184932776,0.060094735204031344,344,False,False
2021_Ref_Plot2_C10::71,2021_Ref_Plot2_C10,Field2,test,2,11,0.05852366197566802,7.719832483614324,0.042189122785758426,344,False,False
2021_Ref_Plot2_C10::76,2021_Ref_Plot2_C10,Field2,test,5,12,0.045012338425321145,9.822369976038678,0.017464044162709462,340,False,False
2021_Ref_Plot2_C10::80,2021_Ref_Plot2_C10,Field2,test,4,13,0.09601879900924963,8.233866930879923,0.04907692975372423,340,False,False
2021_Ref_Plot2_C10::85,2021_Ref_Plot2_C10,Field2,test,5,14,0.11832514538754431,8.696905956257014,0.09140629190679112,344,False,False
2021_Ref_Plot2_C16::8,2021_Ref_Plot2_C16,Field2,test,7,1,0.4991374894332182,23.243251221126485,0.06381256037271701,344,False,False
2021_Ref_Plot2_C16::16,2021_Ref_Plot2_C16,Field2,test,8,2,0.7082883776748158,27.992772118782128,0.24995866589896626,344,False,False
2021_Ref_Plot2_C16::22,2021_Ref_Plot2_C16,Field2,test,6,3,0.13010513966062034,13.463134849551299,0.022195365964068174,344,False,False
2021_Ref_Plot2_C16::27,2021_Ref_Plot2_C16,Field2,test,5,4,0.21787775305408555,14.529396269584725,0.05247415809625975,344,False,False
2021_Ref_Plot2_C16::35,2021_Ref_Plot2_C16,Field2,test,8,5,0.04597709955245171,9.673191356162489,0.007926434817310141,344,False,False
2021_Ref_Plot2_C16::44,2021_Ref_Plot2_C16,Field2,test,9,6,0.041316159081379915,8.4562426729962,0.019107557230942745,344,False,False
2021_Ref_Plot2_C16::50,2021_Ref_Plot2_C16,Field2,test,6,7,0.049499853005576265,7.6494675749942695,0.03193284151937163,344,False,False
2021_Ref_Plot2_C16::57,2021_Ref_Plot2_C16,Field2,test,7,8,0.030704385049773648,8.617265221963791,0.021346099150852615,341,False,False
2021_Ref_Plot2_C16::65,2021_Ref_Plot2_C16,Field2,test,8,9,0.04327776286002494,8.601458707665149,0.04197157747567366,341,False,False
2021_Ref_Plot2_C16::69,2021_Ref_Plot2_C16,Field2,test,4,10,0.06842911305672562,10.416786546004452,0.0433398853118107,344,False,False
2021_Ref_Plot2_C16::71,2021_Ref_Plot2_C16,Field2,test,2,11,0.07362154318621768,7.430176864558985,0.03823842835795189,344,False,False
2021_Ref_Plot2_C16::76,2021_Ref_Plot2_C16,Field2,test,5,12,0.07405629933236564,9.374639348144381,0.012664494599284782,340,False,False
2021_Ref_Plot2_C16::80,2021_Ref_Plot2_C16,Field2,test,4,13,0.056090646069447976,8.53618106618211,0.035771176587207985,340,False,False
2021_Ref_Plot2_C16::85,2021_Ref_Plot2_C16,Field2,test,5,14,0.1280531008688146,9.323248453966379,0.08135654635747804,344,False,False
2021_Ref_Plot2_C18::8,2021_Ref_Plot2_C18,Field2,test,7,1,0.49967525069112556,23.755649118126,0.06572342965444,344,False,False
2021_Ref_Plot2_C18::16,2021_Ref_Plot2_C18,Field2,test,8,2,0.6978796874748859,27.97509545587143,0.22541406765546682,344,False,False
2021_Ref_Plot2_C18::22,2021_Ref_Plot2_C18,Field2,test,6,3,0.13882029066248974,14.032281763664349,0.021141600094823538,344,False,False
2021_Ref_Plot2_C18::27,2021_Ref_Plot2_C18,Field2,test,5,4,0.19127552100851897,13.747299744209531,0.044973282432353566,344,False,False
2021_Ref_Plot2_C18::35,2021_Ref_Plot2_C18,Field2,test,8,5,0.05488490619901674,9.39112905677262,0.00832354602775055,344,False,False
2021_Ref_Plot2_C18::44,2021_Ref_Plot2_C18,Field2,test,9,6,0.050810932607522084,8.393186297079556,0.016193788584515423,344,False,False
2021_Ref_Plot2_C18::50,2021_Ref_Plot2_C18,Field2,test,6,7,0.05162633137572223,7.327944698135388,0.023095046128412615,344,False,False
2021_Ref_Plot2_C18::57,2021_Ref_Plot2_C18,Field2,test,7,8,0.03373777363917064,8.549935460600537,0.02880667552301595,341,False,False
2021_Ref_Plot2_C18::65,2021_Ref_Plot2_C18,Field2,test,8,9,0.05100397976945547,8.598238320187432,0.0277499762218519,341,False,False
2021_Ref_Plot2_C18::69,2021_Ref_Plot2_C18,Field2,test,4,10,0.0759838179706784,10.48728951896597,0.045699916928267886,344,False,False
2021_Ref_Plot2_C18::71,2021_Ref_Plot2_C18,Field2,test,2,11,0.06221408022797791,7.282240839514072,0.04904245435156262,344,False,False
2021_Ref_Plot2_C18::76,2021_Ref_Plot2_C18,Field2,test,5,12,0.0700628588678956,10.504594637352207,0.023235425421143825,340,False,False
2021_Ref_Plot2_C18::80,2021_Ref_Plot2_C18,Field2,test,4,13,0.04717477392377909,7.495132828327886,0.02147641624137024,340,False,False
2021_Ref_Plot2_C18::85,2021_Ref_Plot2_C18,Field2,test,5,14,0.07199324786981183,7.651135111463318,0.049416781092873646,344,False,False
2021_Ref_Plot2_C2::8,2021_Ref_Plot2_C2,Field2,test,7,1,0.47307030675331174,22.367642295916312,0.04659591925965435,344,False,False
2021_Ref_Plot2_C2::16,2021_Ref_Plot2_C2,Field2,test,8,2,0.7024449667902876,28.214723973661606,0.24843329288195412,344,False,False
2021_Ref_Plot2_C2::22,2021_Ref_Plot2_C2,Field2,test,6,3,0.14992513711491254,13.803456587609912,0.0300591491705911,344,False,False
2021_Ref_Plot2_C2::27,2021_Ref_Plot2_C2,Field2,test,5,4,0.3120738897779545,15.301124769013828,0.12516880676381642,344,False,False
2021_Ref_Plot2_C2::35,2021_Ref_Plot2_C2,Field2,test,8,5,0.06430998466510028,10.256552887839232,0.022782320280904406,344,False,False
2021_Ref_Plot2_C2::44,2021_Ref_Plot2_C2,Field2,test,9,6,0.04441439136935588,9.194294191566586,0.011120144112894406,344,False,False
2021_Ref_Plot2_C2::50,2021_Ref_Plot2_C2,Field2,test,6,7,0.05409803584028131,7.940453152861187,0.03892300441163493,344,False,False
2021_Ref_Plot2_C2::57,2021_Ref_Plot2_C2,Field2,test,7,8,0.07694568546877302,9.19622673443183,0.03523741767823537,341,False,False
2021_Ref_Plot2_C2::65,2021_Ref_Plot2_C2,Field2,test,8,9,0.06154121697939652,8.149789080025025,0.03024554281674735,341,False,False
2021_Ref_Plot2_C2::69,2021_Ref_Plot2_C2,Field2,test,4,10,0.12744505665931327,10.863699235011211,0.07135896130750255,344,False,False
2021_Ref_Plot2_C2::71,2021_Ref_Plot2_C2,Field2,test,2,11,0.06778420268624828,6.954056274466005,0.042615176549208704,344,False,False
2021_Ref_Plot2_C2::76,2021_Ref_Plot2_C2,Field2,test,5,12,0.09771025790212708,11.61805292949487,0.02701736967218571,340,False,False
2021_Ref_Plot2_C2::80,2021_Ref_Plot2_C2,Field2,test,4,13,0.06619420315702379,7.83066061029411,0.04323084325481786,340,False,False
2021_Ref_Plot2_C2::85,2021_Ref_Plot2_C2,Field2,test,5,14,0.061171898776188095,7.451459246329244,0.02542828119133162,344,False,False
2021_Ref_Plot2_C3::8,2021_Ref_Plot2_C3,Field2,test,7,1,0.471160407578578,22.72124960773706,0.04766035978192216,344,False,False
2021_Ref_Plot2_C3::16,2021_Ref_Plot2_C3,Field2,test,8,2,0.7163282108274133,28.69836986532098,0.2579797588052085,344,False,False
2021_Ref_Plot2_C3::22,2021_Ref_Plot2_C3,Field2,test,6,3,0.16227376267272417,13.093088835140543,0.04113698325460803,344,False,False
2021_Ref_Plot2_C3::27,2021_Ref_Plot2_C3,Field2,test,5,4,0.2955567242378208,15.510286758575171,0.1078903740158515,344,False,False
2021_Ref_Plot2_C3::35,2021_Ref_Plot2_C3,Field2,test,8,5,0.051601840938651444,10.357420336336922,0.007039886849335569,344,False,False
2021_Ref_Plot2_C3::44,2021_Ref_Plot2_C3,Field2,test,9,6,0.05265601498400191,9.57846207995188,0.009120140479470833,344,False,False
2021_Ref_Plot2_C3::50,2021_Ref_Plot2_C3,Field2,test,6,7,0.08646263212272964,8.641175627637379,0.0584742880660348,344,False,False
2021_Ref_Plot2_C3::57,2021_Ref_Plot2_C3,Field2,test,7,8,0.05843438439724986,9.18045385901108,0.023864589244538728,341,False,False
2021_Ref_Plot2_C3::65,2021_Ref_Plot2_C3,Field2,test,8,9,0.06888957315486204,8.440561174971325,0.033235665576157654,341,False,False
2021_Ref_Plot2_C3::69,2021_Ref_Plot2_C3,Field2,test,4,10,0.08728723768851672,10.658675826142607,0.04401771547715677,344,False,False
2021_Ref_Plot2_C3::71,2021_Ref_Plot2_C3,Field2,test,2,11,0.07537575221866571,8.274076871778602,0.052686686504308536,344,False,False
2021_Ref_Plot2_C3::76,2021_Ref_Plot2_C3,Field2,test,5,12,0.11239159187348495,11.524170084668464,0.05614062222493115,340,False,False
2021_Ref_Plot2_C3::80,2021_Ref_Plot2_C3,Field2,test,4,13,0.03936208546162019,7.942476167964969,0.03181528055593176,340,False,False
2021_Ref_Plot2_C3::85,2021_Ref_Plot2_C3,Field2,test,5,14,0.06075189141376349,7.915750425136451,0.034912379560193045,344,False,False
2021_Ref_Plot2_D12::8,2021_Ref_Plot2_D12,Field2,test,7,1,0.4626903572854701,24.420997838368294,0.049600703390451535,344,False,False
2021_Ref_Plot2_D12::16,2021_Ref_Plot2_D12,Field2,test,8,2,0.6959588559960254,28.000121814846295,0.2426606119220184,344,False,False
2021_Ref_Plot2_D12::22,2021_Ref_Plot2_D12,Field2,test,6,3,0.14372389161576235,13.29458216339904,0.03819813362357998,344,False,False
2021_Ref_Plot2_D12::27,2021_Ref_Plot2_D12,Field2,test,5,4,0.14879051040539515,13.088381367518906,0.04315922153373593,344,False,False
2021_Ref_Plot2_D12::35,2021_Ref_Plot2_D12,Field2,test,8,5,0.02941286927674644,9.127247127174126,0.010706775743163024,344,False,False
2021_Ref_Plot2_D12::44,2021_Ref_Plot2_D12,Field2,test,9,6,0.04581182338839802,8.881748159267072,0.01992139196791749,344,False,False
2021_Ref_Plot2_D12::50,2021_Ref_Plot2_D12,Field2,test,6,7,0.05282308070121277,7.948710574826329,0.04365741444777921,344,False,False
2021_Ref_Plot2_D12::57,2021_Ref_Plot2_D12,Field2,test,7,8,0.026836531313887926,8.787234322382854,0.01883474146553434,341,False,False
2021_Ref_Plot2_D12::65,2021_Ref_Plot2_D12,Field2,test,8,9,0.03793102094414854,8.129826814396502,0.02948082107454616,341,False,False
2021_Ref_Plot2_D12::69,2021_Ref_Plot2_D12,Field2,test,4,10,0.05431790384152158,10.539107482726815,0.024367363680616167,344,False,False
2021_Ref_Plot2_D12::71,2021_Ref_Plot2_D12,Field2,test,2,11,0.033883047169444465,7.3394221514032605,0.024972305113970934,344,False,False
2021_Ref_Plot2_D12::76,2021_Ref_Plot2_D12,Field2,test,5,12,0.06355953500996626,10.472917073713482,0.025492513164612707,340,False,False
2021_Ref_Plot2_D12::80,2021_Ref_Plot2_D12,Field2,test,4,13,0.06724946884665876,8.660140858319249,0.03505924599310163,340,False,False
2021_Ref_Plot2_D12::85,2021_Ref_Plot2_D12,Field2,test,5,14,0.03713541568684343,8.239902312913461,0.022835521963517697,344,False,False
2021_Ref_Plot2_D5::8,2021_Ref_Plot2_D5,Field2,test,7,1,0.4468254048649148,24.31493641495689,0.04832557137414393,344,False,False
2021_Ref_Plot2_D5::16,2021_Ref_Plot2_D5,Field2,test,8,2,0.70090230004207,28.410846984997757,0.24074708267716727,344,False,False
2021_Ref_Plot2_D5::22,2021_Ref_Plot2_D5,Field2,test,6,3,0.20789884614562584,13.578271358662526,0.06588593500241545,344,False,False
2021_Ref_Plot2_D5::27,2021_Ref_Plot2_D5,Field2,test,5,4,0.22756617773667506,13.919949614742666,0.0962947311637565,344,False,False
2021_Ref_Plot2_D5::35,2021_Ref_Plot2_D5,Field2,test,8,5,0.03183164765266384,9.223460130792743,0.012535132753621236,344,False,False
2021_Ref_Plot2_D5::44,2021_Ref_Plot2_D5,Field2,test,9,6,0.023181948224898385,8.500868362614746,0.004892710989776079,344,False,False
2021_Ref_Plot2_D5::50,2021_Ref_Plot2_D5,Field2,test,6,7,0.02468502989257103,7.5687987240396195,0.026952704124331286,344,False,False
2021_Ref_Plot2_D5::57,2021_Ref_Plot2_D5,Field2,test,7,8,0.026442364329621142,8.609506079914233,0.028095467392232603,341,False,False
2021_Ref_Plot2_D5::65,2021_Ref_Plot2_D5,Field2,test,8,9,0.05500303194333136,7.839708844158099,0.020295407351375316,341,False,False
2021_Ref_Plot2_D5::69,2021_Ref_Plot2_D5,Field2,test,4,10,0.05200069834999713,10.485620744092474,0.019585997112473975,344,False,False
2021_Ref_Plot2_D5::71,2021_Ref_Plot2_D5,Field2,test,2,11,0.08520043951878176,9.032792872256781,0.06718862321123015,344,False,False
2021_Ref_Plot2_D5::76,2021_Ref_Plot2_D5,Field2,test,5,12,0.061232816477621486,10.546768519679354,0.021930058684329626,340,False,False
2021_Ref_Plot2_D5::80,2021_Ref_Plot2_D5,Field2,test,4,13,0.04346480941540931,7.978733683043484,0.030226640607295432,340,False,False
2021_Ref_Plot2_D5::85,2021_Ref_Plot2_D5,Field2,test,5,14,0.0438783076532858,8.517697701456862,0.04690785742740365,344,False,False
2021_Ref_Plot2_E1::8,2021_Ref_Plot2_E1,Field2,test,7,1,0.4805462885270783,23.42463653294018,0.0682317137384357,344,False,False
2021_Ref_Plot2_E1::16,2021_Ref_Plot2_E1,Field2,test,8,2,0.6637179356398347,27.248268447794487,0.22707248728506696,344,False,False
2021_Ref_Plot2_E1::22,2021_Ref_Plot2_E1,Field2,test,6,3,0.13483538564605527,13.30950464094899,0.03952908057294057,344,False,False
2021_Ref_Plot2_E1::27,2021_Ref_Plot2_E1,Field2,test,5,4,0.12294242635195275,12.695413373158992,0.03576492802392092,344,False,False
2021_Ref_Plot2_E1::35,2021_Ref_Plot2_E1,Field2,test,8,5,0.03400397331914829,9.513156278842091,0.0056868035734221065,344,False,False
2021_Ref_Plot2_E1::44,2021_Ref_Plot2_E1,Field2,test,9,6,0.03302231713310185,8.848432707749588,0.0061586004055038945,344,False,False
2021_Ref_Plot2_E1::50,2021_Ref_Plot2_E1,Field2,test,6,7,0.03402541211576593,7.837710573409305,0.020003870929347127,344,False,False
2021_Ref_Plot2_E1::57,2021_Ref_Plot2_E1,Field2,test,7,8,0.02817577887896348,8.795154446117463,0.007688770324340504,341,False,False
2021_Ref_Plot2_E1::65,2021_Ref_Plot2_E1,Field2,test,8,9,0.039825928921452536,7.890969978513391,0.01972900601437631,341,False,False
2021_Ref_Plot2_E1::69,2021_Ref_Plot2_E1,Field2,test,4,10,0.04231830321221646,10.19954391576853,0.022804530465805176,344,False,False
2021_Ref_Plot2_E1::71,2021_Ref_Plot2_E1,Field2,test,2,11,0.04088765397226053,7.085090613084991,0.02952062435383104,344,False,False
2021_Ref_Plot2_E1::76,2021_Ref_Plot2_E1,Field2,test,5,12,0.04082921750667722,10.654965413660744,0.009554293765963503,340,False,False
2021_Ref_Plot2_E1::80,2021_Ref_Plot2_E1,Field2,test,4,13,0.025526168447624172,8.133810111908765,0.0179508419795175,340,False,False
2021_Ref_Plot2_E1::85,2021_Ref_Plot2_E1,Field2,test,5,14,0.022366679153176822,7.604490936588862,0.009257395785731334,344,False,False
2021_Ref_Plot2_E18::8,2021_Ref_Plot2_E18,Field2,test,7,1,0.4620793257041282,23.290071450448995,0.051229238617900005,344,False,False
2021_Ref_Plot2_E18::16,2021_Ref_Plot2_E18,Field2,test,8,2,0.6534991732572536,26.67320284639972,0.19323366235472778,344,False,False
2021_Ref_Plot2_E18::22,2021_Ref_Plot2_E18,Field2,test,6,3,0.11635490879225148,12.700455506785284,0.029080612735306523,344,False,False
2021_Ref_Plot2_E18::27,2021_Ref_Plot2_E18,Field2,test,5,4,0.13238591285984921,13.31006806266573,0.02264461800512267,344,False,False
2021_Ref_Plot2_E18::35,2021_Ref_Plot2_E18,Field2,test,8,5,0.04471628961404663,10.468864124345195,0.011146726620783793,344,False,False
2021_Ref_Plot2_E18::44,2021_Ref_Plot2_E18,Field2,test,9,6,0.03211734781096407,9.269054731563335,0.01709228815878833,344,False,False
2021_Ref_Plot2_E18::50,2021_Ref_Plot2_E18,Field2,test,6,7,0.01957529193376979,7.8373897287453005,0.0210912729339331,344,False,False
2021_Ref_Plot2_E18::57,2021_Ref_Plot2_E18,Field2,test,7,8,0.039214181034782004,8.86393948256484,0.02178166817558105,341,False,False
2021_Ref_Plot2_E18::65,2021_Ref_Plot2_E18,Field2,test,8,9,0.023287346889227702,7.844118040719298,0.021278057602889654,341,False,False
2021_Ref_Plot2_E18::69,2021_Ref_Plot2_E18,Field2,test,4,10,0.04408369740037044,10.573583284440911,0.02549783860094213,344,False,False
2021_Ref_Plot2_E18::71,2021_Ref_Plot2_E18,Field2,test,2,11,0.04511257893606079,8.223863920637518,0.03719659581919142,344,False,False
2021_Ref_Plot2_E18::76,2021_Ref_Plot2_E18,Field2,test,5,12,0.03472451924160697,9.618283241514401,0.016601062649540463,340,False,False
2021_Ref_Plot2_E18::80,2021_Ref_Plot2_E18,Field2,test,4,13,0.0382234324222577,8.003965206624157,0.015073717613172987,340,False,False
2021_Ref_Plot2_E18::85,2021_Ref_Plot2_E18,Field2,test,5,14,0.018463573830725995,7.96797490584494,0.013053106749037577,344,False,False
2021_Ref_Plot2_E7::8,2021_Ref_Plot2_E7,Field2,test,7,1,0.4477902003728314,22.88045682085404,0.03969588761346574,344,False,False
2021_Ref_Plot2_E7::16,2021_Ref_Plot2_E7,Field2,test,8,2,0.5786208918033623,25.68610645939542,0.1182559485836316,344,False,False
2021_Ref_Plot2_E7::22,2021_Ref_Plot2_E7,Field2,test,6,3,0.12068834111293568,12.38474976254151,0.029089300279825,344,False,False
2021_Ref_Plot2_E7::27,2021_Ref_Plot2_E7,Field2,test,5,4,0.15074562045705553,13.926429997196879,0.0571192087186392,344,False,False
2021_Ref_Plot2_E7::35,2021_Ref_Plot2_E7,Field2,test,8,5,0.043106683503897285,9.996604736470822,0.013198328570706788,344,False,False
2021_Ref_Plot2_E7::44,2021_Ref_Plot2_E7,Field2,test,9,6,0.03412713053714774,8.966943484365345,0.01453359191425016,344,False,False
2021_Ref_Plot2_E7::50,2021_Ref_Plot2_E7,Field2,test,6,7,0.032523159184432125,8.045997830710387,0.01812210853142626,344,False,False
2021_Ref_Plot2_E7::57,2021_Ref_Plot2_E7,Field2,test,7,8,0.031600999164643095,8.798504823470143,0.019288540922774943,341,False,False
2021_Ref_Plot2_E7::65,2021_Ref_Plot2_E7,Field2,test,8,9,0.015225825543328691,7.339916212880882,0.012319388652894878,341,False,False
2021_Ref_Plot2_E7::69,2021_Ref_Plot2_E7,Field2,test,4,10,0.04166341319187426,10.152887860088766,0.01690277854524474,344,False,False
2021_Ref_Plot2_E7::71,2021_Ref_Plot2_E7,Field2,test,2,11,0.028179410891535892,7.836314263177238,0.03420635583011415,344,False,False
2021_Ref_Plot2_E7::76,2021_Ref_Plot2_E7,Field2,test,5,12,0.052607632403762976,10.664441560785969,0.021992215117216826,340,False,False
2021_Ref_Plot2_E7::80,2021_Ref_Plot2_E7,Field2,test,4,13,0.015420108893921564,8.118884418368665,0.015150323368063469,340,False,False
2021_Ref_Plot2_E7::85,2021_Ref_Plot2_E7,Field2,test,5,14,0.029220192620895296,8.385618319609334,0.0222353349399789,344,False,False
2021_Ref_Plot3_A6::8,2021_Ref_Plot3_A6,Field2,test,7,1,0.4905359467748836,23.946972791713364,0.06745148866235474,344,False,False
2021_Ref_Plot3_A6::16,2021_Ref_Plot3_A6,Field2,test,8,2,0.7380453759851848,29.049962989094197,0.29089254223106564,344,False,False
2021_Ref_Plot3_A6::22,2021_Ref_Plot3_A6,Field2,test,6,3,0.11007657901076005,13.383052569451745,0.01502576000200836,344,False,False
2021_Ref_Plot3_A6::27,2021_Ref_Plot3_A6,Field2,test,5,4,0.15379545739774295,13.776857502035796,0.03351027155834845,344,False,False
2021_Ref_Plot3_A6::35,2021_Ref_Plot3_A6,Field2,test,8,5,0.055721332800915735,9.56326920038529,0.006293678148736501,344,False,False
2021_Ref_Plot3_A6::44,2021_Ref_Plot3_A6,Field2,test,9,6,0.032093099191336495,7.595057718594278,0.008137844367619688,344,False,False
2021_Ref_Plot3_A6::50,2021_Ref_Plot3_A6,Field2,test,6,7,0.049873152112738406,7.413463297427886,0.02141414965951695,344,False,False
2021_Ref_Plot3_A6::57,2021_Ref_Plot3_A6,Field2,test,7,8,0.05572243573604582,8.245872983273976,0.030272061634738036,341,False,False
2021_Ref_Plot3_A6::65,2021_Ref_Plot3_A6,Field2,test,8,9,0.04600536319502419,8.813155532066144,0.014870164235924592,341,False,False
2021_Ref_Plot3_A6::69,2021_Ref_Plot3_A6,Field2,test,4,10,0.12623431237347038,10.777476691742184,0.06965147126541422,344,False,False
2021_Ref_Plot3_A6::71,2021_Ref_Plot3_A6,Field2,test,2,11,0.10124782360560386,8.655633655914563,0.0727169485252444,344,False,False
2021_Ref_Plot3_A6::76,2021_Ref_Plot3_A6,Field2,test,5,12,0.07279756290039668,10.448445636863397,0.02945252831352192,340,False,False
2021_Ref_Plot3_A6::80,2021_Ref_Plot3_A6,Field2,test,4,13,0.0458529525057762,7.020320194217287,0.020492218926589832,340,False,False
2021_Ref_Plot3_A6::85,2021_Ref_Plot3_A6,Field2,test,5,14,0.07653122568143211,7.831016704133963,0.037476902825731954,344,False,False
2021_Ref_Plot3_A7::8,2021_Ref_Plot3_A7,Field2,test,7,1,0.4921966514595719,23.60453586987555,0.0656580713847923,344,False,False
2021_Ref_Plot3_A7::16,2021_Ref_Plot3_A7,Field2,test,8,2,0.7612082054490664,28.91911640445271,0.32258252868722703,344,False,False
2021_Ref_Plot3_A7::22,2021_Ref_Plot3_A7,Field2,test,6,3,0.12164093350880605,13.49611970626777,0.014198687500280211,344,False,False
2021_Ref_Plot3_A7::27,2021_Ref_Plot3_A7,Field2,test,5,4,0.19627608926237528,14.012600724827971,0.046983129185275356,344,False,False
2021_Ref_Plot3_A7::35,2021_Ref_Plot3_A7,Field2,test,8,5,0.04267805730394083,9.315410039618792,0.0015458098178283012,344,False,False
2021_Ref_Plot3_A7::44,2021_Ref_Plot3_A7,Field2,test,9,6,0.032840702235597465,7.169933192365438,0.004553833670091642,344,False,False
2021_Ref_Plot3_A7::50,2021_Ref_Plot3_A7,Field2,test,6,7,0.06061034467305798,7.789034416440767,0.034467488655818744,344,False,False
2021_Ref_Plot3_A7::57,2021_Ref_Plot3_A7,Field2,test,7,8,0.050980195392068606,8.316403075208346,0.029851419456231373,341,False,False
2021_Ref_Plot3_A7::65,2021_Ref_Plot3_A7,Field2,test,8,9,0.03773055411382203,8.49472259482779,0.014099975298527311,341,False,False
2021_Ref_Plot3_A7::69,2021_Ref_Plot3_A7,Field2,test,4,10,0.11028625994987641,10.741909578057117,0.05717378794649258,344,False,False
2021_Ref_Plot3_A7::71,2021_Ref_Plot3_A7,Field2,test,2,11,0.08010437569283496,8.454171153892702,0.07104058149596863,344,False,False
2021_Ref_Plot3_A7::76,2021_Ref_Plot3_A7,Field2,test,5,12,0.04615129161735355,9.410942044618398,0.010576259950656506,340,False,False
2021_Ref_Plot3_A7::80,2021_Ref_Plot3_A7,Field2,test,4,13,0.04927659808672611,7.575657680781868,0.02467903218503491,340,False,False
2021_Ref_Plot3_A7::85,2021_Ref_Plot3_A7,Field2,test,5,14,0.07615547648205281,8.497795109107798,0.05864583620179393,344,False,False
2021_Ref_Plot3_B1::8,2021_Ref_Plot3_B1,Field2,test,7,1,0.4602106751013588,23.859771194689685,0.06112172293396096,344,False,False
2021_Ref_Plot3_B1::16,2021_Ref_Plot3_B1,Field2,test,8,2,0.7412139341617197,28.56662328837679,0.2752798623789793,344,False,False
2021_Ref_Plot3_B1::22,2021_Ref_Plot3_B1,Field2,test,6,3,0.11909877049305573,13.218074511069027,0.017246928573328525,344,False,False
2021_Ref_Plot3_B1::27,2021_Ref_Plot3_B1,Field2,test,5,4,0.18981611124623488,14.519729787134315,0.04671929445113729,344,False,False
2021_Ref_Plot3_B1::35,2021_Ref_Plot3_B1,Field2,test,8,5,0.05460760468370788,10.040562083518411,0.01495026514690598,344,False,False
2021_Ref_Plot3_B1::44,2021_Ref_Plot3_B1,Field2,test,9,6,0.04929938695189382,7.07269536234703,0.005201155289469656,344,False,False
2021_Ref_Plot3_B1::50,2021_Ref_Plot3_B1,Field2,test,6,7,0.07858676723550544,7.994540606086124,0.047365275093587705,344,False,False
2021_Ref_Plot3_B1::57,2021_Ref_Plot3_B1,Field2,test,7,8,0.07548800393117373,8.91504236944767,0.0350886254627585,341,False,False
2021_Ref_Plot3_B1::65,2021_Ref_Plot3_B1,Field2,test,8,9,0.05079295851490386,8.392946657531272,0.017096946018156277,341,False,False
2021_Ref_Plot3_B1::69,2021_Ref_Plot3_B1,Field2,test,4,10,0.10557277091868696,10.05703810889317,0.055737416715918274,344,False,False
2021_Ref_Plot3_B1::71,2021_Ref_Plot3_B1,Field2,test,2,11,0.12429805005463317,9.032702249160948,0.0874807704244175,344,False,False
2021_Ref_Plot3_B1::76,2021_Ref_Plot3_B1,Field2,test,5,12,0.07780188197188802,9.929685045330336,0.03129619329893505,340,False,False
2021_Ref_Plot3_B1::80,2021_Ref_Plot3_B1,Field2,test,4,13,0.04868977778880713,6.902727458615534,0.009662070932577028,340,False,False
2021_Ref_Plot3_B1::85,2021_Ref_Plot3_B1,Field2,test,5,14,0.04356371440757607,7.214757126140292,0.02311389267469875,344,False,False
2021_Ref_Plot3_B10::8,2021_Ref_Plot3_B10,Field2,test,7,1,0.5009197938745533,24.361634813925946,0.054896488563198315,344,False,False
2021_Ref_Plot3_B10::16,2021_Ref_Plot3_B10,Field2,test,8,2,0.763327828651366,29.0018623740827,0.30404831501741053,344,False,False
2021_Ref_Plot3_B10::22,2021_Ref_Plot3_B10,Field2,test,6,3,0.12072408741658676,13.189595832940368,0.02241002774591439,344,False,False
2021_Ref_Plot3_B10::27,2021_Ref_Plot3_B10,Field2,test,5,4,0.22568968548362503,15.422837007841878,0.07527421422282185,344,False,False
2021_Ref_Plot3_B10::35,2021_Ref_Plot3_B10,Field2,test,8,5,0.07308655587113702,10.279552747614275,0.012111501151042765,344,False,False
2021_Ref_Plot3_B10::44,2021_Ref_Plot3_B10,Field2,test,9,6,0.05366977199975253,7.2393623186398735,0.004147070391771285,344,False,False
2021_Ref_Plot3_B10::50,2021_Ref_Plot3_B10,Field2,test,6,7,0.09500221796149083,8.281986862955362,0.0553572508060554,344,False,False
2021_Ref_Plot3_B10::57,2021_Ref_Plot3_B10,Field2,test,7,8,0.05787474008360447,8.108281081698534,0.026175691961849833,341,False,False
2021_Ref_Plot3_B10::65,2021_Ref_Plot3_B10,Field2,test,8,9,0.0407234246730443,8.127726080995656,0.013333500249249513,341,False,False
2021_Ref_Plot3_B10::69,2021_Ref_Plot3_B10,Field2,test,4,10,0.08080286790732129,10.035752662082178,0.04282908835148081,344,False,False
2021_Ref_Plot3_B10::71,2021_Ref_Plot3_B10,Field2,test,2,11,0.0698489115531585,8.847743114026052,0.06728863346825789,344,False,False
2021_Ref_Plot3_B10::76,2021_Ref_Plot3_B10,Field2,test,5,12,0.10023069481305807,10.626050573733842,0.04453560078632028,340,False,False
2021_Ref_Plot3_B10::80,2021_Ref_Plot3_B10,Field2,test,4,13,0.02750396716908307,7.188440499660413,0.015206907452516532,340,False,False
2021_Ref_Plot3_B10::85,2021_Ref_Plot3_B10,Field2,test,5,14,0.12407430973956239,8.831104912599352,0.06795343080030294,344,False,False
2021_Ref_Plot3_B12::8,2021_Ref_Plot3_B12,Field2,test,7,1,0.5023853421771093,24.61048184413706,0.046057789162238794,344,False,False
2021_Ref_Plot3_B12::16,2021_Ref_Plot3_B12,Field2,test,8,2,0.7603500124069121,28.763846800640888,0.29915631744258664,344,False,False
2021_Ref_Plot3_B12::22,2021_Ref_Plot3_B12,Field2,test,6,3,0.13449928195026337,13.109215670778596,0.01851683346310456,344,False,False
2021_Ref_Plot3_B12::27,2021_Ref_Plot3_B12,Field2,test,5,4,0.20251561426230866,14.681966262328398,0.05618398041390441,344,False,False
2021_Ref_Plot3_B12::35,2021_Ref_Plot3_B12,Field2,test,8,5,0.0499374799080822,10.16252663931748,0.005797721811544146,344,False,False
2021_Ref_Plot3_B12::44,2021_Ref_Plot3_B12,Field2,test,9,6,0.04996758343010558,7.048097409727906,0.0009803857798850203,344,False,False
2021_Ref_Plot3_B12::50,2021_Ref_Plot3_B12,Field2,test,6,7,0.0700793070949805,8.103424942522954,0.04341515033925785,344,False,False
2021_Ref_Plot3_B12::57,2021_Ref_Plot3_B12,Field2,test,7,8,0.05808276247486321,8.496524419288619,0.03035846495092184,341,False,False
2021_Ref_Plot3_B12::65,2021_Ref_Plot3_B12,Field2,test,8,9,0.03584534052123294,8.140659731296418,0.015411848231944702,341,False,False
2021_Ref_Plot3_B12::69,2021_Ref_Plot3_B12,Field2,test,4,10,0.06738011047205444,10.22289190717385,0.03650866580370965,344,False,False
2021_Ref_Plot3_B12::71,2021_Ref_Plot3_B12,Field2,test,2,11,0.06425596237648436,8.56328981651841,0.051355571246667876,344,False,False
2021_Ref_Plot3_B12::76,2021_Ref_Plot3_B12,Field2,test,5,12,0.058211761281855824,10.051716783118705,0.01913646464531312,340,False,False
2021_Ref_Plot3_B12::80,2021_Ref_Plot3_B12,Field2,test,4,13,0.0481299523767097,7.6517355452039375,0.029053184266864967,340,False,False
2021_Ref_Plot3_B12::85,2021_Ref_Plot3_B12,Field2,test,5,14,0.053715333377309195,7.8746762113202715,0.027331094653799768,344,False,False
2021_Ref_Plot3_B17::8,2021_Ref_Plot3_B17,Field2,test,7,1,0.49573024976612823,24.867986430841334,0.03302501553549706,344,False,False
2021_Ref_Plot3_B17::16,2021_Ref_Plot3_B17,Field2,test,8,2,0.7449811972347975,28.95553873607919,0.2775717778827264,344,False,False
2021_Ref_Plot3_B17::22,2021_Ref_Plot3_B17,Field2,test,6,3,0.12386663090203227,12.617119342746047,0.020851324726075288,344,False,False
2021_Ref_Plot3_B17::27,2021_Ref_Plot3_B17,Field2,test,5,4,0.17389464878349767,14.137285214055662,0.04477178307110524,344,False,False
2021_Ref_Plot3_B17::35,2021_Ref_Plot3_B17,Field2,test,8,5,0.06262133423516997,10.267401105292372,0.011189778365362989,344,False,False
2021_Ref_Plot3_B17::44,2021_Ref_Plot3_B17,Field2,test,9,6,0.030572286562572295,7.191859601518743,0.0006761360189098961,344,False,False
2021_Ref_Plot3_B17::50,2021_Ref_Plot3_B17,Field2,test,6,7,0.044365701075630815,7.109381587585936,0.02210473356676748,344,False,False
2021_Ref_Plot3_B17::57,2021_Ref_Plot3_B17,Field2,test,7,8,0.04456913397113065,7.869649008543437,0.032696847121630394,341,False,False
2021_Ref_Plot3_B17::65,2021_Ref_Plot3_B17,Field2,test,8,9,0.05496621361958498,8.01423446574373,0.02340718794766673,341,False,False
2021_Ref_Plot3_B17::69,2021_Ref_Plot3_B17,Field2,test,4,10,0.12810538309869035,10.327850170233132,0.07792313599040611,344,False,False
2021_Ref_Plot3_B17::71,2021_Ref_Plot3_B17,Field2,test,2,11,0.10664017836886468,8.306430183924192,0.07342522781335337,344,False,False
2021_Ref_Plot3_B17::76,2021_Ref_Plot3_B17,Field2,test,5,12,0.05608979660087824,8.73755106559652,0.010985999749496461,340,False,False
2021_Ref_Plot3_B17::80,2021_Ref_Plot3_B17,Field2,test,4,13,0.05975799079337585,7.697080230091369,0.027044730655703796,340,False,False
2021_Ref_Plot3_B17::85,2021_Ref_Plot3_B17,Field2,test,5,14,0.0662754164481916,7.980152309500324,0.04554345975899154,344,False,False
2021_Ref_Plot3_B3::8,2021_Ref_Plot3_B3,Field2,test,7,1,0.4957170673354856,24.31678938496246,0.07225593088709441,344,False,False
2021_Ref_Plot3_B3::16,2021_Ref_Plot3_B3,Field2,test,8,2,0.7547335277851644,29.066057838666616,0.2928572043731792,344,False,False
2021_Ref_Plot3_B3::22,2021_Ref_Plot3_B3,Field2,test,6,3,0.09820147192108813,13.111454386135872,0.014835728987485418,344,False,False
2021_Ref_Plot3_B3::27,2021_Ref_Plot3_B3,Field2,test,5,4,0.18397184627765525,14.168229536867853,0.050717555062399326,344,False,False
2021_Ref_Plot3_B3::35,2021_Ref_Plot3_B3,Field2,test,8,5,0.0619779955097825,10.306812760728617,0.0172212653989244,344,False,False
2021_Ref_Plot3_B3::44,2021_Ref_Plot3_B3,Field2,test,9,6,0.05008230395082775,8.085044721852007,0.006625349896239254,344,False,False
2021_Ref_Plot3_B3::50,2021_Ref_Plot3_B3,Field2,test,6,7,0.05785316299001597,7.750980834067755,0.03195320033461199,344,False,False
2021_Ref_Plot3_B3::57,2021_Ref_Plot3_B3,Field2,test,7,8,0.07668865251257537,9.160523890057373,0.060547946202641346,341,False,False
2021_Ref_Plot3_B3::65,2021_Ref_Plot3_B3,Field2,test,8,9,0.07210945797865992,9.161474999496216,0.04273124617380313,341,False,False
2021_Ref_Plot3_B3::69,2021_Ref_Plot3_B3,Field2,test,4,10,0.09884770508783748,10.686997777922118,0.053808707228778625,344,False,False
2021_Ref_Plot3_B3::71,2021_Ref_Plot3_B3,Field2,test,2,11,0.05778158305819877,7.549039974544103,0.05269716345841428,344,False,False
2021_Ref_Plot3_B3::76,2021_Ref_Plot3_B3,Field2,test,5,12,0.08340161673756602,9.928193798168643,0.030094010774675203,340,False,False
2021_Ref_Plot3_B3::80,2021_Ref_Plot3_B3,Field2,test,4,13,0.0430419007367718,7.44775981147892,0.026139484025159546,340,False,False
2021_Ref_Plot3_B3::85,2021_Ref_Plot3_B3,Field2,test,5,14,0.06393569882337487,7.38185253341703,0.03627066739441251,344,False,False
2021_Ref_Plot3_B6::8,2021_Ref_Plot3_B6,Field2,test,7,1,0.5055568202982649,24.066455204725013,0.0674267337010348,344,False,False
2021_Ref_Plot3_B6::16,2021_Ref_Plot3_B6,Field2,test,8,2,0.7514969740115611,28.81798055886016,0.2831654953611125,344,False,False
2021_Ref_Plot3_B6::22,2021_Ref_Plot3_B6,Field2,test,6,3,0.13635432148746987,13.559654863745328,0.02407509777776122,344,False,False
2021_Ref_Plot3_B6::27,2021_Ref_Plot3_B6,Field2,test,5,4,0.2114074869891113,14.852363355339598,0.06910482748684828,344,False,False
2021_Ref_Plot3_B6::35,2021_Ref_Plot3_B6,Field2,test,8,5,0.06464189463915666,10.528978088439477,0.009235457522491547,344,False,False
2021_Ref_Plot3_B6::44,2021_Ref_Plot3_B6,Field2,test,9,6,0.04575052471741057,7.143604712813895,0.0022184615359115713,344,False,False
2021_Ref_Plot3_B6::50,2021_Ref_Plot3_B6,Field2,test,6,7,0.08227342584421377,8.03819001788002,0.056586400252957844,344,False,False
2021_Ref_Plot3_B6::57,2021_Ref_Plot3_B6,Field2,test,7,8,0.05039749096388745,8.365907685319394,0.018132234720015142,341,False,False
2021_Ref_Plot3_B6::65,2021_Ref_Plot3_B6,Field2,test,8,9,0.07004112935697321,9.015778617143425,0.04917780299237202,341,False,False
2021_Ref_Plot3_B6::69,2021_Ref_Plot3_B6,Field2,test,4,10,0.15866764914532447,11.498775600997064,0.09686631556953804,344,False,False
2021_Ref_Plot3_B6::71,2021_Ref_Plot3_B6,Field2,test,2,11,0.0999107488715255,8.910766102756213,0.0710010559243058,344,False,False
2021_Ref_Plot3_B6::76,2021_Ref_Plot3_B6,Field2,test,5,12,0.11095887557111885,10.959956682065613,0.040221612925073286,340,False,False
2021_Ref_Plot3_B6::80,2021_Ref_Plot3_B6,Field2,test,4,13,0.04163749155546394,6.967671207583318,0.01866208833592724,340,False,False
2021_Ref_Plot3_B6::85,2021_Ref_Plot3_B6,Field2,test,5,14,0.08898774144285203,7.6765734910184396,0.04768833477084527,344,False,False
2021_Ref_Plot3_B7::8,2021_Ref_Plot3_B7,Field2,test,7,1,0.5065804147672237,24.05796328444014,0.05602348331184154,344,False,False
2021_Ref_Plot3_B7::16,2021_Ref_Plot3_B7,Field2,test,8,2,0.737053977689509,28.23398345626802,0.2618378794824565,344,False,False
2021_Ref_Plot3_B7::22,2021_Ref_Plot3_B7,Field2,test,6,3,0.1213118661746712,13.560990506897756,0.019955458204379065,344,False,False
2021_Ref_Plot3_B7::27,2021_Ref_Plot3_B7,Field2,test,5,4,0.20263197157893117,14.720671996840872,0.060515061001575554,344,False,False
2021_Ref_Plot3_B7::35,2021_Ref_Plot3_B7,Field2,test,8,5,0.057285955706557305,10.144154657367695,0.012511430629590911,344,False,False
2021_Ref_Plot3_B7::44,2021_Ref_Plot3_B7,Field2,test,9,6,0.04859685779821681,7.550800665947191,0.008195228712591825,344,False,False
2021_Ref_Plot3_B7::50,2021_Ref_Plot3_B7,Field2,test,6,7,0.07758848320376509,8.355958770972112,0.05342159441876098,344,False,False
2021_Ref_Plot3_B7::57,2021_Ref_Plot3_B7,Field2,test,7,8,0.048689458217700356,8.426860934855657,0.03247043008088441,341,False,False
2021_Ref_Plot3_B7::65,2021_Ref_Plot3_B7,Field2,test,8,9,0.06348305828687321,8.5414602386442,0.03814176683734214,341,False,False
2021_Ref_Plot3_B7::69,2021_Ref_Plot3_B7,Field2,test,4,10,0.1203716099982645,10.913985884857457,0.07303157161706386,344,False,False
2021_Ref_Plot3_B7::71,2021_Ref_Plot3_B7,Field2,test,2,11,0.08799233287213508,8.734823701209951,0.07908059475787366,344,False,False
2021_Ref_Plot3_B7::76,2021_Ref_Plot3_B7,Field2,test,5,12,0.08268671382772728,10.40802375740618,0.028177506653331696,340,False,False
2021_Ref_Plot3_B7::80,2021_Ref_Plot3_B7,Field2,test,4,13,0.04611020731180274,7.748030036036635,0.021405758764535127,340,False,False
2021_Ref_Plot3_B7::85,2021_Ref_Plot3_B7,Field2,test,5,14,0.08646520509332045,8.239375006971422,0.04858217336695949,344,False,False
2021_Ref_Plot3_B8::8,2021_Ref_Plot3_B8,Field2,test,7,1,0.4995909711195159,24.359392387674824,0.044351526196203264,344,False,False
2021_Ref_Plot3_B8::16,2021_Ref_Plot3_B8,Field2,test,8,2,0.7474680097322971,28.720331336620475,0.26330965395142353,344,False,False
2021_Ref_Plot3_B8::22,2021_Ref_Plot3_B8,Field2,test,6,3,0.12031006918486516,13.413186277486282,0.0214031457413111,344,False,False
2021_Ref_Plot3_B8::27,2021_Ref_Plot3_B8,Field2,test,5,4,0.14652906952629297,13.946374914012976,0.03584353204179652,344,False,False
2021_Ref_Plot3_B8::35,2021_Ref_Plot3_B8,Field2,test,8,5,0.049386285192757895,10.287954400307209,0.01014936436715962,344,False,False
2021_Ref_Plot3_B8::44,2021_Ref_Plot3_B8,Field2,test,9,6,0.04979166390959719,7.322717437243803,0.013693814698280363,344,False,False
2021_Ref_Plot3_B8::50,2021_Ref_Plot3_B8,Field2,test,6,7,0.08279351004314804,7.777473738609867,0.04963088198796296,344,False,False
2021_Ref_Plot3_B8::57,2021_Ref_Plot3_B8,Field2,test,7,8,0.046149003731999656,8.158987250898592,0.019697229559600613,341,False,False
2021_Ref_Plot3_B8::65,2021_Ref_Plot3_B8,Field2,test,8,9,0.03884616991274927,8.465815935653676,0.019494564177909405,341,False,False
2021_Ref_Plot3_B8::69,2021_Ref_Plot3_B8,Field2,test,4,10,0.09962520804962777,10.25720994594845,0.05527909493893886,344,False,False
2021_Ref_Plot3_B8::71,2021_Ref_Plot3_B8,Field2,test,2,11,0.06999263500534032,8.167298177254704,0.060826190291186195,344,False,False
2021_Ref_Plot3_B8::76,2021_Ref_Plot3_B8,Field2,test,5,12,0.06177400768548408,9.403862909352638,0.015236478488394689,340,False,False
2021_Ref_Plot3_B8::80,2021_Ref_Plot3_B8,Field2,test,4,13,0.0721727372017942,8.084164569609543,0.03674310121364926,340,False,False
2021_Ref_Plot3_B8::85,2021_Ref_Plot3_B8,Field2,test,5,14,0.10915358236374473,7.65371837994579,0.05824327989363525,344,False,False
2021_Ref_Plot3_C15::8,2021_Ref_Plot3_C15,Field2,test,7,1,0.5294897352973608,24.207799360783287,0.04775039260770965,344,False,False
2021_Ref_Plot3_C15::16,2021_Ref_Plot3_C15,Field2,test,8,2,0.7478153557673717,28.294713556277692,0.2974856054767476,344,False,False
2021_Ref_Plot3_C15::22,2021_Ref_Plot3_C15,Field2,test,6,3,0.14500868809223866,13.55264364695075,0.025487715852015008,344,False,False
2021_Ref_Plot3_C15::27,2021_Ref_Plot3_C15,Field2,test,5,4,0.1747636171628427,13.760976108142186,0.042942445024560946,344,False,False
2021_Ref_Plot3_C15::35,2021_Ref_Plot3_C15,Field2,test,8,5,0.04586463427600491,9.358170890641222,0.018005911223596634,344,False,False
2021_Ref_Plot3_C15::44,2021_Ref_Plot3_C15,Field2,test,9,6,0.023113441482677726,7.125487053369205,-0.0020551711462358834,344,False,False
2021_Ref_Plot3_C15::50,2021_Ref_Plot3_C15,Field2,test,6,7,0.049956036175248096,7.157051098335813,0.03601131530174199,344,False,False
2021_Ref_Plot3_C15::57,2021_Ref_Plot3_C15,Field2,test,7,8,0.05496431017747233,7.944269224927673,0.018604919384727355,341,False,False
2021_Ref_Plot3_C15::65,2021_Ref_Plot3_C15,Field2,test,8,9,0.040905158873357564,7.886414919358776,0.029715961698492097,341,False,False
2021_Ref_Plot3_C15::69,2021_Ref_Plot3_C15,Field2,test,4,10,0.06336315992195429,9.945207004349674,0.047097985604391726,344,False,False
2021_Ref_Plot3_C15::71,2021_Ref_Plot3_C15,Field2,test,2,11,0.04767364749086107,7.753595170050087,0.04623953098555563,344,False,False
2021_Ref_Plot3_C15::76,2021_Ref_Plot3_C15,Field2,test,5,12,0.04829807265763639,9.107276745524267,0.014576806455599679,340,False,False
2021_Ref_Plot3_C15::80,2021_Ref_Plot3_C15,Field2,test,4,13,0.07086488049521854,9.0796117864037,0.0425919176411799,340,False,False
2021_Ref_Plot3_C15::85,2021_Ref_Plot3_C15,Field2,test,5,14,0.09912430074838689,8.734594316584037,0.06603205328904217,344,False,False
2021_Ref_Plot3_C2::8,2021_Ref_Plot3_C2,Field2,test,7,1,0.49840515454050555,24.509908037985433,0.061047262959505036,344,False,False
2021_Ref_Plot3_C2::16,2021_Ref_Plot3_C2,Field2,test,8,2,0.7587999627393307,29.016582753259215,0.3256454248527259,344,False,False
2021_Ref_Plot3_C2::22,2021_Ref_Plot3_C2,Field2,test,6,3,0.12597849861549848,13.553748846533038,0.024254701787684508,344,False,False
2021_Ref_Plot3_C2::27,2021_Ref_Plot3_C2,Field2,test,5,4,0.1750767925458884,14.050086670992412,0.04432395588354019,344,False,False
2021_Ref_Plot3_C2::35,2021_Ref_Plot3_C2,Field2,test,8,5,0.04305367425116254,9.303731140237334,0.01545153609042838,344,False,False
2021_Ref_Plot3_C2::44,2021_Ref_Plot3_C2,Field2,test,9,6,0.04506003195374659,8.118256864872043,0.011115302905567271,344,False,False
2021_Ref_Plot3_C2::50,2021_Ref_Plot3_C2,Field2,test,6,7,0.06838107675990386,7.94921133078242,0.04052096390223782,344,False,False
2021_Ref_Plot3_C2::57,2021_Ref_Plot3_C2,Field2,test,7,8,0.062535302220862,9.022601584104253,0.050419671172729635,341,False,False
2021_Ref_Plot3_C2::65,2021_Ref_Plot3_C2,Field2,test,8,9,0.06248844325509486,8.155235367311766,0.028139664835211107,341,False,False
2021_Ref_Plot3_C2::69,2021_Ref_Plot3_C2,Field2,test,4,10,0.08420656813481046,10.112360120234333,0.036081342771872145,344,False,False
2021_Ref_Plot3_C2::71,2021_Ref_Plot3_C2,Field2,test,2,11,0.1103677867004575,8.906376986163187,0.08895567042032555,344,False,False
2021_Ref_Plot3_C2::76,2021_Ref_Plot3_C2,Field2,test,5,12,0.12281688787480667,11.758767960548376,0.04957775477044245,340,False,False
2021_Ref_Plot3_C2::80,2021_Ref_Plot3_C2,Field2,test,4,13,0.034531010528447634,7.368127507914,0.010671443893111471,340,False,False
2021_Ref_Plot3_C2::85,2021_Ref_Plot3_C2,Field2,test,5,14,0.11438790568485196,8.250101540210679,0.06148099021725392,344,False,False
2021_Ref_Plot3_C3::8,2021_Ref_Plot3_C3,Field2,test,7,1,0.4963239107936878,24.114390076554407,0.04974451395478847,344,False,False
2021_Ref_Plot3_C3::16,2021_Ref_Plot3_C3,Field2,test,8,2,0.7384033545216858,28.22107936066288,0.2963154455063753,344,False,False
2021_Ref_Plot3_C3::22,2021_Ref_Plot3_C3,Field2,test,6,3,0.12873644120404756,13.667964388544242,0.0244636660254815,344,False,False
2021_Ref_Plot3_C3::27,2021_Ref_Plot3_C3,Field2,test,5,4,0.180414941284346,13.677646882005208,0.04769075195682629,344,False,False
2021_Ref_Plot3_C3::35,2021_Ref_Plot3_C3,Field2,test,8,5,0.04673918438779647,9.493851726672663,0.01343059406660757,344,False,False
2021_Ref_Plot3_C3::44,2021_Ref_Plot3_C3,Field2,test,9,6,0.036545994228308246,7.497161296491141,0.007989298391531173,344,False,False
2021_Ref_Plot3_C3::50,2021_Ref_Plot3_C3,Field2,test,6,7,0.04937873001568158,7.589894769351159,0.036108678616571806,344,False,False
2021_Ref_Plot3_C3::57,2021_Ref_Plot3_C3,Field2,test,7,8,0.05465753858539283,8.815983004172145,0.02620457281495281,341,False,False
2021_Ref_Plot3_C3::65,2021_Ref_Plot3_C3,Field2,test,8,9,0.051953288930746945,8.486459608185479,0.028723700060313353,341,False,False
2021_Ref_Plot3_C3::69,2021_Ref_Plot3_C3,Field2,test,4,10,0.09640441685724949,10.60298413865985,0.058310899505570085,344,False,False
2021_Ref_Plot3_C3::71,2021_Ref_Plot3_C3,Field2,test,2,11,0.08263946688626568,8.310465362029637,0.0518297437706864,344,False,False
2021_Ref_Plot3_C3::76,2021_Ref_Plot3_C3,Field2,test,5,12,0.087324092678581,10.635919472551855,0.015235704858287867,340,False,False
2021_Ref_Plot3_C3::80,2021_Ref_Plot3_C3,Field2,test,4,13,0.05874441014024012,7.6574475337924275,0.028947747517330383,340,False,False
2021_Ref_Plot3_C3::85,2021_Ref_Plot3_C3,Field2,test,5,14,0.1022089611857628,9.026317123935971,0.07297488456638454,344,False,False
2021_Ref_Plot3_C4::8,2021_Ref_Plot3_C4,Field2,test,7,1,0.4907156924066603,23.876750406284323,0.03732966570456649,344,False,False
2021_Ref_Plot3_C4::16,2021_Ref_Plot3_C4,Field2,test,8,2,0.7251982769001875,27.59179837967384,0.28044977638457064,344,False,False
2021_Ref_Plot3_C4::22,2021_Ref_Plot3_C4,Field2,test,6,3,0.158848172471021,13.952861147257876,0.037362142276262104,344,False,False
2021_Ref_Plot3_C4::27,2021_Ref_Plot3_C4,Field2,test,5,4,0.17478298804395997,13.390886019762524,0.04872085582820892,344,False,False
2021_Ref_Plot3_C4::35,2021_Ref_Plot3_C4,Field2,test,8,5,0.03801981646128625,8.836342512791829,0.017889250107390856,344,False,False
2021_Ref_Plot3_C4::44,2021_Ref_Plot3_C4,Field2,test,9,6,0.024936149026818084,6.998947325416928,0.001658303397172208,344,False,False
2021_Ref_Plot3_C4::50,2021_Ref_Plot3_C4,Field2,test,6,7,0.047046653181668376,7.649637611168755,0.029903222741056806,344,False,False
2021_Ref_Plot3_C4::57,2021_Ref_Plot3_C4,Field2,test,7,8,0.0543377861357606,8.740284581717956,0.028573657766887306,341,False,False
2021_Ref_Plot3_C4::65,2021_Ref_Plot3_C4,Field2,test,8,9,0.04621694943374307,8.179547547197926,0.03014130028838669,341,False,False
2021_Ref_Plot3_C4::69,2021_Ref_Plot3_C4,Field2,test,4,10,0.08387159397549278,10.042748324620192,0.045273715781337175,344,False,False
2021_Ref_Plot3_C4::71,2021_Ref_Plot3_C4,Field2,test,2,11,0.07359898597890037,7.5560140304851275,0.03430201727347069,344,False,False
2021_Ref_Plot3_C4::76,2021_Ref_Plot3_C4,Field2,test,5,12,0.08472690701870178,10.00072748961291,0.01297139570206155,340,False,False
2021_Ref_Plot3_C4::80,2021_Ref_Plot3_C4,Field2,test,4,13,0.09269405037238125,7.806306634453995,0.03613438588108182,340,False,False
2021_Ref_Plot3_C4::85,2021_Ref_Plot3_C4,Field2,test,5,14,0.10176532342252835,8.833760437221558,0.05768731920426563,344,False,False
2021_Ref_Plot3_D1::8,2021_Ref_Plot3_D1,Field2,test,7,1,0.4598497478386132,23.71103140267485,0.046089018456253406,344,False,False
2021_Ref_Plot3_D1::16,2021_Ref_Plot3_D1,Field2,test,8,2,0.7518837880371398,28.93436191876159,0.3239909987196449,344,False,False
2021_Ref_Plot3_D1::22,2021_Ref_Plot3_D1,Field2,test,6,3,0.1460182247469104,13.93671338776673,0.03181284746160204,344,False,False
2021_Ref_Plot3_D1::27,2021_Ref_Plot3_D1,Field2,test,5,4,0.19979059347009417,14.409191246004006,0.06293810169108739,344,False,False
2021_Ref_Plot3_D1::35,2021_Ref_Plot3_D1,Field2,test,8,5,0.051594535806851326,9.684067837120692,0.010477289938448672,344,False,False
2021_Ref_Plot3_D1::44,2021_Ref_Plot3_D1,Field2,test,9,6,0.0408988777499563,8.226568931035008,0.013163040815188995,344,False,False
2021_Ref_Plot3_D1::50,2021_Ref_Plot3_D1,Field2,test,6,7,0.06497302414391916,7.697741848478551,0.03433115383879431,344,False,False
2021_Ref_Plot3_D1::57,2021_Ref_Plot3_D1,Field2,test,7,8,0.05152717189967846,8.881704973990265,0.017907625421744015,341,False,False
2021_Ref_Plot3_D1::65,2021_Ref_Plot3_D1,Field2,test,8,9,0.06816592711955145,7.7819623938896925,0.028703302224617543,341,False,False
2021_Ref_Plot3_D1::69,2021_Ref_Plot3_D1,Field2,test,4,10,0.09706598167392566,10.732211579213102,0.05215482280812863,344,False,False
2021_Ref_Plot3_D1::71,2021_Ref_Plot3_D1,Field2,test,2,11,0.07950489113502617,8.1276881585239,0.08205348791306996,344,False,False
2021_Ref_Plot3_D1::76,2021_Ref_Plot3_D1,Field2,test,5,12,0.08423079407724798,11.065288156320143,0.04059788004283597,340,False,False
2021_Ref_Plot3_D1::80,2021_Ref_Plot3_D1,Field2,test,4,13,0.03027757240971854,7.4545699647080035,0.022393870513484904,340,False,False
2021_Ref_Plot3_D1::85,2021_Ref_Plot3_D1,Field2,test,5,14,0.060133856053734176,7.78719885148551,0.04335607880365135,344,False,False
2021_Ref_Plot3_D15::8,2021_Ref_Plot3_D15,Field2,test,7,1,0.4579708480657212,24.04533625772615,0.05305288617931238,344,False,False
2021_Ref_Plot3_D15::16,2021_Ref_Plot3_D15,Field2,test,8,2,0.7310824193314008,28.689234783294225,0.30546412177840504,344,False,False
2021_Ref_Plot3_D15::22,2021_Ref_Plot3_D15,Field2,test,6,3,0.14482309308488495,13.61459644326494,0.03286474923025988,344,False,False
2021_Ref_Plot3_D15::27,2021_Ref_Plot3_D15,Field2,test,5,4,0.20597115921200326,14.144609230840139,0.07496389764829665,344,False,False
2021_Ref_Plot3_D15::35,2021_Ref_Plot3_D15,Field2,test,8,5,0.042528379771406256,9.469216429761852,0.014016145668461372,344,False,False
2021_Ref_Plot3_D15::44,2021_Ref_Plot3_D15,Field2,test,9,6,0.027599753722447967,7.751300792657245,0.0021801472902966135,344,False,False
2021_Ref_Plot3_D15::50,2021_Ref_Plot3_D15,Field2,test,6,7,0.0388518820513756,7.0530747958740605,0.026923254850660168,344,False,False
2021_Ref_Plot3_D15::57,2021_Ref_Plot3_D15,Field2,test,7,8,0.035509879761658834,8.209135348878574,0.020354859785228246,341,False,False
2021_Ref_Plot3_D15::65,2021_Ref_Plot3_D15,Field2,test,8,9,0.016655558257745853,7.25899506521823,0.013030990669877538,341,False,False
2021_Ref_Plot3_D15::69,2021_Ref_Plot3_D15,Field2,test,4,10,0.07509904680600449,10.178984470506125,0.05175592739600272,344,False,False
2021_Ref_Plot3_D15::71,2021_Ref_Plot3_D15,Field2,test,2,11,0.06132614014422091,8.255074237411797,0.05585900325002876,344,False,False
2021_Ref_Plot3_D15::76,2021_Ref_Plot3_D15,Field2,test,5,12,0.06118489975099414,10.00903799259763,0.020285874924710363,340,False,False
2021_Ref_Plot3_D15::80,2021_Ref_Plot3_D15,Field2,test,4,13,0.04098527096380319,7.571968875256662,0.020075940459722493,340,False,False
2021_Ref_Plot3_D15::85,2021_Ref_Plot3_D15,Field2,test,5,14,0.13897358389796607,9.319039126874904,0.08993346477977938,344,False,False
2021_Ref_Plot3_D19::8,2021_Ref_Plot3_D19,Field2,test,7,1,0.4416626410414051,23.543792064308498,0.05459280889211118,344,False,False
2021_Ref_Plot3_D19::16,2021_Ref_Plot3_D19,Field2,test,8,2,0.7465735038136242,28.32372066863714,0.35499439078751754,344,False,False
2021_Ref_Plot3_D19::22,2021_Ref_Plot3_D19,Field2,test,6,3,0.17253770652668263,13.768014770486428,0.049270268670099204,344,False,False
2021_Ref_Plot3_D19::27,2021_Ref_Plot3_D19,Field2,test,5,4,0.14197307015382202,13.835134904019624,0.03662723787188847,344,False,False
2021_Ref_Plot3_D19::35,2021_Ref_Plot3_D19,Field2,test,8,5,0.04634341378958018,9.331844831510805,0.010560128380015363,344,False,False
2021_Ref_Plot3_D19::44,2021_Ref_Plot3_D19,Field2,test,9,6,0.04049617762237346,7.764395926372391,0.002895823412655107,344,False,False
2021_Ref_Plot3_D19::50,2021_Ref_Plot3_D19,Field2,test,6,7,0.041676466186052634,7.312203961399767,0.02538010995291626,344,False,False
2021_Ref_Plot3_D19::57,2021_Ref_Plot3_D19,Field2,test,7,8,0.0451508733844872,8.469064536012759,0.03205852883490257,341,False,False
2021_Ref_Plot3_D19::65,2021_Ref_Plot3_D19,Field2,test,8,9,0.06177527099339314,7.725181312903873,0.03366628390686202,341,False,False
2021_Ref_Plot3_D19::69,2021_Ref_Plot3_D19,Field2,test,4,10,0.09384444763792647,10.414141469663779,0.06239933351096167,344,False,False
2021_Ref_Plot3_D19::71,2021_Ref_Plot3_D19,Field2,test,2,11,0.08545603892514415,7.983502897172954,0.05595681068460057,344,False,False
2021_Ref_Plot3_D19::76,2021_Ref_Plot3_D19,Field2,test,5,12,0.04350178526708532,9.028112104899005,0.017610558811016475,340,False,False
2021_Ref_Plot3_D19::80,2021_Ref_Plot3_D19,Field2,test,4,13,0.03815665334600391,7.3812313323195475,0.023192699140276614,340,False,False
2021_Ref_Plot3_D19::85,2021_Ref_Plot3_D19,Field2,test,5,14,0.1034400819277043,8.73001354825347,0.053642030195225454,344,False,False
2021_Ref_Plot3_D20::8,2021_Ref_Plot3_D20,Field2,test,7,1,0.465917924372013,23.564104350671016,0.05667652448824376,344,False,False
2021_Ref_Plot3_D20::16,2021_Ref_Plot3_D20,Field2,test,8,2,0.7663134806088966,28.11083661908242,0.3722762535991315,344,False,False
2021_Ref_Plot3_D20::22,2021_Ref_Plot3_D20,Field2,test,6,3,0.1604987366414011,13.903612982884674,0.04548600257391907,344,False,False
2021_Ref_Plot3_D20::27,2021_Ref_Plot3_D20,Field2,test,5,4,0.14031718664725149,13.99691830513488,0.04068828710884277,344,False,False
2021_Ref_Plot3_D20::35,2021_Ref_Plot3_D20,Field2,test,8,5,0.042032373702035296,9.464832312065878,0.011967056057629287,344,False,False
2021_Ref_Plot3_D20::44,2021_Ref_Plot3_D20,Field2,test,9,6,0.03100511233868823,7.555344625328043,0.010738846654839762,344,False,False
2021_Ref_Plot3_D20::50,2021_Ref_Plot3_D20,Field2,test,6,7,0.04291614775061545,7.055555983880131,0.025061742817682402,344,False,False
2021_Ref_Plot3_D20::57,2021_Ref_Plot3_D20,Field2,test,7,8,0.043125083820090004,8.410291844141216,0.01847610157919464,341,False,False
2021_Ref_Plot3_D20::65,2021_Ref_Plot3_D20,Field2,test,8,9,0.05986796894654962,7.631135782467185,0.023043042837447084,341,False,False
2021_Ref_Plot3_D20::69,2021_Ref_Plot3_D20,Field2,test,4,10,0.09952549634412855,10.784989258742524,0.04723465671884709,344,False,False
2021_Ref_Plot3_D20::71,2021_Ref_Plot3_D20,Field2,test,2,11,0.08799592974787074,8.236483116933549,0.06415108580408978,344,False,False
2021_Ref_Plot3_D20::76,2021_Ref_Plot3_D20,Field2,test,5,12,0.06115191945150685,9.878533049291086,0.028613842182902284,340,False,False
2021_Ref_Plot3_D20::80,2021_Ref_Plot3_D20,Field2,test,4,13,0.0210080172382708,7.1141901328171455,0.013439811036871438,340,False,False
2021_Ref_Plot3_D20::85,2021_Ref_Plot3_D20,Field2,test,5,14,0.08467109813294875,8.54631982446145,0.05254632845379025,344,False,False
2021_Ref_Plot3_E11::8,2021_Ref_Plot3_E11,Field2,test,7,1,0.4779386317735388,23.577621010905006,0.04700517005392576,344,False,False
2021_Ref_Plot3_E11::16,2021_Ref_Plot3_E11,Field2,test,8,2,0.6736312639427071,27.318779182154806,0.24058384312231834,344,False,False
2021_Ref_Plot3_E11::22,2021_Ref_Plot3_E11,Field2,test,6,3,0.1371753583040841,12.967911207413499,0.03318421148002725,344,False,False
2021_Ref_Plot3_E11::27,2021_Ref_Plot3_E11,Field2,test,5,4,0.13933728509918933,13.013886541125498,0.045127847385825114,344,False,False
2021_Ref_Plot3_E11::35,2021_Ref_Plot3_E11,Field2,test,8,5,0.04544529972755809,9.449208369279997,0.011134557943553771,344,False,False
2021_Ref_Plot3_E11::44,2021_Ref_Plot3_E11,Field2,test,9,6,0.03052252175752661,8.152123933110836,0.010963918324134167,344,False,False
2021_Ref_Plot3_E11::50,2021_Ref_Plot3_E11,Field2,test,6,7,0.04382054286558094,7.04057601674171,0.028535407013754642,344,False,False
2021_Ref_Plot3_E11::57,2021_Ref_Plot3_E11,Field2,test,7,8,0.040273019348756156,8.561723950796235,0.023265095171526466,341,False,False
2021_Ref_Plot3_E11::65,2021_Ref_Plot3_E11,Field2,test,8,9,0.024205043620524846,7.453927919408133,0.023678157319343845,341,False,False
2021_Ref_Plot3_E11::69,2021_Ref_Plot3_E11,Field2,test,4,10,0.06195873437855309,10.540254941897631,0.03960924409877629,344,False,False
2021_Ref_Plot3_E11::71,2021_Ref_Plot3_E11,Field2,test,2,11,0.031637278991277724,6.067975599493703,0.014342603039886154,344,False,False
2021_Ref_Plot3_E11::76,2021_Ref_Plot3_E11,Field2,test,5,12,0.06368488223638911,9.535716366872531,0.027629358673320736,340,False,False
2021_Ref_Plot3_E11::80,2021_Ref_Plot3_E11,Field2,test,4,13,0.054520073968546516,8.269232979249399,0.028129499080356425,340,False,False
2021_Ref_Plot3_E11::85,2021_Ref_Plot3_E11,Field2,test,5,14,0.08262932408579471,8.427818091012435,0.045878257428984374,344,False,False
2021_Ref_Plot4_A7::8,2021_Ref_Plot4_A7,Field2,test,7,1,0.4623395856145913,23.80293912192598,0.053416700908957455,344,False,False
2021_Ref_Plot4_A7::16,2021_Ref_Plot4_A7,Field2,test,8,2,0.7516098685773841,27.937000507285312,0.3182382319451688,344,False,False
2021_Ref_Plot4_A7::22,2021_Ref_Plot4_A7,Field2,test,6,3,0.15487561283797646,13.646371483196955,0.036522777598649976,344,False,False
2021_Ref_Plot4_A7::27,2021_Ref_Plot4_A7,Field2,test,5,4,0.33111768914343326,15.754599776210904,0.12820884292961618,344,False,False
2021_Ref_Plot4_A7::35,2021_Ref_Plot4_A7,Field2,test,8,5,0.07392941179989056,10.935834040949723,0.012399988379844526,344,False,False
2021_Ref_Plot4_A7::44,2021_Ref_Plot4_A7,Field2,test,9,6,0.055806622015294106,7.76284701544448,0.015330896690526351,344,False,False
2021_Ref_Plot4_A7::50,2021_Ref_Plot4_A7,Field2,test,6,7,0.08762853443350326,7.939741396920754,0.0538157678265958,344,False,False
2021_Ref_Plot4_A7::57,2021_Ref_Plot4_A7,Field2,test,7,8,0.06356812469476351,7.113628682727847,0.034005254835872634,341,False,False
2021_Ref_Plot4_A7::65,2021_Ref_Plot4_A7,Field2,test,8,9,0.085541811407899,9.053008994453036,0.040767662314527366,341,False,False
2021_Ref_Plot4_A7::69,2021_Ref_Plot4_A7,Field2,test,4,10,0.13948522336955574,11.26808361972076,0.0937640072478221,344,False,False
2021_Ref_Plot4_A7::71,2021_Ref_Plot4_A7,Field2,test,2,11,0.06021672982696206,7.945117121049025,0.05670517405121376,344,False,False
2021_Ref_Plot4_A7::76,2021_Ref_Plot4_A7,Field2,test,5,12,0.05049118965467566,8.91358340958826,0.011830213703416576,340,False,False
2021_Ref_Plot4_A7::80,2021_Ref_Plot4_A7,Field2,test,4,13,0.03963927336199718,7.411047510025355,0.00999211752273124,340,False,False
2021_Ref_Plot4_A7::85,2021_Ref_Plot4_A7,Field2,test,5,14,0.07548749150481664,7.79438889555225,0.04503249414906908,344,False,False
2021_Ref_Plot4_B11::8,2021_Ref_Plot4_B11,Field2,test,7,1,0.5268334614962072,24.652676461842805,0.061597403842384185,344,False,False
2021_Ref_Plot4_B11::16,2021_Ref_Plot4_B11,Field2,test,8,2,0.8005782382443541,29.797805575579318,0.3501203586729748,344,False,False
2021_Ref_Plot4_B11::22,2021_Ref_Plot4_B11,Field2,test,6,3,0.1981814814365909,13.418630241853158,0.047314358484233404,344,False,False
2021_Ref_Plot4_B11::27,2021_Ref_Plot4_B11,Field2,test,5,4,0.3015368696935463,14.533909426930066,0.10542444110953668,344,False,False
2021_Ref_Plot4_B11::35,2021_Ref_Plot4_B11,Field2,test,8,5,0.07859360166701074,11.419627285765275,0.01367091476238141,344,False,False
2021_Ref_Plot4_B11::44,2021_Ref_Plot4_B11,Field2,test,9,6,0.060155443619804405,8.082045609575072,0.0071837828216301915,344,False,False
2021_Ref_Plot4_B11::50,2021_Ref_Plot4_B11,Field2,test,6,7,0.06487391920569338,7.524904788696015,0.030462321375021896,344,False,False
2021_Ref_Plot4_B11::57,2021_Ref_Plot4_B11,Field2,test,7,8,0.05868014128163538,7.740994609866004,0.027959356549064708,341,False,False
2021_Ref_Plot4_B11::65,2021_Ref_Plot4_B11,Field2,test,8,9,0.04947028549221968,9.144603002570118,0.022917413638036982,341,False,False
2021_Ref_Plot4_B11::69,2021_Ref_Plot4_B11,Field2,test,4,10,0.13357523319363648,10.908894311796775,0.0767562835524735,344,False,False
2021_Ref_Plot4_B11::71,2021_Ref_Plot4_B11,Field2,test,2,11,0.04326011992210362,7.912148116178007,0.04072224103598128,344,False,False
2021_Ref_Plot4_B11::76,2021_Ref_Plot4_B11,Field2,test,5,12,0.08502486998431648,10.631500929400897,0.04791268371370948,340,False,False
2021_Ref_Plot4_B11::80,2021_Ref_Plot4_B11,Field2,test,4,13,0.03097408270332755,7.529594990960843,0.0304019893913901,340,False,False
2021_Ref_Plot4_B11::85,2021_Ref_Plot4_B11,Field2,test,5,14,0.056754281401433515,7.235407633619712,0.03091774964848386,344,False,False
2021_Ref_Plot4_B12::8,2021_Ref_Plot4_B12,Field2,test,7,1,0.5326178698868684,24.650404131838037,0.07925521685237721,344,False,False
2021_Ref_Plot4_B12::16,2021_Ref_Plot4_B12,Field2,test,8,2,0.7720832943511611,29.365522521311807,0.32282546041460936,344,False,False
2021_Ref_Plot4_B12::22,2021_Ref_Plot4_B12,Field2,test,6,3,0.17879361156777906,13.719252458282945,0.0470146160487754,344,False,False
2021_Ref_Plot4_B12::27,2021_Ref_Plot4_B12,Field2,test,5,4,0.3283718843980042,14.708352093506221,0.12812263164342055,344,False,False
2021_Ref_Plot4_B12::35,2021_Ref_Plot4_B12,Field2,test,8,5,0.07080937319604308,10.82550448148167,0.013182063745823982,344,False,False
2021_Ref_Plot4_B12::44,2021_Ref_Plot4_B12,Field2,test,9,6,0.04295930846139124,8.256739290694844,0.013015653788710729,344,False,False
2021_Ref_Plot4_B12::50,2021_Ref_Plot4_B12,Field2,test,6,7,0.08373968294927259,8.316509446879273,0.05061240901477161,344,False,False
2021_Ref_Plot4_B12::57,2021_Ref_Plot4_B12,Field2,test,7,8,0.06460083042217046,8.258402175489415,0.026276723788502817,341,False,False
2021_Ref_Plot4_B12::65,2021_Ref_Plot4_B12,Field2,test,8,9,0.06888184466564785,9.154910185782681,0.023923629568922595,341,False,False
2021_Ref_Plot4_B12::69,2021_Ref_Plot4_B12,Field2,test,4,10,0.12162792294758869,10.766841641946261,0.05875445442948761,344,False,False
2021_Ref_Plot4_B12::71,2021_Ref_Plot4_B12,Field2,test,2,11,0.06514334567958056,8.619541025640236,0.0636807138698456,344,False,False
2021_Ref_Plot4_B12::76,2021_Ref_Plot4_B12,Field2,test,5,12,0.07456299297640741,10.659381956164856,0.03008636289283171,340,False,False
2021_Ref_Plot4_B12::80,2021_Ref_Plot4_B12,Field2,test,4,13,0.028041648176263353,7.405656342377035,0.03207887124621378,340,False,False
2021_Ref_Plot4_B12::85,2021_Ref_Plot4_B12,Field2,test,5,14,0.06593587038957209,7.095814922095217,0.017835985399951203,344,False,False
2021_Ref_Plot4_B13::8,2021_Ref_Plot4_B13,Field2,test,7,1,0.5336020476653431,24.747854637638525,0.08150234042335114,344,False,False
2021_Ref_Plot4_B13::16,2021_Ref_Plot4_B13,Field2,test,8,2,0.7568513699436203,28.746385509355328,0.29218297321719244,344,False,False
2021_Ref_Plot4_B13::22,2021_Ref_Plot4_B13,Field2,test,6,3,0.17530386776436827,13.822193288756829,0.03587792054531595,344,False,False
2021_Ref_Plot4_B13::27,2021_Ref_Plot4_B13,Field2,test,5,4,0.29332764370600173,14.795788124646387,0.10446247902201315,344,False,False
2021_Ref_Plot4_B13::35,2021_Ref_Plot4_B13,Field2,test,8,5,0.0710985542697144,11.540600527475943,0.01369928258692396,344,False,False
2021_Ref_Plot4_B13::44,2021_Ref_Plot4_B13,Field2,test,9,6,0.03906767701213451,7.765470703712975,0.011784744312029338,344,False,False
2021_Ref_Plot4_B13::50,2021_Ref_Plot4_B13,Field2,test,6,7,0.06336468925467398,8.009022468331473,0.0413608330430484,344,False,False
2021_Ref_Plot4_B13::57,2021_Ref_Plot4_B13,Field2,test,7,8,0.07175178753102425,8.018646823875358,0.04042137117139867,341,False,False
2021_Ref_Plot4_B13::65,2021_Ref_Plot4_B13,Field2,test,8,9,0.0688948739157935,9.391139373431889,0.03877704493650513,341,False,False
2021_Ref_Plot4_B13::69,2021_Ref_Plot4_B13,Field2,test,4,10,0.07600013625427056,10.428174408687838,0.03844748666652006,344,False,False
2021_Ref_Plot4_B13::71,2021_Ref_Plot4_B13,Field2,test,2,11,0.060657608712562816,8.970283753501441,0.05918452935523349,344,False,False
2021_Ref_Plot4_B13::76,2021_Ref_Plot4_B13,Field2,test,5,12,0.04381364851951739,9.766985806268488,0.009166551550385461,340,False,False
2021_Ref_Plot4_B13::80,2021_Ref_Plot4_B13,Field2,test,4,13,0.03699450390739319,7.526557855782546,0.024283795972983635,340,False,False
2021_Ref_Plot4_B13::85,2021_Ref_Plot4_B13,Field2,test,5,14,0.06674156343027227,7.617890188719776,0.037062926386253935,344,False,False
2021_Ref_Plot4_B15::8,2021_Ref_Plot4_B15,Field2,test,7,1,0.5374111249581547,25.485075587537093,0.07752162369545468,344,False,False
2021_Ref_Plot4_B15::16,2021_Ref_Plot4_B15,Field2,test,8,2,0.772234180964058,28.806514171949054,0.3023936470146543,344,False,False
2021_Ref_Plot4_B15::22,2021_Ref_Plot4_B15,Field2,test,6,3,0.1814539760985623,13.548196406412366,0.04443287957684275,344,False,False
2021_Ref_Plot4_B15::27,2021_Ref_Plot4_B15,Field2,test,5,4,0.26518478556069325,14.505719501096799,0.09217217653522546,344,False,False
2021_Ref_Plot4_B15::35,2021_Ref_Plot4_B15,Field2,test,8,5,0.07217694086400632,10.988172337980973,0.015744994449716703,344,False,False
2021_Ref_Plot4_B15::44,2021_Ref_Plot4_B15,Field2,test,9,6,0.0600271938683224,8.131513848499804,0.010517450307251541,344,False,False
2021_Ref_Plot4_B15::50,2021_Ref_Plot4_B15,Field2,test,6,7,0.04729123030876794,7.665573445895566,0.035067885432137715,344,False,False
2021_Ref_Plot4_B15::57,2021_Ref_Plot4_B15,Field2,test,7,8,0.04840228697889213,8.01374318592034,0.03520994614280804,341,False,False
2021_Ref_Plot4_B15::65,2021_Ref_Plot4_B15,Field2,test,8,9,0.05821132677668613,9.1498915625581,0.03865288498823538,341,False,False
2021_Ref_Plot4_B15::69,2021_Ref_Plot4_B15,Field2,test,4,10,0.11629455969396742,11.229551948255308,0.07705511465591394,344,False,False
2021_Ref_Plot4_B15::71,2021_Ref_Plot4_B15,Field2,test,2,11,0.0670072681822552,8.598048145477895,0.05298049518710658,344,False,False
2021_Ref_Plot4_B15::76,2021_Ref_Plot4_B15,Field2,test,5,12,0.06281714014759537,9.816319934191306,0.012688467472599696,340,False,False
2021_Ref_Plot4_B15::80,2021_Ref_Plot4_B15,Field2,test,4,13,0.04664088882656748,7.12572077653993,0.03163460772854346,340,False,False
2021_Ref_Plot4_B15::85,2021_Ref_Plot4_B15,Field2,test,5,14,0.05726944496647895,7.5192404535432456,0.03460268415189683,344,False,False
2021_Ref_Plot4_B16::8,2021_Ref_Plot4_B16,Field2,test,7,1,0.5227131002907915,24.605249970125453,0.0617266346605373,344,False,False
2021_Ref_Plot4_B16::16,2021_Ref_Plot4_B16,Field2,test,8,2,0.8008490467464026,29.8620182106319,0.34486039264830354,344,False,False
2021_Ref_Plot4_B16::22,2021_Ref_Plot4_B16,Field2,test,6,3,0.19401637003435288,13.954063154593378,0.0470553451418636,344,False,False
2021_Ref_Plot4_B16::27,2021_Ref_Plot4_B16,Field2,test,5,4,0.27821330004083483,14.912062495922612,0.10030461119613204,344,False,False
2021_Ref_Plot4_B16::35,2021_Ref_Plot4_B16,Field2,test,8,5,0.08497546496085723,10.912087904262457,0.008336050593486079,344,False,False
2021_Ref_Plot4_B16::44,2021_Ref_Plot4_B16,Field2,test,9,6,0.0442387686783953,7.36726737331511,0.004060379468319428,344,False,False
2021_Ref_Plot4_B16::50,2021_Ref_Plot4_B16,Field2,test,6,7,0.05258686632936118,7.452781301653516,0.029252779548799162,344,False,False
2021_Ref_Plot4_B16::57,2021_Ref_Plot4_B16,Field2,test,7,8,0.05115141833519262,8.045637135410567,0.029223016263072197,341,False,False
2021_Ref_Plot4_B16::65,2021_Ref_Plot4_B16,Field2,test,8,9,0.04246740279625649,8.785940535480133,0.019818085052576918,341,False,False
2021_Ref_Plot4_B16::69,2021_Ref_Plot4_B16,Field2,test,4,10,0.11303529521919338,11.142550487083813,0.05415693491314662,344,False,False
2021_Ref_Plot4_B16::71,2021_Ref_Plot4_B16,Field2,test,2,11,0.05871898369600726,8.64222714763298,0.043932103428271786,344,False,False
2021_Ref_Plot4_B16::76,2021_Ref_Plot4_B16,Field2,test,5,12,0.07234890191958859,10.79146987540936,0.03854237855740356,340,False,False
2021_Ref_Plot4_B16::80,2021_Ref_Plot4_B16,Field2,test,4,13,0.023223929828264628,6.9833982557900764,0.016080304136458827,340,False,False
2021_Ref_Plot4_B16::85,2021_Ref_Plot4_B16,Field2,test,5,14,0.0701322039312471,7.846934774263573,0.0348086507797715,344,False,False
2021_Ref_Plot4_B17::8,2021_Ref_Plot4_B17,Field2,test,7,1,0.5177338062874843,24.408403003800274,0.05596370460406648,344,False,False
2021_Ref_Plot4_B17::16,2021_Ref_Plot4_B17,Field2,test,8,2,0.7976479089320612,29.346049321220008,0.3399931750627707,344,False,False
2021_Ref_Plot4_B17::22,2021_Ref_Plot4_B17,Field2,test,6,3,0.17956505448758756,14.049404632541826,0.03841450855704671,344,False,False
2021_Ref_Plot4_B17::27,2021_Ref_Plot4_B17,Field2,test,5,4,0.2740017008369476,15.143160672278261,0.0883202727325522,344,False,False
2021_Ref_Plot4_B17::35,2021_Ref_Plot4_B17,Field2,test,8,5,0.06675142699307837,10.762594526052887,0.008344832482259248,344,False,False
2021_Ref_Plot4_B17::44,2021_Ref_Plot4_B17,Field2,test,9,6,0.047674144036508354,7.684024212188119,0.010798393045903163,344,False,False
2021_Ref_Plot4_B17::50,2021_Ref_Plot4_B17,Field2,test,6,7,0.06721240733898311,7.883643958337369,0.04685584351070107,344,False,False
2021_Ref_Plot4_B17::57,2021_Ref_Plot4_B17,Field2,test,7,8,0.051722533124599235,7.769763750399665,0.02816978372361161,341,False,False
2021_Ref_Plot4_B17::65,2021_Ref_Plot4_B17,Field2,test,8,9,0.033117219091422186,8.169206569026596,0.01132818330576199,341,False,False
2021_Ref_Plot4_B17::69,2021_Ref_Plot4_B17,Field2,test,4,10,0.09349254759823579,10.393474539024389,0.04758991196004049,344,False,False
2021_Ref_Plot4_B17::71,2021_Ref_Plot4_B17,Field2,test,2,11,0.05905109003686689,8.408013003992865,0.04911711104474486,344,False,False
2021_Ref_Plot4_B17::76,2021_Ref_Plot4_B17,Field2,test,5,12,0.07527292621821262,11.036708369807208,0.037629826125229755,340,False,False
2021_Ref_Plot4_B17::80,2021_Ref_Plot4_B17,Field2,test,4,13,0.03231413975426647,7.400486567629654,0.018224536156473885,340,False,False
2021_Ref_Plot4_B17::85,2021_Ref_Plot4_B17,Field2,test,5,14,0.06787186490001323,7.628129737294853,0.03728258296084551,344,False,False
2021_Ref_Plot4_C4::8,2021_Ref_Plot4_C4,Field2,test,7,1,0.4918217187910347,23.80300859871616,0.04754554539492888,344,False,False
2021_Ref_Plot4_C4::16,2021_Ref_Plot4_C4,Field2,test,8,2,0.766668690075112,28.386269851442954,0.32732663161597614,344,False,False
2021_Ref_Plot4_C4::22,2021_Ref_Plot4_C4,Field2,test,6,3,0.17334049622152378,13.142269418066043,0.03902076549050568,344,False,False
2021_Ref_Plot4_C4::27,2021_Ref_Plot4_C4,Field2,test,5,4,0.2802746482853377,14.529320833617385,0.09370864578669405,344,False,False
2021_Ref_Plot4_C4::35,2021_Ref_Plot4_C4,Field2,test,8,5,0.0816527959572993,10.42151847033532,0.018736523647637546,344,False,False
2021_Ref_Plot4_C4::44,2021_Ref_Plot4_C4,Field2,test,9,6,0.04242592723702073,7.542783851603962,0.008403344339183636,344,False,False
2021_Ref_Plot4_C4::50,2021_Ref_Plot4_C4,Field2,test,6,7,0.09374487861131568,8.252190663773169,0.06636932700711849,344,False,False
2021_Ref_Plot4_C4::57,2021_Ref_Plot4_C4,Field2,test,7,8,0.05143523208310843,7.721330775197566,0.01810013875084804,341,False,False
2021_Ref_Plot4_C4::65,2021_Ref_Plot4_C4,Field2,test,8,9,0.061929208532730616,9.034200456462994,0.02035399074686772,341,False,False
2021_Ref_Plot4_C4::69,2021_Ref_Plot4_C4,Field2,test,4,10,0.13357485653391146,11.098131881129811,0.07890788842789473,344,False,False
2021_Ref_Plot4_C4::71,2021_Ref_Plot4_C4,Field2,test,2,11,0.06706776083275041,8.015149957021777,0.04212705825083339,344,False,False
2021_Ref_Plot4_C4::76,2021_Ref_Plot4_C4,Field2,test,5,12,0.06100660200645358,10.442898408123703,0.02002974136030107,340,False,False
2021_Ref_Plot4_C4::80,2021_Ref_Plot4_C4,Field2,test,4,13,0.02496721631767008,6.8482730969875565,0.012588563679974043,340,False,False
2021_Ref_Plot4_C4::85,2021_Ref_Plot4_C4,Field2,test,5,14,0.036973759479665975,7.929381834168768,0.028187019892575133,344,False,False
2021_Ref_Plot4_D11::8,2021_Ref_Plot4_D11,Field2,test,7,1,0.46770494534950063,24.309260559914883,0.056883435698309,344,False,False
2021_Ref_Plot4_D11::16,2021_Ref_Plot4_D11,Field2,test,8,2,0.7833717474108464,29.56475674070648,0.3785874720497453,344,False,False
2021_Ref_Plot4_D11::22,2021_Ref_Plot4_D11,Field2,test,6,3,0.20772380429446002,13.728606318752112,0.05984545256617771,344,False,False
2021_Ref_Plot4_D11::27,2021_Ref_Plot4_D11,Field2,test,5,4,0.2751382921902719,14.21939770769481,0.11597989764625272,344,False,False
2021_Ref_Plot4_D11::35,2021_Ref_Plot4_D11,Field2,test,8,5,0.05545746385594966,10.021034150167356,0.014561776922723334,344,False,False
2021_Ref_Plot4_D11::44,2021_Ref_Plot4_D11,Field2,test,9,6,0.026209860499669117,7.440260725570093,0.009851337285923493,344,False,False
2021_Ref_Plot4_D11::50,2021_Ref_Plot4_D11,Field2,test,6,7,0.04087936244103941,7.633853814757714,0.025852190158243145,344,False,False
2021_Ref_Plot4_D11::57,2021_Ref_Plot4_D11,Field2,test,7,8,0.04554361177287466,8.257587346224884,0.012430226561408261,341,False,False
2021_Ref_Plot4_D11::65,2021_Ref_Plot4_D11,Field2,test,8,9,0.030008685831377516,7.401144340559078,0.01203045494823822,341,False,False
2021_Ref_Plot4_D11::69,2021_Ref_Plot4_D11,Field2,test,4,10,0.07918437741820838,10.573844937896048,0.041114621183498706,344,False,False
2021_Ref_Plot4_D11::71,2021_Ref_Plot4_D11,Field2,test,2,11,0.05483380669364337,8.255830919659843,0.04999871662234157,344,False,False
2021_Ref_Plot4_D11::76,2021_Ref_Plot4_D11,Field2,test,5,12,0.08419035597762331,10.58945620335499,0.04038272851966933,340,False,False
2021_Ref_Plot4_D11::80,2021_Ref_Plot4_D11,Field2,test,4,13,0.028766519698244564,6.899157255567601,0.029958704229794988,340,False,False
2021_Ref_Plot4_D11::85,2021_Ref_Plot4_D11,Field2,test,5,14,0.03552259073690898,7.484907820313303,0.05064655358845646,344,False,False
2021_Ref_Plot4_D6::8,2021_Ref_Plot4_D6,Field2,test,7,1,0.44527543016978877,24.157676745690246,0.05826784365229978,344,False,False
2021_Ref_Plot4_D6::16,2021_Ref_Plot4_D6,Field2,test,8,2,0.7413868406892087,28.599084913930078,0.3336950031912385,344,False,False
2021_Ref_Plot4_D6::22,2021_Ref_Plot4_D6,Field2,test,6,3,0.15087157057129164,13.075690881318732,0.039088955927502445,344,False,False
2021_Ref_Plot4_D6::27,2021_Ref_Plot4_D6,Field2,test,5,4,0.3203080230799782,14.594346499397266,0.13869302615379278,344,False,False
2021_Ref_Plot4_D6::35,2021_Ref_Plot4_D6,Field2,test,8,5,0.05968604525458274,10.646168454501082,0.015668106762336514,344,False,False
2021_Ref_Plot4_D6::44,2021_Ref_Plot4_D6,Field2,test,9,6,0.015719158421770164,7.030514474517683,-0.003464990066658396,344,False,False
2021_Ref_Plot4_D6::50,2021_Ref_Plot4_D6,Field2,test,6,7,0.05023312956692089,7.646162237314482,0.040238790215182035,344,False,False
2021_Ref_Plot4_D6::57,2021_Ref_Plot4_D6,Field2,test,7,8,0.05844196471229418,8.554295209863385,0.02381284100245382,341,False,False
2021_Ref_Plot4_D6::65,2021_Ref_Plot4_D6,Field2,test,8,9,0.03450863272922585,8.375360960816117,0.016377621450205458,341,False,False
2021_Ref_Plot4_D6::69,2021_Ref_Plot4_D6,Field2,test,4,10,0.08341810020580333,10.685309923911436,0.043182574463471866,344,False,False
2021_Ref_Plot4_D6::71,2021_Ref_Plot4_D6,Field2,test,2,11,0.04589264877104828,8.28444610318744,0.03522131460961175,344,False,False
2021_Ref_Plot4_D6::76,2021_Ref_Plot4_D6,Field2,test,5,12,0.07756141834916126,11.24072876243087,0.045595211368684246,340,False,False
2021_Ref_Plot4_D6::80,2021_Ref_Plot4_D6,Field2,test,4,13,0.029123252992790158,7.1376189707744375,0.012405086108671522,340,False,False
2021_Ref_Plot4_D6::85,2021_Ref_Plot4_D6,Field2,test,5,14,0.07567426745415101,7.959030748399246,0.04303647201941777,344,False,False
2021_Ref_Plot5_A17::8,2021_Ref_Plot5_A17,Field2,test,7,1,0.4856535111498921,24.08737627236965,0.04772268600700483,344,False,False
2021_Ref_Plot5_A17::16,2021_Ref_Plot5_A17,Field2,test,8,2,0.6971210514411705,27.07816520655345,0.22987349274886829,344,False,False
2021_Ref_Plot5_A17::22,2021_Ref_Plot5_A17,Field2,test,6,3,0.15495791848651502,13.359768030311196,0.03775434213071494,344,False,False
2021_Ref_Plot5_A17::27,2021_Ref_Plot5_A17,Field2,test,5,4,0.197666376668144,14.307744800403936,0.05461585908261452,344,False,False
2021_Ref_Plot5_A17::35,2021_Ref_Plot5_A17,Field2,test,8,5,0.037685939410980675,9.483976588793304,0.00912643787682286,344,False,False
2021_Ref_Plot5_A17::44,2021_Ref_Plot5_A17,Field2,test,9,6,0.04449574096327286,8.366240683171405,0.009979767445547285,344,False,False
2021_Ref_Plot5_A17::50,2021_Ref_Plot5_A17,Field2,test,6,7,0.04666704467349497,7.078357779848837,0.017375911294688073,344,False,False
2021_Ref_Plot5_A17::69,2021_Ref_Plot5_A17,Field2,test,4,9,0.06140646852680581,10.41899591579831,0.035431413724668036,344,False,False
2021_Ref_Plot5_A17::71,2021_Ref_Plot5_A17,Field2,test,2,10,0.07045285677799729,8.00584568103527,0.056871254672474274,344,False,False
2021_Ref_Plot5_A17::76,2021_Ref_Plot5_A17,Field2,test,5,11,0.07057790162727182,10.299860445530706,0.032746704033848995,340,False,False
2021_Ref_Plot5_A17::80,2021_Ref_Plot5_A17,Field2,test,4,12,0.027205427612263317,7.161161784091238,0.011090466959789104,340,False,False
2021_Ref_Plot5_A17::85,2021_Ref_Plot5_A17,Field2,test,5,13,0.06102865884057421,7.375633716868774,0.0468207287579527,344,False,False
2021_Ref_Plot5_A19::8,2021_Ref_Plot5_A19,Field2,test,7,1,0.483318096883216,24.34464467704947,0.05442606489632602,344,False,False
2021_Ref_Plot5_A19::16,2021_Ref_Plot5_A19,Field2,test,8,2,0.7100803138832007,27.676227175687625,0.23399190571117146,344,False,False
2021_Ref_Plot5_A19::22,2021_Ref_Plot5_A19,Field2,test,6,3,0.14506591952822265,14.099246229974689,0.027191792342741834,344,False,False
2021_Ref_Plot5_A19::27,2021_Ref_Plot5_A19,Field2,test,5,4,0.14155376082445625,14.319878835342532,0.015291767835229961,344,False,False
2021_Ref_Plot5_A19::35,2021_Ref_Plot5_A19,Field2,test,8,5,0.05621165382159929,9.867435571812848,0.008769334434020122,344,False,False
2021_Ref_Plot5_A19::44,2021_Ref_Plot5_A19,Field2,test,9,6,0.040715829950185634,8.002961015272934,0.00467708863818483,344,False,False
2021_Ref_Plot5_A19::50,2021_Ref_Plot5_A19,Field2,test,6,7,0.05496532557017031,7.949346195167224,0.03189348256562523,344,False,False
2021_Ref_Plot5_A19::57,2021_Ref_Plot5_A19,Field2,test,7,8,0.08777540679219181,8.909093678581378,0.04929009206978465,341,False,False
2021_Ref_Plot5_A19::65,2021_Ref_Plot5_A19,Field2,test,8,9,0.07591751156798134,9.366702306213687,0.027005058683334967,341,False,False
2021_Ref_Plot5_A19::69,2021_Ref_Plot5_A19,Field2,test,4,10,0.10187630229294624,10.8325865388241,0.03967775338090547,344,False,False
2021_Ref_Plot5_A19::71,2021_Ref_Plot5_A19,Field2,test,2,11,0.06506916037283603,8.795397585505329,0.06661438490343963,344,False,False
2021_Ref_Plot5_A19::76,2021_Ref_Plot5_A19,Field2,test,5,12,0.07651201064707132,10.817342427360373,0.04496644762763519,340,False,False
2021_Ref_Plot5_A19::80,2021_Ref_Plot5_A19,Field2,test,4,13,0.02337400582600974,7.087857827615876,0.018189550607331944,340,False,False
2021_Ref_Plot5_A19::85,2021_Ref_Plot5_A19,Field2,test,5,14,0.03985363545603824,8.062872065848513,0.031456553772048666,344,False,False
2021_Ref_Plot5_B12::8,2021_Ref_Plot5_B12,Field2,test,7,1,0.501629916827174,23.975416555511707,0.04939355268312117,344,False,False
2021_Ref_Plot5_B12::16,2021_Ref_Plot5_B12,Field2,test,8,2,0.7459903091302676,27.730126466348615,0.28667344375158915,344,False,False
2021_Ref_Plot5_B12::22,2021_Ref_Plot5_B12,Field2,test,6,3,0.15927513212354402,13.212944770951685,0.03813588634969432,344,False,False
2021_Ref_Plot5_B12::27,2021_Ref_Plot5_B12,Field2,test,5,4,0.17084590900636187,14.272340222943624,0.02633436239543028,344,False,False
2021_Ref_Plot5_B12::35,2021_Ref_Plot5_B12,Field2,test,8,5,0.05690970556851501,10.819532864952206,0.007951645728786202,344,False,False
2021_Ref_Plot5_B12::44,2021_Ref_Plot5_B12,Field2,test,9,6,0.04421554358247007,7.8635115078922215,0.010912470753773973,344,False,False
2021_Ref_Plot5_B12::50,2021_Ref_Plot5_B12,Field2,test,6,7,0.04583857729782648,7.022927126904786,0.02303741800761191,344,False,False
2021_Ref_Plot5_B12::57,2021_Ref_Plot5_B12,Field2,test,7,8,0.04774748972963405,8.327970745558847,0.027271659765474014,341,False,False
2021_Ref_Plot5_B12::65,2021_Ref_Plot5_B12,Field2,test,8,9,0.07057874934286645,9.286268558418659,0.034361730114166905,341,False,False
2021_Ref_Plot5_B12::69,2021_Ref_Plot5_B12,Field2,test,4,10,0.08354084903503511,10.759291797665417,0.05083074303332727,344,False,False
2021_Ref_Plot5_B12::71,2021_Ref_Plot5_B12,Field2,test,2,11,0.032011346791345964,7.643021507159907,0.025044775167687296,344,False,False
2021_Ref_Plot5_B12::76,2021_Ref_Plot5_B12,Field2,test,5,12,0.09846394609743599,11.071106095582635,0.06591247268567546,340,False,False
2021_Ref_Plot5_B12::80,2021_Ref_Plot5_B12,Field2,test,4,13,0.01788998017539281,6.933922859792973,0.014419109517527173,340,False,False
2021_Ref_Plot5_B12::85,2021_Ref_Plot5_B12,Field2,test,5,14,0.06479389371541716,7.727498483833805,0.03387688135196038,344,False,False
2021_Ref_Plot5_B14::8,2021_Ref_Plot5_B14,Field2,test,7,1,0.5010749985154579,24.10926289094068,0.062329596745560566,344,False,False
2021_Ref_Plot5_B14::16,2021_Ref_Plot5_B14,Field2,test,8,2,0.7269038121612675,27.538249666773016,0.27319114062733657,344,False,False
2021_Ref_Plot5_B14::22,2021_Ref_Plot5_B14,Field2,test,6,3,0.1545680750494616,13.381761973344075,0.03793263734334225,344,False,False
2021_Ref_Plot5_B14::27,2021_Ref_Plot5_B14,Field2,test,5,4,0.18758480559967597,14.398886815502065,0.04761000436443146,344,False,False
2021_Ref_Plot5_B14::35,2021_Ref_Plot5_B14,Field2,test,8,5,0.047941124902394806,9.990255328306807,0.00979718067082557,344,False,False
2021_Ref_Plot5_B14::44,2021_Ref_Plot5_B14,Field2,test,9,6,0.04887945420990194,8.674393571837063,0.017196292484392237,344,False,False
2021_Ref_Plot5_B14::50,2021_Ref_Plot5_B14,Field2,test,6,7,0.0471480798110677,7.6389805303286105,0.02575619083721003,344,False,False
2021_Ref_Plot5_B14::57,2021_Ref_Plot5_B14,Field2,test,7,8,0.06337469165301537,8.42299298882294,0.02152238718186573,341,False,False
2021_Ref_Plot5_B14::65,2021_Ref_Plot5_B14,Field2,test,8,9,0.06889590684749991,9.003269505303773,0.02434394259893458,341,False,False
2021_Ref_Plot5_B14::69,2021_Ref_Plot5_B14,Field2,test,4,10,0.08663737956550582,10.881620450342826,0.03520489978445245,344,False,False
2021_Ref_Plot5_B14::71,2021_Ref_Plot5_B14,Field2,test,2,11,0.062452753131071154,8.656831849456458,0.05416965887445459,344,False,False
2021_Ref_Plot5_B14::76,2021_Ref_Plot5_B14,Field2,test,5,12,0.07798710363186108,10.802485965043791,0.030854910392787205,340,False,False
2021_Ref_Plot5_B14::80,2021_Ref_Plot5_B14,Field2,test,4,13,0.02445126354879812,7.311328884808938,0.017397372588231444,340,False,False
2021_Ref_Plot5_B14::85,2021_Ref_Plot5_B14,Field2,test,5,14,0.07402955250182601,8.469150024700511,0.043384446800234976,344,False,False
2021_Ref_Plot5_C12::8,2021_Ref_Plot5_C12,Field2,test,7,1,0.5019167094199294,23.458667087361846,0.03501665910365449,344,False,False
2021_Ref_Plot5_C12::16,2021_Ref_Plot5_C12,Field2,test,8,2,0.7429140725825564,27.311713430106735,0.28640376240034443,344,False,False
2021_Ref_Plot5_C12::22,2021_Ref_Plot5_C12,Field2,test,6,3,0.11364015101036727,12.380827246492892,0.016554791151688297,344,False,False
2021_Ref_Plot5_C12::27,2021_Ref_Plot5_C12,Field2,test,5,4,0.15235686629240305,14.320184246224407,0.029504144163487483,344,False,False
2021_Ref_Plot5_C12::35,2021_Ref_Plot5_C12,Field2,test,8,5,0.041530305258808825,9.172518394896349,0.013539686759640871,344,False,False
2021_Ref_Plot5_C12::44,2021_Ref_Plot5_C12,Field2,test,9,6,0.0482196533491678,7.491544059894326,0.010085654422276952,344,False,False
2021_Ref_Plot5_C12::50,2021_Ref_Plot5_C12,Field2,test,6,7,0.054834840818482465,7.2639449886162595,0.03271203240293616,344,False,False
2021_Ref_Plot5_C12::57,2021_Ref_Plot5_C12,Field2,test,7,8,0.04788995756224118,8.045953648713335,0.023430150773852767,341,False,False
2021_Ref_Plot5_C12::65,2021_Ref_Plot5_C12,Field2,test,8,9,0.04886419408762111,9.237765722759887,0.026295532598736956,341,False,False
2021_Ref_Plot5_C12::69,2021_Ref_Plot5_C12,Field2,test,4,10,0.12424589864290199,11.49751037776318,0.06292960849837241,344,False,False
2021_Ref_Plot5_C12::71,2021_Ref_Plot5_C12,Field2,test,2,11,0.04475198743647126,8.088682688033893,0.037008742977925294,344,False,False
2021_Ref_Plot5_C12::76,2021_Ref_Plot5_C12,Field2,test,5,12,0.0631831387975862,10.484963167129287,0.016448621095605458,340,False,False
2021_Ref_Plot5_C12::80,2021_Ref_Plot5_C12,Field2,test,4,13,0.044968410103196764,6.855041257496199,0.0175502921435492,340,False,False
2021_Ref_Plot5_C12::85,2021_Ref_Plot5_C12,Field2,test,5,14,0.06275078590717074,8.091002932920409,0.033720711786123854,344,False,False
2021_Ref_Plot5_C17::8,2021_Ref_Plot5_C17,Field2,test,7,1,0.5032323322315252,24.16153428770349,0.05029167784765244,344,False,False
2021_Ref_Plot5_C17::16,2021_Ref_Plot5_C17,Field2,test,8,2,0.7170290108509388,27.57118799406886,0.25861689557446493,344,False,False
2021_Ref_Plot5_C17::22,2021_Ref_Plot5_C17,Field2,test,6,3,0.14201102366489407,13.0518169280348,0.022542190111920803,344,False,False
2021_Ref_Plot5_C17::27,2021_Ref_Plot5_C17,Field2,test,5,4,0.1678196059875019,14.272719530441336,0.039880976890230325,344,False,False
2021_Ref_Plot5_C17::35,2021_Ref_Plot5_C17,Field2,test,8,5,0.053893825159207175,10.050982039704703,0.014118833331101689,344,False,False
2021_Ref_Plot5_C17::44,2021_Ref_Plot5_C17,Field2,test,9,6,0.03723054376138329,7.664557188009055,0.0013202297381749621,344,False,False
2021_Ref_Plot5_C17::50,2021_Ref_Plot5_C17,Field2,test,6,7,0.05430412094572399,7.33955011308011,0.028869522111372958,344,False,False
2021_Ref_Plot5_C17::57,2021_Ref_Plot5_C17,Field2,test,7,8,0.05617530179117287,9.052379308333464,0.0366283402358178,341,False,False
2021_Ref_Plot5_C17::65,2021_Ref_Plot5_C17,Field2,test,8,9,0.05818157509054931,9.052444743717441,0.021492322918216938,341,False,False
2021_Ref_Plot5_C17::69,2021_Ref_Plot5_C17,Field2,test,4,10,0.07649703014508209,10.460411925021626,0.03224312297410052,344,False,False
2021_Ref_Plot5_C17::71,2021_Ref_Plot5_C17,Field2,test,2,11,0.029070809845526416,7.427006569648292,0.02218947370201907,344,False,False
2021_Ref_Plot5_C17::76,2021_Ref_Plot5_C17,Field2,test,5,12,0.09036454012462801,11.23609467448221,0.04515560658558791,340,False,False
2021_Ref_Plot5_C17::80,2021_Ref_Plot5_C17,Field2,test,4,13,0.01838073496400363,7.21922220636306,0.013369459871511146,340,False,False
2021_Ref_Plot5_C17::85,2021_Ref_Plot5_C17,Field2,test,5,14,0.06455008470631889,7.838985935856209,0.03785743223798618,344,False,False
2021_Ref_Plot5_C18::8,2021_Ref_Plot5_C18,Field2,test,7,1,0.5016279297823735,24.02391047751709,0.04508019697012822,344,False,False
2021_Ref_Plot5_C18::16,2021_Ref_Plot5_C18,Field2,test,8,2,0.7139379980797048,27.541012228832173,0.2507057482876573,344,False,False
2021_Ref_Plot5_C18::22,2021_Ref_Plot5_C18,Field2,test,6,3,0.1321256785603985,12.797679435623198,0.022065863562902487,344,False,False
2021_Ref_Plot5_C18::27,2021_Ref_Plot5_C18,Field2,test,5,4,0.16026058976191956,14.299133174906267,0.03408962704810668,344,False,False
2021_Ref_Plot5_C18::35,2021_Ref_Plot5_C18,Field2,test,8,5,0.036368352075389215,9.496165998466157,0.007058787367964008,344,False,False
2021_Ref_Plot5_C18::44,2021_Ref_Plot5_C18,Field2,test,9,6,0.037135410496670705,7.6919268481682685,0.010660554830838933,344,False,False
2021_Ref_Plot5_C18::50,2021_Ref_Plot5_C18,Field2,test,6,7,0.07091146385425773,7.82569820517716,0.04438436486015573,344,False,False
2021_Ref_Plot5_C18::57,2021_Ref_Plot5_C18,Field2,test,7,8,0.05821087204073586,9.077656380620521,0.044655801525052066,341,False,False
2021_Ref_Plot5_C18::65,2021_Ref_Plot5_C18,Field2,test,8,9,0.05299105130839991,8.761656423740826,0.018805711646824482,341,False,False
2021_Ref_Plot5_C18::69,2021_Ref_Plot5_C18,Field2,test,4,10,0.0799438119527528,10.82321133062605,0.04607360405814737,344,False,False
2021_Ref_Plot5_C18::71,2021_Ref_Plot5_C18,Field2,test,2,11,0.03831059210184911,7.667703166332068,0.03867962332138544,344,False,False
2021_Ref_Plot5_C18::76,2021_Ref_Plot5_C18,Field2,test,5,12,0.11603582794942328,11.521299961567507,0.07638592388647793,340,False,False
2021_Ref_Plot5_C18::80,2021_Ref_Plot5_C18,Field2,test,4,13,0.013330355063791365,6.968998745897369,0.006119575257644104,340,False,False
2021_Ref_Plot5_C18::85,2021_Ref_Plot5_C18,Field2,test,5,14,0.07656000648351897,8.374930054417844,0.05213441942740419,344,False,False
2021_Ref_Plot5_D10::8,2021_Ref_Plot5_D10,Field2,test,7,1,0.49673094291250114,24.21117224036486,0.048161966481562686,344,False,False
2021_Ref_Plot5_D10::16,2021_Ref_Plot5_D10,Field2,test,8,2,0.7548370922768569,28.19087857341008,0.30875234751891517,344,False,False
2021_Ref_Plot5_D10::22,2021_Ref_Plot5_D10,Field2,test,6,3,0.15729390826503664,13.467325570308304,0.03543775607476026,344,False,False
2021_Ref_Plot5_D10::27,2021_Ref_Plot5_D10,Field2,test,5,4,0.15651318102410758,13.949076663636582,0.038196698388592236,344,False,False
2021_Ref_Plot5_D10::35,2021_Ref_Plot5_D10,Field2,test,8,5,0.02880653167155493,8.391510664719979,0.0028182248498366067,344,False,False
2021_Ref_Plot5_D10::44,2021_Ref_Plot5_D10,Field2,test,9,6,0.038203822281999665,7.8671714289128865,0.012403836622029693,344,False,False
2021_Ref_Plot5_D10::50,2021_Ref_Plot5_D10,Field2,test,6,7,0.05581938370354068,7.435320414913789,0.03643626728639121,344,False,False
2021_Ref_Plot5_D10::57,2021_Ref_Plot5_D10,Field2,test,7,8,0.048559792778648365,8.573625979492588,0.016901517353628877,341,False,False
2021_Ref_Plot5_D10::65,2021_Ref_Plot5_D10,Field2,test,8,9,0.06837999252110659,9.285815897937393,0.04101184736069103,341,False,False
2021_Ref_Plot5_D10::69,2021_Ref_Plot5_D10,Field2,test,4,10,0.0838776393912663,10.475355646959512,0.04136830735080335,344,False,False
2021_Ref_Plot5_D10::71,2021_Ref_Plot5_D10,Field2,test,2,11,0.038647944745254466,8.047894378224845,0.024988955599635647,344,False,False
2021_Ref_Plot5_D10::76,2021_Ref_Plot5_D10,Field2,test,5,12,0.07348007911403794,10.670581300844733,0.03131659933930917,340,False,False
2021_Ref_Plot5_D10::80,2021_Ref_Plot5_D10,Field2,test,4,13,0.02531642983881502,7.291645939353975,0.021376100254500496,340,False,False
2021_Ref_Plot5_D10::85,2021_Ref_Plot5_D10,Field2,test,5,14,0.058339077986801324,7.838344624898763,0.030406296662760797,344,False,False
2021_Ref_Plot5_D11::8,2021_Ref_Plot5_D11,Field2,test,7,1,0.48894435862695884,24.201144299996212,0.043614482883473624,344,False,False
2021_Ref_Plot5_D11::16,2021_Ref_Plot5_D11,Field2,test,8,2,0.7533222952245556,28.566894615193227,0.30809259205327855,344,False,False
2021_Ref_Plot5_D11::22,2021_Ref_Plot5_D11,Field2,test,6,3,0.13061513395754534,13.37680214497983,0.03357533706749925,344,False,False
2021_Ref_Plot5_D11::27,2021_Ref_Plot5_D11,Field2,test,5,4,0.12211243256936445,13.507331349020891,0.02684983428329935,344,False,False
2021_Ref_Plot5_D11::35,2021_Ref_Plot5_D11,Field2,test,8,5,0.032405438173688635,9.234385521552491,0.003017533364141906,344,False,False
2021_Ref_Plot5_D11::44,2021_Ref_Plot5_D11,Field2,test,9,6,0.03446903245904652,7.459385661047059,0.008476138705921859,344,False,False
2021_Ref_Plot5_D11::50,2021_Ref_Plot5_D11,Field2,test,6,7,0.0419138108141458,7.604908709342811,0.02110248435283413,344,False,False
2021_Ref_Plot5_D11::57,2021_Ref_Plot5_D11,Field2,test,7,8,0.04953673973802342,9.023137256948008,0.02518276314593892,341,False,False
2021_Ref_Plot5_D11::65,2021_Ref_Plot5_D11,Field2,test,8,9,0.04077736805369018,8.69904523629434,0.01807567733701436,341,False,False
2021_Ref_Plot5_D11::69,2021_Ref_Plot5_D11,Field2,test,4,10,0.08445481765826916,10.26255665618962,0.04427791606886911,344,False,False
2021_Ref_Plot5_D11::71,2021_Ref_Plot5_D11,Field2,test,2,11,0.04873881557114392,7.971013219032476,0.03565810154308048,344,False,False
2021_Ref_Plot5_D11::76,2021_Ref_Plot5_D11,Field2,test,5,12,0.07528991189849397,10.482019515691972,0.038090841377324845,340,False,False
2021_Ref_Plot5_D11::80,2021_Ref_Plot5_D11,Field2,test,4,13,0.03171428454013244,7.708645255864935,0.02954597915384679,340,False,False
2021_Ref_Plot5_D11::85,2021_Ref_Plot5_D11,Field2,test,5,14,0.04142815694974596,7.613739618761358,0.017259990231629538,344,False,False
2021_Ref_Plot5_D9::8,2021_Ref_Plot5_D9,Field2,test,7,1,0.5131024408065913,24.540038043380385,0.05488221053686672,344,False,False
2021_Ref_Plot5_D9::16,2021_Ref_Plot5_D9,Field2,test,8,2,0.7611959886128054,29.000809413039576,0.3206665637478457,344,False,False
2021_Ref_Plot5_D9::22,2021_Ref_Plot5_D9,Field2,test,6,3,0.13431648501659668,13.477231693894947,0.033683286949282715,344,False,False
2021_Ref_Plot5_D9::27,2021_Ref_Plot5_D9,Field2,test,5,4,0.09493870567746894,12.469338467292491,0.021946461995852703,344,False,False
2021_Ref_Plot5_D9::35,2021_Ref_Plot5_D9,Field2,test,8,5,0.042073385835087684,9.077486447965562,0.018268166836421518,344,False,False
2021_Ref_Plot5_D9::44,2021_Ref_Plot5_D9,Field2,test,9,6,0.0378458863773442,7.196337101026813,0.010046539000089338,344,False,False
2021_Ref_Plot5_D9::50,2021_Ref_Plot5_D9,Field2,test,6,7,0.0659146390720161,7.654624342612343,0.03959624895814305,344,False,False
2021_Ref_Plot5_D9::57,2021_Ref_Plot5_D9,Field2,test,7,8,0.05591072305174664,8.796268481395536,0.03305114102880766,341,False,False
2021_Ref_Plot5_D9::65,2021_Ref_Plot5_D9,Field2,test,8,9,0.05667786670615158,9.117411507114435,0.02243560584042058,341,False,False
2021_Ref_Plot5_D9::69,2021_Ref_Plot5_D9,Field2,test,4,10,0.048852176481359665,10.284866511709854,0.02791247954552246,344,False,False
2021_Ref_Plot5_D9::71,2021_Ref_Plot5_D9,Field2,test,2,11,0.04002894994844784,7.8774130364929364,0.023041102336501126,344,False,False
2021_Ref_Plot5_D9::76,2021_Ref_Plot5_D9,Field2,test,5,12,0.06548417111522543,10.464984488366877,0.024837112821073752,340,False,False
2021_Ref_Plot5_D9::80,2021_Ref_Plot5_D9,Field2,test,4,13,0.02599293703637892,7.6562939992751105,0.02731999287418308,340,False,False
2021_Ref_Plot5_D9::85,2021_Ref_Plot5_D9,Field2,test,5,14,0.050568198132752006,7.415304517562259,0.037389021055341067,344,False,False
2021_Ref_Plot5_E11::8,2021_Ref_Plot5_E11,Field2,test,7,1,0.5267907056307407,24.530718057487665,0.07216597973224585,344,False,False
2021_Ref_Plot5_E11::16,2021_Ref_Plot5_E11,Field2,test,8,2,0.7137187524344252,27.240533175235328,0.26920344764191273,344,False,False
2021_Ref_Plot5_E11::22,2021_Ref_Plot5_E11,Field2,test,6,3,0.14874777055265323,12.55540538302889,0.03699615289717693,344,False,False
2021_Ref_Plot5_E11::27,2021_Ref_Plot5_E11,Field2,test,5,4,0.1077722671504354,13.3063470414153,0.02450365552553282,344,False,False
2021_Ref_Plot5_E11::35,2021_Ref_Plot5_E11,Field2,test,8,5,0.04118713767433252,9.596445781816744,0.010395145458065453,344,False,False
2021_Ref_Plot5_E11::44,2021_Ref_Plot5_E11,Field2,test,9,6,0.0348644938612691,7.942102204924141,0.017429849075374045,344,False,False
2021_Ref_Plot5_E11::50,2021_Ref_Plot5_E11,Field2,test,6,7,0.035251207092897065,7.160562472740438,0.022243675227261724,344,False,False
2021_Ref_Plot5_E11::57,2021_Ref_Plot5_E11,Field2,test,7,8,0.05229415372546705,8.790779203761543,0.028859848641224584,341,False,False
2021_Ref_Plot5_E11::65,2021_Ref_Plot5_E11,Field2,test,8,9,0.03911935527904634,8.450110859767282,0.01860038794569108,341,False,False
2021_Ref_Plot5_E11::69,2021_Ref_Plot5_E11,Field2,test,4,10,0.12483693101210602,11.13961040018981,0.07802550773404385,344,False,False
2021_Ref_Plot5_E11::71,2021_Ref_Plot5_E11,Field2,test,2,11,0.06225769890789362,8.460541210583285,0.057025549321461366,344,False,False
2021_Ref_Plot5_E11::76,2021_Ref_Plot5_E11,Field2,test,5,12,0.05366161389801825,9.835848384451433,0.020034139958478227,340,False,False
2021_Ref_Plot5_E11::80,2021_Ref_Plot5_E11,Field2,test,4,13,0.05354063528118188,8.107980518869892,0.029718180356005222,340,False,False
2021_Ref_Plot5_E11::85,2021_Ref_Plot5_E11,Field2,test,5,14,0.04973806117460835,8.136709727422723,0.02636902428497603,344,False,False
2021_Ref_Plot5_E3::8,2021_Ref_Plot5_E3,Field2,test,7,1,0.5493730392604582,24.493241164772698,0.08527585652959827,344,False,False
2021_Ref_Plot5_E3::16,2021_Ref_Plot5_E3,Field2,test,8,2,0.7084161887260977,28.458110284610328,0.2396510069318025,344,False,False
2021_Ref_Plot5_E3::22,2021_Ref_Plot5_E3,Field2,test,6,3,0.15506221792441177,13.395015652055374,0.024837926415491856,344,False,False
2021_Ref_Plot5_E3::27,2021_Ref_Plot5_E3,Field2,test,5,4,0.20929331514468194,13.962375291239574,0.07469217340878269,344,False,False
2021_Ref_Plot5_E3::35,2021_Ref_Plot5_E3,Field2,test,8,5,0.04134555528744943,9.597388577171511,0.013397851663209172,344,False,False
2021_Ref_Plot5_E3::44,2021_Ref_Plot5_E3,Field2,test,9,6,0.035279442426898795,7.866371560837932,0.01681233367082899,344,False,False
2021_Ref_Plot5_E3::50,2021_Ref_Plot5_E3,Field2,test,6,7,0.07856224597635049,8.381031997028005,0.05942787220021882,344,False,False
2021_Ref_Plot5_E3::57,2021_Ref_Plot5_E3,Field2,test,7,8,0.05167719374258576,8.56721134902931,0.015640730981250933,341,False,False
2021_Ref_Plot5_E3::65,2021_Ref_Plot5_E3,Field2,test,8,9,0.031467079506052216,8.49556830760449,0.014743683469617611,341,False,False
2021_Ref_Plot5_E3::69,2021_Ref_Plot5_E3,Field2,test,4,10,0.05403753030611289,10.558849266084811,0.02611778470843824,344,False,False
2021_Ref_Plot5_E3::71,2021_Ref_Plot5_E3,Field2,test,2,11,0.03640848738222916,8.051198085747004,0.04032147008297938,344,False,False
2021_Ref_Plot5_E3::76,2021_Ref_Plot5_E3,Field2,test,5,12,0.05443408427401669,9.958941405777969,0.024751083090085002,340,False,False
2021_Ref_Plot5_E3::80,2021_Ref_Plot5_E3,Field2,test,4,13,0.03033204786068754,6.94070059715728,0.015629329246014994,340,False,False
2021_Ref_Plot5_E3::85,2021_Ref_Plot5_E3,Field2,test,5,14,0.028969622554586533,7.874677852275324,0.01667575031871571,344,False,False
2021_Ref_Plot5_E7::8,2021_Ref_Plot5_E7,Field2,test,7,1,0.5356266923512369,24.74308154866311,0.07653222171814772,344,False,False
2021_Ref_Plot5_E7::16,2021_Ref_Plot5_E7,Field2,test,8,2,0.7154078145371748,28.15617497130569,0.2461480871248788,344,False,False
2021_Ref_Plot5_E7::22,2021_Ref_Plot5_E7,Field2,test,6,3,0.1373694151272093,11.741513913464487,0.030005820024121707,344,False,False
2021_Ref_Plot5_E7::27,2021_Ref_Plot5_E7,Field2,test,5,4,0.18334322706721976,14.848084154362171,0.04066794001748617,344,False,False
2021_Ref_Plot5_E7::35,2021_Ref_Plot5_E7,Field2,test,8,5,0.04668592626559572,9.814876127054937,0.008563528757127388,344,False,False
2021_Ref_Plot5_E7::44,2021_Ref_Plot5_E7,Field2,test,9,6,0.046643002889619485,7.840760310480661,0.004536018039372465,344,False,False
2021_Ref_Plot5_E7::50,2021_Ref_Plot5_E7,Field2,test,6,7,0.0739557101965958,7.930876338598495,0.059687538251555594,344,False,False
2021_Ref_Plot5_E7::57,2021_Ref_Plot5_E7,Field2,test,7,8,0.05109288618270277,8.699798293479606,0.023389664700927994,341,False,False
2021_Ref_Plot5_E7::65,2021_Ref_Plot5_E7,Field2,test,8,9,0.08931620848919973,9.187677741722522,0.04927071882800924,341,False,False
2021_Ref_Plot5_E7::69,2021_Ref_Plot5_E7,Field2,test,4,10,0.08720797268587292,10.888909597120364,0.05071528205138919,344,False,False
2021_Ref_Plot5_E7::71,2021_Ref_Plot5_E7,Field2,test,2,11,0.04692930127840913,8.520465688734113,0.049083632094738955,344,False,False
2021_Ref_Plot5_E7::76,2021_Ref_Plot5_E7,Field2,test,5,12,0.052595509722514845,9.938352659579232,0.011186481579060588,340,False,False
2021_Ref_Plot5_E7::80,2021_Ref_Plot5_E7,Field2,test,4,13,0.05090828255605547,8.401041551060134,0.025351000519903306,340,False,False
2021_Ref_Plot5_E7::85,2021_Ref_Plot5_E7,Field2,test,5,14,0.06718752420717532,8.745588537861321,0.03794770910614274,344,False,False
