pair_id,plant_id,field,split,gap_days,n_input_frames,ssim,psnr,structure_ssim
2020_Ref_Plot1_A10::22,2020_Ref_Plot1_A10,Field1,test,7,1,0.3337558883067455,19.018429884062297,0.08532875303189069
2020_Ref_Plot1_A10::28,2020_Ref_Plot1_A10,Field1,test,6,2,0.6788648216257588,27.734266735305418,0.17789851005571725
2020_Ref_Plot1_A10::36,2020_Ref_Plot1_A10,Field1,test,8,3,0.16878989729026395,14.155375281446876,0.04002454181435278
2020_Ref_Plot1_A10::42,2020_Ref_Plot1_A10,Field1,test,6,4,0.28161661160801427,17.030513149158352,0.04769048379224475
2020_Ref_Plot1_A10::51,2020_Ref_Plot1_A10,Field1,test,9,5,0.16636877829351654,11.680025402237867,0.04481232185177972
2020_Ref_Plot1_A10::83,2020_Ref_Plot1_A10,Field1,test,32,6,0.18259664711169588,15.054207173222196,0.03082262733601881
2020_Ref_Plot1_A93::22,2020_Ref_Plot1_A93,Field1,test,7,1,0.34232859610690447,20.393549522581313,0.0880161038816959
2020_Ref_Plot1_A93::28,2020_Ref_Plot1_A93,Field1,test,6,2,0.707443603029546,28.461926488173994,0.19100295877244894
2020_Ref_Plot1_A93::36,2020_Ref_Plot1_A93,Field1,test,8,3,0.18198584418203043,14.970969914210478,0.050359221518953175
2020_Ref_Plot1_A93::42,2020_Ref_Plot1_A93,Field1,test,6,4,0.2848330301434852,17.08416863984996,0.043703452036348664
2020_Ref_Plot1_A93::51,2020_Ref_Plot1_A93,Field1,test,9,5,0.1804253306509163,11.075480344990556,0.04982161883242187
2020_Ref_Plot1_A94::22,2020_Ref_Plot1_A94,Field1,test,7,1,0.360334203305676,20.749781244936404,0.08647018883261542
2020_Ref_Plot1_A94::28,2020_Ref_Plot1_A94,Field1,test,6,2,0.7074416473085798,28.40067175581251,0.20693859275730006
2020_Ref_Plot1_A94::36,2020_Ref_Plot1_A94,Field1,test,8,3,0.20232724827579454,15.985071055539844,0.05699027888929557
2020_Ref_Plot1_A94::42,2020_Ref_Plot1_A94,Field1,test,6,4,0.24738625739786144,16.52403883870791,0.03421104991036986
2020_Ref_Plot1_A94::51,2020_Ref_Plot1_A94,Field1,test,9,5,0.18702740847190988,10.910008371098893,0.05168205211806212
2020_Ref_Plot1_B1::22,2020_Ref_Plot1_B1,Field1,test,7,1,0.2768512155860857,18.994277449411854,0.061483106659267185
2020_Ref_Plot1_B1::28,2020_Ref_Plot1_B1,Field1,test,6,2,0.6836440271058931,28.290719193849135,0.17661798893348937
2020_Ref_Plot1_B1::36,2020_Ref_Plot1_B1,Field1,test,8,3,0.18085076255485336,14.705077232021912,0.05430864569559293
2020_Ref_Plot1_B1::42,2020_Ref_Plot1_B1,Field1,test,6,4,0.29038974851547245,18.2139509188056,0.06182577772638496
2020_Ref_Plot1_B1::51,2020_Ref_Plot1_B1,Field1,test,9,5,0.1758243803437257,10.541822206609549,0.058747740063017403
2020_Ref_Plot1_B1::83,2020_Ref_Plot1_B1,Field1,test,32,6,0.30023377131303636,16.402125924970374,0.0435902275619533
2020_Ref_Plot1_B10::22,2020_Ref_Plot1_B10,Field1,test,7,1,0.3405474871047631,18.9802150393258,0.10358510523944041
2020_Ref_Plot1_B10::28,2020_Ref_Plot1_B10,Field1,test,6,2,0.6503549125831705,27.59272720916551,0.15096967369775893
2020_Ref_Plot1_B10::36,2020_Ref_Plot1_B10,Field1,test,8,3,0.15266101297001647,13.74783323939968,0.03670231150289855
2020_Ref_Plot1_B10::42,2020_Ref_Plot1_B10,Field1,test,6,4,0.25989671974021933,16.93412966934867,0.04537912327925565
2020_Ref_Plot1_B10::51,2020_Ref_Plot1_B10,Field1,test,9,5,0.16411515515274605,11.357383445402768,0.02381400902669409
2020_Ref_Plot1_B10::83,2020_Ref_Plot1_B10,Field1,test,32,6,0.26013983837790006,16.520535020243422,0.050183246647117714
2020_Ref_Plot1_B7::22,2020_Ref_Plot1_B7,Field1,test,7,1,0.38947133927676836,20.00818568124614,0.1429753775513745
2020_Ref_Plot1_B7::28,2020_Ref_Plot1_B7,Field1,test,6,2,0.6425471803900936,27.2489104458062,0.14437775406496695
2020_Ref_Plot1_B7::36,2020_Ref_Plot1_B7,Field1,test,8,3,0.15926101024754927,13.480019446848297,0.034971385669469016
2020_Ref_Plot1_B7::42,2020_Ref_Plot1_B7,Field1,test,6,4,0.2710980595803084,17.52906027194903,0.052050778238120675
2020_Ref_Plot1_B7::51,2020_Ref_Plot1_B7,Field1,test,9,5,0.155236114872783,10.427114013146031,0.04672672540415073
2020_Ref_Plot1_B7::83,2020_Ref_Plot1_B7,Field1,test,32,6,0.25745964876543964,16.795102459015535,0.03589326490641595
2020_Ref_Plot1_B94::22,2020_Ref_Plot1_B94,Field1,test,7,1,0.30020944552190093,18.933967530598128,0.07014110698322426
2020_Ref_Plot1_B94::28,2020_Ref_Plot1_B94,Field1,test,6,2,0.7148450871118129,29.327618523266427,0.2022511781272877
2020_Ref_Plot1_B94::36,2020_Ref_Plot1_B94,Field1,test,8,3,0.17877355382409488,15.133766719880331,0.039388446506384914
2020_Ref_Plot1_B94::42,2020_Ref_Plot1_B94,Field1,test,6,4,0.23201609027856018,16.107018060413477,0.03975106906728488
2020_Ref_Plot1_B94::51,2020_Ref_Plot1_B94,Field1,test,9,5,0.17086441072822223,10.820600907676871,0.05262193188575952
2020_Ref_Plot1_C1::22,2020_Ref_Plot1_C1,Field1,test,7,1,0.30791892610916766,18.994002181798425,0.09685728975712238
2020_Ref_Plot1_C1::28,2020_Ref_Plot1_C1,Field1,test,6,2,0.712399698924247,28.908792570202554,0.18939764352331503
2020_Ref_Plot1_C1::36,2020_Ref_Plot1_C1,Field1,test,8,3,0.211093259392081,15.044648527932242,0.05781398753013238
2020_Ref_Plot1_C1::42,2020_Ref_Plot1_C1,Field1,test,6,4,0.2678560083917294,17.49323680622262,0.046120564033801985
2020_Ref_Plot1_C1::51,2020_Ref_Plot1_C1,Field1,test,9,5,0.1630464971683115,10.96646438537087,0.044732935355309596
2020_Ref_Plot1_C1::83,2020_Ref_Plot1_C1,Field1,test,32,6,0.3188056811828167,16.981710267808726,0.05921726472900791
2020_Ref_Plot1_C92::22,2020_Ref_Plot1_C92,Field1,test,7,1,0.2812083502569551,18.876644198203156,0.06636002987316017
2020_Ref_Plot1_C92::28,2020_Ref_Plot1_C92,Field1,test,6,2,0.7198752473793446,29.409074250565826,0.1982578213280389
2020_Ref_Plot1_C92::36,2020_Ref_Plot1_C92,Field1,test,8,3,0.16854080249237932,14.833873252033094,0.03463088797171811
2020_Ref_Plot1_C92::42,2020_Ref_Plot1_C92,Field1,test,6,4,0.2294697891808278,16.60345325648724,0.03376731963333615
2020_Ref_Plot1_C92::51,2020_Ref_Plot1_C92,Field1,test,9,5,0.1825924503279388,11.269099309680433,0.06190955213127979
2020_Ref_Plot1_C98::22,2020_Ref_Plot1_C98,Field1,test,7,1,0.282116072191736,18.99219493019035,0.06550091109016819
2020_Ref_Plot1_C98::28,2020_Ref_Plot1_C98,Field1,test,6,2,0.7019327272765598,28.442358911288544,0.17040498235817453
2020_Ref_Plot1_C98::36,2020_Ref_Plot1_C98,Field1,test,8,3,0.17628049490448428,14.936401138028687,0.040624069203788325
2020_Ref_Plot1_C98::42,2020_Ref_Plot1_C98,Field1,test,6,4,0.2487978174595861,17.401563316790615,0.04561961464062121
2020_Ref_Plot1_C98::51,2020_Ref_Plot1_C98,Field1,test,9,5,0.16464562156298643,11.265521811108222,0.06092008480396447
2020_Ref_Plot2_A2::22,2020_Ref_Plot2_A2,Field1,test,7,1,0.2872083419401175,20.015643832774657,0.06811081307590307
2020_Ref_Plot2_A2::28,2020_Ref_Plot2_A2,Field1,test,6,2,0.6862148645678431,27.905423203152402,0.1691134409832994
2020_Ref_Plot2_A2::36,2020_Ref_Plot2_A2,Field1,test,8,3,0.1845638050420396,14.566012972490014,0.06636079269672937
2020_Ref_Plot2_A2::42,2020_Ref_Plot2_A2,Field1,test,6,4,0.2868861148725477,17.734727840131953,0.05316802019626535
2020_Ref_Plot2_A2::51,2020_Ref_Plot2_A2,Field1,test,9,5,0.15281071181134462,11.14202554493006,0.05117336379690554
2020_Ref_Plot2_A2::83,2020_Ref_Plot2_A2,Field1,test,32,6,0.2184517457491991,15.263802135776714,0.03216831356087297
2020_Ref_Plot2_A4::22,2020_Ref_Plot2_A4,Field1,test,7,1,0.2736034319395431,19.660628036148672,0.06105625187795053
2020_Ref_Plot2_A4::28,2020_Ref_Plot2_A4,Field1,test,6,2,0.6952301013050164,28.27042864157122,0.18859777329011876
2020_Ref_Plot2_A4::36,2020_Ref_Plot2_A4,Field1,test,8,3,0.192153903743936,14.995855057965073,0.0686962351747285
2020_Ref_Plot2_A4::42,2020_Ref_Plot2_A4,Field1,test,6,4,0.2237253621105921,15.633191121474287,0.032013760741458515
2020_Ref_Plot2_A4::51,2020_Ref_Plot2_A4,Field1,test,9,5,0.17391466812064907,11.301400741001263,0.06373413772571325
2020_Ref_Plot2_A4::83,2020_Ref_Plot2_A4,Field1,test,32,6,0.1643337919168146,12.795485923473564,0.019110352409962478
2020_Ref_Plot2_A91::22,2020_Ref_Plot2_A91,Field1,test,7,1,0.288794603289701,19.623241570298124,0.06607788520321015
2020_Ref_Plot2_A91::28,2020_Ref_Plot2_A91,Field1,test,6,2,0.6903809125440293,28.251651983781,0.1691931823585197
2020_Ref_Plot2_A91::36,2020_Ref_Plot2_A91,Field1,test,8,3,0.19159717167358437,15.42582980819021,0.056682836205912954
2020_Ref_Plot2_A91::42,2020_Ref_Plot2_A91,Field1,test,6,4,0.30014960639958616,18.55952931199313,0.05235592619527797
2020_Ref_Plot2_A91::51,2020_Ref_Plot2_A91,Field1,test,9,5,0.16090502511404017,10.841707349511662,0.04979226046915483
2020_Ref_Plot2_A91::83,2020_Ref_Plot2_A91,Field1,test,32,6,0.2730598773804817,16.778141921514287,0.05009423790824999
2020_Ref_Plot2_B1::22,2020_Ref_Plot2_B1,Field1,test,7,1,0.28379548124709525,19.91874810005195,0.0779109708437708
2020_Ref_Plot2_B1::28,2020_Ref_Plot2_B1,Field1,test,6,2,0.7011347969134246,28.516028520685197,0.17232630127548623
2020_Ref_Plot2_B1::36,2020_Ref_Plot2_B1,Field1,test,8,3,0.17109022187123654,14.853097616419094,0.054174101645350435
2020_Ref_Plot2_B1::42,2020_Ref_Plot2_B1,Field1,test,6,4,0.30778454082261786,18.151520631554913,0.049684241284084
2020_Ref_Plot2_B1::51,2020_Ref_Plot2_B1,Field1,test,9,5,0.1433271281852131,10.697563224329222,0.03862380671499832
2020_Ref_Plot2_B1::83,2020_Ref_Plot2_B1,Field1,test,32,6,0.21261333883532227,15.381046974258847,0.03211438613899274
2020_Ref_Plot2_B7::22,2020_Ref_Plot2_B7,Field1,test,7,1,0.3224869928244238,19.944587076089483,0.08199299017004262
2020_Ref_Plot2_B7::28,2020_Ref_Plot2_B7,Field1,test,6,2,0.6639100147643403,28.015153073659352,0.15311079311791526
2020_Ref_Plot2_B7::36,2020_Ref_Plot2_B7,Field1,test,8,3,0.16887646724118233,14.513698720669284,0.03788156659048344
2020_Ref_Plot2_B7::42,2020_Ref_Plot2_B7,Field1,test,6,4,0.27108405929932083,17.390145916206762,0.06499359508939709
2020_Ref_Plot2_B7::51,2020_Ref_Plot2_B7,Field1,test,9,5,0.16596550377212038,10.323337646860253,0.062291058578988236
2020_Ref_Plot2_B7::83,2020_Ref_Plot2_B7,Field1,test,32,6,0.1589008727383527,13.906270832783365,0.02423006082445053
2020_Ref_Plot2_B91::22,2020_Ref_Plot2_B91,Field1,test,7,1,0.291557012134306,19.291534407987367,0.0926205807308
2020_Ref_Plot2_B91::28,2020_Ref_Plot2_B91,Field1,test,6,2,0.6948582020325395,28.655761582018876,0.1726783258536405
2020_Ref_Plot2_B91::36,2020_Ref_Plot2_B91,Field1,test,8,3,0.17440220799239448,15.30522070994028,0.04878372384460202
2020_Ref_Plot2_B91::42,2020_Ref_Plot2_B91,Field1,test,6,4,0.2547127547182609,17.274735552949352,0.024753171126424934
2020_Ref_Plot2_B91::51,2020_Ref_Plot2_B91,Field1,test,9,5,0.13829367416196195,10.469060036039203,0.033685349909595826
2020_Ref_Plot2_B99::22,2020_Ref_Plot2_B99,Field1,test,7,1,0.31731458459803596,19.366004086771966,0.07796424145538396
2020_Ref_Plot2_B99::28,2020_Ref_Plot2_B99,Field1,test,6,2,0.6866683522809325,27.974301252013007,0.16764243788568509
2020_Ref_Plot2_B99::36,2020_Ref_Plot2_B99,Field1,test,8,3,0.15041389206094166,13.794006071739204,0.034094971539145556
2020_Ref_Plot2_B99::42,2020_Ref_Plot2_B99,Field1,test,6,4,0.25840300820471945,17.4333595512182,0.035560283336780484
2020_Ref_Plot2_B99::51,2020_Ref_Plot2_B99,Field1,test,9,5,0.13313452822963284,10.317925219413224,0.030038448563952755
2020_Ref_Plot2_B99::83,2020_Ref_Plot2_B99,Field1,test,32,6,0.22637284050143924,16.138347718963278,0.03500859968066128
2020_Ref_Plot2_C2::22,2020_Ref_Plot2_C2,Field1,test,7,1,0.29632936668325344,19.628361729450358,0.07861125430429228
2020_Ref_Plot2_C2::28,2020_Ref_Plot2_C2,Field1,test,6,2,0.7105860525128301,28.515755767128237,0.18560418440856954
2020_Ref_Plot2_C2::36,2020_Ref_Plot2_C2,Field1,test,8,3,0.198080373568272,15.18137414289351,0.05695554740422831
2020_Ref_Plot2_C2::42,2020_Ref_Plot2_C2,Field1,test,6,4,0.29677038313918264,17.27339467662961,0.051137840299140314
2020_Ref_Plot2_C2::51,2020_Ref_Plot2_C2,Field1,test,9,5,0.1764748302352138,11.66017666725011,0.06535830322631676
2020_Ref_Plot2_C2::83,2020_Ref_Plot2_C2,Field1,test,32,6,0.21314382626917702,15.459087721651933,0.03938827369050268
2020_Ref_Plot2_C5::22,2020_Ref_Plot2_C5,Field1,test,7,1,0.3139330698425365,20.369884133513565,0.09114704129202841
2020_Ref_Plot2_C5::28,2020_Ref_Plot2_C5,Field1,test,6,2,0.7041154841541943,28.62474710089517,0.18959583063317928
2020_Ref_Plot2_C5::36,2020_Ref_Plot2_C5,Field1,test,8,3,0.20272093832700303,15.25293542650062,0.052941866782309784
2020_Ref_Plot2_C5::42,2020_Ref_Plot2_C5,Field1,test,6,4,0.26779711376502685,16.70555155523591,0.04826685841860622
2020_Ref_Plot2_C5::51,2020_Ref_Plot2_C5,Field1,test,9,5,0.17345957255121433,10.797662073337177,0.057330309890414606
2020_Ref_Plot2_C5::83,2020_Ref_Plot2_C5,Field1,test,32,6,0.1723314440341086,13.514617186228865,0.026577812251081596
2020_Ref_Plot2_C6::22,2020_Ref_Plot2_C6,Field1,test,7,1,0.30510633327720077,20.147524066519015,0.08272646313770107
2020_Ref_Plot2_C6::28,2020_Ref_Plot2_C6,Field1,test,6,2,0.6848341182096759,28.317633542461596,0.17825891782458791
2020_Ref_Plot2_C6::36,2020_Ref_Plot2_C6,Field1,test,8,3,0.19835984862377196,15.056583133779204,0.04611609249040072
2020_Ref_Plot2_C6::42,2020_Ref_Plot2_C6,Field1,test,6,4,0.2505991434000221,16.204548637490927,0.05278169465375989
2020_Ref_Plot2_C6::51,2020_Ref_Plot2_C6,Field1,test,9,5,0.1945617169192586,11.423127525349287,0.06267296196948101
2020_Ref_Plot2_C6::83,2020_Ref_Plot2_C6,Field1,test,32,6,0.15989198561170156,13.306282570476679,0.022354065089004203
2020_Ref_Plot3_A2::22,2020_Ref_Plot3_A2,Field1,test,7,1,0.24361980917487425,18.91015766446379,0.034936721021434004
2020_Ref_Plot3_A2::28,2020_Ref_Plot3_A2,Field1,test,6,2,0.67022024917163,27.523006247325128,0.1614329979952468
2020_Ref_Plot3_A2::36,2020_Ref_Plot3_A2,Field1,test,8,3,0.19955322165592093,15.068308401032285,0.04965130539416033
2020_Ref_Plot3_A2::42,2020_Ref_Plot3_A2,Field1,test,6,4,0.24231254251227205,16.34308970790307,0.040127182380968414
2020_Ref_Plot3_A2::51,2020_Ref_Plot3_A2,Field1,test,9,5,0.14787964386845162,10.650740323925094,0.03631896432958287
2020_Ref_Plot3_A2::83,2020_Ref_Plot3_A2,Field1,test,32,6,0.18395958237766952,14.27859339263216,0.031926305579413894
2020_Ref_Plot3_A9::22,2020_Ref_Plot3_A9,Field1,test,7,1,0.262646899471734,20.13501637732269,0.05107243006405602
2020_Ref_Plot3_A9::28,2020_Ref_Plot3_A9,Field1,test,6,2,0.7059926788258671,28.12282673985111,0.1713848886208092
2020_Ref_Plot3_A9::36,2020_Ref_Plot3_A9,Field1,test,8,3,0.14612067512563606,14.576025701061294,0.0282202449218088
2020_Ref_Plot3_A9::42,2020_Ref_Plot3_A9,Field1,test,6,4,0.29472231930776466,17.88828329057421,0.051286777070857235
2020_Ref_Plot3_A9::51,2020_Ref_Plot3_A9,Field1,test,9,5,0.17647898682465427,10.887203402105447,0.06196371342667167
2020_Ref_Plot3_A9::83,2020_Ref_Plot3_A9,Field1,test,32,6,0.24091566812748444,15.54001578760321,0.04104164250420928
2020_Ref_Plot3_A9::97,2020_Ref_Plot3_A9,Field1,test,14,7,0.291950346531562,17.646817028646332,0.03855615146241787
2020_Ref_Plot3_A91::22,2020_Ref_Plot3_A91,Field1,test,7,1,0.22777873056291123,19.650380642356595,0.035960670010179094
2020_Ref_Plot3_A91::28,2020_Ref_Plot3_A91,Field1,test,6,2,0.7035637319342468,28.97510376981216,0.17224922776564075
2020_Ref_Plot3_A91::36,2020_Ref_Plot3_A91,Field1,test,8,3,0.1873564401247649,15.093560846751863,0.04522492212357944
2020_Ref_Plot3_A91::42,2020_Ref_Plot3_A91,Field1,test,6,4,0.2714540809193949,16.7091342884449,0.03826395880368703
2020_Ref_Plot3_A91::51,2020_Ref_Plot3_A91,Field1,test,9,5,0.12984810180977838,10.991341735135094,0.030654932924904697
2020_Ref_Plot3_A91::83,2020_Ref_Plot3_A91,Field1,test,32,6,0.22889259530763226,15.807965534616393,0.029886580393125833
2020_Ref_Plot3_A95::22,2020_Ref_Plot3_A95,Field1,test,7,1,0.3096019938446646,20.041008364906343,0.0771437923963438
2020_Ref_Plot3_A95::28,2020_Ref_Plot3_A95,Field1,test,6,2,0.6689301526450734,27.12983494461279,0.15973159372756182
2020_Ref_Plot3_A95::36,2020_Ref_Plot3_A95,Field1,test,8,3,0.17241343836666087,13.991936281684609,0.041945608129721486
2020_Ref_Plot3_A95::42,2020_Ref_Plot3_A95,Field1,test,6,4,0.26747686227697226,17.100677695198737,0.051557987130000434
2020_Ref_Plot3_A95::51,2020_Ref_Plot3_A95,Field1,test,9,5,0.16471627484285803,11.038379421413993,0.04412227999668537
2020_Ref_Plot3_A95::83,2020_Ref_Plot3_A95,Field1,test,32,6,0.2180987465368642,15.489612350042009,0.029155339254541984
2020_Ref_Plot3_A99::22,2020_Ref_Plot3_A99,Field1,test,7,1,0.2888887770744751,19.63308884812217,0.06523644649763083
2020_Ref_Plot3_A99::28,2020_Ref_Plot3_A99,Field1,test,6,2,0.6967135947898563,27.92699231974215,0.18155656824380373
2020_Ref_Plot3_A99::36,2020_Ref_Plot3_A99,Field1,test,8,3,0.1963676312007434,14.217560305345762,0.048359878788159116
2020_Ref_Plot3_A99::42,2020_Ref_Plot3_A99,Field1,test,6,4,0.2979869970953188,18.095901756820165,0.06616574103462579
2020_Ref_Plot3_A99::51,2020_Ref_Plot3_A99,Field1,test,9,5,0.18336049963704049,11.399519195421064,0.04652102575239147
2020_Ref_Plot3_A99::83,2020_Ref_Plot3_A99,Field1,test,32,6,0.18376472003539027,14.791200297489357,0.02748404161833138
2020_Ref_Plot3_B97::22,2020_Ref_Plot3_B97,Field1,test,7,1,0.30168182178556896,19.693823328794316,0.07893984418490595
2020_Ref_Plot3_B97::28,2020_Ref_Plot3_B97,Field1,test,6,2,0.70144324610512,27.974783254845967,0.19310838853992732
2020_Ref_Plot3_B97::36,2020_Ref_Plot3_B97,Field1,test,8,3,0.1971836152317609,14.434876478983035,0.05055763129575226
2020_Ref_Plot3_B97::42,2020_Ref_Plot3_B97,Field1,test,6,4,0.2816194685137317,17.415440079745046,0.03916634084340295
2020_Ref_Plot3_B97::51,2020_Ref_Plot3_B97,Field1,test,9,5,0.17741612408906227,10.55938273675143,0.0548151730692726
2020_Ref_Plot3_B97::83,2020_Ref_Plot3_B97,Field1,test,32,6,0.19209524802442104,14.401319175991844,0.035657399905139234
2020_Ref_Plot3_C10::22,2020_Ref_Plot3_C10,Field1,test,7,1,0.25740728494823634,19.254099663365054,0.046077645074238005
2020_Ref_Plot3_C10::28,2020_Ref_Plot3_C10,Field1,test,6,2,0.6805296156238002,27.195296502599263,0.16503005178973457
2020_Ref_Plot3_C10::36,2020_Ref_Plot3_C10,Field1,test,8,3,0.1803083403795854,14.929710162900875,0.0483750162906118
2020_Ref_Plot3_C10::42,2020_Ref_Plot3_C10,Field1,test,6,4,0.27499174499761725,17.22268510742457,0.0553680853333871
2020_Ref_Plot3_C10::51,2020_Ref_Plot3_C10,Field1,test,9,5,0.16851059173853292,11.524236601242075,0.054572855433079
2020_Ref_Plot3_C10::83,2020_Ref_Plot3_C10,Field1,test,32,6,0.20316071061280253,14.90686591037215,0.029448242535981613
2020_Ref_Plot3_C10::97,2020_Ref_Plot3_C10,Field1,test,14,7,0.26492707903462115,17.250639174055074,0.047007252131198426
2020_Ref_Plot3_C2::22,2020_Ref_Plot3_C2,Field1,test,7,1,0.28541663351181734,19.969833097993813,0.060866480559811774
2020_Ref_Plot3_C2::28,2020_Ref_Plot3_C2,Field1,test,6,2,0.6655460083156289,26.78911372260891,0.1563479584837632
2020_Ref_Plot3_C2::36,2020_Ref_Plot3_C2,Field1,test,8,3,0.1808596649750984,14.826836947228085,0.04406449465992117
2020_Ref_Plot3_C2::42,2020_Ref_Plot3_C2,Field1,test,6,4,0.28977444884798925,16.939235442677397,0.05215102467342302
2020_Ref_Plot3_C2::51,2020_Ref_Plot3_C2,Field1,test,9,5,0.15478904059262907,10.380841293858815,0.03695947751519641
2020_Ref_Plot3_C2::83,2020_Ref_Plot3_C2,Field1,test,32,6,0.15984700038349373,13.914469850271926,0.016517337064380928
2020_Ref_Plot3_C7::22,2020_Ref_Plot3_C7,Field1,test,7,1,0.31892959001196247,20.111008598588324,0.08750910924422978
2020_Ref_Plot3_C7::28,2020_Ref_Plot3_C7,Field1,test,6,2,0.6631269980948035,26.825984062352607,0.17135919102245278
2020_Ref_Plot3_C7::36,2020_Ref_Plot3_C7,Field1,test,8,3,0.17817942166823564,14.339053245959184,0.05747116216273894
2020_Ref_Plot3_C7::42,2020_Ref_Plot3_C7,Field1,test,6,4,0.2759209331961647,17.315979589961277,0.04830248905582855
2020_Ref_Plot3_C7::51,2020_Ref_Plot3_C7,Field1,test,9,5,0.14319613350726015,11.203133331137847,0.03521902682951989
2020_Ref_Plot3_C7::83,2020_Ref_Plot3_C7,Field1,test,32,6,0.19257426748416306,15.274445810632361,0.027936871591517715
2020_Ref_Plot3_C7::97,2020_Ref_Plot3_C7,Field1,test,14,7,0.23608635453730678,16.308909680086096,0.0252286140169257
2020_Ref_Plot4_A8::22,2020_Ref_Plot4_A8,Field1,test,7,1,0.3279922905969524,21.604273528522274,0.05808178387963037
2020_Ref_Plot4_A8::28,2020_Ref_Plot4_A8,Field1,test,6,2,0.7204489292579099,26.47601289662264,0.19882510233544098
2020_Ref_Plot4_A8::36,2020_Ref_Plot4_A8,Field1,test,8,3,0.10041522930307974,14.340894606482639,0.021861608173418187
2020_Ref_Plot4_A8::42,2020_Ref_Plot4_A8,Field1,test,6,4,0.3443933720823737,19.26367161036898,0.0639642106665234
2020_Ref_Plot4_A8::51,2020_Ref_Plot4_A8,Field1,test,9,5,0.13899138824828297,10.650741081591557,0.04759156031429557
2020_Ref_Plot4_A8::83,2020_Ref_Plot4_A8,Field1,test,32,6,0.17854796945432713,15.392495725229036,0.02425896100887388
2020_Ref_Plot4_A90::22,2020_Ref_Plot4_A90,Field1,test,7,1,0.26120862996470523,19.883488366915255,0.03374127471668657
2020_Ref_Plot4_A90::28,2020_Ref_Plot4_A90,Field1,test,6,2,0.751224835488164,29.27168647973293,0.23202863681335067
2020_Ref_Plot4_A90::36,2020_Ref_Plot4_A90,Field1,test,8,3,0.1067030198521115,14.79623675688396,0.021894008308642954
2020_Ref_Plot4_A90::42,2020_Ref_Plot4_A90,Field1,test,6,4,0.3265159370153556,18.63502126661992,0.046138955578963275
2020_Ref_Plot4_A90::51,2020_Ref_Plot4_A90,Field1,test,9,5,0.13421366097485402,10.419611924686746,0.044509259227331066
2020_Ref_Plot4_A92::22,2020_Ref_Plot4_A92,Field1,test,7,1,0.27454904178181466,20.439615346759613,0.03932614895231574
2020_Ref_Plot4_A92::28,2020_Ref_Plot4_A92,Field1,test,6,2,0.7436463702899837,29.25229313870373,0.20632668469801582
2020_Ref_Plot4_A92::36,2020_Ref_Plot4_A92,Field1,test,8,3,0.10162285613002671,15.213775948483828,0.022570511640258435
2020_Ref_Plot4_A92::42,2020_Ref_Plot4_A92,Field1,test,6,4,0.3096901032837278,18.477946470326533,0.055036890479949856
2020_Ref_Plot4_A92::51,2020_Ref_Plot4_A92,Field1,test,9,5,0.13967237263188215,11.217774040354517,0.04726604577460456
2020_Ref_Plot4_B2::22,2020_Ref_Plot4_B2,Field1,test,7,1,0.28554524904269707,21.002738530988733,0.04207004891857001
2020_Ref_Plot4_B2::28,2020_Ref_Plot4_B2,Field1,test,6,2,0.7599342215139108,29.51168213088841,0.2214998889914124
2020_Ref_Plot4_B2::36,2020_Ref_Plot4_B2,Field1,test,8,3,0.1110071245050736,15.542314286630983,0.02274083675216414
2020_Ref_Plot4_B2::42,2020_Ref_Plot4_B2,Field1,test,6,4,0.26900503270406145,17.030331134699374,0.024843162474952458
2020_Ref_Plot4_B2::51,2020_Ref_Plot4_B2,Field1,test,9,5,0.11683423807910275,10.869735734893343,0.027449797668994493
2020_Ref_Plot4_B2::83,2020_Ref_Plot4_B2,Field1,test,32,6,0.16570668641113237,13.25963107505402,0.022669388808390947
2020_Ref_Plot4_B6::22,2020_Ref_Plot4_B6,Field1,test,7,1,0.3678278248014273,22.577702346445587,0.06045571868952124
2020_Ref_Plot4_B6::28,2020_Ref_Plot4_B6,Field1,test,6,2,0.78325277024102,28.844262441056404,0.239189906095189
2020_Ref_Plot4_B6::36,2020_Ref_Plot4_B6,Field1,test,8,3,0.08134697555931708,14.136218862043124,0.021631919692242478
2020_Ref_Plot4_B6::42,2020_Ref_Plot4_B6,Field1,test,6,4,0.30434849518485135,18.638074088551015,0.05981962267328575
2020_Ref_Plot4_B6::51,2020_Ref_Plot4_B6,Field1,test,9,5,0.1401734632053718,11.00639793081189,0.04795848959978523
2020_Ref_Plot4_B6::83,2020_Ref_Plot4_B6,Field1,test,32,6,0.18290315823411327,15.525043543755606,0.024370945606340236
2020_Ref_Plot4_B95::22,2020_Ref_Plot4_B95,Field1,test,7,1,0.2986727699718273,20.431181171788793,0.03697817136776874
2020_Ref_Plot4_B95::28,2020_Ref_Plot4_B95,Field1,test,6,2,0.7376333941178882,28.826712722671456,0.21708277214329771
2020_Ref_Plot4_B95::36,2020_Ref_Plot4_B95,Field1,test,8,3,0.08097905310118204,14.220342644262193,0.01681491843684021
2020_Ref_Plot4_B95::42,2020_Ref_Plot4_B95,Field1,test,6,4,0.29906058394492013,18.454805539170966,0.04287025811447395
2020_Ref_Plot4_B95::51,2020_Ref_Plot4_B95,Field1,test,9,5,0.1162754020747534,10.310017975034233,0.022531762695568003
2020_Ref_Plot4_B95::83,2020_Ref_Plot4_B95,Field1,test,32,6,0.2887104571880858,16.22011243701024,0.05774836491250629
2020_Ref_Plot4_B97::22,2020_Ref_Plot4_B97,Field1,test,7,1,0.295423691111345,20.932147137909883,0.03559174304492613
2020_Ref_Plot4_B97::28,2020_Ref_Plot4_B97,Field1,test,6,2,0.7634639399327251,29.23028467954976,0.25043749239409185
2020_Ref_Plot4_B97::36,2020_Ref_Plot4_B97,Field1,test,8,3,0.10658773034436721,14.836961046993789,0.0249236090117359
2020_Ref_Plot4_B97::42,2020_Ref_Plot4_B97,Field1,test,6,4,0.31229779085235104,18.876045346569413,0.04556340133157697
2020_Ref_Plot4_B97::51,2020_Ref_Plot4_B97,Field1,test,9,5,0.14975524379834096,11.017546876808442,0.04732062697332363
2020_Ref_Plot4_C91::22,2020_Ref_Plot4_C91,Field1,test,7,1,0.2640496664944389,20.892091400646883,0.030173229572135234
2020_Ref_Plot4_C91::28,2020_Ref_Plot4_C91,Field1,test,6,2,0.7561555996490252,28.9444049756638,0.2127335909952922
2020_Ref_Plot4_C91::36,2020_Ref_Plot4_C91,Field1,test,8,3,0.0984145379795381,15.027391270863724,0.024954128454328647
2020_Ref_Plot4_C91::42,2020_Ref_Plot4_C91,Field1,test,6,4,0.30048489266265127,17.71694507399916,0.039766006338886994
2020_Ref_Plot4_C91::51,2020_Ref_Plot4_C91,Field1,test,9,5,0.14200302266298334,10.672413661819977,0.045533819671551096
2021_Ref_Plot1_A11::8,2021_Ref_Plot1_A11,Field2,test,7,1,0.7144948494505453,27.098155370590938,0.19974154066734173
2021_Ref_Plot1_A11::16,2021_Ref_Plot1_A11,Field2,test,8,2,0.8113745505175277,31.470949555612158,0.39914227791925155
2021_Ref_Plot1_A11::22,2021_Ref_Plot1_A11,Field2,test,6,3,0.3203538503539051,17.79841002726681,0.08753680594826788
2021_Ref_Plot1_A11::27,2021_Ref_Plot1_A11,Field2,test,5,4,0.3563055257025716,16.858988153538675,0.11611188432204532
2021_Ref_Plot1_A11::35,2021_Ref_Plot1_A11,Field2,test,8,5,0.11950813625468816,11.992010634035136,0.03199617837684495
2021_Ref_Plot1_A11::44,2021_Ref_Plot1_A11,Field2,test,9,6,0.12774263093728797,12.561307958675096,0.02845157307662119
2021_Ref_Plot1_A11::50,2021_Ref_Plot1_A11,Field2,test,6,7,0.11479293195837681,8.777447056110322,0.056079056181530966
2021_Ref_Plot1_A11::57,2021_Ref_Plot1_A11,Field2,test,7,8,0.11165023708807253,11.651924688892448,0.0425954686614706
2021_Ref_Plot1_A11::65,2021_Ref_Plot1_A11,Field2,test,8,9,0.11226822404306946,11.31783506506345,0.047590293831195264
2021_Ref_Plot1_A11::69,2021_Ref_Plot1_A11,Field2,test,4,10,0.20827334458715274,12.54129055235914,0.11476378056455461
2021_Ref_Plot1_A11::71,2021_Ref_Plot1_A11,Field2,test,2,11,0.1611253528052816,10.75445038841487,0.09633195029605632
2021_Ref_Plot1_A11::76,2021_Ref_Plot1_A11,Field2,test,5,12,0.1136754534142206,10.662997717583538,0.02069091685550338
2021_Ref_Plot1_A11::80,2021_Ref_Plot1_A11,Field2,test,4,13,0.05498426286912306,7.209242667966552,0.01356894756755279
2021_Ref_Plot1_A11::85,2021_Ref_Plot1_A11,Field2,test,5,14,0.0672691861904367,9.438138338800982,0.03245783806486973
2021_Ref_Plot1_A13::8,2021_Ref_Plot1_A13,Field2,test,7,1,0.7144330898635219,27.693653361270478,0.19795559676752084
2021_Ref_Plot1_A13::16,2021_Ref_Plot1_A13,Field2,test,8,2,0.8010806273097706,30.572279826693443,0.39381527742213623
2021_Ref_Plot1_A13::22,2021_Ref_Plot1_A13,Field2,test,6,3,0.2910718992951618,17.209122318980803,0.07846708838222032
2021_Ref_Plot1_A13::27,2021_Ref_Plot1_A13,Field2,test,5,4,0.3146466374665365,17.368051283949743,0.09585966175361502
2021_Ref_Plot1_A13::35,2021_Ref_Plot1_A13,Field2,test,8,5,0.14012977433621873,12.120964361426939,0.04393355757498833
2021_Ref_Plot1_A13::44,2021_Ref_Plot1_A13,Field2,test,9,6,0.13901489394836522,14.272014765213903,0.01889902548652608
2021_Ref_Plot1_A13::50,2021_Ref_Plot1_A13,Field2,test,6,7,0.11926296289317401,8.625305487336277,0.056513389218155526
2021_Ref_Plot1_A13::57,2021_Ref_Plot1_A13,Field2,test,7,8,0.1310115437346876,11.723282351839385,0.06010786565904145
2021_Ref_Plot1_A13::65,2021_Ref_Plot1_A13,Field2,test,8,9,0.127272579610097,12.501266204718904,0.05724828288109659
2021_Ref_Plot1_A13::69,2021_Ref_Plot1_A13,Field2,test,4,10,0.19833802466943543,12.643265843183105,0.08661053666715592
2021_Ref_Plot1_A13::71,2021_Ref_Plot1_A13,Field2,test,2,11,0.11109235625645253,8.362567567419333,0.054386573767911645
2021_Ref_Plot1_A13::76,2021_Ref_Plot1_A13,Field2,test,5,12,0.10871786891334483,11.807404258940588,0.004966195864459514
2021_Ref_Plot1_A13::80,2021_Ref_Plot1_A13,Field2,test,4,13,0.05491291620435377,8.058005732113983,0.020420026415636297
2021_Ref_Plot1_A13::85,2021_Ref_Plot1_A13,Field2,test,5,14,0.04955586356434008,9.073745595481666,0.021343381593186647
2021_Ref_Plot1_A20::8,2021_Ref_Plot1_A20,Field2,test,7,1,0.6806337269294739,26.440826961274006,0.1800557920303515
2021_Ref_Plot1_A20::16,2021_Ref_Plot1_A20,Field2,test,8,2,0.8132935189689253,31.499994724360228,0.43029021161850967
2021_Ref_Plot1_A20::22,2021_Ref_Plot1_A20,Field2,test,6,3,0.3142529734758648,17.13914244701727,0.09442680766812465
2021_Ref_Plot1_A20::27,2021_Ref_Plot1_A20,Field2,test,5,4,0.32828042188696555,17.469102607539963,0.11089101123915703
2021_Ref_Plot1_A20::35,2021_Ref_Plot1_A20,Field2,test,8,5,0.1538171978882034,12.85276500822837,0.05760819218218066
2021_Ref_Plot1_A20::44,2021_Ref_Plot1_A20,Field2,test,9,6,0.13643428592669818,14.728722719199208,0.021966449330761317
2021_Ref_Plot1_A20::50,2021_Ref_Plot1_A20,Field2,test,6,7,0.11806613157526831,8.742382987886906,0.06770345575821296
2021_Ref_Plot1_A20::57,2021_Ref_Plot1_A20,Field2,test,7,8,0.09049154024961181,10.685545434942508,0.023258108310679582
2021_Ref_Plot1_A20::65,2021_Ref_Plot1_A20,Field2,test,8,9,0.08094317451768092,11.36357084618703,0.03052379075987067
2021_Ref_Plot1_A20::69,2021_Ref_Plot1_A20,Field2,test,4,10,0.14499066432367985,12.397597139922741,0.05521251316337496
2021_Ref_Plot1_A20::71,2021_Ref_Plot1_A20,Field2,test,2,11,0.09930794884094284,8.926201445715762,0.060416290688288445
2021_Ref_Plot1_A20::76,2021_Ref_Plot1_A20,Field2,test,5,12,0.11496692495326055,14.355862398532455,0.015063343910136263
2021_Ref_Plot1_A20::80,2021_Ref_Plot1_A20,Field2,test,4,13,0.09633590158797252,9.480993437249856,0.03982230620769275
2021_Ref_Plot1_A20::85,2021_Ref_Plot1_A20,Field2,test,5,14,0.0924910904568883,10.297521158489447,0.03775188269196928
2021_Ref_Plot1_A3::8,2021_Ref_Plot1_A3,Field2,test,7,1,0.7340080472536096,27.314910680001994,0.22323555187884542
2021_Ref_Plot1_A3::16,2021_Ref_Plot1_A3,Field2,test,8,2,0.7969987105204902,31.057606030287126,0.3677112256077674
2021_Ref_Plot1_A3::22,2021_Ref_Plot1_A3,Field2,test,6,3,0.27054059146684417,16.134757492549575,0.07157583232239952
2021_Ref_Plot1_A3::27,2021_Ref_Plot1_A3,Field2,test,5,4,0.31255057762011584,16.184057969443163,0.08764278730354348
2021_Ref_Plot1_A3::35,2021_Ref_Plot1_A3,Field2,test,8,5,0.14102144193185848,11.440437385252897,0.035090305395696055
2021_Ref_Plot1_A3::44,2021_Ref_Plot1_A3,Field2,test,9,6,0.1376310383683831,14.824761529351413,0.015662082623639873
2021_Ref_Plot1_A3::50,2021_Ref_Plot1_A3,Field2,test,6,7,0.1518278006088864,8.79561941010569,0.09020287286108082
2021_Ref_Plot1_A3::57,2021_Ref_Plot1_A3,Field2,test,7,8,0.1282916390018166,11.222298017310745,0.05433339022842746
2021_Ref_Plot1_A3::65,2021_Ref_Plot1_A3,Field2,test,8,9,0.1472873251888994,11.401814205437068,0.06943444099137204
2021_Ref_Plot1_A3::69,2021_Ref_Plot1_A3,Field2,test,4,10,0.21103527360941476,12.346256333158918,0.12096635903703003
2021_Ref_Plot1_A3::71,2021_Ref_Plot1_A3,Field2,test,2,11,0.12780438145216982,9.083094669772628,0.07175432033416293
2021_Ref_Plot1_A3::76,2021_Ref_Plot1_A3,Field2,test,5,12,0.17938941723118487,12.463667807076718,0.03757610436454881
2021_Ref_Plot1_A3::80,2021_Ref_Plot1_A3,Field2,test,4,13,0.08325019657085568,7.895135115696225,0.023808814305500633
2021_Ref_Plot1_A3::85,2021_Ref_Plot1_A3,Field2,test,5,14,0.08875333841172162,9.378167392362665,0.04246610456862498
2021_Ref_Plot1_B19::8,2021_Ref_Plot1_B19,Field2,test,7,1,0.7148972601230886,27.45908053259694,0.2016156413178532
2021_Ref_Plot1_B19::16,2021_Ref_Plot1_B19,Field2,test,8,2,0.8139513728747136,31.003951636040714,0.38381019494947444
2021_Ref_Plot1_B19::22,2021_Ref_Plot1_B19,Field2,test,6,3,0.34671713928269615,16.72518895873448,0.10827840750141075
2021_Ref_Plot1_B19::27,2021_Ref_Plot1_B19,Field2,test,5,4,0.3408570744825902,17.263591520045125,0.1332456068502574
2021_Ref_Plot1_B19::35,2021_Ref_Plot1_B19,Field2,test,8,5,0.1382998910801432,12.769752107516085,0.02364438800437671
2021_Ref_Plot1_B19::44,2021_Ref_Plot1_B19,Field2,test,9,6,0.11716139894866606,14.593369140582064,0.019865322170927485
2021_Ref_Plot1_B19::50,2021_Ref_Plot1_B19,Field2,test,6,7,0.08813738323386483,9.107926807597716,0.04149313549138765
2021_Ref_Plot1_B19::57,2021_Ref_Plot1_B19,Field2,test,7,8,0.08077326753439985,11.918623972032528,0.01875825301378766
2021_Ref_Plot1_B19::65,2021_Ref_Plot1_B19,Field2,test,8,9,0.06889854938744218,11.921196343622393,0.027634482064532125
2021_Ref_Plot1_B19::69,2021_Ref_Plot1_B19,Field2,test,4,10,0.16861046692252066,12.96164081339218,0.059422011642492556
2021_Ref_Plot1_B19::71,2021_Ref_Plot1_B19,Field2,test,2,11,0.13729953353928706,9.384710638066295,0.074181349958789
2021_Ref_Plot1_B19::76,2021_Ref_Plot1_B19,Field2,test,5,12,0.13830758905580381,15.110757460926985,0.027398993305071336
2021_Ref_Plot1_B19::80,2021_Ref_Plot1_B19,Field2,test,4,13,0.07137861513302285,10.58813249260484,0.022038001260906603
2021_Ref_Plot1_B19::85,2021_Ref_Plot1_B19,Field2,test,5,14,0.05309417193725155,11.323188097849846,0.029674638764206354
2021_Ref_Plot1_B2::8,2021_Ref_Plot1_B2,Field2,test,7,1,0.7472117666162159,28.222505190770715,0.2138107513304164
2021_Ref_Plot1_B2::16,2021_Ref_Plot1_B2,Field2,test,8,2,0.805204523380398,31.64586990343561,0.3411189343396771
2021_Ref_Plot1_B2::22,2021_Ref_Plot1_B2,Field2,test,6,3,0.33910448396026,17.637303526367702,0.10817543224195517
2021_Ref_Plot1_B2::27,2021_Ref_Plot1_B2,Field2,test,5,4,0.39565014514644603,18.716810879173103,0.13760073913953316
2021_Ref_Plot1_B2::35,2021_Ref_Plot1_B2,Field2,test,8,5,0.17454581191324506,13.57550291857594,0.0350048548345605
2021_Ref_Plot1_B2::44,2021_Ref_Plot1_B2,Field2,test,9,6,0.1543638429917604,14.393316930585824,0.018008213272645714
2021_Ref_Plot1_B2::50,2021_Ref_Plot1_B2,Field2,test,6,7,0.15194831436632886,8.812752120647861,0.07744191336328313
2021_Ref_Plot1_B2::57,2021_Ref_Plot1_B2,Field2,test,7,8,0.13571031285967314,11.568903216911517,0.0352483194760696
2021_Ref_Plot1_B2::65,2021_Ref_Plot1_B2,Field2,test,8,9,0.10293810867194426,11.622576785538076,0.01961353227751097
2021_Ref_Plot1_B2::69,2021_Ref_Plot1_B2,Field2,test,4,10,0.1761207517307772,12.051862181810574,0.06761314054156417
2021_Ref_Plot1_B2::71,2021_Ref_Plot1_B2,Field2,test,2,11,0.1562087300314274,9.2655230427405,0.08640549699512201
2021_Ref_Plot1_B2::76,2021_Ref_Plot1_B2,Field2,test,5,12,0.17456024775740478,14.878528326785608,0.032925755492695316
2021_Ref_Plot1_B2::80,2021_Ref_Plot1_B2,Field2,test,4,13,0.14178473517467197,9.292895954580624,0.06064369128362004
2021_Ref_Plot1_B2::85,2021_Ref_Plot1_B2,Field2,test,5,14,0.07510009478021246,8.789385148128039,0.024345236507337716
2021_Ref_Plot1_B4::8,2021_Ref_Plot1_B4,Field2,test,7,1,0.7510052301462128,28.954094022795076,0.22687724132912362
2021_Ref_Plot1_B4::16,2021_Ref_Plot1_B4,Field2,test,8,2,0.8125466864968814,31.600437139989733,0.35424545777769956
2021_Ref_Plot1_B4::22,2021_Ref_Plot1_B4,Field2,test,6,3,0.30462439782700274,17.337751375789978,0.09243871100326037
2021_Ref_Plot1_B4::27,2021_Ref_Plot1_B4,Field2,test,5,4,0.37003154980994674,17.72942920584223,0.11885588505207713
2021_Ref_Plot1_B4::35,2021_Ref_Plot1_B4,Field2,test,8,5,0.15086611261992633,12.527737381787636,0.03381142498735485
2021_Ref_Plot1_B4::44,2021_Ref_Plot1_B4,Field2,test,9,6,0.15230177935686834,15.067067254804314,0.01993828327981257
2021_Ref_Plot1_B4::50,2021_Ref_Plot1_B4,Field2,test,6,7,0.11849641490552999,8.295672458774586,0.055932087983443596
2021_Ref_Plot1_B4::57,2021_Ref_Plot1_B4,Field2,test,7,8,0.11577041899313863,11.264141188333435,0.026169258474971608
2021_Ref_Plot1_B4::65,2021_Ref_Plot1_B4,Field2,test,8,9,0.10332090487702787,10.517324532545153,0.03395101858154553
2021_Ref_Plot1_B4::69,2021_Ref_Plot1_B4,Field2,test,4,10,0.16813227980886958,12.918046263813036,0.06664721363891392
2021_Ref_Plot1_B4::71,2021_Ref_Plot1_B4,Field2,test,2,11,0.17625992678180594,9.194167080880986,0.08834317645597226
2021_Ref_Plot1_B4::76,2021_Ref_Plot1_B4,Field2,test,5,12,0.23751273113172808,14.447744568286872,0.03969378478901878
2021_Ref_Plot1_B4::80,2021_Ref_Plot1_B4,Field2,test,4,13,0.1476755084012953,8.446639721797279,0.041581788941473095
2021_Ref_Plot1_B4::85,2021_Ref_Plot1_B4,Field2,test,5,14,0.09074499432875237,8.922950600650871,0.02208842864492534
2021_Ref_Plot1_B7::8,2021_Ref_Plot1_B7,Field2,test,7,1,0.7299977514738715,27.5306713849941,0.21448422288867802
2021_Ref_Plot1_B7::16,2021_Ref_Plot1_B7,Field2,test,8,2,0.7940233855103053,31.42120513685921,0.33761545987526875
2021_Ref_Plot1_B7::22,2021_Ref_Plot1_B7,Field2,test,6,3,0.29950514323321836,17.348307823331357,0.08616262742625048
2021_Ref_Plot1_B7::27,2021_Ref_Plot1_B7,Field2,test,5,4,0.3368202034068906,17.988529425571546,0.11733724389576392
2021_Ref_Plot1_B7::35,2021_Ref_Plot1_B7,Field2,test,8,5,0.1554936030671857,13.502354959318808,0.03710733990122249
2021_Ref_Plot1_B7::44,2021_Ref_Plot1_B7,Field2,test,9,6,0.15943772984384663,15.437625903017011,0.03133189121161458
2021_Ref_Plot1_B7::50,2021_Ref_Plot1_B7,Field2,test,6,7,0.1718572581986322,9.673374043836377,0.09456427750559979
2021_Ref_Plot1_B7::57,2021_Ref_Plot1_B7,Field2,test,7,8,0.1275317143891424,11.335567936700517,0.042916168361799185
2021_Ref_Plot1_B7::65,2021_Ref_Plot1_B7,Field2,test,8,9,0.10988817814780825,11.33416992680798,0.02898202569092429
2021_Ref_Plot1_B7::69,2021_Ref_Plot1_B7,Field2,test,4,10,0.16974716905930698,12.237158190465857,0.06512923036647797
2021_Ref_Plot1_B7::71,2021_Ref_Plot1_B7,Field2,test,2,11,0.17571341654840592,9.894194998003728,0.10259559792103189
2021_Ref_Plot1_B7::85,2021_Ref_Plot1_B7,Field2,test,5,13,0.0810036144880748,8.179420343677656,0.025357825475211936
2021_Ref_Plot1_C18::8,2021_Ref_Plot1_C18,Field2,test,7,1,0.7366825321726439,27.880127926276316,0.1986802059945484
2021_Ref_Plot1_C18::16,2021_Ref_Plot1_C18,Field2,test,8,2,0.8088535517886477,30.71682273031547,0.37783111188399965
2021_Ref_Plot1_C18::22,2021_Ref_Plot1_C18,Field2,test,6,3,0.31113638835267726,16.310232721666058,0.0951204196304149
2021_Ref_Plot1_C18::27,2021_Ref_Plot1_C18,Field2,test,5,4,0.27220863540856405,15.994717875951768,0.09566100649283768
2021_Ref_Plot1_C18::35,2021_Ref_Plot1_C18,Field2,test,8,5,0.14825049722444794,12.337375205822044,0.04971516160605026
2021_Ref_Plot1_C18::44,2021_Ref_Plot1_C18,Field2,test,9,6,0.13451954947308062,15.05996820496067,0.02467515704445298
2021_Ref_Plot1_C18::50,2021_Ref_Plot1_C18,Field2,test,6,7,0.08970198885884358,8.38997314087477,0.04213355790994505
2021_Ref_Plot1_C18::57,2021_Ref_Plot1_C18,Field2,test,7,8,0.10021644398593162,11.687546110937802,0.0283296419804135
2021_Ref_Plot1_C18::65,2021_Ref_Plot1_C18,Field2,test,8,9,0.09588431998928705,10.614161078212401,0.03363119409660837
2021_Ref_Plot1_C18::69,2021_Ref_Plot1_C18,Field2,test,4,10,0.18690673917785353,13.016011349658921,0.07341132599865649
2021_Ref_Plot1_C18::71,2021_Ref_Plot1_C18,Field2,test,2,11,0.1442987443125285,9.502946005390589,0.08829191960622541
2021_Ref_Plot1_C18::76,2021_Ref_Plot1_C18,Field2,test,5,12,0.14111962725842198,14.162141718366101,0.014843597643382092
2021_Ref_Plot1_C18::80,2021_Ref_Plot1_C18,Field2,test,4,13,0.043049891891321544,10.480017947980674,0.01183733235111356
2021_Ref_Plot1_C18::85,2021_Ref_Plot1_C18,Field2,test,5,14,0.048109212896335456,10.65348091409618,0.0208513927842343
2021_Ref_Plot1_C6::8,2021_Ref_Plot1_C6,Field2,test,7,1,0.7379433734186316,28.16065948089413,0.2134319994613378
2021_Ref_Plot1_C6::16,2021_Ref_Plot1_C6,Field2,test,8,2,0.8219575773623551,31.896098650620903,0.37895878723334453
2021_Ref_Plot1_C6::22,2021_Ref_Plot1_C6,Field2,test,6,3,0.3212504353201025,17.45256851550307,0.08970150291262667
2021_Ref_Plot1_C6::27,2021_Ref_Plot1_C6,Field2,test,5,4,0.3604005957410356,17.655336516287136,0.11046606733355616
2021_Ref_Plot1_C6::35,2021_Ref_Plot1_C6,Field2,test,8,5,0.16803588645857895,13.623816246049751,0.03105638337083365
2021_Ref_Plot1_C6::44,2021_Ref_Plot1_C6,Field2,test,9,6,0.14173581204507438,15.510759230762785,0.023628985050746294
2021_Ref_Plot1_C6::50,2021_Ref_Plot1_C6,Field2,test,6,7,0.11838561699900944,8.811856422348056,0.06024932615001834
2021_Ref_Plot1_C6::57,2021_Ref_Plot1_C6,Field2,test,7,8,0.13868846328865675,10.826062162345412,0.028517360102122816
2021_Ref_Plot1_C6::65,2021_Ref_Plot1_C6,Field2,test,8,9,0.13921646671223345,11.299950299834418,0.06363195972064596
2021_Ref_Plot1_C6::69,2021_Ref_Plot1_C6,Field2,test,4,10,0.18635372830736294,12.188345912661177,0.09616944679659307
2021_Ref_Plot1_C6::71,2021_Ref_Plot1_C6,Field2,test,2,11,0.16414870512275115,9.689556008983942,0.10182154639779914
2021_Ref_Plot1_C6::76,2021_Ref_Plot1_C6,Field2,test,5,12,0.22070590898019973,15.033869943189854,0.05165784241220873
2021_Ref_Plot1_C6::80,2021_Ref_Plot1_C6,Field2,test,4,13,0.15972848427182076,9.0638877108748,0.05051090453469251
2021_Ref_Plot1_C6::85,2021_Ref_Plot1_C6,Field2,test,5,14,0.11379976690762927,8.84314774244269,0.03902742481990904
2021_Ref_Plot1_D18::8,2021_Ref_Plot1_D18,Field2,test,7,1,0.7332121255569491,28.381600409616887,0.1869920215565788
2021_Ref_Plot1_D18::16,2021_Ref_Plot1_D18,Field2,test,8,2,0.7963349129848472,30.159948787429,0.3625179609167342
2021_Ref_Plot1_D18::22,2021_Ref_Plot1_D18,Field2,test,6,3,0.3178262977464068,17.280826406976495,0.09389199810099197
2021_Ref_Plot1_D18::27,2021_Ref_Plot1_D18,Field2,test,5,4,0.32216103445306143,16.488766505105076,0.13183504978472865
2021_Ref_Plot1_D18::35,2021_Ref_Plot1_D18,Field2,test,8,5,0.13722223396357605,12.45516143098343,0.040010924151006856
2021_Ref_Plot1_D18::44,2021_Ref_Plot1_D18,Field2,test,9,6,0.15756555134923225,16.259312932700155,0.03443845844468174
2021_Ref_Plot1_D18::50,2021_Ref_Plot1_D18,Field2,test,6,7,0.12007860301450153,9.043222215062865,0.06599505597882845
2021_Ref_Plot1_D18::57,2021_Ref_Plot1_D18,Field2,test,7,8,0.1302987554533536,12.102937099332951,0.04019925751513667
2021_Ref_Plot1_D18::65,2021_Ref_Plot1_D18,Field2,test,8,9,0.09563274008613759,10.896710280167381,0.029753634631094792
2021_Ref_Plot1_D18::69,2021_Ref_Plot1_D18,Field2,test,4,10,0.1599494596501624,12.132975483182191,0.06656422674370167
2021_Ref_Plot1_D18::71,2021_Ref_Plot1_D18,Field2,test,2,11,0.1516132732725671,9.898398406254058,0.08637531702616509
2021_Ref_Plot1_D18::76,2021_Ref_Plot1_D18,Field2,test,5,12,0.17097231707058858,15.03910950027356,0.04251278503283821
2021_Ref_Plot1_D18::80,2021_Ref_Plot1_D18,Field2,test,4,13,0.12019481984446763,10.019565548239346,0.04235038335831114
2021_Ref_Plot1_D18::85,2021_Ref_Plot1_D18,Field2,test,5,14,0.056759943559362126,9.91027657839546,0.02449008177682812
2021_Ref_Plot1_D4::8,2021_Ref_Plot1_D4,Field2,test,7,1,0.7317446466690708,27.663664102027173,0.17053615647130912
2021_Ref_Plot1_D4::16,2021_Ref_Plot1_D4,Field2,test,8,2,0.7800726158141066,30.398680309833637,0.3234716599346107
2021_Ref_Plot1_D4::22,2021_Ref_Plot1_D4,Field2,test,6,3,0.2732183937928123,16.80152334379085,0.08204236209294066
2021_Ref_Plot1_D4::27,2021_Ref_Plot1_D4,Field2,test,5,4,0.3196618929582749,16.278363864662154,0.10814443085388306
2021_Ref_Plot1_D4::35,2021_Ref_Plot1_D4,Field2,test,8,5,0.1504032181509524,12.681122954592546,0.04050442191761256
2021_Ref_Plot1_D4::44,2021_Ref_Plot1_D4,Field2,test,9,6,0.1523851914116111,14.895655271750982,0.016327389316559308
2021_Ref_Plot1_D4::50,2021_Ref_Plot1_D4,Field2,test,6,7,0.1091667573075593,8.158409360192595,0.04841787481559753
2021_Ref_Plot1_D4::57,2021_Ref_Plot1_D4,Field2,test,7,8,0.13194868992578682,12.23955242527622,0.03491131966913186
2021_Ref_Plot1_D4::65,2021_Ref_Plot1_D4,Field2,test,8,9,0.08839609768710643,10.878540487074385,0.029159250268458985
2021_Ref_Plot1_D4::69,2021_Ref_Plot1_D4,Field2,test,4,10,0.21178970496294636,13.475718716667497,0.10513950578964187
2021_Ref_Plot1_D4::71,2021_Ref_Plot1_D4,Field2,test,2,11,0.18979729793199926,9.968156558911339,0.10966477069150603
2021_Ref_Plot1_D4::76,2021_Ref_Plot1_D4,Field2,test,5,12,0.15614044548355413,11.687437941490657,0.02338288750839852
2021_Ref_Plot1_D4::80,2021_Ref_Plot1_D4,Field2,test,4,13,0.08338370655423522,8.072612240709848,0.04635372644789708
2021_Ref_Plot1_D4::85,2021_Ref_Plot1_D4,Field2,test,5,14,0.11510072479506996,9.532058165937636,0.03854170620798563
2021_Ref_Plot1_D6::8,2021_Ref_Plot1_D6,Field2,test,7,1,0.7079487869766332,27.807767110344024,0.1637102681210898
2021_Ref_Plot1_D6::16,2021_Ref_Plot1_D6,Field2,test,8,2,0.7864282695738654,30.320982541318166,0.3261170481176522
2021_Ref_Plot1_D6::22,2021_Ref_Plot1_D6,Field2,test,6,3,0.2940180241237544,16.71381502098963,0.09197766119528498
2021_Ref_Plot1_D6::27,2021_Ref_Plot1_D6,Field2,test,5,4,0.36526597282690193,17.234245320361058,0.12949969407864076
2021_Ref_Plot1_D6::35,2021_Ref_Plot1_D6,Field2,test,8,5,0.1644613441573435,13.110251320347716,0.03343348038236061
2021_Ref_Plot1_D6::44,2021_Ref_Plot1_D6,Field2,test,9,6,0.14264021378349775,15.0418939832614,0.02099005160228026
2021_Ref_Plot1_D6::50,2021_Ref_Plot1_D6,Field2,test,6,7,0.1310279800914508,8.600744713291979,0.07324289045283822
2021_Ref_Plot1_D6::57,2021_Ref_Plot1_D6,Field2,test,7,8,0.1457499336660267,11.687831362531416,0.060222038705095904
2021_Ref_Plot1_D6::65,2021_Ref_Plot1_D6,Field2,test,8,9,0.1396253803988155,11.380743698459204,0.056060076173178805
2021_Ref_Plot1_D6::69,2021_Ref_Plot1_D6,Field2,test,4,10,0.20122644990591784,13.01929752193794,0.10024166376033865
2021_Ref_Plot1_D6::71,2021_Ref_Plot1_D6,Field2,test,2,11,0.15540077816358464,9.399797866553195,0.08833153399256352
2021_Ref_Plot1_D6::76,2021_Ref_Plot1_D6,Field2,test,5,12,0.2323435846922525,16.100270859635412,0.030402588050632912
2021_Ref_Plot1_D6::80,2021_Ref_Plot1_D6,Field2,test,4,13,0.1950554781092891,10.110347874144455,0.08453317629633067
2021_Ref_Plot1_D6::85,2021_Ref_Plot1_D6,Field2,test,5,14,0.11901824837619379,9.987678943449817,0.03741466093207596
2021_Ref_Plot1_E2::8,2021_Ref_Plot1_E2,Field2,test,7,1,0.732414478819651,28.507974063156215,0.20044188568786886
2021_Ref_Plot1_E2::16,2021_Ref_Plot1_E2,Field2,test,8,2,0.7785728478527636,30.34897928791009,0.3046236652967328
2021_Ref_Plot1_E2::22,2021_Ref_Plot1_E2,Field2,test,6,3,0.2741268762575377,15.563037151487286,0.06783450755862572
2021_Ref_Plot1_E2::27,2021_Ref_Plot1_E2,Field2,test,5,4,0.31093328018773175,15.330451424447896,0.12109395162042333
2021_Ref_Plot1_E2::35,2021_Ref_Plot1_E2,Field2,test,8,5,0.12856858631608947,10.988353519362136,0.018741584512303365
2021_Ref_Plot1_E2::44,2021_Ref_Plot1_E2,Field2,test,9,6,0.13930289753802902,14.664520502460746,0.01722746809349013
2021_Ref_Plot1_E2::50,2021_Ref_Plot1_E2,Field2,test,6,7,0.11995285017340403,8.675600554032304,0.062284327703469984
2021_Ref_Plot1_E2::57,2021_Ref_Plot1_E2,Field2,test,7,8,0.12089833492086177,11.732855771120468,0.04065949685906941
2021_Ref_Plot1_E2::65,2021_Ref_Plot1_E2,Field2,test,8,9,0.09680269544485502,10.786928484920084,0.03209903796983707
2021_Ref_Plot1_E2::69,2021_Ref_Plot1_E2,Field2,test,4,10,0.20185865676187295,12.694252082333595,0.07099315430332456
2021_Ref_Plot1_E2::71,2021_Ref_Plot1_E2,Field2,test,2,11,0.17311459592045594,9.388474725134405,0.09931047499944443
2021_Ref_Plot1_E2::76,2021_Ref_Plot1_E2,Field2,test,5,12,0.12797664023123279,12.0521192077278,0.006477930683544978
2021_Ref_Plot1_E2::80,2021_Ref_Plot1_E2,Field2,test,4,13,0.12679463288706647,8.974017451724137,0.051678310646015274
2021_Ref_Plot1_E2::85,2021_Ref_Plot1_E2,Field2,test,5,14,0.10712754572121191,9.05356100325318,0.03932554297006977
2021_Ref_Plot1_E8::8,2021_Ref_Plot1_E8,Field2,test,7,1,0.6999447436863608,27.91976629680009,0.16637726830830957
2021_Ref_Plot1_E8::16,2021_Ref_Plot1_E8,Field2,test,8,2,0.7613726662601072,29.995423248252656,0.28573036477971764
2021_Ref_Plot1_E8::22,2021_Ref_Plot1_E8,Field2,test,6,3,0.29924541634771357,16.010244588289755,0.10176279398798967
2021_Ref_Plot1_E8::27,2021_Ref_Plot1_E8,Field2,test,5,4,0.2915806920547967,16.28772411778407,0.10742060700303369
2021_Ref_Plot1_E8::35,2021_Ref_Plot1_E8,Field2,test,8,5,0.15615671751798155,11.944194030120167,0.033309383349870623
2021_Ref_Plot1_E8::44,2021_Ref_Plot1_E8,Field2,test,9,6,0.15192227632582178,15.429680259686094,0.0219246240172668
2021_Ref_Plot1_E8::50,2021_Ref_Plot1_E8,Field2,test,6,7,0.13461906938778934,9.72386062649377,0.08520617989122162
2021_Ref_Plot1_E8::57,2021_Ref_Plot1_E8,Field2,test,7,8,0.1028651750418026,11.185764077083181,0.026303140835811735
2021_Ref_Plot1_E8::65,2021_Ref_Plot1_E8,Field2,test,8,9,0.1082601020970085,11.415544570811209,0.04542104421539727
2021_Ref_Plot1_E8::69,2021_Ref_Plot1_E8,Field2,test,4,10,0.17257913100921218,12.824213934786117,0.06742207327591047
2021_Ref_Plot1_E8::71,2021_Ref_Plot1_E8,Field2,test,2,11,0.1880697016128153,9.846548074913514,0.12619134430692422
2021_Ref_Plot1_E8::76,2021_Ref_Plot1_E8,Field2,test,5,12,0.18432355212415077,13.536776185513322,0.02221676861110877
2021_Ref_Plot1_E8::80,2021_Ref_Plot1_E8,Field2,test,4,13,0.07752892048596649,8.062173366897303,0.02557416004938153
2021_Ref_Plot1_E8::85,2021_Ref_Plot1_E8,Field2,test,5,14,0.07347051189918166,8.693662557685288,0.028391742236215222
2021_Ref_Plot2_A1::8,2021_Ref_Plot2_A1,Field2,test,7,1,0.6136701493773337,25.469248564163877,0.13234693712526124
2021_Ref_Plot2_A1::16,2021_Ref_Plot2_A1,Field2,test,8,2,0.761777345202724,29.68526880830643,0.3302190527312023
2021_Ref_Plot2_A1::22,2021_Ref_Plot2_A1,Field2,test,6,3,0.314624363554848,18.178651496661132,0.07673654090302055
2021_Ref_Plot2_A1::27,2021_Ref_Plot2_A1,Field2,test,5,4,0.41625328597256234,17.52639080637771,0.1469171964166039
2021_Ref_Plot2_A1::35,2021_Ref_Plot2_A1,Field2,test,8,5,0.1490482125905077,13.647763841141927,0.025045312054699898
2021_Ref_Plot2_A1::44,2021_Ref_Plot2_A1,Field2,test,9,6,0.10268710961785105,12.632983475786524,0.016242748290295355
2021_Ref_Plot2_A1::50,2021_Ref_Plot2_A1,Field2,test,6,7,0.1747927275068121,10.734585551631353,0.07683939650835223
2021_Ref_Plot2_A1::57,2021_Ref_Plot2_A1,Field2,test,7,8,0.17780470391880598,11.979407930049938,0.0649239473905831
2021_Ref_Plot2_A1::65,2021_Ref_Plot2_A1,Field2,test,8,9,0.15405530824480118,11.373532499568807,0.07337193249013403
2021_Ref_Plot2_A1::69,2021_Ref_Plot2_A1,Field2,test,4,10,0.20938077955410575,11.811858586531494,0.11493549611440014
2021_Ref_Plot2_A1::71,2021_Ref_Plot2_A1,Field2,test,2,11,0.11454691715675695,8.750749796483884,0.06050295032222431
2021_Ref_Plot2_A1::76,2021_Ref_Plot2_A1,Field2,test,5,12,0.19578736796817764,11.335751925686633,0.02387413230556989
2021_Ref_Plot2_A1::80,2021_Ref_Plot2_A1,Field2,test,4,13,0.09392634226495615,8.199422075606256,0.03283723682836005
2021_Ref_Plot2_A1::85,2021_Ref_Plot2_A1,Field2,test,5,14,0.12436323014768254,9.985675491978688,0.06741674961999285
2021_Ref_Plot2_A13::8,2021_Ref_Plot2_A13,Field2,test,7,1,0.6404263877212474,25.80623811320493,0.1548985169298342
2021_Ref_Plot2_A13::16,2021_Ref_Plot2_A13,Field2,test,8,2,0.817273525399778,31.64921633072521,0.3959197787194473
2021_Ref_Plot2_A13::22,2021_Ref_Plot2_A13,Field2,test,6,3,0.3401775238964015,18.684758051893027,0.09114302792853836
2021_Ref_Plot2_A13::27,2021_Ref_Plot2_A13,Field2,test,5,4,0.4107453547662345,18.90223516132544,0.11142988077788248
2021_Ref_Plot2_A13::35,2021_Ref_Plot2_A13,Field2,test,8,5,0.1377890192668145,12.564865678641441,0.01608098018043705
2021_Ref_Plot2_A13::44,2021_Ref_Plot2_A13,Field2,test,9,6,0.10195721228277634,11.35519061735472,0.026353200705921724
2021_Ref_Plot2_A13::50,2021_Ref_Plot2_A13,Field2,test,6,7,0.13891900004789162,9.018152282030714,0.07317167397231715
2021_Ref_Plot2_A13::57,2021_Ref_Plot2_A13,Field2,test,7,8,0.13098767332047526,11.034850462955855,0.0501029081082847
2021_Ref_Plot2_A13::65,2021_Ref_Plot2_A13,Field2,test,8,9,0.12320484395139453,11.622597703648053,0.04689066172668978
2021_Ref_Plot2_A13::69,2021_Ref_Plot2_A13,Field2,test,4,10,0.15290862324117932,11.600035976040683,0.06665509889210856
2021_Ref_Plot2_A13::71,2021_Ref_Plot2_A13,Field2,test,2,11,0.15578671466590224,9.904895160214712,0.09614102643835368
2021_Ref_Plot2_A13::76,2021_Ref_Plot2_A13,Field2,test,5,12,0.11130758202380597,12.436932139146377,0.022211072192492583
2021_Ref_Plot2_A13::80,2021_Ref_Plot2_A13,Field2,test,4,13,0.15436612881835907,8.55563157567434,0.046291535629719896
2021_Ref_Plot2_A13::85,2021_Ref_Plot2_A13,Field2,test,5,14,0.0791192548011496,9.19492620525812,0.01986489341675326
2021_Ref_Plot2_A15::8,2021_Ref_Plot2_A15,Field2,test,7,1,0.6623873316434542,27.311181332599684,0.17309355439011148
2021_Ref_Plot2_A15::16,2021_Ref_Plot2_A15,Field2,test,8,2,0.771963269490941,29.998860165384635,0.32368349000965685
2021_Ref_Plot2_A15::22,2021_Ref_Plot2_A15,Field2,test,6,3,0.34318683385559395,18.513483792311344,0.08146047641178153
2021_Ref_Plot2_A15::27,2021_Ref_Plot2_A15,Field2,test,5,4,0.39102644308096784,17.951279347157513,0.09893576315837295
2021_Ref_Plot2_A15::35,2021_Ref_Plot2_A15,Field2,test,8,5,0.14963940305630805,11.784869858986074,0.03116915531629747
2021_Ref_Plot2_A15::44,2021_Ref_Plot2_A15,Field2,test,9,6,0.09056320060894973,10.647695174282607,0.02036425313926291
2021_Ref_Plot2_A15::50,2021_Ref_Plot2_A15,Field2,test,6,7,0.1639687516562508,9.780201180584935,0.1070845669880016
2021_Ref_Plot2_A15::57,2021_Ref_Plot2_A15,Field2,test,7,8,0.11930741252907424,10.513019876502533,0.05004087933347592
2021_Ref_Plot2_A15::65,2021_Ref_Plot2_A15,Field2,test,8,9,0.13089310183030287,11.424611283047465,0.05542647693730658
2021_Ref_Plot2_A15::69,2021_Ref_Plot2_A15,Field2,test,4,10,0.18785280623691017,12.217378810153203,0.09833430851979465
2021_Ref_Plot2_A15::71,2021_Ref_Plot2_A15,Field2,test,2,11,0.14652927224822565,8.685250835477959,0.09969539745475083
2021_Ref_Plot2_A15::76,2021_Ref_Plot2_A15,Field2,test,5,12,0.11331768169767664,11.692348396896337,0.02855276758441762
2021_Ref_Plot2_A15::80,2021_Ref_Plot2_A15,Field2,test,4,13,0.11396114043713583,8.933771872716816,0.05404977415961995
2021_Ref_Plot2_A15::85,2021_Ref_Plot2_A15,Field2,test,5,14,0.13070967097281708,9.564687181365297,0.07064392859521235
2021_Ref_Plot2_B17::8,2021_Ref_Plot2_B17,Field2,test,7,1,0.6911360459779146,27.43288931024052,0.21030014670459932
2021_Ref_Plot2_B17::16,2021_Ref_Plot2_B17,Field2,test,8,2,0.776400385356209,30.04043811222259,0.31061587869348034
2021_Ref_Plot2_B17::22,2021_Ref_Plot2_B17,Field2,test,6,3,0.34637903856434943,18.177807596405362,0.09217370353770844
2021_Ref_Plot2_B17::27,2021_Ref_Plot2_B17,Field2,test,5,4,0.3556159148930876,18.091096123620662,0.09920343866437056
2021_Ref_Plot2_B17::35,2021_Ref_Plot2_B17,Field2,test,8,5,0.1741322368134237,13.366007323830374,0.05303192133302737
2021_Ref_Plot2_B17::44,2021_Ref_Plot2_B17,Field2,test,9,6,0.09756835263156578,10.811311539178538,0.02990566761966655
2021_Ref_Plot2_B17::50,2021_Ref_Plot2_B17,Field2,test,6,7,0.13922376730181266,9.057071748089907,0.08257620317043013
2021_Ref_Plot2_B17::57,2021_Ref_Plot2_B17,Field2,test,7,8,0.14080952729282947,11.407438361247523,0.04366981169912346
2021_Ref_Plot2_B17::65,2021_Ref_Plot2_B17,Field2,test,8,9,0.10446300075799086,10.118644939474361,0.04025410419087485
2021_Ref_Plot2_B17::69,2021_Ref_Plot2_B17,Field2,test,4,10,0.17144471905583938,12.227454626630077,0.07395098557036664
2021_Ref_Plot2_B17::71,2021_Ref_Plot2_B17,Field2,test,2,11,0.18638128407313145,9.455584020260336,0.11087175583500809
2021_Ref_Plot2_B17::76,2021_Ref_Plot2_B17,Field2,test,5,12,0.11922256367347878,9.36555685291572,0.019788975159984765
2021_Ref_Plot2_B17::80,2021_Ref_Plot2_B17,Field2,test,4,13,0.1561852636842608,9.480922300805762,0.07297475950677179
2021_Ref_Plot2_B17::85,2021_Ref_Plot2_B17,Field2,test,5,14,0.17595132408078965,10.564170951644574,0.09457017654157264
2021_Ref_Plot2_B4::8,2021_Ref_Plot2_B4,Field2,test,7,1,0.6786529630316417,26.87156127519834,0.16054386536015533
2021_Ref_Plot2_B4::16,2021_Ref_Plot2_B4,Field2,test,8,2,0.7706280230204757,30.54677637945551,0.3048917667186189
2021_Ref_Plot2_B4::22,2021_Ref_Plot2_B4,Field2,test,6,3,0.3108265638425131,18.824557267675313,0.06025263126520575
2021_Ref_Plot2_B4::27,2021_Ref_Plot2_B4,Field2,test,5,4,0.4484629872825115,19.443690437917894,0.1538472973097274
2021_Ref_Plot2_B4::35,2021_Ref_Plot2_B4,Field2,test,8,5,0.1544973367397493,13.460876475646623,0.04286311418784685
2021_Ref_Plot2_B4::44,2021_Ref_Plot2_B4,Field2,test,9,6,0.12031269703768062,13.72273896000684,0.022911656079112903
2021_Ref_Plot2_B4::50,2021_Ref_Plot2_B4,Field2,test,6,7,0.1890259962770254,10.091369338115845,0.12557790910982655
2021_Ref_Plot2_B4::57,2021_Ref_Plot2_B4,Field2,test,7,8,0.16193297135733262,11.455206862560328,0.07473393370169185
2021_Ref_Plot2_B4::65,2021_Ref_Plot2_B4,Field2,test,8,9,0.13373659762233905,10.035392242951577,0.05742717229478855
2021_Ref_Plot2_B4::69,2021_Ref_Plot2_B4,Field2,test,4,10,0.1866995481564665,12.215069636160925,0.09651065428680557
2021_Ref_Plot2_B4::71,2021_Ref_Plot2_B4,Field2,test,2,11,0.1805812255508675,10.20339154945988,0.11768014298996701
2021_Ref_Plot2_B4::76,2021_Ref_Plot2_B4,Field2,test,5,12,0.20492736920452448,14.033341846924435,0.0494770402837561
2021_Ref_Plot2_B4::80,2021_Ref_Plot2_B4,Field2,test,4,13,0.07538210303939262,7.682510365454763,0.0060622647873417815
2021_Ref_Plot2_B4::85,2021_Ref_Plot2_B4,Field2,test,5,14,0.13225075687435606,9.131086805858335,0.06229897760592616
2021_Ref_Plot2_C1::8,2021_Ref_Plot2_C1,Field2,test,7,1,0.6507010857228402,24.680126582844903,0.1139855864116274
2021_Ref_Plot2_C1::16,2021_Ref_Plot2_C1,Field2,test,8,2,0.7437742874560872,28.564521385220463,0.2949019114158057
2021_Ref_Plot2_C1::22,2021_Ref_Plot2_C1,Field2,test,6,3,0.30455097091102035,17.095185875218647,0.0702167669565533
2021_Ref_Plot2_C1::27,2021_Ref_Plot2_C1,Field2,test,5,4,0.3838060502622132,17.579252126959638,0.15621302419074445
2021_Ref_Plot2_C1::35,2021_Ref_Plot2_C1,Field2,test,8,5,0.14453446753217802,13.115826093776452,0.02749762440367638
2021_Ref_Plot2_C1::44,2021_Ref_Plot2_C1,Field2,test,9,6,0.10185578493214682,12.877341914065479,0.009809171054664804
2021_Ref_Plot2_C1::50,2021_Ref_Plot2_C1,Field2,test,6,7,0.1660076167744907,9.397833861430694,0.10478234493133592
2021_Ref_Plot2_C1::57,2021_Ref_Plot2_C1,Field2,test,7,8,0.1507944693329031,11.311128333559271,0.054149083213079395
2021_Ref_Plot2_C1::65,2021_Ref_Plot2_C1,Field2,test,8,9,0.08685705877424699,9.271199685944532,0.037144423702807364
2021_Ref_Plot2_C1::69,2021_Ref_Plot2_C1,Field2,test,4,10,0.19208422092638258,12.689434277933604,0.10723413664364553
2021_Ref_Plot2_C1::71,2021_Ref_Plot2_C1,Field2,test,2,11,0.17054674948061535,8.931477665675779,0.10944505258299987
2021_Ref_Plot2_C1::76,2021_Ref_Plot2_C1,Field2,test,5,12,0.193944065324723,13.913480736271385,0.020724674460882383
2021_Ref_Plot2_C1::80,2021_Ref_Plot2_C1,Field2,test,4,13,0.10573459749162621,8.516875013006434,0.029269515055340922
2021_Ref_Plot2_C1::85,2021_Ref_Plot2_C1,Field2,test,5,14,0.08988016219096055,9.028241294095414,0.036098255473126645
2021_Ref_Plot2_C10::8,2021_Ref_Plot2_C10,Field2,test,7,1,0.6943627391997858,26.84314852513575,0.19382744596104773
2021_Ref_Plot2_C10::16,2021_Ref_Plot2_C10,Field2,test,8,2,0.7697862588856502,29.677242360521973,0.3083403857051998
2021_Ref_Plot2_C10::22,2021_Ref_Plot2_C10,Field2,test,6,3,0.31169472986640717,16.860460679007684,0.08820153080828659
2021_Ref_Plot2_C10::27,2021_Ref_Plot2_C10,Field2,test,5,4,0.3462302372349398,17.074447560994695,0.1037709682333166
2021_Ref_Plot2_C10::35,2021_Ref_Plot2_C10,Field2,test,8,5,0.14938385288037376,12.039240732190091,0.0438777477268301
2021_Ref_Plot2_C10::44,2021_Ref_Plot2_C10,Field2,test,9,6,0.1097001346953389,12.134902392037574,0.029064721513971905
2021_Ref_Plot2_C10::50,2021_Ref_Plot2_C10,Field2,test,6,7,0.13046813453328635,8.73626445110881,0.07569123689809748
2021_Ref_Plot2_C10::57,2021_Ref_Plot2_C10,Field2,test,7,8,0.11192226388876025,10.476937354729795,0.036135820268967694
2021_Ref_Plot2_C10::65,2021_Ref_Plot2_C10,Field2,test,8,9,0.12419311553523182,9.502632377744904,0.07676854022612623
2021_Ref_Plot2_C10::69,2021_Ref_Plot2_C10,Field2,test,4,10,0.1950261579661725,12.320482493599087,0.1091169917317099
2021_Ref_Plot2_C10::71,2021_Ref_Plot2_C10,Field2,test,2,11,0.10095776065402512,8.255235491017942,0.05420938892119841
2021_Ref_Plot2_C10::76,2021_Ref_Plot2_C10,Field2,test,5,12,0.12716934527359136,12.740401415292371,0.0187910497075493
2021_Ref_Plot2_C10::80,2021_Ref_Plot2_C10,Field2,test,4,13,0.09619387996298989,7.978887913517815,0.029856990624095518
2021_Ref_Plot2_C10::85,2021_Ref_Plot2_C10,Field2,test,5,14,0.10533805842574832,9.628696994594593,0.06428654369654623
2021_Ref_Plot2_C16::8,2021_Ref_Plot2_C16,Field2,test,7,1,0.6868053503755265,27.01276868454727,0.18689983030788834
2021_Ref_Plot2_C16::16,2021_Ref_Plot2_C16,Field2,test,8,2,0.7825698069747111,30.109096238880877,0.3155169278289329
2021_Ref_Plot2_C16::22,2021_Ref_Plot2_C16,Field2,test,6,3,0.3487342123042203,17.120104182492017,0.09104687457263566
2021_Ref_Plot2_C16::27,2021_Ref_Plot2_C16,Field2,test,5,4,0.3370262846387477,17.4290575539338,0.0965844061965426
2021_Ref_Plot2_C16::35,2021_Ref_Plot2_C16,Field2,test,8,5,0.15544017707337648,12.59624421647156,0.030905282735742546
2021_Ref_Plot2_C16::44,2021_Ref_Plot2_C16,Field2,test,9,6,0.10553560994256185,11.374480945022722,0.02385183432125308
2021_Ref_Plot2_C16::50,2021_Ref_Plot2_C16,Field2,test,6,7,0.1338419315581011,9.326145751589126,0.06986927763572105
2021_Ref_Plot2_C16::57,2021_Ref_Plot2_C16,Field2,test,7,8,0.11714425501132235,11.513287410624205,0.039843119614363195
2021_Ref_Plot2_C16::65,2021_Ref_Plot2_C16,Field2,test,8,9,0.10278827026961351,10.231449796391075,0.05273054261375261
2021_Ref_Plot2_C16::69,2021_Ref_Plot2_C16,Field2,test,4,10,0.17307995817676905,12.414382807718736,0.06894122773298374
2021_Ref_Plot2_C16::71,2021_Ref_Plot2_C16,Field2,test,2,11,0.13456469399699422,7.899928896261766,0.07105964050370908
2021_Ref_Plot2_C16::76,2021_Ref_Plot2_C16,Field2,test,5,12,0.16465140391959376,12.094581713492747,0.018742964278629565
2021_Ref_Plot2_C16::80,2021_Ref_Plot2_C16,Field2,test,4,13,0.09455173283151981,8.54337211987821,0.03427347690610321
2021_Ref_Plot2_C16::85,2021_Ref_Plot2_C16,Field2,test,5,14,0.15995145514400314,10.745988073793447,0.0931111887533791
2021_Ref_Plot2_C18::8,2021_Ref_Plot2_C18,Field2,test,7,1,0.6913337198079574,26.97638759845912,0.15287293505125768
2021_Ref_Plot2_C18::16,2021_Ref_Plot2_C18,Field2,test,8,2,0.7760854658158385,30.210803640370123,0.29986122200384513
2021_Ref_Plot2_C18::22,2021_Ref_Plot2_C18,Field2,test,6,3,0.3222767930990741,16.86103956926027,0.07314499360240696
2021_Ref_Plot2_C18::27,2021_Ref_Plot2_C18,Field2,test,5,4,0.3202309694609366,17.35719272838794,0.0911507080249819
2021_Ref_Plot2_C18::35,2021_Ref_Plot2_C18,Field2,test,8,5,0.15934331181578465,11.955828264666774,0.03888405147446087
2021_Ref_Plot2_C18::44,2021_Ref_Plot2_C18,Field2,test,9,6,0.09583454108047368,10.457468144983446,0.03152664045183504
2021_Ref_Plot2_C18::50,2021_Ref_Plot2_C18,Field2,test,6,7,0.13541438184929264,9.047576085558378,0.07986975453711768
2021_Ref_Plot2_C18::57,2021_Ref_Plot2_C18,Field2,test,7,8,0.11525554170949713,11.358843601934264,0.045767758046210874
2021_Ref_Plot2_C18::65,2021_Ref_Plot2_C18,Field2,test,8,9,0.11112509939426551,10.00184545569869,0.05623871886413883
2021_Ref_Plot2_C18::69,2021_Ref_Plot2_C18,Field2,test,4,10,0.17653886867134863,12.215213984741863,0.08228697304937219
2021_Ref_Plot2_C18::71,2021_Ref_Plot2_C18,Field2,test,2,11,0.11005503208968204,8.193461191283083,0.06384171389180693
2021_Ref_Plot2_C18::76,2021_Ref_Plot2_C18,Field2,test,5,12,0.15194924890676378,13.188767722983744,0.020983523618439387
2021_Ref_Plot2_C18::80,2021_Ref_Plot2_C18,Field2,test,4,13,0.09722980023019766,8.93144250387165,0.033792873487176724
2021_Ref_Plot2_C18::85,2021_Ref_Plot2_C18,Field2,test,5,14,0.08729413991712061,7.979903222380409,0.042652883150247706
2021_Ref_Plot2_C2::8,2021_Ref_Plot2_C2,Field2,test,7,1,0.6797448576047432,25.76507868023421,0.15131403125030343
2021_Ref_Plot2_C2::16,2021_Ref_Plot2_C2,Field2,test,8,2,0.7535047845259933,29.98714494753518,0.29209219692143135
2021_Ref_Plot2_C2::22,2021_Ref_Plot2_C2,Field2,test,6,3,0.32269385483030055,18.170211884171845,0.06349272273518368
2021_Ref_Plot2_C2::27,2021_Ref_Plot2_C2,Field2,test,5,4,0.4371230089774165,19.187673044881027,0.16005843309108164
2021_Ref_Plot2_C2::35,2021_Ref_Plot2_C2,Field2,test,8,5,0.1527543806921863,13.188197593579336,0.03416996510882831
2021_Ref_Plot2_C2::44,2021_Ref_Plot2_C2,Field2,test,9,6,0.10380483534729883,12.533451063953148,0.0009416451946407928
2021_Ref_Plot2_C2::50,2021_Ref_Plot2_C2,Field2,test,6,7,0.1669462422067105,10.019954128237119,0.09925441261992574
2021_Ref_Plot2_C2::57,2021_Ref_Plot2_C2,Field2,test,7,8,0.13746764369831602,11.364644522843266,0.05430934514578372
2021_Ref_Plot2_C2::65,2021_Ref_Plot2_C2,Field2,test,8,9,0.11274835772388915,9.478556248485217,0.04222572583320921
2021_Ref_Plot2_C2::69,2021_Ref_Plot2_C2,Field2,test,4,10,0.1686828900679144,11.57273170762155,0.07729440035544244
2021_Ref_Plot2_C2::71,2021_Ref_Plot2_C2,Field2,test,2,11,0.10668279673216376,7.007663706101428,0.04881791276394155
2021_Ref_Plot2_C2::76,2021_Ref_Plot2_C2,Field2,test,5,12,0.20545801111505754,14.126546122218883,0.0295336116017141
2021_Ref_Plot2_C2::80,2021_Ref_Plot2_C2,Field2,test,4,13,0.10343364871222221,7.7784328605320505,0.025282401259369952
2021_Ref_Plot2_C2::85,2021_Ref_Plot2_C2,Field2,test,5,14,0.07812005651502378,8.994310946211337,0.017136849129981375
2021_Ref_Plot2_C3::8,2021_Ref_Plot2_C3,Field2,test,7,1,0.6821448209706059,26.580831332970504,0.16663904800449977
2021_Ref_Plot2_C3::16,2021_Ref_Plot2_C3,Field2,test,8,2,0.7726268730975656,30.723650675598535,0.30516149189212805
2021_Ref_Plot2_C3::22,2021_Ref_Plot2_C3,Field2,test,6,3,0.31433951062623966,18.170555999535818,0.08291537251737055
2021_Ref_Plot2_C3::27,2021_Ref_Plot2_C3,Field2,test,5,4,0.4276769891971588,19.63556027476388,0.14629415239574575
2021_Ref_Plot2_C3::35,2021_Ref_Plot2_C3,Field2,test,8,5,0.14778223693933243,13.606435203622693,0.01691992703443596
2021_Ref_Plot2_C3::44,2021_Ref_Plot2_C3,Field2,test,9,6,0.11306109748031001,9.667554345577988,0.02055295453991427
2021_Ref_Plot2_C3::50,2021_Ref_Plot2_C3,Field2,test,6,7,0.15961149184437942,9.969892358030542,0.10748712385237752
2021_Ref_Plot2_C3::57,2021_Ref_Plot2_C3,Field2,test,7,8,0.13204207702869422,11.62763532631142,0.056790822610585455
2021_Ref_Plot2_C3::65,2021_Ref_Plot2_C3,Field2,test,8,9,0.11641351905862236,9.938052108184678,0.048092232936342336
2021_Ref_Plot2_C3::69,2021_Ref_Plot2_C3,Field2,test,4,10,0.15774041015880497,12.062145047167911,0.06866490066255401
2021_Ref_Plot2_C3::71,2021_Ref_Plot2_C3,Field2,test,2,11,0.1358706982041523,8.699022257132158,0.08517236575923373
2021_Ref_Plot2_C3::76,2021_Ref_Plot2_C3,Field2,test,5,12,0.20477804198770652,15.057662914314495,0.04381815885206661
2021_Ref_Plot2_C3::80,2021_Ref_Plot2_C3,Field2,test,4,13,0.06048007796208824,8.158153415685682,-0.010733195304263447
2021_Ref_Plot2_C3::85,2021_Ref_Plot2_C3,Field2,test,5,14,0.062336993751391456,8.778642591444983,0.008995884840655282
2021_Ref_Plot2_D12::8,2021_Ref_Plot2_D12,Field2,test,7,1,0.7220274834131418,27.74565230051752,0.21901198222970517
2021_Ref_Plot2_D12::16,2021_Ref_Plot2_D12,Field2,test,8,2,0.7628732559531685,30.070917090685384,0.3137762255719645
2021_Ref_Plot2_D12::22,2021_Ref_Plot2_D12,Field2,test,6,3,0.26075755678042656,16.6433249593875,0.08549682685996536
2021_Ref_Plot2_D12::27,2021_Ref_Plot2_D12,Field2,test,5,4,0.27128361727800915,16.369773239253792,0.0863220888196176
2021_Ref_Plot2_D12::35,2021_Ref_Plot2_D12,Field2,test,8,5,0.13719939893291358,12.018366204618145,0.036175792034389094
2021_Ref_Plot2_D12::44,2021_Ref_Plot2_D12,Field2,test,9,6,0.09098572971712286,11.41624715259665,0.027170786911627123
2021_Ref_Plot2_D12::50,2021_Ref_Plot2_D12,Field2,test,6,7,0.11819754738472166,9.26235244099258,0.07500399700910303
2021_Ref_Plot2_D12::57,2021_Ref_Plot2_D12,Field2,test,7,8,0.08455821713579058,11.167396127495248,0.028492425914622192
2021_Ref_Plot2_D12::65,2021_Ref_Plot2_D12,Field2,test,8,9,0.06907063002229738,9.435650424957199,0.04313548779765119
2021_Ref_Plot2_D12::69,2021_Ref_Plot2_D12,Field2,test,4,10,0.14127524630278654,12.487104208495873,0.06006857112722832
2021_Ref_Plot2_D12::71,2021_Ref_Plot2_D12,Field2,test,2,11,0.09265673686235858,8.361797878796152,0.03883866172178653
2021_Ref_Plot2_D12::76,2021_Ref_Plot2_D12,Field2,test,5,12,0.12109077858268297,12.096951923071309,0.01431788953710708
2021_Ref_Plot2_D12::80,2021_Ref_Plot2_D12,Field2,test,4,13,0.0628197621652515,8.893161223926176,0.029187112155588356
2021_Ref_Plot2_D12::85,2021_Ref_Plot2_D12,Field2,test,5,14,0.04741656662920072,10.435421184523157,0.019043597784817665
2021_Ref_Plot2_D5::8,2021_Ref_Plot2_D5,Field2,test,7,1,0.7211388829994618,27.908117924873945,0.2041538866606311
2021_Ref_Plot2_D5::16,2021_Ref_Plot2_D5,Field2,test,8,2,0.782022391872804,31.277033636831288,0.315666589606885
2021_Ref_Plot2_D5::22,2021_Ref_Plot2_D5,Field2,test,6,3,0.2982259469376115,17.299536633795892,0.11497348376498691
2021_Ref_Plot2_D5::27,2021_Ref_Plot2_D5,Field2,test,5,4,0.31922435452471,16.8729822981303,0.12817887152709878
2021_Ref_Plot2_D5::35,2021_Ref_Plot2_D5,Field2,test,8,5,0.13625600648569414,12.690380122520361,0.042212901562101925
2021_Ref_Plot2_D5::44,2021_Ref_Plot2_D5,Field2,test,9,6,0.09937047070422028,12.907313323226449,0.022636336689608686
2021_Ref_Plot2_D5::50,2021_Ref_Plot2_D5,Field2,test,6,7,0.10945442691123207,9.651217039270787,0.05663866919369908
2021_Ref_Plot2_D5::57,2021_Ref_Plot2_D5,Field2,test,7,8,0.10057034404883665,11.420202403230848,0.02935909604688614
2021_Ref_Plot2_D5::65,2021_Ref_Plot2_D5,Field2,test,8,9,0.07937662156751872,9.136946847547993,0.03010411584756558
2021_Ref_Plot2_D5::69,2021_Ref_Plot2_D5,Field2,test,4,10,0.16069425381063296,12.457252654569482,0.0645598580489092
2021_Ref_Plot2_D5::71,2021_Ref_Plot2_D5,Field2,test,2,11,0.1403729053275588,9.698274629034637,0.08399056746931922
2021_Ref_Plot2_D5::76,2021_Ref_Plot2_D5,Field2,test,5,12,0.16215868324118096,13.978058923620168,0.02226038984085688
2021_Ref_Plot2_D5::80,2021_Ref_Plot2_D5,Field2,test,4,13,0.056152472794355486,8.903264238413485,0.016718481426026447
2021_Ref_Plot2_D5::85,2021_Ref_Plot2_D5,Field2,test,5,14,0.08417835207969904,11.042347625503508,0.04544653214070883
2021_Ref_Plot2_E1::8,2021_Ref_Plot2_E1,Field2,test,7,1,0.6586070764797729,26.19303172650642,0.16348847093003327
2021_Ref_Plot2_E1::16,2021_Ref_Plot2_E1,Field2,test,8,2,0.7263538868924146,29.733118221046023,0.2859298359768044
2021_Ref_Plot2_E1::22,2021_Ref_Plot2_E1,Field2,test,6,3,0.2669523188122853,16.65434024164319,0.06906646893832041
2021_Ref_Plot2_E1::27,2021_Ref_Plot2_E1,Field2,test,5,4,0.22501841723147945,16.245528832660284,0.06170338224380192
2021_Ref_Plot2_E1::35,2021_Ref_Plot2_E1,Field2,test,8,5,0.10059459884256954,11.643168178873246,0.0210871261628893
2021_Ref_Plot2_E1::44,2021_Ref_Plot2_E1,Field2,test,9,6,0.1229558103182719,14.351020128288345,0.02025979336817631
2021_Ref_Plot2_E1::50,2021_Ref_Plot2_E1,Field2,test,6,7,0.06731978237975929,9.402216183498815,0.032622180354078226
2021_Ref_Plot2_E1::57,2021_Ref_Plot2_E1,Field2,test,7,8,0.09559610002401847,11.829748271163204,0.025919739520223486
2021_Ref_Plot2_E1::65,2021_Ref_Plot2_E1,Field2,test,8,9,0.06401343813615545,9.762562300466232,0.030281822866456903
2021_Ref_Plot2_E1::69,2021_Ref_Plot2_E1,Field2,test,4,10,0.12031297576384385,11.881590739587118,0.05706356618733067
2021_Ref_Plot2_E1::71,2021_Ref_Plot2_E1,Field2,test,2,11,0.1176172228101673,8.923692324533373,0.052567861763016546
2021_Ref_Plot2_E1::76,2021_Ref_Plot2_E1,Field2,test,5,12,0.14574358939956075,14.77147124754518,0.010273709306453794
2021_Ref_Plot2_E1::80,2021_Ref_Plot2_E1,Field2,test,4,13,0.06437635427980708,10.25981332516815,0.02475497106835969
2021_Ref_Plot2_E1::85,2021_Ref_Plot2_E1,Field2,test,5,14,0.03693881411673584,10.15177601660503,0.009509000972681817
2021_Ref_Plot2_E18::8,2021_Ref_Plot2_E18,Field2,test,7,1,0.659909257947973,27.22881990991305,0.15004136601786952
2021_Ref_Plot2_E18::16,2021_Ref_Plot2_E18,Field2,test,8,2,0.7457644088851757,29.617685031938517,0.26193732797001423
2021_Ref_Plot2_E18::22,2021_Ref_Plot2_E18,Field2,test,6,3,0.293851833035635,16.655146751748262,0.0669825216944191
2021_Ref_Plot2_E18::27,2021_Ref_Plot2_E18,Field2,test,5,4,0.2557252742669474,16.262895504820712,0.05980127444067983
2021_Ref_Plot2_E18::35,2021_Ref_Plot2_E18,Field2,test,8,5,0.11124848687454021,12.141704377521087,0.022483335334510128
2021_Ref_Plot2_E18::44,2021_Ref_Plot2_E18,Field2,test,9,6,0.09129593173684629,13.287731408407577,0.02305013881197772
2021_Ref_Plot2_E18::50,2021_Ref_Plot2_E18,Field2,test,6,7,0.08261866247257395,10.39357842140605,0.045846082642729664
2021_Ref_Plot2_E18::57,2021_Ref_Plot2_E18,Field2,test,7,8,0.07578923225319874,12.201388932396915,0.025500168919329238
2021_Ref_Plot2_E18::65,2021_Ref_Plot2_E18,Field2,test,8,9,0.06788964820238931,10.386421967045347,0.0253264555536056
2021_Ref_Plot2_E18::69,2021_Ref_Plot2_E18,Field2,test,4,10,0.13221146862722233,12.251198817481555,0.03929582558838071
2021_Ref_Plot2_E18::71,2021_Ref_Plot2_E18,Field2,test,2,11,0.12298974037145892,9.49314805743453,0.07399740378438212
2021_Ref_Plot2_E18::76,2021_Ref_Plot2_E18,Field2,test,5,12,0.09988278566696097,12.071075599916037,0.009297600153116994
2021_Ref_Plot2_E18::80,2021_Ref_Plot2_E18,Field2,test,4,13,0.057217553495637175,9.585064809126925,0.02840914363529
2021_Ref_Plot2_E18::85,2021_Ref_Plot2_E18,Field2,test,5,14,0.04378806211807997,10.302331086001384,0.01619887162535453
2021_Ref_Plot2_E7::8,2021_Ref_Plot2_E7,Field2,test,7,1,0.6370858911069996,26.26935387650782,0.12103151055078865
2021_Ref_Plot2_E7::16,2021_Ref_Plot2_E7,Field2,test,8,2,0.6711399599728701,27.616600605072676,0.17406774390601706
2021_Ref_Plot2_E7::22,2021_Ref_Plot2_E7,Field2,test,6,3,0.21393130452521714,14.62286634586619,0.05097657981263975
2021_Ref_Plot2_E7::27,2021_Ref_Plot2_E7,Field2,test,5,4,0.2166921557070117,16.112446106205216,0.07012804677445648
2021_Ref_Plot2_E7::35,2021_Ref_Plot2_E7,Field2,test,8,5,0.08707326320720694,11.8173964939586,0.01471054196114873
2021_Ref_Plot2_E7::44,2021_Ref_Plot2_E7,Field2,test,9,6,0.10489562093774908,14.189563567654153,0.01377836687793445
2021_Ref_Plot2_E7::50,2021_Ref_Plot2_E7,Field2,test,6,7,0.06767982590507636,10.148521942515679,0.03024050719626833
2021_Ref_Plot2_E7::57,2021_Ref_Plot2_E7,Field2,test,7,8,0.07114359389552935,12.022788959681122,0.010770656008794233
2021_Ref_Plot2_E7::65,2021_Ref_Plot2_E7,Field2,test,8,9,0.056452250734964016,10.032879394790104,0.02163128744585358
2021_Ref_Plot2_E7::69,2021_Ref_Plot2_E7,Field2,test,4,10,0.12903665474132486,12.483033951065288,0.04720744201308203
2021_Ref_Plot2_E7::71,2021_Ref_Plot2_E7,Field2,test,2,11,0.10007836282144544,9.647332487868189,0.04919557168783981
2021_Ref_Plot2_E7::76,2021_Ref_Plot2_E7,Field2,test,5,12,0.12663110410301678,13.732773172591749,0.013697545028851227
2021_Ref_Plot2_E7::80,2021_Ref_Plot2_E7,Field2,test,4,13,0.061077890430463466,10.098042819790386,0.022232077729428947
2021_Ref_Plot2_E7::85,2021_Ref_Plot2_E7,Field2,test,5,14,0.054579379690967156,11.218700798830481,0.019799601180555203
2021_Ref_Plot3_A6::8,2021_Ref_Plot3_A6,Field2,test,7,1,0.734239261714506,28.045732775795184,0.22255385392023164
2021_Ref_Plot3_A6::16,2021_Ref_Plot3_A6,Field2,test,8,2,0.7973575046212931,31.096889579014857,0.3556254925651271
2021_Ref_Plot3_A6::22,2021_Ref_Plot3_A6,Field2,test,6,3,0.29503006565709883,16.655142977517123,0.07800645124891765
2021_Ref_Plot3_A6::27,2021_Ref_Plot3_A6,Field2,test,5,4,0.28484038057775246,16.616048967286876,0.09437219253492385
2021_Ref_Plot3_A6::35,2021_Ref_Plot3_A6,Field2,test,8,5,0.165173409360039,13.063347848483321,0.03170677121113086
2021_Ref_Plot3_A6::44,2021_Ref_Plot3_A6,Field2,test,9,6,0.10932260054839833,10.129996082209992,0.04334608840877224
2021_Ref_Plot3_A6::50,2021_Ref_Plot3_A6,Field2,test,6,7,0.1286598687550353,8.988525674991957,0.07308934658547915
2021_Ref_Plot3_A6::57,2021_Ref_Plot3_A6,Field2,test,7,8,0.11394673877885748,9.938182069277108,0.03792105296549187
2021_Ref_Plot3_A6::65,2021_Ref_Plot3_A6,Field2,test,8,9,0.13561008772711422,11.639687749942363,0.04638060788325449
2021_Ref_Plot3_A6::69,2021_Ref_Plot3_A6,Field2,test,4,10,0.2240999937358776,12.330598222765447,0.09944915042016367
2021_Ref_Plot3_A6::71,2021_Ref_Plot3_A6,Field2,test,2,11,0.16436437181859495,9.316969760515512,0.10106493606881654
2021_Ref_Plot3_A6::76,2021_Ref_Plot3_A6,Field2,test,5,12,0.17380580924325442,13.549978867363958,0.025489256693554858
2021_Ref_Plot3_A6::80,2021_Ref_Plot3_A6,Field2,test,4,13,0.09796971411103361,8.202472489537337,0.03452913458285125
2021_Ref_Plot3_A6::85,2021_Ref_Plot3_A6,Field2,test,5,14,0.10670472530145013,9.089332049383179,0.03155047961041637
2021_Ref_Plot3_A7::8,2021_Ref_Plot3_A7,Field2,test,7,1,0.7348064756184268,27.335680846955476,0.23292850759341113
2021_Ref_Plot3_A7::16,2021_Ref_Plot3_A7,Field2,test,8,2,0.8104311289049203,31.27016373834654,0.3838451919550266
2021_Ref_Plot3_A7::22,2021_Ref_Plot3_A7,Field2,test,6,3,0.3276820907344496,17.89289459968939,0.0911924324477897
2021_Ref_Plot3_A7::27,2021_Ref_Plot3_A7,Field2,test,5,4,0.3368221443637423,17.20025084281819,0.09283642329509417
2021_Ref_Plot3_A7::35,2021_Ref_Plot3_A7,Field2,test,8,5,0.1578931596854383,12.600220567015787,0.040895477121324235
2021_Ref_Plot3_A7::44,2021_Ref_Plot3_A7,Field2,test,9,6,0.11154579127776088,9.509019216316272,0.02988684848143782
2021_Ref_Plot3_A7::50,2021_Ref_Plot3_A7,Field2,test,6,7,0.14834579367507486,9.523586074661432,0.06829607197703318
2021_Ref_Plot3_A7::57,2021_Ref_Plot3_A7,Field2,test,7,8,0.14275154612834953,10.733486667008929,0.07602318960954946
2021_Ref_Plot3_A7::65,2021_Ref_Plot3_A7,Field2,test,8,9,0.09913392959919541,11.20915325384209,0.02313027109007075
2021_Ref_Plot3_A7::69,2021_Ref_Plot3_A7,Field2,test,4,10,0.21209804683787936,12.416554310191309,0.1062597086791329
2021_Ref_Plot3_A7::71,2021_Ref_Plot3_A7,Field2,test,2,11,0.1873998313898683,9.631693478591503,0.1322218660819757
2021_Ref_Plot3_A7::76,2021_Ref_Plot3_A7,Field2,test,5,12,0.12680718457383713,11.671286700184051,0.01427169746608276
2021_Ref_Plot3_A7::80,2021_Ref_Plot3_A7,Field2,test,4,13,0.08337446703919839,8.546881057823626,0.02253655301976424
2021_Ref_Plot3_A7::85,2021_Ref_Plot3_A7,Field2,test,5,14,0.08365399731923613,9.029384650316745,0.0502269467205125
2021_Ref_Plot3_B1::8,2021_Ref_Plot3_B1,Field2,test,7,1,0.7059063090585415,26.76719160487373,0.2073429264539986
2021_Ref_Plot3_B1::16,2021_Ref_Plot3_B1,Field2,test,8,2,0.8024911884892036,31.322575962698984,0.3302835727695109
2021_Ref_Plot3_B1::22,2021_Ref_Plot3_B1,Field2,test,6,3,0.3436959297074477,18.529724407104283,0.1043942326181824
2021_Ref_Plot3_B1::27,2021_Ref_Plot3_B1,Field2,test,5,4,0.3463766267103705,18.103559007530887,0.10597317835665171
2021_Ref_Plot3_B1::35,2021_Ref_Plot3_B1,Field2,test,8,5,0.18574351636658712,12.684218353218128,0.03505020305305079
2021_Ref_Plot3_B1::44,2021_Ref_Plot3_B1,Field2,test,9,6,0.14202406571617368,10.554660174167221,0.043198062593755956
2021_Ref_Plot3_B1::50,2021_Ref_Plot3_B1,Field2,test,6,7,0.16734791068107782,9.736675574478555,0.10640069515020087
2021_Ref_Plot3_B1::57,2021_Ref_Plot3_B1,Field2,test,7,8,0.147487719320518,11.262153497225892,0.06155625914186743
2021_Ref_Plot3_B1::65,2021_Ref_Plot3_B1,Field2,test,8,9,0.13761881760092218,10.567581366731588,0.0572575813819582
2021_Ref_Plot3_B1::69,2021_Ref_Plot3_B1,Field2,test,4,10,0.1830555525760087,11.67853825357163,0.07958561952794944
2021_Ref_Plot3_B1::71,2021_Ref_Plot3_B1,Field2,test,2,11,0.1923669488068039,10.328581891916906,0.12995048700856068
2021_Ref_Plot3_B1::76,2021_Ref_Plot3_B1,Field2,test,5,12,0.14164381914833288,12.151825400763329,0.020308069753773087
2021_Ref_Plot3_B1::80,2021_Ref_Plot3_B1,Field2,test,4,13,0.07756393081678699,6.884486432572036,0.00022779571493403681
2021_Ref_Plot3_B1::85,2021_Ref_Plot3_B1,Field2,test,5,14,0.06176158057412689,8.811681325355714,0.023578911686613517
2021_Ref_Plot3_B10::8,2021_Ref_Plot3_B10,Field2,test,7,1,0.7443510960778306,27.422650810409223,0.22449899393663975
2021_Ref_Plot3_B10::16,2021_Ref_Plot3_B10,Field2,test,8,2,0.8166375252808051,31.33469752524711,0.3693997643762765
2021_Ref_Plot3_B10::22,2021_Ref_Plot3_B10,Field2,test,6,3,0.3180848687646276,18.589389809274298,0.08926695670943804
2021_Ref_Plot3_B10::27,2021_Ref_Plot3_B10,Field2,test,5,4,0.3781527979184595,18.248762486934876,0.12483433153743019
2021_Ref_Plot3_B10::35,2021_Ref_Plot3_B10,Field2,test,8,5,0.1960891756902997,13.837218794220954,0.03939555628983117
2021_Ref_Plot3_B10::44,2021_Ref_Plot3_B10,Field2,test,9,6,0.16713554864284821,10.035201859522765,0.053325525740079975
2021_Ref_Plot3_B10::50,2021_Ref_Plot3_B10,Field2,test,6,7,0.1385429163668637,9.61400250195941,0.07732874966598664
2021_Ref_Plot3_B10::57,2021_Ref_Plot3_B10,Field2,test,7,8,0.11577014458715364,10.212543059139064,0.0426897110819349
2021_Ref_Plot3_B10::65,2021_Ref_Plot3_B10,Field2,test,8,9,0.10671856207513995,10.262684650093457,0.027309653724221915
2021_Ref_Plot3_B10::69,2021_Ref_Plot3_B10,Field2,test,4,10,0.17461747350131018,11.759858406369183,0.08993348404688804
2021_Ref_Plot3_B10::71,2021_Ref_Plot3_B10,Field2,test,2,11,0.19679235276373716,9.838695369181128,0.1335118191427186
2021_Ref_Plot3_B10::76,2021_Ref_Plot3_B10,Field2,test,5,12,0.1210001569259479,12.216492065081603,0.03343994734373621
2021_Ref_Plot3_B10::80,2021_Ref_Plot3_B10,Field2,test,4,13,0.07457770441950684,8.244603738348484,0.023926604262258986
2021_Ref_Plot3_B10::85,2021_Ref_Plot3_B10,Field2,test,5,14,0.11153368772339661,9.549790756433023,0.05142359344578835
2021_Ref_Plot3_B12::8,2021_Ref_Plot3_B12,Field2,test,7,1,0.7382362610995914,27.171120744500076,0.20977026060447415
2021_Ref_Plot3_B12::16,2021_Ref_Plot3_B12,Field2,test,8,2,0.8232833035758222,31.746442231850903,0.36431655980428834
2021_Ref_Plot3_B12::22,2021_Ref_Plot3_B12,Field2,test,6,3,0.3403109952648686,17.681451796499836,0.1018204646782746
2021_Ref_Plot3_B12::27,2021_Ref_Plot3_B12,Field2,test,5,4,0.34995509550093473,17.54851221556124,0.11748882430385316
2021_Ref_Plot3_B12::35,2021_Ref_Plot3_B12,Field2,test,8,5,0.16772418600060723,12.993636310262396,0.04897271189929404
2021_Ref_Plot3_B12::44,2021_Ref_Plot3_B12,Field2,test,9,6,0.1421378569811723,10.333854095623698,0.04351572157516588
2021_Ref_Plot3_B12::50,2021_Ref_Plot3_B12,Field2,test,6,7,0.13838313070217076,9.293587844505147,0.07582341053695554
2021_Ref_Plot3_B12::57,2021_Ref_Plot3_B12,Field2,test,7,8,0.10994610447468357,10.401733121004156,0.04428809047796401
2021_Ref_Plot3_B12::65,2021_Ref_Plot3_B12,Field2,test,8,9,0.10223603565929011,10.326645402577096,0.03755292586640697
2021_Ref_Plot3_B12::69,2021_Ref_Plot3_B12,Field2,test,4,10,0.15635509862826977,11.529196936389054,0.07041424260563461
2021_Ref_Plot3_B12::71,2021_Ref_Plot3_B12,Field2,test,2,11,0.1559324614751099,9.547530063025913,0.10340944759573496
2021_Ref_Plot3_B12::76,2021_Ref_Plot3_B12,Field2,test,5,12,0.12400529496307071,12.165420369806355,0.015106282733864608
2021_Ref_Plot3_B12::80,2021_Ref_Plot3_B12,Field2,test,4,13,0.057246671114164344,8.340724226407742,0.02601391962030114
2021_Ref_Plot3_B12::85,2021_Ref_Plot3_B12,Field2,test,5,14,0.08322722529468073,9.229526897324803,0.033900364391380194
2021_Ref_Plot3_B17::8,2021_Ref_Plot3_B17,Field2,test,7,1,0.736830486682976,28.42102957885373,0.2069452263364716
2021_Ref_Plot3_B17::16,2021_Ref_Plot3_B17,Field2,test,8,2,0.816937777975792,31.572435746336197,0.3501578808322746
2021_Ref_Plot3_B17::22,2021_Ref_Plot3_B17,Field2,test,6,3,0.35232038191432674,17.493257767859156,0.11456358375585289
2021_Ref_Plot3_B17::27,2021_Ref_Plot3_B17,Field2,test,5,4,0.27824740619156474,16.738662889215973,0.07927969234677475
2021_Ref_Plot3_B17::35,2021_Ref_Plot3_B17,Field2,test,8,5,0.13849397930946708,12.726960913708927,0.02899619591612531
2021_Ref_Plot3_B17::44,2021_Ref_Plot3_B17,Field2,test,9,6,0.14125098026489838,9.980989197027677,0.07098293070371824
2021_Ref_Plot3_B17::50,2021_Ref_Plot3_B17,Field2,test,6,7,0.13799344764940907,9.155597362835849,0.07305394352782137
2021_Ref_Plot3_B17::57,2021_Ref_Plot3_B17,Field2,test,7,8,0.10325031855279648,9.880487909659323,0.048031311221812194
2021_Ref_Plot3_B17::65,2021_Ref_Plot3_B17,Field2,test,8,9,0.12380619220200258,10.541964385791218,0.04322660021913454
2021_Ref_Plot3_B17::69,2021_Ref_Plot3_B17,Field2,test,4,10,0.19189973304777755,11.876347859111615,0.10392391873939738
2021_Ref_Plot3_B17::71,2021_Ref_Plot3_B17,Field2,test,2,11,0.17912018152429543,8.99879013730555,0.09516328220964536
2021_Ref_Plot3_B17::76,2021_Ref_Plot3_B17,Field2,test,5,12,0.11523383950736839,10.691084093924825,0.017769591224943638
2021_Ref_Plot3_B17::80,2021_Ref_Plot3_B17,Field2,test,4,13,0.08713751580516706,8.425942609777938,0.039719849576704686
2021_Ref_Plot3_B17::85,2021_Ref_Plot3_B17,Field2,test,5,14,0.10197378656863987,9.68013180469869,0.056430790548357604
2021_Ref_Plot3_B3::8,2021_Ref_Plot3_B3,Field2,test,7,1,0.7235578488933405,27.689768331480124,0.22263894490704192
2021_Ref_Plot3_B3::16,2021_Ref_Plot3_B3,Field2,test,8,2,0.8177438655180067,31.09827695530609,0.35562707134751986
2021_Ref_Plot3_B3::22,2021_Ref_Plot3_B3,Field2,test,6,3,0.3031529823467119,17.7969568076162,0.08230250902507817
2021_Ref_Plot3_B3::27,2021_Ref_Plot3_B3,Field2,test,5,4,0.33459028669038604,17.53904685085952,0.09283726689359892
2021_Ref_Plot3_B3::35,2021_Ref_Plot3_B3,Field2,test,8,5,0.19182712691681025,13.561900382610625,0.04718300851611572
2021_Ref_Plot3_B3::44,2021_Ref_Plot3_B3,Field2,test,9,6,0.1387187553003296,10.82310263671458,0.06227441968474659
2021_Ref_Plot3_B3::50,2021_Ref_Plot3_B3,Field2,test,6,7,0.1535951755372674,9.316932670179272,0.07856813613665667
2021_Ref_Plot3_B3::57,2021_Ref_Plot3_B3,Field2,test,7,8,0.16381172595465393,11.375757273491567,0.0699348344855692
2021_Ref_Plot3_B3::65,2021_Ref_Plot3_B3,Field2,test,8,9,0.11879427024956235,11.150391901011645,0.05716366148297812
2021_Ref_Plot3_B3::69,2021_Ref_Plot3_B3,Field2,test,4,10,0.22872890123386944,12.385008568493676,0.12259413322709516
2021_Ref_Plot3_B3::71,2021_Ref_Plot3_B3,Field2,test,2,11,0.11440356811711289,8.230330108777327,0.06497641387340151
2021_Ref_Plot3_B3::76,2021_Ref_Plot3_B3,Field2,test,5,12,0.18529219373756725,12.558020552474296,0.03728405605166422
2021_Ref_Plot3_B3::80,2021_Ref_Plot3_B3,Field2,test,4,13,0.09952996954381083,8.360981675389588,0.03768384856804816
2021_Ref_Plot3_B3::85,2021_Ref_Plot3_B3,Field2,test,5,14,0.08523761528752698,8.514867624055636,0.04640089706171261
2021_Ref_Plot3_B6::8,2021_Ref_Plot3_B6,Field2,test,7,1,0.7289529637172342,26.273302930418623,0.21536689619395752
2021_Ref_Plot3_B6::16,2021_Ref_Plot3_B6,Field2,test,8,2,0.8112743477034415,31.07360966518756,0.3459895448638982
2021_Ref_Plot3_B6::22,2021_Ref_Plot3_B6,Field2,test,6,3,0.3440401071115729,18.07433589800884,0.11216582747796504
2021_Ref_Plot3_B6::27,2021_Ref_Plot3_B6,Field2,test,5,4,0.35462953918529466,17.684947774398925,0.11512127044475895
2021_Ref_Plot3_B6::35,2021_Ref_Plot3_B6,Field2,test,8,5,0.20004723009338624,13.834858497181347,0.04842449671896222
2021_Ref_Plot3_B6::44,2021_Ref_Plot3_B6,Field2,test,9,6,0.15278172198454806,10.372202530375077,0.062233082243231784
2021_Ref_Plot3_B6::50,2021_Ref_Plot3_B6,Field2,test,6,7,0.18962296757671282,10.12504418776551,0.12560627151310377
2021_Ref_Plot3_B6::57,2021_Ref_Plot3_B6,Field2,test,7,8,0.13016952134947543,10.08093219832405,0.046343535439092816
2021_Ref_Plot3_B6::65,2021_Ref_Plot3_B6,Field2,test,8,9,0.13302528371764907,10.697276140781483,0.06632502176726991
2021_Ref_Plot3_B6::69,2021_Ref_Plot3_B6,Field2,test,4,10,0.262098429999172,13.027963923835182,0.13330504403250598
2021_Ref_Plot3_B6::71,2021_Ref_Plot3_B6,Field2,test,2,11,0.16602865009058188,9.492241775603178,0.09592254072502863
2021_Ref_Plot3_B6::76,2021_Ref_Plot3_B6,Field2,test,5,12,0.1943675221344162,13.485261905672619,0.03110554693718386
2021_Ref_Plot3_B6::80,2021_Ref_Plot3_B6,Field2,test,4,13,0.07915452253830962,8.449473698752204,0.004310950962496189
2021_Ref_Plot3_B6::85,2021_Ref_Plot3_B6,Field2,test,5,14,0.11129591329045309,8.459952905197385,0.05116787481429909
2021_Ref_Plot3_B7::8,2021_Ref_Plot3_B7,Field2,test,7,1,0.7382555020809889,26.36675016362801,0.22290516465892568
2021_Ref_Plot3_B7::16,2021_Ref_Plot3_B7,Field2,test,8,2,0.7938414196075789,30.130088833531616,0.330996835628719
2021_Ref_Plot3_B7::22,2021_Ref_Plot3_B7,Field2,test,6,3,0.3077719246917011,18.13227885411242,0.08938990906929413
2021_Ref_Plot3_B7::27,2021_Ref_Plot3_B7,Field2,test,5,4,0.33696687208692905,17.857447888783305,0.10884662581051974
2021_Ref_Plot3_B7::35,2021_Ref_Plot3_B7,Field2,test,8,5,0.16458691788050872,13.026984832642597,0.020413056045301355
2021_Ref_Plot3_B7::44,2021_Ref_Plot3_B7,Field2,test,9,6,0.1357903968747535,9.879251008313263,0.05014503382272085
2021_Ref_Plot3_B7::50,2021_Ref_Plot3_B7,Field2,test,6,7,0.16673796793133452,9.832122428410585,0.10366896633806309
2021_Ref_Plot3_B7::57,2021_Ref_Plot3_B7,Field2,test,7,8,0.11299901011177842,10.300977199571271,0.039332773979781376
2021_Ref_Plot3_B7::65,2021_Ref_Plot3_B7,Field2,test,8,9,0.1241557334444018,10.640741585921091,0.058843638019517995
2021_Ref_Plot3_B7::69,2021_Ref_Plot3_B7,Field2,test,4,10,0.2551058512880111,13.127494824427544,0.11673977376585977
2021_Ref_Plot3_B7::71,2021_Ref_Plot3_B7,Field2,test,2,11,0.19116190031304728,9.922807046020866,0.12851823680125726
2021_Ref_Plot3_B7::76,2021_Ref_Plot3_B7,Field2,test,5,12,0.1460667591705834,12.517938307860963,0.01786951685909026
2021_Ref_Plot3_B7::80,2021_Ref_Plot3_B7,Field2,test,4,13,0.06725525105271118,8.124797886781872,0.015717202150529363
2021_Ref_Plot3_B7::85,2021_Ref_Plot3_B7,Field2,test,5,14,0.10197479902116631,9.591891878870968,0.050263272961710855
2021_Ref_Plot3_B8::8,2021_Ref_Plot3_B8,Field2,test,7,1,0.7340967203605175,26.942291471294617,0.19885515592529013
2021_Ref_Plot3_B8::16,2021_Ref_Plot3_B8,Field2,test,8,2,0.8090142045226542,30.77601231248493,0.33394242048451467
2021_Ref_Plot3_B8::22,2021_Ref_Plot3_B8,Field2,test,6,3,0.32267867678104123,18.199092521972776,0.09833112125842697
2021_Ref_Plot3_B8::27,2021_Ref_Plot3_B8,Field2,test,5,4,0.2837617709344668,16.743996654438124,0.07734023289894455
2021_Ref_Plot3_B8::35,2021_Ref_Plot3_B8,Field2,test,8,5,0.18805325918992497,13.676612781661442,0.0405999145613073
2021_Ref_Plot3_B8::44,2021_Ref_Plot3_B8,Field2,test,9,6,0.12616301135677951,9.795602287653027,0.04809959615671756
2021_Ref_Plot3_B8::50,2021_Ref_Plot3_B8,Field2,test,6,7,0.1521842061994633,9.1258672917603,0.08244392537005313
2021_Ref_Plot3_B8::57,2021_Ref_Plot3_B8,Field2,test,7,8,0.09895088278845045,10.556270224640038,0.014229310903496491
2021_Ref_Plot3_B8::65,2021_Ref_Plot3_B8,Field2,test,8,9,0.10888325870693209,10.126232745630993,0.0343251241827089
2021_Ref_Plot3_B8::69,2021_Ref_Plot3_B8,Field2,test,4,10,0.20906087898649076,12.425622158123847,0.10279510580928596
2021_Ref_Plot3_B8::71,2021_Ref_Plot3_B8,Field2,test,2,11,0.17331430892618557,9.241401256843272,0.1105568588868742
2021_Ref_Plot3_B8::76,2021_Ref_Plot3_B8,Field2,test,5,12,0.12344415404955106,11.343253979221434,0.023160776522389296
2021_Ref_Plot3_B8::80,2021_Ref_Plot3_B8,Field2,test,4,13,0.10162709609121652,8.726332643595043,0.03628312658663091
2021_Ref_Plot3_B8::85,2021_Ref_Plot3_B8,Field2,test,5,14,0.12834702476436147,9.954890601154974,0.06332376043313565
2021_Ref_Plot3_C15::8,2021_Ref_Plot3_C15,Field2,test,7,1,0.7404797558597287,27.136911301532937,0.2486431217486721
2021_Ref_Plot3_C15::16,2021_Ref_Plot3_C15,Field2,test,8,2,0.7986594245873043,31.15946855695018,0.35633679051504563
2021_Ref_Plot3_C15::22,2021_Ref_Plot3_C15,Field2,test,6,3,0.3350454165159314,16.804061968384815,0.10856072903190594
2021_Ref_Plot3_C15::27,2021_Ref_Plot3_C15,Field2,test,5,4,0.29030874350879804,16.69751064821845,0.08700672660058492
2021_Ref_Plot3_C15::35,2021_Ref_Plot3_C15,Field2,test,8,5,0.1772015229514683,12.713434770176447,0.06444942890666795
2021_Ref_Plot3_C15::44,2021_Ref_Plot3_C15,Field2,test,9,6,0.09530014808458241,9.190013306881562,0.03200283416078537
2021_Ref_Plot3_C15::50,2021_Ref_Plot3_C15,Field2,test,6,7,0.16953674609629962,8.807347016280938,0.10444959987199774
2021_Ref_Plot3_C15::57,2021_Ref_Plot3_C15,Field2,test,7,8,0.09995861433136549,10.156058307712586,0.042962729206615445
2021_Ref_Plot3_C15::65,2021_Ref_Plot3_C15,Field2,test,8,9,0.0823322181716759,8.86733727752994,0.03573350017941075
2021_Ref_Plot3_C15::69,2021_Ref_Plot3_C15,Field2,test,4,10,0.1532978994642654,11.525136916538845,0.081733925455947
2021_Ref_Plot3_C15::71,2021_Ref_Plot3_C15,Field2,test,2,11,0.12743841540095824,9.05294600070012,0.08506551289988627
2021_Ref_Plot3_C15::76,2021_Ref_Plot3_C15,Field2,test,5,12,0.11324963497285279,11.61822466403443,0.016326592588128408
2021_Ref_Plot3_C15::80,2021_Ref_Plot3_C15,Field2,test,4,13,0.0940501215337448,9.047509446757424,0.028054575540312238
2021_Ref_Plot3_C15::85,2021_Ref_Plot3_C15,Field2,test,5,14,0.12977591164293042,10.764408289446898,0.05854153563064628
2021_Ref_Plot3_C2::8,2021_Ref_Plot3_C2,Field2,test,7,1,0.71101642767836,27.578909345958632,0.20964130161329436
2021_Ref_Plot3_C2::16,2021_Ref_Plot3_C2,Field2,test,8,2,0.8189108411078075,31.658374718226145,0.38376730468240566
2021_Ref_Plot3_C2::22,2021_Ref_Plot3_C2,Field2,test,6,3,0.31346704316438695,17.022747798813565,0.09679684041554501
2021_Ref_Plot3_C2::27,2021_Ref_Plot3_C2,Field2,test,5,4,0.2923839858015457,16.66515688227231,0.08494872065296104
2021_Ref_Plot3_C2::35,2021_Ref_Plot3_C2,Field2,test,8,5,0.1863481020733803,12.969185478699178,0.0360824033491095
2021_Ref_Plot3_C2::44,2021_Ref_Plot3_C2,Field2,test,9,6,0.10946080859374847,10.313488379021079,0.03191109396054566
2021_Ref_Plot3_C2::50,2021_Ref_Plot3_C2,Field2,test,6,7,0.14931685379906331,9.164861989639906,0.09120810264210254
2021_Ref_Plot3_C2::57,2021_Ref_Plot3_C2,Field2,test,7,8,0.14711490771927485,11.237087101643727,0.06237971693447667
2021_Ref_Plot3_C2::65,2021_Ref_Plot3_C2,Field2,test,8,9,0.10623373744439674,9.503301080718575,0.037940015924045105
2021_Ref_Plot3_C2::69,2021_Ref_Plot3_C2,Field2,test,4,10,0.18204632171707155,11.643057196320454,0.0775954670812492
2021_Ref_Plot3_C2::71,2021_Ref_Plot3_C2,Field2,test,2,11,0.17985998608187212,9.783570552872366,0.11743133855756242
2021_Ref_Plot3_C2::76,2021_Ref_Plot3_C2,Field2,test,5,12,0.19491820704455143,14.509835607426123,0.0447416740576012
2021_Ref_Plot3_C2::80,2021_Ref_Plot3_C2,Field2,test,4,13,0.0753640634145929,8.706959291978185,0.025662416766030555
2021_Ref_Plot3_C2::85,2021_Ref_Plot3_C2,Field2,test,5,14,0.14300260499132747,9.807326901351303,0.07192007378318406
2021_Ref_Plot3_C3::8,2021_Ref_Plot3_C3,Field2,test,7,1,0.7177965453949033,27.133222277873088,0.21619293714287224
2021_Ref_Plot3_C3::16,2021_Ref_Plot3_C3,Field2,test,8,2,0.791745448949228,30.452591144049865,0.3541815947128126
2021_Ref_Plot3_C3::22,2021_Ref_Plot3_C3,Field2,test,6,3,0.32190313265438414,17.000217979753057,0.09560298423082159
2021_Ref_Plot3_C3::27,2021_Ref_Plot3_C3,Field2,test,5,4,0.30199156462997134,16.295460005429906,0.08962582820162307
2021_Ref_Plot3_C3::35,2021_Ref_Plot3_C3,Field2,test,8,5,0.16814293642921793,12.351652016390794,0.028695030554550957
2021_Ref_Plot3_C3::44,2021_Ref_Plot3_C3,Field2,test,9,6,0.10293530005042824,10.096323151497007,0.03883640144113112
2021_Ref_Plot3_C3::50,2021_Ref_Plot3_C3,Field2,test,6,7,0.1596212043277477,9.311949322260762,0.0893513980400141
2021_Ref_Plot3_C3::57,2021_Ref_Plot3_C3,Field2,test,7,8,0.10893915076060223,10.514376868780282,0.042478538800268854
2021_Ref_Plot3_C3::65,2021_Ref_Plot3_C3,Field2,test,8,9,0.09793682491826831,9.925955348966985,0.04244265562987414
2021_Ref_Plot3_C3::69,2021_Ref_Plot3_C3,Field2,test,4,10,0.19855218749376746,12.279892466221433,0.08314299174483744
2021_Ref_Plot3_C3::71,2021_Ref_Plot3_C3,Field2,test,2,11,0.14540513040681638,9.24641042939095,0.081218552292617
2021_Ref_Plot3_C3::76,2021_Ref_Plot3_C3,Field2,test,5,12,0.1849349001333536,12.581724936212815,0.023622749262417864
2021_Ref_Plot3_C3::80,2021_Ref_Plot3_C3,Field2,test,4,13,0.08447218142803274,9.143226567031885,0.02411915762208919
2021_Ref_Plot3_C3::85,2021_Ref_Plot3_C3,Field2,test,5,14,0.12214422039813634,9.620963042374502,0.06454122994937925
2021_Ref_Plot3_C4::8,2021_Ref_Plot3_C4,Field2,test,7,1,0.7192006670443002,27.337730764987803,0.23656881397594792
2021_Ref_Plot3_C4::16,2021_Ref_Plot3_C4,Field2,test,8,2,0.7765651586558674,29.69734317473605,0.33796505123989734
2021_Ref_Plot3_C4::22,2021_Ref_Plot3_C4,Field2,test,6,3,0.3390511065849875,17.281117786136292,0.10963130838515667
2021_Ref_Plot3_C4::27,2021_Ref_Plot3_C4,Field2,test,5,4,0.294393759789969,15.96280130258377,0.08587267521051838
2021_Ref_Plot3_C4::35,2021_Ref_Plot3_C4,Field2,test,8,5,0.1578682115129924,11.936907377944316,0.04051835070018672
2021_Ref_Plot3_C4::44,2021_Ref_Plot3_C4,Field2,test,9,6,0.11072677210448144,9.580565082346515,0.05040818715789063
2021_Ref_Plot3_C4::50,2021_Ref_Plot3_C4,Field2,test,6,7,0.17402869111359098,9.513633273335984,0.10952581590128398
2021_Ref_Plot3_C4::57,2021_Ref_Plot3_C4,Field2,test,7,8,0.12041363793001626,11.131869090175595,0.05047501012502034
2021_Ref_Plot3_C4::65,2021_Ref_Plot3_C4,Field2,test,8,9,0.09965280989541182,9.545493015524855,0.033344372677170976
2021_Ref_Plot3_C4::69,2021_Ref_Plot3_C4,Field2,test,4,10,0.21022622171850244,12.019998182672225,0.08974318361389097
2021_Ref_Plot3_C4::71,2021_Ref_Plot3_C4,Field2,test,2,11,0.14694182235808464,8.69562895025448,0.059706803513678006
2021_Ref_Plot3_C4::76,2021_Ref_Plot3_C4,Field2,test,5,12,0.19053465873995215,12.767653431813756,0.02117700350849311
2021_Ref_Plot3_C4::80,2021_Ref_Plot3_C4,Field2,test,4,13,0.09798083482136899,9.355757753711675,0.025119050278219996
2021_Ref_Plot3_C4::85,2021_Ref_Plot3_C4,Field2,test,5,14,0.11250319305518079,10.02946382511347,0.04524961222363747
2021_Ref_Plot3_D1::8,2021_Ref_Plot3_D1,Field2,test,7,1,0.7042677126062241,26.920643487839083,0.18664681250725462
2021_Ref_Plot3_D1::16,2021_Ref_Plot3_D1,Field2,test,8,2,0.7872821617140652,30.859834844311564,0.36041256550158157
2021_Ref_Plot3_D1::22,2021_Ref_Plot3_D1,Field2,test,6,3,0.2772999217398426,16.79011441376254,0.0800923910058558
2021_Ref_Plot3_D1::27,2021_Ref_Plot3_D1,Field2,test,5,4,0.3127498246922275,17.378422368329765,0.10830721790468052
2021_Ref_Plot3_D1::35,2021_Ref_Plot3_D1,Field2,test,8,5,0.16242218318672372,13.088198095711824,0.03286007493941404
2021_Ref_Plot3_D1::44,2021_Ref_Plot3_D1,Field2,test,9,6,0.12742386584153895,10.825280946906354,0.0318034863727349
2021_Ref_Plot3_D1::50,2021_Ref_Plot3_D1,Field2,test,6,7,0.14533748098832408,9.08532507575156,0.07905680245118156
2021_Ref_Plot3_D1::57,2021_Ref_Plot3_D1,Field2,test,7,8,0.15984496201269294,11.849641755450516,0.0571989468623124
2021_Ref_Plot3_D1::65,2021_Ref_Plot3_D1,Field2,test,8,9,0.0901500622154805,8.88637929775583,0.028720075550991816
2021_Ref_Plot3_D1::69,2021_Ref_Plot3_D1,Field2,test,4,10,0.19649207411890504,12.655749869950466,0.07890045374830398
2021_Ref_Plot3_D1::71,2021_Ref_Plot3_D1,Field2,test,2,11,0.2206388888142533,8.960185964886875,0.142534643314907
2021_Ref_Plot3_D1::76,2021_Ref_Plot3_D1,Field2,test,5,12,0.1523085958661644,14.265232728938674,0.04153162350065646
2021_Ref_Plot3_D1::80,2021_Ref_Plot3_D1,Field2,test,4,13,0.08281661795891125,7.6763267590082425,0.02946578101945379
2021_Ref_Plot3_D1::85,2021_Ref_Plot3_D1,Field2,test,5,14,0.09054183497597208,8.498819285321824,0.03426418099664334
2021_Ref_Plot3_D15::8,2021_Ref_Plot3_D15,Field2,test,7,1,0.71772319226794,27.889813329777077,0.21900772008220343
2021_Ref_Plot3_D15::16,2021_Ref_Plot3_D15,Field2,test,8,2,0.779713191032443,30.706624482051048,0.3481786235632034
2021_Ref_Plot3_D15::22,2021_Ref_Plot3_D15,Field2,test,6,3,0.310726030004302,16.750411698874142,0.10109855789021593
2021_Ref_Plot3_D15::27,2021_Ref_Plot3_D15,Field2,test,5,4,0.3193807970691182,17.465250208451593,0.11800580137084199
2021_Ref_Plot3_D15::35,2021_Ref_Plot3_D15,Field2,test,8,5,0.16896515383018781,12.821718770902176,0.04996797035111872
2021_Ref_Plot3_D15::44,2021_Ref_Plot3_D15,Field2,test,9,6,0.10727801300490186,10.427406249359265,0.044576775380983216
2021_Ref_Plot3_D15::50,2021_Ref_Plot3_D15,Field2,test,6,7,0.1474773325170603,8.847865455663108,0.09255663050562683
2021_Ref_Plot3_D15::57,2021_Ref_Plot3_D15,Field2,test,7,8,0.10539587404648927,10.742828370386793,0.033928384241846125
2021_Ref_Plot3_D15::65,2021_Ref_Plot3_D15,Field2,test,8,9,0.09217737301002109,8.606350493292666,0.05018094607903754
2021_Ref_Plot3_D15::69,2021_Ref_Plot3_D15,Field2,test,4,10,0.16169241228331832,11.821101330382195,0.09140971069836212
2021_Ref_Plot3_D15::71,2021_Ref_Plot3_D15,Field2,test,2,11,0.12158774424160014,9.376530849791806,0.07559656911584242
2021_Ref_Plot3_D15::76,2021_Ref_Plot3_D15,Field2,test,5,12,0.12681530382397954,12.072435871737019,0.01539742477872714
2021_Ref_Plot3_D15::80,2021_Ref_Plot3_D15,Field2,test,4,13,0.07567276169445347,8.85465673652277,0.016242058886782033
2021_Ref_Plot3_D15::85,2021_Ref_Plot3_D15,Field2,test,5,14,0.16361677569060304,10.257542071825156,0.08926927817058745
2021_Ref_Plot3_D19::8,2021_Ref_Plot3_D19,Field2,test,7,1,0.6944570461193939,26.37118122835502,0.20764565307898536
2021_Ref_Plot3_D19::16,2021_Ref_Plot3_D19,Field2,test,8,2,0.780474163634767,30.578324815451623,0.3908032114866701
2021_Ref_Plot3_D19::22,2021_Ref_Plot3_D19,Field2,test,6,3,0.2784938701959995,16.285015816247842,0.0912195025192299
2021_Ref_Plot3_D19::27,2021_Ref_Plot3_D19,Field2,test,5,4,0.25182094194347115,16.805489627433936,0.07904928730214705
2021_Ref_Plot3_D19::35,2021_Ref_Plot3_D19,Field2,test,8,5,0.16529074830078977,12.360428535220663,0.04566263756569325
2021_Ref_Plot3_D19::44,2021_Ref_Plot3_D19,Field2,test,9,6,0.11030800511177684,10.234541699539424,0.04646515044624794
2021_Ref_Plot3_D19::50,2021_Ref_Plot3_D19,Field2,test,6,7,0.14377905227209695,8.717899988956335,0.07595462550641585
2021_Ref_Plot3_D19::57,2021_Ref_Plot3_D19,Field2,test,7,8,0.10684203266129048,10.671644432361635,0.03359224624398741
2021_Ref_Plot3_D19::65,2021_Ref_Plot3_D19,Field2,test,8,9,0.11824395001533354,9.098546816401399,0.06106357296888341
2021_Ref_Plot3_D19::69,2021_Ref_Plot3_D19,Field2,test,4,10,0.2050970523048736,12.50961858819307,0.11128014538247191
2021_Ref_Plot3_D19::71,2021_Ref_Plot3_D19,Field2,test,2,11,0.11348124061523333,8.478168932429039,0.05655063694734017
2021_Ref_Plot3_D19::76,2021_Ref_Plot3_D19,Field2,test,5,12,0.09307077173545725,10.892251412890857,0.005661712325574189
2021_Ref_Plot3_D19::80,2021_Ref_Plot3_D19,Field2,test,4,13,0.06571550242644002,8.58272600765586,0.020182123308404035
2021_Ref_Plot3_D19::85,2021_Ref_Plot3_D19,Field2,test,5,14,0.11892639734235007,9.78517672013024,0.05971384199078696
2021_Ref_Plot3_D20::8,2021_Ref_Plot3_D20,Field2,test,7,1,0.7212359451705218,26.519328359291418,0.22240523496098397
2021_Ref_Plot3_D20::16,2021_Ref_Plot3_D20,Field2,test,8,2,0.7987178860416632,30.590481736021246,0.4103690758059855
2021_Ref_Plot3_D20::22,2021_Ref_Plot3_D20,Field2,test,6,3,0.27682586598917774,16.514362258498988,0.08406011431697016
2021_Ref_Plot3_D20::27,2021_Ref_Plot3_D20,Field2,test,5,4,0.2487680103877532,16.91620805269594,0.07480837985220856
2021_Ref_Plot3_D20::35,2021_Ref_Plot3_D20,Field2,test,8,5,0.16798456335635834,12.712210234127214,0.046890639580757315
2021_Ref_Plot3_D20::44,2021_Ref_Plot3_D20,Field2,test,9,6,0.10395242794800019,9.77097358622822,0.03080799653815148
2021_Ref_Plot3_D20::50,2021_Ref_Plot3_D20,Field2,test,6,7,0.1311416307156311,8.482029667821218,0.06969925042889487
2021_Ref_Plot3_D20::57,2021_Ref_Plot3_D20,Field2,test,7,8,0.10046937313497568,10.41722304001485,0.029457268829583657
2021_Ref_Plot3_D20::65,2021_Ref_Plot3_D20,Field2,test,8,9,0.1053517472519055,8.342511574228762,0.04411910304085504
2021_Ref_Plot3_D20::69,2021_Ref_Plot3_D20,Field2,test,4,10,0.2033736927603879,12.716037277703036,0.09007322510288962
2021_Ref_Plot3_D20::71,2021_Ref_Plot3_D20,Field2,test,2,11,0.13343146760530813,8.798879692665839,0.08953473122452112
2021_Ref_Plot3_D20::76,2021_Ref_Plot3_D20,Field2,test,5,12,0.1365457458066007,11.91859818604935,0.040193588883177915
2021_Ref_Plot3_D20::80,2021_Ref_Plot3_D20,Field2,test,4,13,0.0696052487284487,8.213888323822987,0.0178731452137425
2021_Ref_Plot3_D20::85,2021_Ref_Plot3_D20,Field2,test,5,14,0.10608349764064434,9.737136005825752,0.055524250847956966
2021_Ref_Plot3_E11::8,2021_Ref_Plot3_E11,Field2,test,7,1,0.6609986848448846,27.123493653424276,0.15871348562217635
2021_Ref_Plot3_E11::16,2021_Ref_Plot3_E11,Field2,test,8,2,0.7334778239561796,29.610114983189444,0.2881552887484851
2021_Ref_Plot3_E11::22,2021_Ref_Plot3_E11,Field2,test,6,3,0.2746523299385468,16.562486223866582,0.0748354633947521
2021_Ref_Plot3_E11::27,2021_Ref_Plot3_E11,Field2,test,5,4,0.25446403547857493,16.479567850521928,0.08098914661573549
2021_Ref_Plot3_E11::35,2021_Ref_Plot3_E11,Field2,test,8,5,0.148841050202395,12.163914547911915,0.03701183561875782
2021_Ref_Plot3_E11::44,2021_Ref_Plot3_E11,Field2,test,9,6,0.09049087008417157,10.562429568942378,0.03181483853703449
2021_Ref_Plot3_E11::50,2021_Ref_Plot3_E11,Field2,test,6,7,0.1327346945467903,8.76721164533753,0.07559407248485187
2021_Ref_Plot3_E11::57,2021_Ref_Plot3_E11,Field2,test,7,8,0.11510698637775024,11.271930090264295,0.03614998433523662
2021_Ref_Plot3_E11::65,2021_Ref_Plot3_E11,Field2,test,8,9,0.09388034286148483,9.072464215150667,0.05457892710296062
2021_Ref_Plot3_E11::69,2021_Ref_Plot3_E11,Field2,test,4,10,0.16442174648635008,12.43614391249971,0.07453528604086454
2021_Ref_Plot3_E11::71,2021_Ref_Plot3_E11,Field2,test,2,11,0.09681576464955366,6.539449141785848,0.034541994838261925
2021_Ref_Plot3_E11::76,2021_Ref_Plot3_E11,Field2,test,5,12,0.1251806624366952,12.106776657793967,0.02725713886266487
2021_Ref_Plot3_E11::80,2021_Ref_Plot3_E11,Field2,test,4,13,0.05594341938424474,9.253014311217472,0.022446468240914248
2021_Ref_Plot3_E11::85,2021_Ref_Plot3_E11,Field2,test,5,14,0.09144652061015117,10.068158249683258,0.043325203196775366
2021_Ref_Plot4_A7::8,2021_Ref_Plot4_A7,Field2,test,7,1,0.7372497545734426,26.976538307417073,0.22600444665642577
2021_Ref_Plot4_A7::16,2021_Ref_Plot4_A7,Field2,test,8,2,0.7997187085416764,30.42789256866946,0.36386718431686216
2021_Ref_Plot4_A7::22,2021_Ref_Plot4_A7,Field2,test,6,3,0.3184976137480648,17.672552986907593,0.11009993299864218
2021_Ref_Plot4_A7::27,2021_Ref_Plot4_A7,Field2,test,5,4,0.45300110716573877,19.114669621645994,0.16932265806569805
2021_Ref_Plot4_A7::35,2021_Ref_Plot4_A7,Field2,test,8,5,0.19810548008798504,15.027318885007169,0.03482381669705569
2021_Ref_Plot4_A7::44,2021_Ref_Plot4_A7,Field2,test,9,6,0.169184427758327,10.390666643148519,0.05609294737007215
2021_Ref_Plot4_A7::50,2021_Ref_Plot4_A7,Field2,test,6,7,0.13861637177263242,8.74799710645199,0.0764375538808837
2021_Ref_Plot4_A7::57,2021_Ref_Plot4_A7,Field2,test,7,8,0.12284543423275691,8.442682887377808,0.05903490526178282
2021_Ref_Plot4_A7::65,2021_Ref_Plot4_A7,Field2,test,8,9,0.15588811408770573,11.906289079316734,0.06340555043214247
2021_Ref_Plot4_A7::69,2021_Ref_Plot4_A7,Field2,test,4,10,0.19284202551323612,12.376652118883289,0.10839384214795086
2021_Ref_Plot4_A7::71,2021_Ref_Plot4_A7,Field2,test,2,11,0.16909471997845235,9.023271751117878,0.10891577626734669
2021_Ref_Plot4_A7::76,2021_Ref_Plot4_A7,Field2,test,5,12,0.12590427885862857,10.528388745646438,0.019569129788390538
2021_Ref_Plot4_A7::80,2021_Ref_Plot4_A7,Field2,test,4,13,0.10376792135885156,8.301019782615992,0.033652000476151064
2021_Ref_Plot4_A7::85,2021_Ref_Plot4_A7,Field2,test,5,14,0.09816311994360534,8.970679376392514,0.033295348662224805
2021_Ref_Plot4_B11::8,2021_Ref_Plot4_B11,Field2,test,7,1,0.7552033181318546,27.421124665737583,0.22637358478729924
2021_Ref_Plot4_B11::16,2021_Ref_Plot4_B11,Field2,test,8,2,0.8484028922273001,32.49881024287471,0.4086187099528608
2021_Ref_Plot4_B11::22,2021_Ref_Plot4_B11,Field2,test,6,3,0.3532821924746366,17.828168958090778,0.1360461940185065
2021_Ref_Plot4_B11::27,2021_Ref_Plot4_B11,Field2,test,5,4,0.3940532551025957,18.46436940297446,0.13750083233364954
2021_Ref_Plot4_B11::35,2021_Ref_Plot4_B11,Field2,test,8,5,0.21698750051699964,15.636976282007154,0.037330555472331106
2021_Ref_Plot4_B11::44,2021_Ref_Plot4_B11,Field2,test,9,6,0.17793077524524345,11.571639445380807,0.068165720250268
2021_Ref_Plot4_B11::50,2021_Ref_Plot4_B11,Field2,test,6,7,0.14802929579069954,9.149204053289878,0.0636597722504177
2021_Ref_Plot4_B11::57,2021_Ref_Plot4_B11,Field2,test,7,8,0.12475705940067548,9.739974615037205,0.05469514684068573
2021_Ref_Plot4_B11::65,2021_Ref_Plot4_B11,Field2,test,8,9,0.13448118974650958,11.768593431096718,0.052189366353055114
2021_Ref_Plot4_B11::69,2021_Ref_Plot4_B11,Field2,test,4,10,0.22484906976237304,12.360787538537828,0.10568586124422422
2021_Ref_Plot4_B11::71,2021_Ref_Plot4_B11,Field2,test,2,11,0.15172309462352737,8.846468965929644,0.07264889793858899
2021_Ref_Plot4_B11::76,2021_Ref_Plot4_B11,Field2,test,5,12,0.13109683228473662,13.103787985532598,0.0441205084102442
2021_Ref_Plot4_B11::80,2021_Ref_Plot4_B11,Field2,test,4,13,0.10696912584406447,8.788921704438717,0.05448311389544137
2021_Ref_Plot4_B11::85,2021_Ref_Plot4_B11,Field2,test,5,14,0.09988512788795628,8.381613517393578,0.01931576168922051
2021_Ref_Plot4_B12::8,2021_Ref_Plot4_B12,Field2,test,7,1,0.7382699869122327,26.96848254489649,0.23435707135460426
2021_Ref_Plot4_B12::16,2021_Ref_Plot4_B12,Field2,test,8,2,0.8210982306507995,31.304365076336875,0.3780598187689921
2021_Ref_Plot4_B12::22,2021_Ref_Plot4_B12,Field2,test,6,3,0.33106576099268775,17.668219784271997,0.12033906567933367
2021_Ref_Plot4_B12::27,2021_Ref_Plot4_B12,Field2,test,5,4,0.40000192370446913,18.346840257544677,0.15264618612744296
2021_Ref_Plot4_B12::35,2021_Ref_Plot4_B12,Field2,test,8,5,0.19844072365912965,15.373842243327884,0.03269298269700248
2021_Ref_Plot4_B12::44,2021_Ref_Plot4_B12,Field2,test,9,6,0.16741895851931857,11.495079585047714,0.0489098937473981
2021_Ref_Plot4_B12::50,2021_Ref_Plot4_B12,Field2,test,6,7,0.17952048637236628,9.794314293552793,0.09532531990016717
2021_Ref_Plot4_B12::57,2021_Ref_Plot4_B12,Field2,test,7,8,0.14786367412231835,10.00861809262389,0.0480594230385868
2021_Ref_Plot4_B12::65,2021_Ref_Plot4_B12,Field2,test,8,9,0.1266188795818493,11.712814353634531,0.04715693378954276
2021_Ref_Plot4_B12::69,2021_Ref_Plot4_B12,Field2,test,4,10,0.23279599724282318,12.49976069099847,0.0939597851184837
2021_Ref_Plot4_B12::71,2021_Ref_Plot4_B12,Field2,test,2,11,0.1689019559464733,9.712099080814584,0.09087004870711958
2021_Ref_Plot4_B12::76,2021_Ref_Plot4_B12,Field2,test,5,12,0.11900903837227665,13.559947801301963,0.02257301448054034
2021_Ref_Plot4_B12::80,2021_Ref_Plot4_B12,Field2,test,4,13,0.09825800658382185,8.26866706510646,0.02126097299848733
2021_Ref_Plot4_B12::85,2021_Ref_Plot4_B12,Field2,test,5,14,0.09842758594629968,7.508527281560957,0.027868450465452367
2021_Ref_Plot4_B13::8,2021_Ref_Plot4_B13,Field2,test,7,1,0.7320671437929804,26.499548188592122,0.2225733416669904
2021_Ref_Plot4_B13::16,2021_Ref_Plot4_B13,Field2,test,8,2,0.8145484465301515,31.099774174288388,0.34884459198428974
2021_Ref_Plot4_B13::22,2021_Ref_Plot4_B13,Field2,test,6,3,0.3070779770212641,17.496948363584824,0.08925345535443896
2021_Ref_Plot4_B13::27,2021_Ref_Plot4_B13,Field2,test,5,4,0.37049731999223107,17.55677256048684,0.13899400219484742
2021_Ref_Plot4_B13::35,2021_Ref_Plot4_B13,Field2,test,8,5,0.18215026356018046,14.782028869067824,0.02230490841201008
2021_Ref_Plot4_B13::44,2021_Ref_Plot4_B13,Field2,test,9,6,0.1372585350907432,9.867152473979989,0.03215982593262602
2021_Ref_Plot4_B13::50,2021_Ref_Plot4_B13,Field2,test,6,7,0.13879595992564464,9.121430984627779,0.07061495911186384
2021_Ref_Plot4_B13::57,2021_Ref_Plot4_B13,Field2,test,7,8,0.1419371201604953,9.550340504996003,0.06436656691385136
2021_Ref_Plot4_B13::65,2021_Ref_Plot4_B13,Field2,test,8,9,0.1007766482225902,11.260112268664642,0.03913400717934058
2021_Ref_Plot4_B13::69,2021_Ref_Plot4_B13,Field2,test,4,10,0.18528145447789357,11.645869317875162,0.06284353006287707
2021_Ref_Plot4_B13::71,2021_Ref_Plot4_B13,Field2,test,2,11,0.15045908056101653,10.066110750380053,0.10395667954679724
2021_Ref_Plot4_B13::76,2021_Ref_Plot4_B13,Field2,test,5,12,0.10181721502073897,10.831449488335318,0.02273208268671369
2021_Ref_Plot4_B13::80,2021_Ref_Plot4_B13,Field2,test,4,13,0.09110886215687954,8.833297175783446,0.027220584489562376
2021_Ref_Plot4_B13::85,2021_Ref_Plot4_B13,Field2,test,5,14,0.11141263423013649,8.446117656470024,0.036387739244763954
2021_Ref_Plot4_B15::8,2021_Ref_Plot4_B15,Field2,test,7,1,0.7707214827286446,27.611037941929013,0.23980768218925747
2021_Ref_Plot4_B15::16,2021_Ref_Plot4_B15,Field2,test,8,2,0.8298703260297987,31.214731723549768,0.37056762943996163
2021_Ref_Plot4_B15::22,2021_Ref_Plot4_B15,Field2,test,6,3,0.3442580327033691,17.61980294490857,0.13017975475270993
2021_Ref_Plot4_B15::27,2021_Ref_Plot4_B15,Field2,test,5,4,0.3407498825936013,17.086913134180172,0.11945431012540372
2021_Ref_Plot4_B15::35,2021_Ref_Plot4_B15,Field2,test,8,5,0.17793148549371748,13.856439977788128,0.03886763768080884
2021_Ref_Plot4_B15::44,2021_Ref_Plot4_B15,Field2,test,9,6,0.12357042465919177,8.958375406446526,0.025676289069828086
2021_Ref_Plot4_B15::50,2021_Ref_Plot4_B15,Field2,test,6,7,0.14573523250452913,9.193285927380469,0.07906265042607043
2021_Ref_Plot4_B15::57,2021_Ref_Plot4_B15,Field2,test,7,8,0.1349810934699112,9.594229643499574,0.05456126714424504
2021_Ref_Plot4_B15::65,2021_Ref_Plot4_B15,Field2,test,8,9,0.12069022451003279,11.181933195470668,0.046604340302369866
2021_Ref_Plot4_B15::69,2021_Ref_Plot4_B15,Field2,test,4,10,0.22671328889516137,12.931708836855407,0.11211477804029511
2021_Ref_Plot4_B15::71,2021_Ref_Plot4_B15,Field2,test,2,11,0.18267509753606695,10.193790050659704,0.10690051355908124
2021_Ref_Plot4_B15::76,2021_Ref_Plot4_B15,Field2,test,5,12,0.11443222764186024,11.371796567206802,0.021155178954954494
2021_Ref_Plot4_B15::80,2021_Ref_Plot4_B15,Field2,test,4,13,0.08673545695020297,8.36378900248063,0.03584580567674817
2021_Ref_Plot4_B15::85,2021_Ref_Plot4_B15,Field2,test,5,14,0.1037149886167868,8.70516736275523,0.03286466367619914
2021_Ref_Plot4_B16::8,2021_Ref_Plot4_B16,Field2,test,7,1,0.756222338355998,26.859970424638426,0.22117176883157608
2021_Ref_Plot4_B16::16,2021_Ref_Plot4_B16,Field2,test,8,2,0.848132840396858,32.13051645546519,0.40130302042167587
2021_Ref_Plot4_B16::22,2021_Ref_Plot4_B16,Field2,test,6,3,0.33236213268091813,17.209320130220462,0.10001273436317779
2021_Ref_Plot4_B16::27,2021_Ref_Plot4_B16,Field2,test,5,4,0.36978847648292285,17.82939586529636,0.12666805409426585
2021_Ref_Plot4_B16::35,2021_Ref_Plot4_B16,Field2,test,8,5,0.188422415999595,13.824438109790362,0.026619035406278337
2021_Ref_Plot4_B16::44,2021_Ref_Plot4_B16,Field2,test,9,6,0.1289437727705152,9.678987538019882,0.04347902866375388
2021_Ref_Plot4_B16::50,2021_Ref_Plot4_B16,Field2,test,6,7,0.10119995410312976,8.466412467105984,0.04528284636816122
2021_Ref_Plot4_B16::57,2021_Ref_Plot4_B16,Field2,test,7,8,0.12616998430838297,10.179965029126262,0.06892745410609333
2021_Ref_Plot4_B16::65,2021_Ref_Plot4_B16,Field2,test,8,9,0.10413934626503034,10.89413070884429,0.0267962174098581
2021_Ref_Plot4_B16::69,2021_Ref_Plot4_B16,Field2,test,4,10,0.19907194199705072,12.719612896631666,0.082716505641543
2021_Ref_Plot4_B16::71,2021_Ref_Plot4_B16,Field2,test,2,11,0.15947765658219162,9.66490120246284,0.08979664519984568
2021_Ref_Plot4_B16::76,2021_Ref_Plot4_B16,Field2,test,5,12,0.1393749215869173,13.992511792351225,0.03332147262318912
2021_Ref_Plot4_B16::80,2021_Ref_Plot4_B16,Field2,test,4,13,0.10360848969095425,8.394413009342632,0.0320460305917968
2021_Ref_Plot4_B16::85,2021_Ref_Plot4_B16,Field2,test,5,14,0.09044711719971814,8.196972315033982,0.04053701153047205
2021_Ref_Plot4_B17::8,2021_Ref_Plot4_B17,Field2,test,7,1,0.737328022697497,26.404464106543386,0.19768239796542883
2021_Ref_Plot4_B17::16,2021_Ref_Plot4_B17,Field2,test,8,2,0.8415775349274952,31.683028895821725,0.3957637362594788
2021_Ref_Plot4_B17::22,2021_Ref_Plot4_B17,Field2,test,6,3,0.3341212680634243,17.86707648958068,0.10844045015568257
2021_Ref_Plot4_B17::27,2021_Ref_Plot4_B17,Field2,test,5,4,0.353177491964229,17.516981899265236,0.12177832780328784
2021_Ref_Plot4_B17::35,2021_Ref_Plot4_B17,Field2,test,8,5,0.17471246788963316,13.357740190887075,0.03691662777108735
2021_Ref_Plot4_B17::44,2021_Ref_Plot4_B17,Field2,test,9,6,0.1307306775447706,9.807200206175686,0.04110313528633626
2021_Ref_Plot4_B17::50,2021_Ref_Plot4_B17,Field2,test,6,7,0.13335337075958828,9.278333906411266,0.07225248474941277
2021_Ref_Plot4_B17::57,2021_Ref_Plot4_B17,Field2,test,7,8,0.115266514642134,9.793037978825016,0.049070457322681615
2021_Ref_Plot4_B17::65,2021_Ref_Plot4_B17,Field2,test,8,9,0.09130558464050725,10.753496037125448,0.01907173459750917
2021_Ref_Plot4_B17::69,2021_Ref_Plot4_B17,Field2,test,4,10,0.15373087080915565,11.927446687423313,0.05824732526336151
2021_Ref_Plot4_B17::71,2021_Ref_Plot4_B17,Field2,test,2,11,0.1640360253837981,9.693260518743799,0.11041378689131597
2021_Ref_Plot4_B17::76,2021_Ref_Plot4_B17,Field2,test,5,12,0.13606822868613777,13.049203072471682,0.02642756781737646
2021_Ref_Plot4_B17::80,2021_Ref_Plot4_B17,Field2,test,4,13,0.07393096598400827,7.734486032744741,0.020592810141400388
2021_Ref_Plot4_B17::85,2021_Ref_Plot4_B17,Field2,test,5,14,0.07423151438221469,8.41690964066636,0.035226229280323915
2021_Ref_Plot4_C4::8,2021_Ref_Plot4_C4,Field2,test,7,1,0.7447749169508612,26.708408099759385,0.21793742220990403
2021_Ref_Plot4_C4::16,2021_Ref_Plot4_C4,Field2,test,8,2,0.816973376444829,30.867872982825656,0.39425766858463845
2021_Ref_Plot4_C4::22,2021_Ref_Plot4_C4,Field2,test,6,3,0.3103495052263719,17.20400251515102,0.0919076527150995
2021_Ref_Plot4_C4::27,2021_Ref_Plot4_C4,Field2,test,5,4,0.351282067591627,16.90766418577725,0.1333342079448382
2021_Ref_Plot4_C4::35,2021_Ref_Plot4_C4,Field2,test,8,5,0.2222509933561427,15.097884725756996,0.03987615926156534
2021_Ref_Plot4_C4::44,2021_Ref_Plot4_C4,Field2,test,9,6,0.13440097107341056,9.703439530898319,0.056394457959260874
2021_Ref_Plot4_C4::50,2021_Ref_Plot4_C4,Field2,test,6,7,0.1661758451391138,9.774963337818063,0.1083442631817179
2021_Ref_Plot4_C4::57,2021_Ref_Plot4_C4,Field2,test,7,8,0.14714758323455981,9.736198254983053,0.06885461734903453
2021_Ref_Plot4_C4::65,2021_Ref_Plot4_C4,Field2,test,8,9,0.13036009473915033,10.939208091860298,0.05022391435341994
2021_Ref_Plot4_C4::69,2021_Ref_Plot4_C4,Field2,test,4,10,0.20751837547966281,12.725910000064829,0.1076978368027128
2021_Ref_Plot4_C4::71,2021_Ref_Plot4_C4,Field2,test,2,11,0.12279903365391319,8.229095957178078,0.06956578587299664
2021_Ref_Plot4_C4::76,2021_Ref_Plot4_C4,Field2,test,5,12,0.1452920008271092,12.905797812595434,0.02670634822429608
2021_Ref_Plot4_C4::80,2021_Ref_Plot4_C4,Field2,test,4,13,0.06685592396083444,8.070474786105585,0.016233148875490707
2021_Ref_Plot4_C4::85,2021_Ref_Plot4_C4,Field2,test,5,14,0.0722040829368152,10.158808383959917,0.03185758236791483
2021_Ref_Plot4_D11::8,2021_Ref_Plot4_D11,Field2,test,7,1,0.7274417837299988,27.86453188276449,0.23112843343355843
2021_Ref_Plot4_D11::16,2021_Ref_Plot4_D11,Field2,test,8,2,0.820999623297824,31.645938384778155,0.42464364794458903
2021_Ref_Plot4_D11::22,2021_Ref_Plot4_D11,Field2,test,6,3,0.32375997006976465,17.608110767664588,0.12490021986494702
2021_Ref_Plot4_D11::27,2021_Ref_Plot4_D11,Field2,test,5,4,0.36564885871138025,18.331600208308615,0.1567808233560566
2021_Ref_Plot4_D11::35,2021_Ref_Plot4_D11,Field2,test,8,5,0.19068423472494747,14.916529591029805,0.03375131585352317
2021_Ref_Plot4_D11::44,2021_Ref_Plot4_D11,Field2,test,9,6,0.13503789619061538,9.757815484028594,0.048192972198669734
2021_Ref_Plot4_D11::50,2021_Ref_Plot4_D11,Field2,test,6,7,0.14552899638025105,9.807234050336675,0.08144084874657367
2021_Ref_Plot4_D11::57,2021_Ref_Plot4_D11,Field2,test,7,8,0.10871220868969278,10.678760730370527,0.021161628386784436
2021_Ref_Plot4_D11::65,2021_Ref_Plot4_D11,Field2,test,8,9,0.07140658175262114,8.957018994737687,0.023942075373368656
2021_Ref_Plot4_D11::69,2021_Ref_Plot4_D11,Field2,test,4,10,0.22947551851247697,13.503682151051166,0.09898076449105668
2021_Ref_Plot4_D11::71,2021_Ref_Plot4_D11,Field2,test,2,11,0.1255919700119992,8.462589865515767,0.07180201965172349
2021_Ref_Plot4_D11::76,2021_Ref_Plot4_D11,Field2,test,5,12,0.17015141846516071,14.318322399297916,0.0600746278089967
2021_Ref_Plot4_D11::80,2021_Ref_Plot4_D11,Field2,test,4,13,0.1216571257458975,8.306569473013832,0.03810759043722061
2021_Ref_Plot4_D11::85,2021_Ref_Plot4_D11,Field2,test,5,14,0.15299039993182936,11.20164042636712,0.0603432178215168
2021_Ref_Plot4_D6::8,2021_Ref_Plot4_D6,Field2,test,7,1,0.7094843909028525,27.70747486603122,0.22429835742134785
2021_Ref_Plot4_D6::16,2021_Ref_Plot4_D6,Field2,test,8,2,0.7848391448350971,30.401534693404372,0.37729103620063914
2021_Ref_Plot4_D6::22,2021_Ref_Plot4_D6,Field2,test,6,3,0.2825136301119773,16.89239890949225,0.09837515014460692
2021_Ref_Plot4_D6::27,2021_Ref_Plot4_D6,Field2,test,5,4,0.3634082374120451,16.888657474651392,0.15897335342041108
2021_Ref_Plot4_D6::35,2021_Ref_Plot4_D6,Field2,test,8,5,0.1847952742126943,14.533905480387252,0.01877743444152079
2021_Ref_Plot4_D6::44,2021_Ref_Plot4_D6,Field2,test,9,6,0.10489566995896356,9.363121183087875,0.03931121517534643
2021_Ref_Plot4_D6::50,2021_Ref_Plot4_D6,Field2,test,6,7,0.14055138444898896,9.20210942463995,0.08248304170139853
2021_Ref_Plot4_D6::57,2021_Ref_Plot4_D6,Field2,test,7,8,0.15711294181112467,11.11959093799509,0.04176520809315114
2021_Ref_Plot4_D6::65,2021_Ref_Plot4_D6,Field2,test,8,9,0.07661633290504925,9.832930280456731,0.019510488693159772
2021_Ref_Plot4_D6::69,2021_Ref_Plot4_D6,Field2,test,4,10,0.17286195198249343,12.739905885937201,0.09000676346989218
2021_Ref_Plot4_D6::71,2021_Ref_Plot4_D6,Field2,test,2,11,0.13096822932545157,9.118665521375735,0.06995446529203826
2021_Ref_Plot4_D6::76,2021_Ref_Plot4_D6,Field2,test,5,12,0.17466493204884168,14.56201660837943,0.053408322324524776
2021_Ref_Plot4_D6::80,2021_Ref_Plot4_D6,Field2,test,4,13,0.06875485733419236,7.183804417596518,0.006337090734553663
2021_Ref_Plot4_D6::85,2021_Ref_Plot4_D6,Field2,test,5,14,0.08274305532628835,9.140402780061715,0.035262188048924115
2021_Ref_Plot5_A17::8,2021_Ref_Plot5_A17,Field2,test,7,1,0.7279533957316753,27.704126436512183,0.19131396931351186
2021_Ref_Plot5_A17::16,2021_Ref_Plot5_A17,Field2,test,8,2,0.7891635923264378,30.625693529669622,0.325237883295523
2021_Ref_Plot5_A17::22,2021_Ref_Plot5_A17,Field2,test,6,3,0.3009718136508179,18.35586068783675,0.08637786772734253
2021_Ref_Plot5_A17::27,2021_Ref_Plot5_A17,Field2,test,5,4,0.31607651557374017,17.85265162011536,0.09896707916495305
2021_Ref_Plot5_A17::35,2021_Ref_Plot5_A17,Field2,test,8,5,0.13097681864775648,12.776903822961582,0.02973471864769662
2021_Ref_Plot5_A17::44,2021_Ref_Plot5_A17,Field2,test,9,6,0.10039023404533232,10.209783790770057,0.033707300942566756
2021_Ref_Plot5_A17::50,2021_Ref_Plot5_A17,Field2,test,6,7,0.13359748332485216,8.404573226973866,0.07375286259820829
2021_Ref_Plot5_A17::69,2021_Ref_Plot5_A17,Field2,test,4,9,0.15563856571239187,12.185756082304593,0.05980357739833702
2021_Ref_Plot5_A17::71,2021_Ref_Plot5_A17,Field2,test,2,10,0.14179548146346613,8.977045637312084,0.08334437063168237
2021_Ref_Plot5_A17::76,2021_Ref_Plot5_A17,Field2,test,5,11,0.15512356037464411,14.211726384201523,0.03558278164849809
2021_Ref_Plot5_A17::80,2021_Ref_Plot5_A17,Field2,test,4,12,0.11869014921253884,8.221016069710203,0.03618976954709976
2021_Ref_Plot5_A17::85,2021_Ref_Plot5_A17,Field2,test,5,13,0.08863371570522188,8.607639548649587,0.03551501109171751
2021_Ref_Plot5_A19::8,2021_Ref_Plot5_A19,Field2,test,7,1,0.725083442730544,27.891027824681032,0.17154345663809795
2021_Ref_Plot5_A19::16,2021_Ref_Plot5_A19,Field2,test,8,2,0.8137071885359554,30.853115768608987,0.33496086993751595
2021_Ref_Plot5_A19::22,2021_Ref_Plot5_A19,Field2,test,6,3,0.3263061589550363,18.55780212310082,0.0846419735210348
2021_Ref_Plot5_A19::27,2021_Ref_Plot5_A19,Field2,test,5,4,0.31625372397328533,18.53425524129784,0.06244310672110033
2021_Ref_Plot5_A19::35,2021_Ref_Plot5_A19,Field2,test,8,5,0.14655319993452331,13.366936909415319,0.03428480987393793
2021_Ref_Plot5_A19::44,2021_Ref_Plot5_A19,Field2,test,9,6,0.11402491148778714,10.389647299739984,0.02327795847277727
2021_Ref_Plot5_A19::50,2021_Ref_Plot5_A19,Field2,test,6,7,0.2192080810835965,9.25503750065838,0.1217086088980185
2021_Ref_Plot5_A19::57,2021_Ref_Plot5_A19,Field2,test,7,8,0.18929424743375836,11.04579850370117,0.06497606077856878
2021_Ref_Plot5_A19::65,2021_Ref_Plot5_A19,Field2,test,8,9,0.12355673028935366,11.70349035331448,0.028152789013583576
2021_Ref_Plot5_A19::69,2021_Ref_Plot5_A19,Field2,test,4,10,0.19295788457283214,12.411305601465937,0.07914367595023808
2021_Ref_Plot5_A19::71,2021_Ref_Plot5_A19,Field2,test,2,11,0.23375275375793403,10.388998409394755,0.13949177560514547
2021_Ref_Plot5_A19::76,2021_Ref_Plot5_A19,Field2,test,5,12,0.15755706993025373,13.440241321649797,0.04030118694853722
2021_Ref_Plot5_A19::80,2021_Ref_Plot5_A19,Field2,test,4,13,0.0956325827198471,8.106962323215678,0.030089201747464208
2021_Ref_Plot5_A19::85,2021_Ref_Plot5_A19,Field2,test,5,14,0.07423011979072716,8.98393337020259,0.023690222174881648
2021_Ref_Plot5_B12::8,2021_Ref_Plot5_B12,Field2,test,7,1,0.7463829261724902,27.636565417450857,0.25800181449635917
2021_Ref_Plot5_B12::16,2021_Ref_Plot5_B12,Field2,test,8,2,0.8060147847827177,30.755090386496725,0.35965820751554217
2021_Ref_Plot5_B12::22,2021_Ref_Plot5_B12,Field2,test,6,3,0.33566530236886893,18.129610262456424,0.10623841164935172
2021_Ref_Plot5_B12::27,2021_Ref_Plot5_B12,Field2,test,5,4,0.2998829014949695,16.94646430948071,0.07233626774234987
2021_Ref_Plot5_B12::35,2021_Ref_Plot5_B12,Field2,test,8,5,0.15324485042906638,12.82736889946963,0.040564046722784394
2021_Ref_Plot5_B12::44,2021_Ref_Plot5_B12,Field2,test,9,6,0.12126481321842224,9.66079837965763,0.03424537949313984
2021_Ref_Plot5_B12::50,2021_Ref_Plot5_B12,Field2,test,6,7,0.12442659605251676,8.597783066010793,0.06335231486204901
2021_Ref_Plot5_B12::57,2021_Ref_Plot5_B12,Field2,test,7,8,0.1071583480654938,10.529144283121177,0.028985630276608398
2021_Ref_Plot5_B12::65,2021_Ref_Plot5_B12,Field2,test,8,9,0.12072068417016568,11.334238986160006,0.03921906576557296
2021_Ref_Plot5_B12::69,2021_Ref_Plot5_B12,Field2,test,4,10,0.19465204601588817,12.788948021400259,0.08966308933650687
2021_Ref_Plot5_B12::71,2021_Ref_Plot5_B12,Field2,test,2,11,0.13137957557923008,8.634588412708146,0.06131425291449605
2021_Ref_Plot5_B12::76,2021_Ref_Plot5_B12,Field2,test,5,12,0.1665317657487639,13.886784436204922,0.058189161624985476
2021_Ref_Plot5_B12::80,2021_Ref_Plot5_B12,Field2,test,4,13,0.05771371486409218,6.342416901080754,0.013194849856267959
2021_Ref_Plot5_B12::85,2021_Ref_Plot5_B12,Field2,test,5,14,0.11312584515196822,9.29083346508435,0.034313193125134166
2021_Ref_Plot5_B14::8,2021_Ref_Plot5_B14,Field2,test,7,1,0.7204333035549412,27.425298913638446,0.21486003574050946
2021_Ref_Plot5_B14::16,2021_Ref_Plot5_B14,Field2,test,8,2,0.8112657760675296,31.35461751061974,0.3583197322776446
2021_Ref_Plot5_B14::22,2021_Ref_Plot5_B14,Field2,test,6,3,0.29080351682700156,17.606262770026976,0.09305087442662002
2021_Ref_Plot5_B14::27,2021_Ref_Plot5_B14,Field2,test,5,4,0.3197425868610087,18.181003397490024,0.10070021397610372
2021_Ref_Plot5_B14::35,2021_Ref_Plot5_B14,Field2,test,8,5,0.15104743423999725,13.808010797452493,0.03621866150557246
2021_Ref_Plot5_B14::44,2021_Ref_Plot5_B14,Field2,test,9,6,0.11899904811966777,10.925012709962852,0.022888256838806433
2021_Ref_Plot5_B14::50,2021_Ref_Plot5_B14,Field2,test,6,7,0.15197854449662343,9.303826609368036,0.0831885430308334
2021_Ref_Plot5_B14::57,2021_Ref_Plot5_B14,Field2,test,7,8,0.13805536178433966,10.352186235923938,0.03250644788773048
2021_Ref_Plot5_B14::65,2021_Ref_Plot5_B14,Field2,test,8,9,0.12209919993821577,11.723811703343285,0.035864002322540486
2021_Ref_Plot5_B14::69,2021_Ref_Plot5_B14,Field2,test,4,10,0.17174708165739538,12.622310260297525,0.057749258954736635
2021_Ref_Plot5_B14::71,2021_Ref_Plot5_B14,Field2,test,2,11,0.20113515106601368,10.167625622859632,0.1314262850854221
2021_Ref_Plot5_B14::76,2021_Ref_Plot5_B14,Field2,test,5,12,0.1483291443092459,13.59495084515936,0.017791390573149657
2021_Ref_Plot5_B14::80,2021_Ref_Plot5_B14,Field2,test,4,13,0.09459434245593189,6.809217023229108,0.01629037285908433
2021_Ref_Plot5_B14::85,2021_Ref_Plot5_B14,Field2,test,5,14,0.0779354822452068,8.942871877241455,0.03154683189673758
2021_Ref_Plot5_C12::8,2021_Ref_Plot5_C12,Field2,test,7,1,0.7352130597855638,26.581413100133844,0.22479497314241295
2021_Ref_Plot5_C12::16,2021_Ref_Plot5_C12,Field2,test,8,2,0.8062286646106746,30.246345295304792,0.3492268914298932
2021_Ref_Plot5_C12::22,2021_Ref_Plot5_C12,Field2,test,6,3,0.22712487653563618,15.491598492172836,0.06320561494414781
2021_Ref_Plot5_C12::27,2021_Ref_Plot5_C12,Field2,test,5,4,0.24641583668356168,16.23310760136308,0.06109436260810576
2021_Ref_Plot5_C12::35,2021_Ref_Plot5_C12,Field2,test,8,5,0.15059233586359747,12.836656207734109,0.04323890340807301
2021_Ref_Plot5_C12::44,2021_Ref_Plot5_C12,Field2,test,9,6,0.12055614702859634,9.221831746616576,0.03809380020414712
2021_Ref_Plot5_C12::50,2021_Ref_Plot5_C12,Field2,test,6,7,0.13161466741382846,8.471780735303817,0.0800031826525263
2021_Ref_Plot5_C12::57,2021_Ref_Plot5_C12,Field2,test,7,8,0.11196120393730168,10.346279153502312,0.03228404098247626
2021_Ref_Plot5_C12::65,2021_Ref_Plot5_C12,Field2,test,8,9,0.11758828516072974,11.76542281715264,0.037170804412580125
2021_Ref_Plot5_C12::69,2021_Ref_Plot5_C12,Field2,test,4,10,0.19995062000458155,13.174971012144827,0.0941472760096822
2021_Ref_Plot5_C12::71,2021_Ref_Plot5_C12,Field2,test,2,11,0.13921935517189146,8.67760262150481,0.0678676600524624
2021_Ref_Plot5_C12::76,2021_Ref_Plot5_C12,Field2,test,5,12,0.11937346763155783,12.032393150202179,0.017922167004445627
2021_Ref_Plot5_C12::80,2021_Ref_Plot5_C12,Field2,test,4,13,0.08881376149870934,8.035478683292988,0.03794074452939139
2021_Ref_Plot5_C12::85,2021_Ref_Plot5_C12,Field2,test,5,14,0.08341336433739825,8.380807124612385,0.028258808568369136
2021_Ref_Plot5_C17::8,2021_Ref_Plot5_C17,Field2,test,7,1,0.7371601870170706,27.875161477910734,0.2385950446944922
2021_Ref_Plot5_C17::16,2021_Ref_Plot5_C17,Field2,test,8,2,0.800084954161766,30.96119141266061,0.3457181774927639
2021_Ref_Plot5_C17::22,2021_Ref_Plot5_C17,Field2,test,6,3,0.27352587938742007,16.459730249762455,0.07900327600207291
2021_Ref_Plot5_C17::27,2021_Ref_Plot5_C17,Field2,test,5,4,0.285119323372185,16.85790867148601,0.08941459968836038
2021_Ref_Plot5_C17::35,2021_Ref_Plot5_C17,Field2,test,8,5,0.13492195291774106,12.64348998501007,0.02104324717453704
2021_Ref_Plot5_C17::44,2021_Ref_Plot5_C17,Field2,test,9,6,0.12992312161518962,10.378574034328382,0.04860718143238791
2021_Ref_Plot5_C17::50,2021_Ref_Plot5_C17,Field2,test,6,7,0.15315145960462828,9.177380541108686,0.08140730490759687
2021_Ref_Plot5_C17::57,2021_Ref_Plot5_C17,Field2,test,7,8,0.1640900449729995,11.353281192708657,0.04505004270317169
2021_Ref_Plot5_C17::65,2021_Ref_Plot5_C17,Field2,test,8,9,0.11966059942756753,11.184230609459089,0.046141180627317646
2021_Ref_Plot5_C17::69,2021_Ref_Plot5_C17,Field2,test,4,10,0.16483529457583498,12.215822411719781,0.06696905297360084
2021_Ref_Plot5_C17::71,2021_Ref_Plot5_C17,Field2,test,2,11,0.10461473800431492,8.041603745675674,0.038191898914517367
2021_Ref_Plot5_C17::76,2021_Ref_Plot5_C17,Field2,test,5,12,0.1442786928099265,13.472551638578745,0.04806094739259875
2021_Ref_Plot5_C17::80,2021_Ref_Plot5_C17,Field2,test,4,13,0.09251073427648095,7.59443062294372,0.040807980157182844
2021_Ref_Plot5_C17::85,2021_Ref_Plot5_C17,Field2,test,5,14,0.07954360809004225,9.388917581986664,0.03815639061757058
2021_Ref_Plot5_C18::8,2021_Ref_Plot5_C18,Field2,test,7,1,0.7334737898877753,27.59086194600966,0.2303575223219961
2021_Ref_Plot5_C18::16,2021_Ref_Plot5_C18,Field2,test,8,2,0.8058068869909603,31.031233088347676,0.34648291360586764
2021_Ref_Plot5_C18::22,2021_Ref_Plot5_C18,Field2,test,6,3,0.2623507669901222,16.318766627575897,0.0729317801185945
2021_Ref_Plot5_C18::27,2021_Ref_Plot5_C18,Field2,test,5,4,0.27628256337433393,16.87962073230223,0.07371418745469796
2021_Ref_Plot5_C18::35,2021_Ref_Plot5_C18,Field2,test,8,5,0.14981357709927434,13.193701396294555,0.03934042453707906
2021_Ref_Plot5_C18::44,2021_Ref_Plot5_C18,Field2,test,9,6,0.11536391955871024,9.795370460707666,0.03151748725269534
2021_Ref_Plot5_C18::50,2021_Ref_Plot5_C18,Field2,test,6,7,0.1777044632517687,9.606668131985368,0.10686407991708526
2021_Ref_Plot5_C18::57,2021_Ref_Plot5_C18,Field2,test,7,8,0.1553682755984751,11.39040481833899,0.03512052504923628
2021_Ref_Plot5_C18::65,2021_Ref_Plot5_C18,Field2,test,8,9,0.11234131794006891,11.417437288878308,0.025997754915729098
2021_Ref_Plot5_C18::69,2021_Ref_Plot5_C18,Field2,test,4,10,0.16883249506719675,12.585335554663946,0.08614248250415228
2021_Ref_Plot5_C18::71,2021_Ref_Plot5_C18,Field2,test,2,11,0.13754846968281356,8.294117782347017,0.07109110771619558
2021_Ref_Plot5_C18::76,2021_Ref_Plot5_C18,Field2,test,5,12,0.16636093916567268,14.113438490716383,0.06860328340482569
2021_Ref_Plot5_C18::80,2021_Ref_Plot5_C18,Field2,test,4,13,0.08944076491127133,6.476519238562987,0.0074419271092819195
2021_Ref_Plot5_C18::85,2021_Ref_Plot5_C18,Field2,test,5,14,0.10582323020113703,9.369519211796725,0.05979626262856805
2021_Ref_Plot5_D10::8,2021_Ref_Plot5_D10,Field2,test,7,1,0.7643853382235023,27.876441670995355,0.22381118414157664
2021_Ref_Plot5_D10::16,2021_Ref_Plot5_D10,Field2,test,8,2,0.8158887632068583,30.706139238650422,0.3713958887547661
2021_Ref_Plot5_D10::22,2021_Ref_Plot5_D10,Field2,test,6,3,0.28557212951229805,15.98510741803146,0.0975494014725361
2021_Ref_Plot5_D10::27,2021_Ref_Plot5_D10,Field2,test,5,4,0.23731652736360254,16.03024579727845,0.07161583467621314
2021_Ref_Plot5_D10::35,2021_Ref_Plot5_D10,Field2,test,8,5,0.10291737286057556,10.7270709391221,0.018368492330828295
2021_Ref_Plot5_D10::44,2021_Ref_Plot5_D10,Field2,test,9,6,0.1208087921233334,9.82079785942252,0.04100749998146127
2021_Ref_Plot5_D10::50,2021_Ref_Plot5_D10,Field2,test,6,7,0.12969291128695065,8.811813001439242,0.0646418540838394
2021_Ref_Plot5_D10::57,2021_Ref_Plot5_D10,Field2,test,7,8,0.10413010597114919,10.801256719988029,0.02598790628836672
2021_Ref_Plot5_D10::65,2021_Ref_Plot5_D10,Field2,test,8,9,0.1299516937663209,11.692888714192284,0.05692797135467109
2021_Ref_Plot5_D10::69,2021_Ref_Plot5_D10,Field2,test,4,10,0.17388511518322047,12.31367432019681,0.08820943448126448
2021_Ref_Plot5_D10::71,2021_Ref_Plot5_D10,Field2,test,2,11,0.12302244706641054,9.04159684876093,0.05910671007808789
2021_Ref_Plot5_D10::76,2021_Ref_Plot5_D10,Field2,test,5,12,0.12611673789313685,12.667008472836628,0.0354929941845522
2021_Ref_Plot5_D10::80,2021_Ref_Plot5_D10,Field2,test,4,13,0.11525927748097096,9.479561922601592,0.036862570309747475
2021_Ref_Plot5_D10::85,2021_Ref_Plot5_D10,Field2,test,5,14,0.07844772194575543,8.880939988819671,0.030150648830773966
2021_Ref_Plot5_D11::8,2021_Ref_Plot5_D11,Field2,test,7,1,0.7578324585994034,28.114922818366548,0.23276196051715511
2021_Ref_Plot5_D11::16,2021_Ref_Plot5_D11,Field2,test,8,2,0.8119387036122175,30.964596762923744,0.37716217461001056
2021_Ref_Plot5_D11::22,2021_Ref_Plot5_D11,Field2,test,6,3,0.26431479383835355,15.95411533265301,0.0729119726054558
2021_Ref_Plot5_D11::27,2021_Ref_Plot5_D11,Field2,test,5,4,0.20731938536835104,15.265384968443197,0.052614396388339583
2021_Ref_Plot5_D11::35,2021_Ref_Plot5_D11,Field2,test,8,5,0.11785466447465402,11.391747190039759,0.014728297848126105
2021_Ref_Plot5_D11::44,2021_Ref_Plot5_D11,Field2,test,9,6,0.12594535393215298,10.2110972331519,0.06678387451159148
2021_Ref_Plot5_D11::50,2021_Ref_Plot5_D11,Field2,test,6,7,0.12113415783302943,9.181762424308381,0.06022948547582075
2021_Ref_Plot5_D11::57,2021_Ref_Plot5_D11,Field2,test,7,8,0.10867609642403615,11.562168253249446,0.038848415900423976
2021_Ref_Plot5_D11::65,2021_Ref_Plot5_D11,Field2,test,8,9,0.1051501886789767,11.005526044876799,0.03494289239092071
2021_Ref_Plot5_D11::69,2021_Ref_Plot5_D11,Field2,test,4,10,0.16528442495252396,12.174895468963687,0.07503085724927075
2021_Ref_Plot5_D11::71,2021_Ref_Plot5_D11,Field2,test,2,11,0.13806383182917048,9.093257803085654,0.07865814556555199
2021_Ref_Plot5_D11::76,2021_Ref_Plot5_D11,Field2,test,5,12,0.16126870502590904,12.510868607630742,0.038028661277932314
2021_Ref_Plot5_D11::80,2021_Ref_Plot5_D11,Field2,test,4,13,0.11400154028133251,9.750441367183882,0.040630524257005904
2021_Ref_Plot5_D11::85,2021_Ref_Plot5_D11,Field2,test,5,14,0.07615474589480503,9.518649007246262,0.020805290169982116
2021_Ref_Plot5_D9::8,2021_Ref_Plot5_D9,Field2,test,7,1,0.768927989963879,28.292500050020756,0.2363956400970524
2021_Ref_Plot5_D9::16,2021_Ref_Plot5_D9,Field2,test,8,2,0.8195905459460437,31.922519619816214,0.3880785249455167
2021_Ref_Plot5_D9::22,2021_Ref_Plot5_D9,Field2,test,6,3,0.26521388527128464,15.05835401373549,0.0851070159896962
2021_Ref_Plot5_D9::27,2021_Ref_Plot5_D9,Field2,test,5,4,0.164141532106042,14.260738028023534,0.034449864731952724
2021_Ref_Plot5_D9::35,2021_Ref_Plot5_D9,Field2,test,8,5,0.11874854076653318,11.123497131402196,0.016698888727444232
2021_Ref_Plot5_D9::44,2021_Ref_Plot5_D9,Field2,test,9,6,0.09685439512026088,9.578706610406064,0.031987153531660484
2021_Ref_Plot5_D9::50,2021_Ref_Plot5_D9,Field2,test,6,7,0.14631141395093458,9.591938509022386,0.08512125694995501
2021_Ref_Plot5_D9::57,2021_Ref_Plot5_D9,Field2,test,7,8,0.12468995907022273,11.440060759704426,0.03485840680911647
2021_Ref_Plot5_D9::65,2021_Ref_Plot5_D9,Field2,test,8,9,0.11584263513307258,10.980610120506435,0.03885288665676359
2021_Ref_Plot5_D9::69,2021_Ref_Plot5_D9,Field2,test,4,10,0.1461676137935085,12.334810291767074,0.053964951294541666
2021_Ref_Plot5_D9::71,2021_Ref_Plot5_D9,Field2,test,2,11,0.13663788671315472,9.265029378756468,0.06877981561252706
2021_Ref_Plot5_D9::76,2021_Ref_Plot5_D9,Field2,test,5,12,0.13818138219787163,13.099407040911261,0.024172015721186636
2021_Ref_Plot5_D9::80,2021_Ref_Plot5_D9,Field2,test,4,13,0.08513201359840927,9.112128889909421,0.025419327334121077
2021_Ref_Plot5_D9::85,2021_Ref_Plot5_D9,Field2,test,5,14,0.08937800341807278,8.110132867677207,0.0367228340965672
2021_Ref_Plot5_E11::8,2021_Ref_Plot5_E11,Field2,test,7,1,0.737256132365876,26.958855415986353,0.2092189389997285
2021_Ref_Plot5_E11::16,2021_Ref_Plot5_E11,Field2,test,8,2,0.7684558921383182,29.162776770969945,0.3336365950912166
2021_Ref_Plot5_E11::22,2021_Ref_Plot5_E11,Field2,test,6,3,0.2705170003887998,16.686948959853332,0.08884336045154916
2021_Ref_Plot5_E11::27,2021_Ref_Plot5_E11,Field2,test,5,4,0.18874974010974768,15.235452595807626,0.04491161861319341
2021_Ref_Plot5_E11::35,2021_Ref_Plot5_E11,Field2,test,8,5,0.1288358110982609,12.057541235323114,0.029595821529045125
2021_Ref_Plot5_E11::44,2021_Ref_Plot5_E11,Field2,test,9,6,0.08881719467175216,9.171099142025744,0.029061396702069534
2021_Ref_Plot5_E11::50,2021_Ref_Plot5_E11,Field2,test,6,7,0.10886956959457535,8.781876289430349,0.04678659150325452
2021_Ref_Plot5_E11::57,2021_Ref_Plot5_E11,Field2,test,7,8,0.1298091835877933,11.610552536661732,0.05664629530052637
2021_Ref_Plot5_E11::65,2021_Ref_Plot5_E11,Field2,test,8,9,0.10592478668070078,10.012266780717303,0.04092919716844524
2021_Ref_Plot5_E11::69,2021_Ref_Plot5_E11,Field2,test,4,10,0.1691554032189635,12.257003823081716,0.08063356144434312
2021_Ref_Plot5_E11::71,2021_Ref_Plot5_E11,Field2,test,2,11,0.125413795633291,9.276255806176636,0.08057079969875645
2021_Ref_Plot5_E11::76,2021_Ref_Plot5_E11,Field2,test,5,12,0.1116602049616922,11.201163519579735,0.01849458436337897
2021_Ref_Plot5_E11::80,2021_Ref_Plot5_E11,Field2,test,4,13,0.09367528865908004,9.021693721867344,0.039053293089027184
2021_Ref_Plot5_E11::85,2021_Ref_Plot5_E11,Field2,test,5,14,0.09246218191143062,9.450565290900562,0.03738373055214598
2021_Ref_Plot5_E3::8,2021_Ref_Plot5_E3,Field2,test,7,1,0.7166377779166605,27.36282642775146,0.1997436068560837
2021_Ref_Plot5_E3::16,2021_Ref_Plot5_E3,Field2,test,8,2,0.7935919633151899,31.106050431842462,0.322906179354461
2021_Ref_Plot5_E3::22,2021_Ref_Plot5_E3,Field2,test,6,3,0.31194422585355924,17.53279727212947,0.08131834822646863
2021_Ref_Plot5_E3::27,2021_Ref_Plot5_E3,Field2,test,5,4,0.26238900251143393,16.3652318092635,0.08879549616855731
2021_Ref_Plot5_E3::35,2021_Ref_Plot5_E3,Field2,test,8,5,0.13467553256250758,12.202411818138179,0.0309919395883174
2021_Ref_Plot5_E3::44,2021_Ref_Plot5_E3,Field2,test,9,6,0.08685520550959756,9.547944991114663,0.015944908356990223
2021_Ref_Plot5_E3::50,2021_Ref_Plot5_E3,Field2,test,6,7,0.15465911685516856,9.68510130945062,0.08400342043532184
2021_Ref_Plot5_E3::57,2021_Ref_Plot5_E3,Field2,test,7,8,0.10778279662510876,10.505842714526203,0.02007209339188397
2021_Ref_Plot5_E3::65,2021_Ref_Plot5_E3,Field2,test,8,9,0.08099577689993752,10.375340989517504,0.027559499803128586
2021_Ref_Plot5_E3::69,2021_Ref_Plot5_E3,Field2,test,4,10,0.15651905391663645,12.826124939871978,0.044949858176450266
2021_Ref_Plot5_E3::71,2021_Ref_Plot5_E3,Field2,test,2,11,0.12880073387138422,8.929742747087767,0.07204555927737927
2021_Ref_Plot5_E3::76,2021_Ref_Plot5_E3,Field2,test,5,12,0.14404110128822203,12.01425465592953,0.024815991689030054
2021_Ref_Plot5_E3::80,2021_Ref_Plot5_E3,Field2,test,4,13,0.05120263534607816,7.1876572790121065,0.011676899454004895
2021_Ref_Plot5_E3::85,2021_Ref_Plot5_E3,Field2,test,5,14,0.05424060268878383,8.87019733719878,0.016773007403086203
2021_Ref_Plot5_E7::8,2021_Ref_Plot5_E7,Field2,test,7,1,0.7391019181107715,27.798302256320177,0.20715416260235112
2021_Ref_Plot5_E7::16,2021_Ref_Plot5_E7,Field2,test,8,2,0.7963619368065947,30.897605951505398,0.3279130052113054
2021_Ref_Plot5_E7::22,2021_Ref_Plot5_E7,Field2,test,6,3,0.2808908932351719,15.099231066246674,0.07707233037022405
2021_Ref_Plot5_E7::27,2021_Ref_Plot5_E7,Field2,test,5,4,0.25581757268328864,15.967128208163892,0.06466956231749398
2021_Ref_Plot5_E7::35,2021_Ref_Plot5_E7,Field2,test,8,5,0.15620899583970702,12.715854277491424,0.04037584207580972
2021_Ref_Plot5_E7::44,2021_Ref_Plot5_E7,Field2,test,9,6,0.12268829729018094,9.964647836095274,0.045436945404329
2021_Ref_Plot5_E7::50,2021_Ref_Plot5_E7,Field2,test,6,7,0.18212257206502355,9.862931559542279,0.12228692900281553
2021_Ref_Plot5_E7::57,2021_Ref_Plot5_E7,Field2,test,7,8,0.11842458449379988,11.542282350675384,0.04765541747912049
2021_Ref_Plot5_E7::65,2021_Ref_Plot5_E7,Field2,test,8,9,0.11193712845806499,10.732449599246676,0.04771606953481077
2021_Ref_Plot5_E7::69,2021_Ref_Plot5_E7,Field2,test,4,10,0.17055834458845157,12.886738558986009,0.07102755853473923
2021_Ref_Plot5_E7::71,2021_Ref_Plot5_E7,Field2,test,2,11,0.1427939992475059,9.531811438229498,0.08691024652933037
2021_Ref_Plot5_E7::76,2021_Ref_Plot5_E7,Field2,test,5,12,0.10854311448726127,11.200117049052052,0.010294397040947824
2021_Ref_Plot5_E7::80,2021_Ref_Plot5_E7,Field2,test,4,13,0.0829253178010752,9.314521166257556,0.032211036438075207
2021_Ref_Plot5_E7::85,2021_Ref_Plot5_E7,Field2,test,5,14,0.0800168673869129,10.234005497874767,0.03193305698446785
