pair_id,plant_id,field,split,gap_days,n_input_frames,ssim,psnr,structure_ssim
2020_Ref_Plot1_A10::22,2020_Ref_Plot1_A10,Field1,test,7,1,0.3439041940304879,19.090152191968688,0.09439068452447998
2020_Ref_Plot1_A10::28,2020_Ref_Plot1_A10,Field1,test,6,2,0.6839087500352466,27.744708577207994,0.1808845295657758
2020_Ref_Plot1_A10::36,2020_Ref_Plot1_A10,Field1,test,8,3,0.17312339294783152,14.276209081511295,0.04604627688046142
2020_Ref_Plot1_A10::42,2020_Ref_Plot1_A10,Field1,test,6,4,0.2902442341596292,17.41015310661122,0.04940510534916039
2020_Ref_Plot1_A10::51,2020_Ref_Plot1_A10,Field1,test,9,5,0.16651181054204808,11.625312236433501,0.045664632032709436
2020_Ref_Plot1_A10::83,2020_Ref_Plot1_A10,Field1,test,32,6,0.18043183673313687,14.97688220440456,0.027208933715124298
2020_Ref_Plot1_A93::22,2020_Ref_Plot1_A93,Field1,test,7,1,0.3256631255814136,20.49088000640138,0.07186891230279896
2020_Ref_Plot1_A93::28,2020_Ref_Plot1_A93,Field1,test,6,2,0.7145049482001156,28.816019842879417,0.19377488165122855
2020_Ref_Plot1_A93::36,2020_Ref_Plot1_A93,Field1,test,8,3,0.18175546813932453,14.863120805910249,0.04638894523225176
2020_Ref_Plot1_A93::42,2020_Ref_Plot1_A93,Field1,test,6,4,0.2929400195409297,17.32549942095818,0.045646127293141214
2020_Ref_Plot1_A93::51,2020_Ref_Plot1_A93,Field1,test,9,5,0.18084457322243672,11.09944612454317,0.053727418226897056
2020_Ref_Plot1_A94::22,2020_Ref_Plot1_A94,Field1,test,7,1,0.3545518426688836,20.588841300308975,0.0772504414352744
2020_Ref_Plot1_A94::28,2020_Ref_Plot1_A94,Field1,test,6,2,0.7112488013034223,28.57037745563432,0.2054491366032636
2020_Ref_Plot1_A94::36,2020_Ref_Plot1_A94,Field1,test,8,3,0.19860397868275967,15.516529000463581,0.0507651506674074
2020_Ref_Plot1_A94::42,2020_Ref_Plot1_A94,Field1,test,6,4,0.25132659740204977,16.556778695434947,0.03440160314311349
2020_Ref_Plot1_A94::51,2020_Ref_Plot1_A94,Field1,test,9,5,0.18816553762013885,10.807881192435664,0.0442443725971074
2020_Ref_Plot1_B10::22,2020_Ref_Plot1_B10,Field1,test,7,1,0.3453111214749807,18.912109499482757,0.11324069495189204
2020_Ref_Plot1_B10::28,2020_Ref_Plot1_B10,Field1,test,6,2,0.6509231582389482,27.374952366787177,0.14316204885248074
2020_Ref_Plot1_B10::36,2020_Ref_Plot1_B10,Field1,test,8,3,0.13905581178973345,13.156125148593954,0.025593937960875855
2020_Ref_Plot1_B10::42,2020_Ref_Plot1_B10,Field1,test,6,4,0.2647603737809721,16.83663002161088,0.05582779347416238
2020_Ref_Plot1_B10::51,2020_Ref_Plot1_B10,Field1,test,9,5,0.16519102089545437,11.776374327103646,0.023996865729927083
2020_Ref_Plot1_B10::83,2020_Ref_Plot1_B10,Field1,test,32,6,0.2585357606928574,16.40449000929507,0.04797991125357526
2020_Ref_Plot1_B1::22,2020_Ref_Plot1_B1,Field1,test,7,1,0.2909793429447862,18.850839052843018,0.07696024165897286
2020_Ref_Plot1_B1::28,2020_Ref_Plot1_B1,Field1,test,6,2,0.6841429915217465,28.183045557750596,0.17718121105599377
2020_Ref_Plot1_B1::36,2020_Ref_Plot1_B1,Field1,test,8,3,0.1510744854952435,13.438503184302498,0.026646129239908507
2020_Ref_Plot1_B1::42,2020_Ref_Plot1_B1,Field1,test,6,4,0.2725854940218399,17.344540889047654,0.04665319445132997
2020_Ref_Plot1_B1::51,2020_Ref_Plot1_B1,Field1,test,9,5,0.17496065970927033,10.68594948031345,0.06021045943648561
2020_Ref_Plot1_B1::83,2020_Ref_Plot1_B1,Field1,test,32,6,0.3005117501762905,16.323422193502925,0.048016807134861283
2020_Ref_Plot1_B7::22,2020_Ref_Plot1_B7,Field1,test,7,1,0.40186735026435444,19.96425775124606,0.15390735221438054
2020_Ref_Plot1_B7::28,2020_Ref_Plot1_B7,Field1,test,6,2,0.6411904653227749,26.973754760999483,0.1422153303618632
2020_Ref_Plot1_B7::36,2020_Ref_Plot1_B7,Field1,test,8,3,0.153420685226334,13.228503108525976,0.03658940863854676
2020_Ref_Plot1_B7::42,2020_Ref_Plot1_B7,Field1,test,6,4,0.26864407092128423,17.18002644702121,0.04412072455863385
2020_Ref_Plot1_B7::51,2020_Ref_Plot1_B7,Field1,test,9,5,0.15387824628542854,10.560569474439458,0.044728549123533926
2020_Ref_Plot1_B7::83,2020_Ref_Plot1_B7,Field1,test,32,6,0.2515852890592616,16.568528551103263,0.02746938529417619
2020_Ref_Plot1_B94::22,2020_Ref_Plot1_B94,Field1,test,7,1,0.2919143438038956,18.896534318342706,0.06262204395465837
2020_Ref_Plot1_B94::28,2020_Ref_Plot1_B94,Field1,test,6,2,0.7153003120107512,29.266627088542997,0.19763850722923557
2020_Ref_Plot1_B94::36,2020_Ref_Plot1_B94,Field1,test,8,3,0.17818133468666797,14.892463583999094,0.04550137263616622
2020_Ref_Plot1_B94::42,2020_Ref_Plot1_B94,Field1,test,6,4,0.23282831857903774,16.06698348242447,0.045882113443620316
2020_Ref_Plot1_B94::51,2020_Ref_Plot1_B94,Field1,test,9,5,0.16549427544408865,10.664774840299561,0.045470432117202274
2020_Ref_Plot1_C1::22,2020_Ref_Plot1_C1,Field1,test,7,1,0.32629697868952706,18.95395457064308,0.10954429587950452
2020_Ref_Plot1_C1::28,2020_Ref_Plot1_C1,Field1,test,6,2,0.7094688691109674,28.656299800338836,0.18074799042985168
2020_Ref_Plot1_C1::36,2020_Ref_Plot1_C1,Field1,test,8,3,0.2043101867003243,14.939564746983773,0.05166674465653789
2020_Ref_Plot1_C1::42,2020_Ref_Plot1_C1,Field1,test,6,4,0.2727358862371109,17.62429930073436,0.052541850530899104
2020_Ref_Plot1_C1::51,2020_Ref_Plot1_C1,Field1,test,9,5,0.1591153117699864,11.050249841910913,0.051143494671515174
2020_Ref_Plot1_C1::83,2020_Ref_Plot1_C1,Field1,test,32,6,0.3189899292345697,17.105140869195843,0.0534603968620095
2020_Ref_Plot1_C92::22,2020_Ref_Plot1_C92,Field1,test,7,1,0.26849663395756007,19.05414429237191,0.05539694517129142
2020_Ref_Plot1_C92::28,2020_Ref_Plot1_C92,Field1,test,6,2,0.7241761820445639,29.657873978822057,0.20462985123951727
2020_Ref_Plot1_C92::36,2020_Ref_Plot1_C92,Field1,test,8,3,0.1513161067387587,13.421901146471885,0.0227910627075447
2020_Ref_Plot1_C92::42,2020_Ref_Plot1_C92,Field1,test,6,4,0.22666072339630325,16.397242244074324,0.027542567507582272
2020_Ref_Plot1_C92::51,2020_Ref_Plot1_C92,Field1,test,9,5,0.18082529225780689,11.601520200081962,0.060938990825833476
2020_Ref_Plot1_C98::22,2020_Ref_Plot1_C98,Field1,test,7,1,0.30156492004499885,19.235758142589447,0.09093121111633878
2020_Ref_Plot1_C98::28,2020_Ref_Plot1_C98,Field1,test,6,2,0.6991353933393674,28.021681841099703,0.17012362091083416
2020_Ref_Plot1_C98::36,2020_Ref_Plot1_C98,Field1,test,8,3,0.1728177407222755,14.691237338670742,0.031181438018245983
2020_Ref_Plot1_C98::42,2020_Ref_Plot1_C98,Field1,test,6,4,0.2503012302126397,17.01139036140653,0.04410105269739985
2020_Ref_Plot1_C98::51,2020_Ref_Plot1_C98,Field1,test,9,5,0.1567429869597804,11.144388297723463,0.04802464384957837
2020_Ref_Plot2_A2::22,2020_Ref_Plot2_A2,Field1,test,7,1,0.26642453621838935,19.849933004897416,0.052624881269125234
2020_Ref_Plot2_A2::28,2020_Ref_Plot2_A2,Field1,test,6,2,0.6894441021126744,27.83486062749236,0.16027767392614808
2020_Ref_Plot2_A2::36,2020_Ref_Plot2_A2,Field1,test,8,3,0.18163790877572403,14.56435743917012,0.056508134785370624
2020_Ref_Plot2_A2::42,2020_Ref_Plot2_A2,Field1,test,6,4,0.28474991909427044,17.64719811479637,0.05100693744086615
2020_Ref_Plot2_A2::51,2020_Ref_Plot2_A2,Field1,test,9,5,0.15059330421817754,11.022691749089544,0.045510722720020665
2020_Ref_Plot2_A2::83,2020_Ref_Plot2_A2,Field1,test,32,6,0.21606131867708508,15.278153260317467,0.019766499135099837
2020_Ref_Plot2_A4::22,2020_Ref_Plot2_A4,Field1,test,7,1,0.24613308997660246,19.415105724733827,0.039055448143454005
2020_Ref_Plot2_A4::28,2020_Ref_Plot2_A4,Field1,test,6,2,0.6999162290520662,28.29395457172302,0.1932933129408786
2020_Ref_Plot2_A4::36,2020_Ref_Plot2_A4,Field1,test,8,3,0.19010923728096119,14.888630416119273,0.061441946277937885
2020_Ref_Plot2_A4::42,2020_Ref_Plot2_A4,Field1,test,6,4,0.22096127437506188,15.329631723731108,0.033899584619921
2020_Ref_Plot2_A4::51,2020_Ref_Plot2_A4,Field1,test,9,5,0.15661854923182808,10.927925744596156,0.028996949897654348
2020_Ref_Plot2_A4::83,2020_Ref_Plot2_A4,Field1,test,32,6,0.16489178844874505,13.094774454070638,0.02980261966509802
2020_Ref_Plot2_A91::22,2020_Ref_Plot2_A91,Field1,test,7,1,0.2798868601020601,19.59577584891769,0.05471973217562402
2020_Ref_Plot2_A91::28,2020_Ref_Plot2_A91,Field1,test,6,2,0.6917819005644611,28.29029912918903,0.16354512504968924
2020_Ref_Plot2_A91::36,2020_Ref_Plot2_A91,Field1,test,8,3,0.1888257786151171,15.192661871848319,0.04786913644165026
2020_Ref_Plot2_A91::42,2020_Ref_Plot2_A91,Field1,test,6,4,0.3000335783197308,18.457964494225102,0.054597982554406115
2020_Ref_Plot2_A91::51,2020_Ref_Plot2_A91,Field1,test,9,5,0.16171200310649927,11.04907655235111,0.06214267725392911
2020_Ref_Plot2_A91::83,2020_Ref_Plot2_A91,Field1,test,32,6,0.2702035671521659,16.699105336951853,0.0345125047297689
2020_Ref_Plot2_B1::22,2020_Ref_Plot2_B1,Field1,test,7,1,0.26496545899839113,19.66333816332914,0.059824214875701394
2020_Ref_Plot2_B1::28,2020_Ref_Plot2_B1,Field1,test,6,2,0.7033655390230047,28.37682307146901,0.1696886979836979
2020_Ref_Plot2_B1::36,2020_Ref_Plot2_B1,Field1,test,8,3,0.15693789310148687,13.898780993516812,0.039112084739668415
2020_Ref_Plot2_B1::42,2020_Ref_Plot2_B1,Field1,test,6,4,0.30759835446400846,17.95046829532702,0.0493392579333592
2020_Ref_Plot2_B1::51,2020_Ref_Plot2_B1,Field1,test,9,5,0.13342777272043257,10.70952606166524,0.02843948158136067
2020_Ref_Plot2_B1::83,2020_Ref_Plot2_B1,Field1,test,32,6,0.21252011535303336,15.27292576794868,0.03142650717371473
2020_Ref_Plot2_B7::22,2020_Ref_Plot2_B7,Field1,test,7,1,0.3015695427622373,19.604639279233293,0.059783668648362806
2020_Ref_Plot2_B7::28,2020_Ref_Plot2_B7,Field1,test,6,2,0.663784204520681,27.896974575086297,0.15853430608570065
2020_Ref_Plot2_B7::36,2020_Ref_Plot2_B7,Field1,test,8,3,0.1688644495754855,14.451180591768132,0.03622652874602764
2020_Ref_Plot2_B7::42,2020_Ref_Plot2_B7,Field1,test,6,4,0.26810213674495725,17.064350100697983,0.05373421888446358
2020_Ref_Plot2_B7::51,2020_Ref_Plot2_B7,Field1,test,9,5,0.16266742161511663,10.076865767078996,0.056724032593947114
2020_Ref_Plot2_B7::83,2020_Ref_Plot2_B7,Field1,test,32,6,0.16221303772537274,14.084979668954286,0.02274923313424389
2020_Ref_Plot2_B91::22,2020_Ref_Plot2_B91,Field1,test,7,1,0.28034962139908665,18.678541952131656,0.07979877721887524
2020_Ref_Plot2_B91::28,2020_Ref_Plot2_B91,Field1,test,6,2,0.6940241784094804,28.478895347398193,0.17311413067097403
2020_Ref_Plot2_B91::36,2020_Ref_Plot2_B91,Field1,test,8,3,0.18126613924142657,15.527088239708677,0.05499350439489855
2020_Ref_Plot2_B91::42,2020_Ref_Plot2_B91,Field1,test,6,4,0.25818734104565344,17.393410494369952,0.030751155658655858
2020_Ref_Plot2_B91::51,2020_Ref_Plot2_B91,Field1,test,9,5,0.14003609565535313,10.710722821812645,0.050597285264441974
2020_Ref_Plot2_B99::22,2020_Ref_Plot2_B99,Field1,test,7,1,0.2950987017486873,19.238153966582107,0.05813101550746336
2020_Ref_Plot2_B99::28,2020_Ref_Plot2_B99,Field1,test,6,2,0.6863484585198568,27.687927954169286,0.17035525578593994
2020_Ref_Plot2_B99::36,2020_Ref_Plot2_B99,Field1,test,8,3,0.1439623551529918,13.373100868432445,0.023601804047106156
2020_Ref_Plot2_B99::42,2020_Ref_Plot2_B99,Field1,test,6,4,0.26296453425833954,17.815009257534186,0.04222007304850043
2020_Ref_Plot2_B99::51,2020_Ref_Plot2_B99,Field1,test,9,5,0.1369920806925461,10.679244437578614,0.03673403215998011
2020_Ref_Plot2_B99::83,2020_Ref_Plot2_B99,Field1,test,32,6,0.2267755216874293,16.09984057385365,0.03385407384735542
2020_Ref_Plot2_C2::22,2020_Ref_Plot2_C2,Field1,test,7,1,0.2774382635061407,19.469642886588453,0.06286281722215793
2020_Ref_Plot2_C2::28,2020_Ref_Plot2_C2,Field1,test,6,2,0.7134164706570395,28.71125653769692,0.18982268540199357
2020_Ref_Plot2_C2::36,2020_Ref_Plot2_C2,Field1,test,8,3,0.20070286796468514,15.16270899735005,0.06184733215750188
2020_Ref_Plot2_C2::42,2020_Ref_Plot2_C2,Field1,test,6,4,0.29869183089760404,17.06183346233077,0.05423822647152149
2020_Ref_Plot2_C2::51,2020_Ref_Plot2_C2,Field1,test,9,5,0.17354475640051134,11.82758647760678,0.06815017234200642
2020_Ref_Plot2_C2::83,2020_Ref_Plot2_C2,Field1,test,32,6,0.21248522653398882,15.316438730107802,0.032815434734353464
2020_Ref_Plot2_C5::22,2020_Ref_Plot2_C5,Field1,test,7,1,0.2950261944128127,20.085430099936584,0.06915981823927154
2020_Ref_Plot2_C5::28,2020_Ref_Plot2_C5,Field1,test,6,2,0.7071660858789336,28.76070177988519,0.1907979948037553
2020_Ref_Plot2_C5::36,2020_Ref_Plot2_C5,Field1,test,8,3,0.20052500362746364,15.13211234499577,0.05093978524677491
2020_Ref_Plot2_C5::42,2020_Ref_Plot2_C5,Field1,test,6,4,0.26579681620149015,16.343195949317586,0.03905092171474918
2020_Ref_Plot2_C5::51,2020_Ref_Plot2_C5,Field1,test,9,5,0.15702403887584487,10.715497930177044,0.04148396547008695
2020_Ref_Plot2_C5::83,2020_Ref_Plot2_C5,Field1,test,32,6,0.17186857490783095,13.595013038692558,0.02666502320655424
2020_Ref_Plot2_C6::22,2020_Ref_Plot2_C6,Field1,test,7,1,0.2798291674206676,19.666847001486474,0.06010555634351482
2020_Ref_Plot2_C6::28,2020_Ref_Plot2_C6,Field1,test,6,2,0.6842696937565736,28.111975968633413,0.1725252345757887
2020_Ref_Plot2_C6::36,2020_Ref_Plot2_C6,Field1,test,8,3,0.19783280840650186,15.113467554095275,0.043892946176459315
2020_Ref_Plot2_C6::42,2020_Ref_Plot2_C6,Field1,test,6,4,0.2463818901628899,15.915075132427896,0.05203461030490518
2020_Ref_Plot2_C6::51,2020_Ref_Plot2_C6,Field1,test,9,5,0.1957588949203505,11.390580411439135,0.05737801352422818
2020_Ref_Plot2_C6::83,2020_Ref_Plot2_C6,Field1,test,32,6,0.16004545074659027,13.286388185856167,0.023091324396106415
2020_Ref_Plot3_A2::22,2020_Ref_Plot3_A2,Field1,test,7,1,0.23831013125155862,18.81144299042841,0.030558631447296893
2020_Ref_Plot3_A2::28,2020_Ref_Plot3_A2,Field1,test,6,2,0.6723100581888088,27.396356319427163,0.1626575929063961
2020_Ref_Plot3_A2::36,2020_Ref_Plot3_A2,Field1,test,8,3,0.20393662599736848,14.94662475024919,0.05057644975114072
2020_Ref_Plot3_A2::42,2020_Ref_Plot3_A2,Field1,test,6,4,0.2523156017538617,16.402343544135473,0.04559849731080185
2020_Ref_Plot3_A2::51,2020_Ref_Plot3_A2,Field1,test,9,5,0.14297107474283896,10.812458098522772,0.041219960026655025
2020_Ref_Plot3_A2::83,2020_Ref_Plot3_A2,Field1,test,32,6,0.1842962518682211,14.4282348928847,0.024438958897932548
2020_Ref_Plot3_A91::22,2020_Ref_Plot3_A91,Field1,test,7,1,0.2200065116235487,19.686034568941206,0.028001714469543196
2020_Ref_Plot3_A91::28,2020_Ref_Plot3_A91,Field1,test,6,2,0.7023367430636904,28.60817809345155,0.17204077204856164
2020_Ref_Plot3_A91::36,2020_Ref_Plot3_A91,Field1,test,8,3,0.1853946959643996,14.82296328511675,0.040558051354973645
2020_Ref_Plot3_A91::42,2020_Ref_Plot3_A91,Field1,test,6,4,0.2715436022494257,16.70193427563796,0.04316454618715067
2020_Ref_Plot3_A91::51,2020_Ref_Plot3_A91,Field1,test,9,5,0.12614060996393017,11.224038515496247,0.026916011570480517
2020_Ref_Plot3_A91::83,2020_Ref_Plot3_A91,Field1,test,32,6,0.2282851755078604,15.759811620338848,0.03244100015138788
2020_Ref_Plot3_A95::22,2020_Ref_Plot3_A95,Field1,test,7,1,0.2918039457190022,19.925901213908777,0.060587748410984764
2020_Ref_Plot3_A95::28,2020_Ref_Plot3_A95,Field1,test,6,2,0.6654671178717706,26.873745367108512,0.15371516930575796
2020_Ref_Plot3_A95::36,2020_Ref_Plot3_A95,Field1,test,8,3,0.1669629985895774,13.915194367471099,0.038637918259498256
2020_Ref_Plot3_A95::42,2020_Ref_Plot3_A95,Field1,test,6,4,0.26513916136364224,16.70942198897412,0.05033707035442025
2020_Ref_Plot3_A95::51,2020_Ref_Plot3_A95,Field1,test,9,5,0.16097159560762905,10.960128066684176,0.04058136311360239
2020_Ref_Plot3_A95::83,2020_Ref_Plot3_A95,Field1,test,32,6,0.2191927342641736,15.556279019890155,0.035418725729365406
2020_Ref_Plot3_A99::22,2020_Ref_Plot3_A99,Field1,test,7,1,0.2746117094495753,19.28380728987729,0.05259809120924727
2020_Ref_Plot3_A99::28,2020_Ref_Plot3_A99,Field1,test,6,2,0.6986990837764946,28.004206593725574,0.18195404347431265
2020_Ref_Plot3_A99::36,2020_Ref_Plot3_A99,Field1,test,8,3,0.19296672079543087,13.950474563987585,0.049576441588350166
2020_Ref_Plot3_A99::42,2020_Ref_Plot3_A99,Field1,test,6,4,0.3015243662864257,18.209307447409603,0.07319761994548019
2020_Ref_Plot3_A99::51,2020_Ref_Plot3_A99,Field1,test,9,5,0.16146549865329676,11.079921400526874,0.033169359332196106
2020_Ref_Plot3_A99::83,2020_Ref_Plot3_A99,Field1,test,32,6,0.18230530887515925,14.73090537902133,0.025700799717035674
2020_Ref_Plot3_A9::22,2020_Ref_Plot3_A9,Field1,test,7,1,0.2573240524311667,20.004884757804362,0.04488140619484743
2020_Ref_Plot3_A9::28,2020_Ref_Plot3_A9,Field1,test,6,2,0.7054561453738334,27.993667089349856,0.1720769189792735
2020_Ref_Plot3_A9::36,2020_Ref_Plot3_A9,Field1,test,8,3,0.14331253939837205,14.41645337870618,0.025154055959631397
2020_Ref_Plot3_A9::42,2020_Ref_Plot3_A9,Field1,test,6,4,0.3026134272948698,18.49576320827972,0.050470821115259405
2020_Ref_Plot3_A9::51,2020_Ref_Plot3_A9,Field1,test,9,5,0.16896763675746707,11.079052237983626,0.04830355611711187
2020_Ref_Plot3_A9::83,2020_Ref_Plot3_A9,Field1,test,32,6,0.2450724129160994,15.59884227655225,0.046319989203552646
2020_Ref_Plot3_A9::97,2020_Ref_Plot3_A9,Field1,test,14,7,0.2956494145056347,17.819372739711604,0.042552448989758226
2020_Ref_Plot3_B97::22,2020_Ref_Plot3_B97,Field1,test,7,1,0.29172722239375387,19.746449991572998,0.06951975160085776
2020_Ref_Plot3_B97::28,2020_Ref_Plot3_B97,Field1,test,6,2,0.7015203442842392,27.880664233117667,0.18480739751769426
2020_Ref_Plot3_B97::36,2020_Ref_Plot3_B97,Field1,test,8,3,0.19630973575904143,14.715632671692667,0.04904863058377127
2020_Ref_Plot3_B97::42,2020_Ref_Plot3_B97,Field1,test,6,4,0.28379659202749447,17.307537293522994,0.045286200259350776
2020_Ref_Plot3_B97::51,2020_Ref_Plot3_B97,Field1,test,9,5,0.17101348618496004,10.610012881108107,0.04424640705312502
2020_Ref_Plot3_B97::83,2020_Ref_Plot3_B97,Field1,test,32,6,0.1895954623372487,14.39621082369837,0.027266035065699513
2020_Ref_Plot3_C10::22,2020_Ref_Plot3_C10,Field1,test,7,1,0.24185724412687004,18.870230547870662,0.03567809732286033
2020_Ref_Plot3_C10::28,2020_Ref_Plot3_C10,Field1,test,6,2,0.6798400873894876,26.989300975502694,0.16826994714054658
2020_Ref_Plot3_C10::36,2020_Ref_Plot3_C10,Field1,test,8,3,0.13833067676002414,12.59071965588037,0.020199139635266896
2020_Ref_Plot3_C10::42,2020_Ref_Plot3_C10,Field1,test,6,4,0.2631652750684435,16.69019701062359,0.04520323910808877
2020_Ref_Plot3_C10::51,2020_Ref_Plot3_C10,Field1,test,9,5,0.14526827021140856,11.108365020951913,0.035788113035079165
2020_Ref_Plot3_C10::83,2020_Ref_Plot3_C10,Field1,test,32,6,0.19795959670515795,14.61957872486318,0.020180957339469948
2020_Ref_Plot3_C10::97,2020_Ref_Plot3_C10,Field1,test,14,7,0.2699173486664594,17.503130281384124,0.03776312789683024
2020_Ref_Plot3_C2::22,2020_Ref_Plot3_C2,Field1,test,7,1,0.27896862029251485,19.619810161960576,0.05114428443823125
2020_Ref_Plot3_C2::28,2020_Ref_Plot3_C2,Field1,test,6,2,0.6648208702100719,26.505030898382206,0.1607315402156155
2020_Ref_Plot3_C2::36,2020_Ref_Plot3_C2,Field1,test,8,3,0.18021900880867706,14.529419442358083,0.04235570952965227
2020_Ref_Plot3_C2::42,2020_Ref_Plot3_C2,Field1,test,6,4,0.293081092446546,16.760376762002323,0.05532259840048955
2020_Ref_Plot3_C2::51,2020_Ref_Plot3_C2,Field1,test,9,5,0.1540609885908677,10.605055838541862,0.031470610478594174
2020_Ref_Plot3_C2::83,2020_Ref_Plot3_C2,Field1,test,32,6,0.1587857317659945,14.140140813622963,0.021961235760642274
2020_Ref_Plot3_C7::22,2020_Ref_Plot3_C7,Field1,test,7,1,0.29743459372546877,19.85610484406398,0.06442133259015748
2020_Ref_Plot3_C7::28,2020_Ref_Plot3_C7,Field1,test,6,2,0.6640661687918087,26.67537866880145,0.17358878987773302
2020_Ref_Plot3_C7::36,2020_Ref_Plot3_C7,Field1,test,8,3,0.18598069897963718,14.60534164664615,0.06354084711952572
2020_Ref_Plot3_C7::42,2020_Ref_Plot3_C7,Field1,test,6,4,0.27519545119185196,17.494848725129376,0.050114887307048016
2020_Ref_Plot3_C7::51,2020_Ref_Plot3_C7,Field1,test,9,5,0.14915480482153182,11.586942092327421,0.0446496371561605
2020_Ref_Plot3_C7::83,2020_Ref_Plot3_C7,Field1,test,32,6,0.19198670344121885,15.52566511804828,0.03223980101446664
2020_Ref_Plot3_C7::97,2020_Ref_Plot3_C7,Field1,test,14,7,0.23609705599778905,16.018133616944898,0.024349633444733395
2020_Ref_Plot4_A8::22,2020_Ref_Plot4_A8,Field1,test,7,1,0.3382464393329616,21.731190124798353,0.07449587907600304
2020_Ref_Plot4_A8::28,2020_Ref_Plot4_A8,Field1,test,6,2,0.7202805247251506,26.41786702367658,0.19329636349530346
2020_Ref_Plot4_A8::36,2020_Ref_Plot4_A8,Field1,test,8,3,0.09725703708259947,14.147736231357143,0.0212271808202448
2020_Ref_Plot4_A8::42,2020_Ref_Plot4_A8,Field1,test,6,4,0.3434652205486981,19.148280792232253,0.06351116291968133
2020_Ref_Plot4_A8::51,2020_Ref_Plot4_A8,Field1,test,9,5,0.11895149713248614,10.722588298824853,0.02167652482705794
2020_Ref_Plot4_A8::83,2020_Ref_Plot4_A8,Field1,test,32,6,0.17594029325772095,15.338383099406327,0.023070442040039385
2020_Ref_Plot4_A90::22,2020_Ref_Plot4_A90,Field1,test,7,1,0.26260026122535235,20.10545050413728,0.03711439749126313
2020_Ref_Plot4_A90::28,2020_Ref_Plot4_A90,Field1,test,6,2,0.7373322814658788,27.864029347324426,0.22180074204471
2020_Ref_Plot4_A90::36,2020_Ref_Plot4_A90,Field1,test,8,3,0.10366972443366927,14.607954377603441,0.01997741559370007
2020_Ref_Plot4_A90::42,2020_Ref_Plot4_A90,Field1,test,6,4,0.3264043766536034,18.31390181195403,0.04967638890352586
2020_Ref_Plot4_A90::51,2020_Ref_Plot4_A90,Field1,test,9,5,0.11743961972592497,10.492414327161239,0.03579040891610862
2020_Ref_Plot4_A92::22,2020_Ref_Plot4_A92,Field1,test,7,1,0.2755444335331452,20.54081497439048,0.03964298616259527
2020_Ref_Plot4_A92::28,2020_Ref_Plot4_A92,Field1,test,6,2,0.7426319226410335,29.06044747318567,0.19683941797293072
2020_Ref_Plot4_A92::36,2020_Ref_Plot4_A92,Field1,test,8,3,0.09991936449284601,15.107687569490553,0.02356555168400032
2020_Ref_Plot4_A92::42,2020_Ref_Plot4_A92,Field1,test,6,4,0.3055770421072284,18.166675498494282,0.05016847842224773
2020_Ref_Plot4_A92::51,2020_Ref_Plot4_A92,Field1,test,9,5,0.133572720990943,11.67697339387507,0.03722078330423517
2020_Ref_Plot4_B2::22,2020_Ref_Plot4_B2,Field1,test,7,1,0.28706741840415134,20.815802367452406,0.042759108459367735
2020_Ref_Plot4_B2::28,2020_Ref_Plot4_B2,Field1,test,6,2,0.7600966057952688,29.578941396398086,0.21774756300689688
2020_Ref_Plot4_B2::36,2020_Ref_Plot4_B2,Field1,test,8,3,0.10882421942103376,15.587222470804088,0.017602780886463026
2020_Ref_Plot4_B2::42,2020_Ref_Plot4_B2,Field1,test,6,4,0.2676992869461419,16.644784151810434,0.029921783898325716
2020_Ref_Plot4_B2::51,2020_Ref_Plot4_B2,Field1,test,9,5,0.11188296825152354,11.041816921610092,0.021869152713587157
2020_Ref_Plot4_B2::83,2020_Ref_Plot4_B2,Field1,test,32,6,0.16666211161284775,13.288912569230781,0.019139764988047595
2020_Ref_Plot4_B6::22,2020_Ref_Plot4_B6,Field1,test,7,1,0.3712302202255451,22.147792894782725,0.06347507264840477
2020_Ref_Plot4_B6::28,2020_Ref_Plot4_B6,Field1,test,6,2,0.7800739481088895,28.269258135285273,0.25095824123375743
2020_Ref_Plot4_B6::36,2020_Ref_Plot4_B6,Field1,test,8,3,0.07485413378659016,13.586303698940203,0.018718387719720446
2020_Ref_Plot4_B6::42,2020_Ref_Plot4_B6,Field1,test,6,4,0.3039783395969448,18.491019825741464,0.058207572783293755
2020_Ref_Plot4_B6::51,2020_Ref_Plot4_B6,Field1,test,9,5,0.12643318018987315,11.108782713811863,0.03296517351210903
2020_Ref_Plot4_B6::83,2020_Ref_Plot4_B6,Field1,test,32,6,0.1808591130817053,15.523902430186176,0.02484005129752657
2020_Ref_Plot4_B95::22,2020_Ref_Plot4_B95,Field1,test,7,1,0.30388812281802163,20.943765950450338,0.04723375443730505
2020_Ref_Plot4_B95::28,2020_Ref_Plot4_B95,Field1,test,6,2,0.7359212948070585,28.636340920491886,0.22049399135790876
2020_Ref_Plot4_B95::36,2020_Ref_Plot4_B95,Field1,test,8,3,0.07681426660175256,14.053644892050865,0.007031524729655019
2020_Ref_Plot4_B95::42,2020_Ref_Plot4_B95,Field1,test,6,4,0.30140442155987063,18.44897672480417,0.04754822203285149
2020_Ref_Plot4_B95::51,2020_Ref_Plot4_B95,Field1,test,9,5,0.11635144473508348,10.594612074354927,0.015708388181522672
2020_Ref_Plot4_B95::83,2020_Ref_Plot4_B95,Field1,test,32,6,0.28762635728177294,16.37629222277566,0.04428551588901231
2020_Ref_Plot4_B97::22,2020_Ref_Plot4_B97,Field1,test,7,1,0.29927456986847173,21.16166198573808,0.04227816718914062
2020_Ref_Plot4_B97::28,2020_Ref_Plot4_B97,Field1,test,6,2,0.7629525674344544,29.26134403248073,0.24149895991097894
2020_Ref_Plot4_B97::36,2020_Ref_Plot4_B97,Field1,test,8,3,0.10070409975636467,14.802104789461627,0.020329440751496848
2020_Ref_Plot4_B97::42,2020_Ref_Plot4_B97,Field1,test,6,4,0.3080944095313633,18.532794556718393,0.043839121598558954
2020_Ref_Plot4_B97::51,2020_Ref_Plot4_B97,Field1,test,9,5,0.14104177639329404,11.384776631296731,0.0352258283274958
2020_Ref_Plot4_C91::22,2020_Ref_Plot4_C91,Field1,test,7,1,0.26772169979097304,21.006830863965277,0.036728613711945676
2020_Ref_Plot4_C91::28,2020_Ref_Plot4_C91,Field1,test,6,2,0.761636699186743,29.578899773856865,0.20654351465219903
2020_Ref_Plot4_C91::36,2020_Ref_Plot4_C91,Field1,test,8,3,0.09654086322376597,14.948271053172025,0.023489258664296176
2020_Ref_Plot4_C91::42,2020_Ref_Plot4_C91,Field1,test,6,4,0.29379422513824327,17.09157147698482,0.03839218547083075
2020_Ref_Plot4_C91::51,2020_Ref_Plot4_C91,Field1,test,9,5,0.13396420576266777,11.032614876663779,0.04117795326562886
2021_Ref_Plot1_A11::16,2021_Ref_Plot1_A11,Field2,test,8,2,0.8110315854491447,31.331632341617073,0.39449439699006705
2021_Ref_Plot1_A11::22,2021_Ref_Plot1_A11,Field2,test,6,3,0.3013297854580454,17.27861628913502,0.06991211236685696
2021_Ref_Plot1_A11::27,2021_Ref_Plot1_A11,Field2,test,5,4,0.3583826966566243,17.020846239528986,0.12583585770856287
2021_Ref_Plot1_A11::35,2021_Ref_Plot1_A11,Field2,test,8,5,0.11668080205652248,12.183659164127658,0.02270708353460205
2021_Ref_Plot1_A11::44,2021_Ref_Plot1_A11,Field2,test,9,6,0.13211295639571188,14.108737914784406,0.013205070746636951
2021_Ref_Plot1_A11::50,2021_Ref_Plot1_A11,Field2,test,6,7,0.11150668741512099,9.217247023603107,0.05757012099956771
2021_Ref_Plot1_A11::57,2021_Ref_Plot1_A11,Field2,test,7,8,0.09835768939844125,11.044636267399568,0.02502593926302942
2021_Ref_Plot1_A11::65,2021_Ref_Plot1_A11,Field2,test,8,9,0.10445314495362552,11.242841354791295,0.029700505654855203
2021_Ref_Plot1_A11::69,2021_Ref_Plot1_A11,Field2,test,4,10,0.20843773203992888,12.590160856631696,0.11603736286967065
2021_Ref_Plot1_A11::71,2021_Ref_Plot1_A11,Field2,test,2,11,0.14389986931399354,10.222213143972535,0.08927965685958458
2021_Ref_Plot1_A11::76,2021_Ref_Plot1_A11,Field2,test,5,12,0.10798925132076999,10.16302334612626,0.01513818744438108
2021_Ref_Plot1_A11::8,2021_Ref_Plot1_A11,Field2,test,7,1,0.7149279330346324,27.220757303164937,0.20669341537793265
2021_Ref_Plot1_A11::80,2021_Ref_Plot1_A11,Field2,test,4,13,0.05484467142195556,7.331815118738203,0.017658419366575615
2021_Ref_Plot1_A11::85,2021_Ref_Plot1_A11,Field2,test,5,14,0.07085280618971795,9.482316168198563,0.033925943838013436
2021_Ref_Plot1_A13::16,2021_Ref_Plot1_A13,Field2,test,8,2,0.8004677700344494,30.507223904651404,0.393476324663988
2021_Ref_Plot1_A13::22,2021_Ref_Plot1_A13,Field2,test,6,3,0.27005490034695495,16.884459527025193,0.07311486445530739
2021_Ref_Plot1_A13::27,2021_Ref_Plot1_A13,Field2,test,5,4,0.31645634066772205,17.380723410082915,0.10391860294918824
2021_Ref_Plot1_A13::35,2021_Ref_Plot1_A13,Field2,test,8,5,0.13734340834293293,12.384402619809372,0.05846470600458818
2021_Ref_Plot1_A13::44,2021_Ref_Plot1_A13,Field2,test,9,6,0.1341159165673954,14.176901337962551,0.016725347488434482
2021_Ref_Plot1_A13::50,2021_Ref_Plot1_A13,Field2,test,6,7,0.1089481989321241,8.84898924440609,0.043713652102961284
2021_Ref_Plot1_A13::57,2021_Ref_Plot1_A13,Field2,test,7,8,0.1374505127022155,12.011026050630058,0.05805010747160267
2021_Ref_Plot1_A13::65,2021_Ref_Plot1_A13,Field2,test,8,9,0.12058290103229448,12.239732620180765,0.043845960833552036
2021_Ref_Plot1_A13::69,2021_Ref_Plot1_A13,Field2,test,4,10,0.1814858163433415,12.520597061597503,0.07693353793512489
2021_Ref_Plot1_A13::71,2021_Ref_Plot1_A13,Field2,test,2,11,0.11922590949777793,8.270866727426046,0.06308197630057019
2021_Ref_Plot1_A13::76,2021_Ref_Plot1_A13,Field2,test,5,12,0.10881849445340785,12.554311598345826,0.009814412887177073
2021_Ref_Plot1_A13::8,2021_Ref_Plot1_A13,Field2,test,7,1,0.7130989965683271,27.7850808786938,0.19061893850374256
2021_Ref_Plot1_A13::80,2021_Ref_Plot1_A13,Field2,test,4,13,0.05820886272934017,7.617092405925825,0.011131995272880604
2021_Ref_Plot1_A13::85,2021_Ref_Plot1_A13,Field2,test,5,14,0.050081932985649114,8.992499886512086,0.01423944338106058
2021_Ref_Plot1_A20::16,2021_Ref_Plot1_A20,Field2,test,8,2,0.8108653311202091,31.439558753524622,0.4223505484595047
2021_Ref_Plot1_A20::22,2021_Ref_Plot1_A20,Field2,test,6,3,0.3029113894246346,16.91011325805067,0.0829610005756401
2021_Ref_Plot1_A20::27,2021_Ref_Plot1_A20,Field2,test,5,4,0.33195383988704097,17.620194236895323,0.11487106789938752
2021_Ref_Plot1_A20::35,2021_Ref_Plot1_A20,Field2,test,8,5,0.13657348442786335,12.543998898855486,0.034242845812899186
2021_Ref_Plot1_A20::44,2021_Ref_Plot1_A20,Field2,test,9,6,0.12662364098559614,13.195360600202704,0.020302809842033274
2021_Ref_Plot1_A20::50,2021_Ref_Plot1_A20,Field2,test,6,7,0.1080823259043986,9.049959132170622,0.05707119602572779
2021_Ref_Plot1_A20::57,2021_Ref_Plot1_A20,Field2,test,7,8,0.08577987796528741,10.890366541307749,0.027712045111210004
2021_Ref_Plot1_A20::65,2021_Ref_Plot1_A20,Field2,test,8,9,0.08150824971069671,11.7443170689661,0.03659493537757753
2021_Ref_Plot1_A20::69,2021_Ref_Plot1_A20,Field2,test,4,10,0.14583020901648971,12.610859471526155,0.04891769265596236
2021_Ref_Plot1_A20::71,2021_Ref_Plot1_A20,Field2,test,2,11,0.08817412890899917,8.706139096125494,0.0466498645955009
2021_Ref_Plot1_A20::76,2021_Ref_Plot1_A20,Field2,test,5,12,0.12262312953757709,14.090096100164264,0.020905580781158357
2021_Ref_Plot1_A20::8,2021_Ref_Plot1_A20,Field2,test,7,1,0.6777987697990793,26.123806947491204,0.1726756944275096
2021_Ref_Plot1_A20::80,2021_Ref_Plot1_A20,Field2,test,4,13,0.08475101736765324,9.09763195920018,0.03375682647143295
2021_Ref_Plot1_A20::85,2021_Ref_Plot1_A20,Field2,test,5,14,0.08586300631975474,10.2489246194867,0.030884487443162186
2021_Ref_Plot1_A3::16,2021_Ref_Plot1_A3,Field2,test,8,2,0.7964609968007043,30.99353760784053,0.3613990984905378
2021_Ref_Plot1_A3::22,2021_Ref_Plot1_A3,Field2,test,6,3,0.2590890123539336,15.595604608897101,0.0632770775745185
2021_Ref_Plot1_A3::27,2021_Ref_Plot1_A3,Field2,test,5,4,0.30995828146980475,16.13243789720684,0.08276955184526859
2021_Ref_Plot1_A3::35,2021_Ref_Plot1_A3,Field2,test,8,5,0.1325115430650874,11.289162904216779,0.03421959374886647
2021_Ref_Plot1_A3::44,2021_Ref_Plot1_A3,Field2,test,9,6,0.13423783010580426,14.254478701493936,0.022608620492890884
2021_Ref_Plot1_A3::50,2021_Ref_Plot1_A3,Field2,test,6,7,0.15807037736268137,9.021440867141578,0.09872469441712309
2021_Ref_Plot1_A3::57,2021_Ref_Plot1_A3,Field2,test,7,8,0.12554994037314438,11.409342770180334,0.04798896261499989
2021_Ref_Plot1_A3::65,2021_Ref_Plot1_A3,Field2,test,8,9,0.1386376611317828,11.567349405574223,0.06525393317241958
2021_Ref_Plot1_A3::69,2021_Ref_Plot1_A3,Field2,test,4,10,0.20231949916130462,12.113601362567369,0.1187506357130768
2021_Ref_Plot1_A3::71,2021_Ref_Plot1_A3,Field2,test,2,11,0.13301658517092566,8.974925534138302,0.06866182027694989
2021_Ref_Plot1_A3::76,2021_Ref_Plot1_A3,Field2,test,5,12,0.18463944990712255,13.027105730342434,0.037351388715675816
2021_Ref_Plot1_A3::8,2021_Ref_Plot1_A3,Field2,test,7,1,0.7313429856382182,27.102761935641052,0.21444938817097306
2021_Ref_Plot1_A3::80,2021_Ref_Plot1_A3,Field2,test,4,13,0.07160363527649159,8.106980785522504,0.007515454006591975
2021_Ref_Plot1_A3::85,2021_Ref_Plot1_A3,Field2,test,5,14,0.08681928979198263,9.031153686371454,0.034404728957468204
2021_Ref_Plot1_B19::16,2021_Ref_Plot1_B19,Field2,test,8,2,0.8126035348866365,30.939719300675996,0.3770127722268557
2021_Ref_Plot1_B19::22,2021_Ref_Plot1_B19,Field2,test,6,3,0.31626229410609796,16.964098086049052,0.07789168529641922
2021_Ref_Plot1_B19::27,2021_Ref_Plot1_B19,Field2,test,5,4,0.3388013998139148,17.155678236882913,0.13135467706579623
2021_Ref_Plot1_B19::35,2021_Ref_Plot1_B19,Field2,test,8,5,0.13936352913223796,13.023913307840331,0.02152936174680326
2021_Ref_Plot1_B19::44,2021_Ref_Plot1_B19,Field2,test,9,6,0.09753952248668324,9.858777629745596,0.019175619285567557
2021_Ref_Plot1_B19::50,2021_Ref_Plot1_B19,Field2,test,6,7,0.09051884337725896,9.102937982316968,0.04803950621466314
2021_Ref_Plot1_B19::57,2021_Ref_Plot1_B19,Field2,test,7,8,0.07803540098690767,12.177395856866585,0.021074691699738975
2021_Ref_Plot1_B19::65,2021_Ref_Plot1_B19,Field2,test,8,9,0.06698475741040862,11.83080027039346,0.021729064948178094
2021_Ref_Plot1_B19::69,2021_Ref_Plot1_B19,Field2,test,4,10,0.16401235567157854,12.955380304888394,0.0489922826038464
2021_Ref_Plot1_B19::71,2021_Ref_Plot1_B19,Field2,test,2,11,0.12041879464791727,8.981516610400854,0.05516336516527804
2021_Ref_Plot1_B19::76,2021_Ref_Plot1_B19,Field2,test,5,12,0.12623208690389232,14.138411079245971,0.01955914813621175
2021_Ref_Plot1_B19::8,2021_Ref_Plot1_B19,Field2,test,7,1,0.7156192821543647,27.554678317952458,0.20091331487989494
2021_Ref_Plot1_B19::80,2021_Ref_Plot1_B19,Field2,test,4,13,0.050690865036688536,10.228316046326775,0.005872712951370016
2021_Ref_Plot1_B19::85,2021_Ref_Plot1_B19,Field2,test,5,14,0.06196870470870455,11.394987138000225,0.031228311635205664
2021_Ref_Plot1_B2::16,2021_Ref_Plot1_B2,Field2,test,8,2,0.8042163210877792,31.53875595221126,0.33551505506005486
2021_Ref_Plot1_B2::22,2021_Ref_Plot1_B2,Field2,test,6,3,0.32546532202362477,17.595741809586258,0.10069162055243217
2021_Ref_Plot1_B2::27,2021_Ref_Plot1_B2,Field2,test,5,4,0.3951386378292136,18.59460722037846,0.1321637808650513
2021_Ref_Plot1_B2::35,2021_Ref_Plot1_B2,Field2,test,8,5,0.18462997369098644,14.171286484178918,0.04765854324931795
2021_Ref_Plot1_B2::44,2021_Ref_Plot1_B2,Field2,test,9,6,0.15184000394770222,14.563864157083087,0.023279291776614548
2021_Ref_Plot1_B2::50,2021_Ref_Plot1_B2,Field2,test,6,7,0.12729286707688217,8.436213726068097,0.05326465232323132
2021_Ref_Plot1_B2::57,2021_Ref_Plot1_B2,Field2,test,7,8,0.1237233758825103,11.231812678632654,0.0357222748962894
2021_Ref_Plot1_B2::65,2021_Ref_Plot1_B2,Field2,test,8,9,0.10397908748099849,11.351821258506687,0.02570322788749286
2021_Ref_Plot1_B2::69,2021_Ref_Plot1_B2,Field2,test,4,10,0.17045758623524213,12.03363345867974,0.06705641198152808
2021_Ref_Plot1_B2::71,2021_Ref_Plot1_B2,Field2,test,2,11,0.15452421863525836,9.288298256870481,0.09093971562716226
2021_Ref_Plot1_B2::76,2021_Ref_Plot1_B2,Field2,test,5,12,0.16626031027721394,15.233480133182695,0.03189419117519593
2021_Ref_Plot1_B2::8,2021_Ref_Plot1_B2,Field2,test,7,1,0.746623546837033,28.166550194828204,0.21360477880674353
2021_Ref_Plot1_B2::80,2021_Ref_Plot1_B2,Field2,test,4,13,0.12563305664997979,8.365869760894554,0.036965622282900096
2021_Ref_Plot1_B2::85,2021_Ref_Plot1_B2,Field2,test,5,14,0.0774464819107099,7.962356425729179,0.01608380134611851
2021_Ref_Plot1_B4::16,2021_Ref_Plot1_B4,Field2,test,8,2,0.8108992494765336,31.36249539867443,0.3536312874161608
2021_Ref_Plot1_B4::22,2021_Ref_Plot1_B4,Field2,test,6,3,0.2821084699270921,17.003764951363188,0.08048729569946136
2021_Ref_Plot1_B4::27,2021_Ref_Plot1_B4,Field2,test,5,4,0.36704386952066637,17.582491751060395,0.1085731004552012
2021_Ref_Plot1_B4::35,2021_Ref_Plot1_B4,Field2,test,8,5,0.15524555591571848,12.90472576834538,0.03836496719826803
2021_Ref_Plot1_B4::44,2021_Ref_Plot1_B4,Field2,test,9,6,0.14907943404321924,15.053099694677867,0.018680811564288434
2021_Ref_Plot1_B4::50,2021_Ref_Plot1_B4,Field2,test,6,7,0.11880689961509992,8.309404921765992,0.06029845481043061
2021_Ref_Plot1_B4::57,2021_Ref_Plot1_B4,Field2,test,7,8,0.11198292930806127,11.068261156348056,0.025606052629656147
2021_Ref_Plot1_B4::65,2021_Ref_Plot1_B4,Field2,test,8,9,0.10422523309543162,10.905228215218866,0.03737665758076534
2021_Ref_Plot1_B4::69,2021_Ref_Plot1_B4,Field2,test,4,10,0.15256274798149294,13.058121864557924,0.050721768808369185
2021_Ref_Plot1_B4::71,2021_Ref_Plot1_B4,Field2,test,2,11,0.16310735762363468,9.340383760378625,0.09076123274139301
2021_Ref_Plot1_B4::76,2021_Ref_Plot1_B4,Field2,test,5,12,0.23264255257660996,14.638197511150928,0.0458090853043042
2021_Ref_Plot1_B4::8,2021_Ref_Plot1_B4,Field2,test,7,1,0.7498801865612119,28.992087567302583,0.21844747586913965
2021_Ref_Plot1_B4::80,2021_Ref_Plot1_B4,Field2,test,4,13,0.10980343686506677,7.678640087672797,0.04581467492372691
2021_Ref_Plot1_B4::85,2021_Ref_Plot1_B4,Field2,test,5,14,0.0775513790050852,7.8910462359521825,0.01940651625638471
2021_Ref_Plot1_B7::16,2021_Ref_Plot1_B7,Field2,test,8,2,0.7936607435518281,31.326362219714532,0.33769332251231654
2021_Ref_Plot1_B7::22,2021_Ref_Plot1_B7,Field2,test,6,3,0.2930362803905016,16.9978025787438,0.0848822824434532
2021_Ref_Plot1_B7::27,2021_Ref_Plot1_B7,Field2,test,5,4,0.3323528743891874,17.866773579008736,0.10475166289338332
2021_Ref_Plot1_B7::35,2021_Ref_Plot1_B7,Field2,test,8,5,0.14560049222807184,13.144941681688977,0.023590493691912354
2021_Ref_Plot1_B7::44,2021_Ref_Plot1_B7,Field2,test,9,6,0.15809887723718738,15.406303719183946,0.025605203608762804
2021_Ref_Plot1_B7::50,2021_Ref_Plot1_B7,Field2,test,6,7,0.14759085068004688,9.634290410412511,0.08200406041651191
2021_Ref_Plot1_B7::57,2021_Ref_Plot1_B7,Field2,test,7,8,0.1233623253929384,11.428847238704416,0.03318670560765071
2021_Ref_Plot1_B7::65,2021_Ref_Plot1_B7,Field2,test,8,9,0.1076500480106327,11.316674361317133,0.034105731414763106
2021_Ref_Plot1_B7::69,2021_Ref_Plot1_B7,Field2,test,4,10,0.15578243635000769,12.139962416791212,0.06858055237961627
2021_Ref_Plot1_B7::71,2021_Ref_Plot1_B7,Field2,test,2,11,0.1550762455465242,9.65571426045269,0.08502895795031214
2021_Ref_Plot1_B7::8,2021_Ref_Plot1_B7,Field2,test,7,1,0.7254498028778245,27.36859862438191,0.199228463423813
2021_Ref_Plot1_B7::85,2021_Ref_Plot1_B7,Field2,test,5,13,0.061268924695143,7.819953693170322,-0.0015188176138640503
2021_Ref_Plot1_C18::16,2021_Ref_Plot1_C18,Field2,test,8,2,0.8072458496438001,30.621294783698488,0.3723807805849904
2021_Ref_Plot1_C18::22,2021_Ref_Plot1_C18,Field2,test,6,3,0.3054011923057039,15.797583196514678,0.09524264514871354
2021_Ref_Plot1_C18::27,2021_Ref_Plot1_C18,Field2,test,5,4,0.27161876752194175,16.081785144050553,0.09013878603953528
2021_Ref_Plot1_C18::35,2021_Ref_Plot1_C18,Field2,test,8,5,0.14577384106191613,12.435535316903522,0.04500119922080097
2021_Ref_Plot1_C18::44,2021_Ref_Plot1_C18,Field2,test,9,6,0.12357664910885717,13.172249591866414,0.02784048697903326
2021_Ref_Plot1_C18::50,2021_Ref_Plot1_C18,Field2,test,6,7,0.08015289916046635,8.4453017632054,0.043786184222438324
2021_Ref_Plot1_C18::57,2021_Ref_Plot1_C18,Field2,test,7,8,0.100578199496069,11.550151632036226,0.03221680124057058
2021_Ref_Plot1_C18::65,2021_Ref_Plot1_C18,Field2,test,8,9,0.0922015315119543,10.885287102530746,0.03754802857976382
2021_Ref_Plot1_C18::69,2021_Ref_Plot1_C18,Field2,test,4,10,0.17447382658885466,13.087928358858882,0.06321540655149553
2021_Ref_Plot1_C18::71,2021_Ref_Plot1_C18,Field2,test,2,11,0.14959165237412098,9.225035047221734,0.08068879537210834
2021_Ref_Plot1_C18::76,2021_Ref_Plot1_C18,Field2,test,5,12,0.1377439243913163,14.192617207702662,0.019293542921624152
2021_Ref_Plot1_C18::8,2021_Ref_Plot1_C18,Field2,test,7,1,0.7331127712718098,27.745970694222656,0.18301600931796586
2021_Ref_Plot1_C18::80,2021_Ref_Plot1_C18,Field2,test,4,13,0.03878833471973656,10.070311669534748,0.012058931364443977
2021_Ref_Plot1_C18::85,2021_Ref_Plot1_C18,Field2,test,5,14,0.05849822486944498,10.589533749383666,0.013584892813804483
2021_Ref_Plot1_C6::16,2021_Ref_Plot1_C6,Field2,test,8,2,0.8221493932125572,31.758986275345713,0.3821869571163099
2021_Ref_Plot1_C6::22,2021_Ref_Plot1_C6,Field2,test,6,3,0.31201447653620207,17.18471191226368,0.09415987014763018
2021_Ref_Plot1_C6::27,2021_Ref_Plot1_C6,Field2,test,5,4,0.36080192535142,17.75586264615212,0.10699875904146423
2021_Ref_Plot1_C6::35,2021_Ref_Plot1_C6,Field2,test,8,5,0.16574069005521466,13.565637692843397,0.029397080388406813
2021_Ref_Plot1_C6::44,2021_Ref_Plot1_C6,Field2,test,9,6,0.1397551873019384,14.965260464632358,0.0181158159515493
2021_Ref_Plot1_C6::50,2021_Ref_Plot1_C6,Field2,test,6,7,0.13229042582180042,9.095032391091602,0.0669217144975862
2021_Ref_Plot1_C6::57,2021_Ref_Plot1_C6,Field2,test,7,8,0.13063058467601138,10.665788268162572,0.03152407950534281
2021_Ref_Plot1_C6::65,2021_Ref_Plot1_C6,Field2,test,8,9,0.12210044891631937,11.257677287647823,0.050792344740890887
2021_Ref_Plot1_C6::69,2021_Ref_Plot1_C6,Field2,test,4,10,0.18544862820335872,12.265812434693018,0.09135140257359481
2021_Ref_Plot1_C6::71,2021_Ref_Plot1_C6,Field2,test,2,11,0.14121157475810855,9.272338583159797,0.07736510927560711
2021_Ref_Plot1_C6::76,2021_Ref_Plot1_C6,Field2,test,5,12,0.2017491756766966,15.107600244138924,0.05950046440266175
2021_Ref_Plot1_C6::8,2021_Ref_Plot1_C6,Field2,test,7,1,0.7359009803654093,28.258590562484876,0.20796199829155307
2021_Ref_Plot1_C6::80,2021_Ref_Plot1_C6,Field2,test,4,13,0.15955261129657122,8.284708714360779,0.05847205872671263
2021_Ref_Plot1_C6::85,2021_Ref_Plot1_C6,Field2,test,5,14,0.11902759610628005,8.741670826784294,0.031622491960098816
2021_Ref_Plot1_D18::16,2021_Ref_Plot1_D18,Field2,test,8,2,0.7968596859985083,30.477418851655194,0.3679581471466695
2021_Ref_Plot1_D18::22,2021_Ref_Plot1_D18,Field2,test,6,3,0.3096639805025399,16.186015906627695,0.09198851446197566
2021_Ref_Plot1_D18::27,2021_Ref_Plot1_D18,Field2,test,5,4,0.31582909252305263,16.29224435254883,0.13171948664386773
2021_Ref_Plot1_D18::35,2021_Ref_Plot1_D18,Field2,test,8,5,0.12337214443400114,11.770065925234316,0.03338501426607373
2021_Ref_Plot1_D18::44,2021_Ref_Plot1_D18,Field2,test,9,6,0.15035089723424597,15.992730042398884,0.02272166972530065
2021_Ref_Plot1_D18::50,2021_Ref_Plot1_D18,Field2,test,6,7,0.10865320592546368,8.695007385706697,0.050999358800813625
2021_Ref_Plot1_D18::57,2021_Ref_Plot1_D18,Field2,test,7,8,0.11932797369686514,11.694972211280216,0.021630235424063
2021_Ref_Plot1_D18::65,2021_Ref_Plot1_D18,Field2,test,8,9,0.0884563450013927,10.929690562956685,0.024101295619033323
2021_Ref_Plot1_D18::69,2021_Ref_Plot1_D18,Field2,test,4,10,0.15788142781100425,12.065728663345315,0.07029073603202998
2021_Ref_Plot1_D18::71,2021_Ref_Plot1_D18,Field2,test,2,11,0.1568726918081056,10.031031861187092,0.09577729835575463
2021_Ref_Plot1_D18::76,2021_Ref_Plot1_D18,Field2,test,5,12,0.1701938489261008,15.004265920903057,0.039425886441037984
2021_Ref_Plot1_D18::8,2021_Ref_Plot1_D18,Field2,test,7,1,0.7328720389836622,28.34249143825219,0.18829102435848222
2021_Ref_Plot1_D18::80,2021_Ref_Plot1_D18,Field2,test,4,13,0.08259729757972493,9.878275559914947,0.023808943801306097
2021_Ref_Plot1_D18::85,2021_Ref_Plot1_D18,Field2,test,5,14,0.06020447293822149,9.462854381596959,0.02470583873186946
2021_Ref_Plot1_D4::16,2021_Ref_Plot1_D4,Field2,test,8,2,0.7797453764343274,30.192121589969197,0.3243037455823418
2021_Ref_Plot1_D4::22,2021_Ref_Plot1_D4,Field2,test,6,3,0.2629125140194592,16.921172958195886,0.06778801635544063
2021_Ref_Plot1_D4::27,2021_Ref_Plot1_D4,Field2,test,5,4,0.3094777720228419,16.03493460954094,0.0948479346568661
2021_Ref_Plot1_D4::35,2021_Ref_Plot1_D4,Field2,test,8,5,0.14631258522848986,12.683117914028879,0.03585686131395624
2021_Ref_Plot1_D4::44,2021_Ref_Plot1_D4,Field2,test,9,6,0.15124352243848327,14.969076120017546,0.017426409581928353
2021_Ref_Plot1_D4::50,2021_Ref_Plot1_D4,Field2,test,6,7,0.09920386158063299,8.693961058582545,0.03479489578362318
2021_Ref_Plot1_D4::57,2021_Ref_Plot1_D4,Field2,test,7,8,0.11727912363334397,12.050155612837816,0.030413550317656406
2021_Ref_Plot1_D4::65,2021_Ref_Plot1_D4,Field2,test,8,9,0.09820041384009535,11.513747006362617,0.03983630083665144
2021_Ref_Plot1_D4::69,2021_Ref_Plot1_D4,Field2,test,4,10,0.19911705224133416,13.307439672616114,0.10385693988378535
2021_Ref_Plot1_D4::71,2021_Ref_Plot1_D4,Field2,test,2,11,0.1804761534794818,9.994405205289809,0.11370540462832954
2021_Ref_Plot1_D4::76,2021_Ref_Plot1_D4,Field2,test,5,12,0.15877170673461968,11.761415783217036,0.03003688920188096
2021_Ref_Plot1_D4::8,2021_Ref_Plot1_D4,Field2,test,7,1,0.7299032511785217,27.48154995285379,0.17630563541730504
2021_Ref_Plot1_D4::80,2021_Ref_Plot1_D4,Field2,test,4,13,0.08644084503095321,7.89180563510782,0.022769282201972964
2021_Ref_Plot1_D4::85,2021_Ref_Plot1_D4,Field2,test,5,14,0.12891106715750153,10.165213454517701,0.057245235228037414
2021_Ref_Plot1_D6::16,2021_Ref_Plot1_D6,Field2,test,8,2,0.7878331476547001,30.254012243138423,0.33047132242745997
2021_Ref_Plot1_D6::22,2021_Ref_Plot1_D6,Field2,test,6,3,0.2780230547627274,16.445237046710975,0.0798249389392141
2021_Ref_Plot1_D6::27,2021_Ref_Plot1_D6,Field2,test,5,4,0.3588993816028567,17.041776062272973,0.12111359043144038
2021_Ref_Plot1_D6::35,2021_Ref_Plot1_D6,Field2,test,8,5,0.1537108424636879,12.666830351776738,0.023956605232940825
2021_Ref_Plot1_D6::44,2021_Ref_Plot1_D6,Field2,test,9,6,0.14383751455971674,15.030248924731529,0.02351539560866508
2021_Ref_Plot1_D6::50,2021_Ref_Plot1_D6,Field2,test,6,7,0.12021932873730655,8.972146115333508,0.06161796046080046
2021_Ref_Plot1_D6::57,2021_Ref_Plot1_D6,Field2,test,7,8,0.13950648102410346,11.685024729953554,0.049260446352801086
2021_Ref_Plot1_D6::65,2021_Ref_Plot1_D6,Field2,test,8,9,0.1329392439833362,11.646118932577984,0.06165413745828934
2021_Ref_Plot1_D6::69,2021_Ref_Plot1_D6,Field2,test,4,10,0.18699076604701906,12.92407543246891,0.09007941159436203
2021_Ref_Plot1_D6::71,2021_Ref_Plot1_D6,Field2,test,2,11,0.151054367561549,9.081055861711686,0.08619972884817483
2021_Ref_Plot1_D6::76,2021_Ref_Plot1_D6,Field2,test,5,12,0.20092644054657094,14.826762109477642,0.030563654289036103
2021_Ref_Plot1_D6::8,2021_Ref_Plot1_D6,Field2,test,7,1,0.7081926031904618,27.75772432096625,0.16934541482785576
2021_Ref_Plot1_D6::80,2021_Ref_Plot1_D6,Field2,test,4,13,0.19762190863911047,9.614272997787923,0.08481800073913066
2021_Ref_Plot1_D6::85,2021_Ref_Plot1_D6,Field2,test,5,14,0.09709487825932205,8.695800901934177,0.01990450737475339
2021_Ref_Plot1_E2::16,2021_Ref_Plot1_E2,Field2,test,8,2,0.7774296825329481,30.0433923723171,0.2971799357541411
2021_Ref_Plot1_E2::22,2021_Ref_Plot1_E2,Field2,test,6,3,0.26626135579585647,15.30426974869117,0.058294443885934515
2021_Ref_Plot1_E2::27,2021_Ref_Plot1_E2,Field2,test,5,4,0.3014949207015352,15.172455566400874,0.10797235433247886
2021_Ref_Plot1_E2::35,2021_Ref_Plot1_E2,Field2,test,8,5,0.12483861465030895,10.500920740095811,0.02159559930383811
2021_Ref_Plot1_E2::44,2021_Ref_Plot1_E2,Field2,test,9,6,0.12343941344288084,14.118891102136086,0.0099649334816558
2021_Ref_Plot1_E2::50,2021_Ref_Plot1_E2,Field2,test,6,7,0.12128516588647427,8.807770704726478,0.05580859610031175
2021_Ref_Plot1_E2::57,2021_Ref_Plot1_E2,Field2,test,7,8,0.11866600784741892,11.617962294422043,0.030973606349100277
2021_Ref_Plot1_E2::65,2021_Ref_Plot1_E2,Field2,test,8,9,0.09069275147712508,11.052046855213968,0.01944647037309211
2021_Ref_Plot1_E2::69,2021_Ref_Plot1_E2,Field2,test,4,10,0.19312842414532935,12.58392249346177,0.0704503306829099
2021_Ref_Plot1_E2::71,2021_Ref_Plot1_E2,Field2,test,2,11,0.16435687163214213,9.743023950488038,0.10203338088060493
2021_Ref_Plot1_E2::76,2021_Ref_Plot1_E2,Field2,test,5,12,0.12695990571228163,11.610765313207194,0.007388803042975454
2021_Ref_Plot1_E2::8,2021_Ref_Plot1_E2,Field2,test,7,1,0.7289469355809025,28.253777954597112,0.17707047522897326
2021_Ref_Plot1_E2::80,2021_Ref_Plot1_E2,Field2,test,4,13,0.11443268657345494,8.964467794412107,0.03954927682041874
2021_Ref_Plot1_E2::85,2021_Ref_Plot1_E2,Field2,test,5,14,0.10885408446682472,8.344284560170074,0.046883429685563
2021_Ref_Plot1_E8::16,2021_Ref_Plot1_E8,Field2,test,8,2,0.7601432772901194,29.61347816568861,0.28458854188778304
2021_Ref_Plot1_E8::22,2021_Ref_Plot1_E8,Field2,test,6,3,0.2935331133319492,15.78156791057953,0.10079218259783325
2021_Ref_Plot1_E8::27,2021_Ref_Plot1_E8,Field2,test,5,4,0.2862400696037306,16.0663837818987,0.10092964480204536
2021_Ref_Plot1_E8::35,2021_Ref_Plot1_E8,Field2,test,8,5,0.16142114666269405,12.273362645554888,0.043777808932118065
2021_Ref_Plot1_E8::44,2021_Ref_Plot1_E8,Field2,test,9,6,0.1507926160001662,15.548932682431388,0.02774927291270516
2021_Ref_Plot1_E8::50,2021_Ref_Plot1_E8,Field2,test,6,7,0.1155929597336162,9.455574646206511,0.06252757621460009
2021_Ref_Plot1_E8::57,2021_Ref_Plot1_E8,Field2,test,7,8,0.10348546073098965,11.166513051100235,0.025336730422428115
2021_Ref_Plot1_E8::65,2021_Ref_Plot1_E8,Field2,test,8,9,0.10037868883472796,11.398134507730733,0.0329170637484786
2021_Ref_Plot1_E8::69,2021_Ref_Plot1_E8,Field2,test,4,10,0.166878812130243,12.78871376630648,0.05761080622518119
2021_Ref_Plot1_E8::71,2021_Ref_Plot1_E8,Field2,test,2,11,0.17668927936153964,9.576882804305653,0.11458755599854197
2021_Ref_Plot1_E8::76,2021_Ref_Plot1_E8,Field2,test,5,12,0.1903675793133063,14.392664168808915,0.026134762815205055
2021_Ref_Plot1_E8::8,2021_Ref_Plot1_E8,Field2,test,7,1,0.6952127251619697,27.77442930578598,0.14499758079339017
2021_Ref_Plot1_E8::80,2021_Ref_Plot1_E8,Field2,test,4,13,0.08458957820396078,8.58063199318536,0.024044519560120898
2021_Ref_Plot1_E8::85,2021_Ref_Plot1_E8,Field2,test,5,14,0.07501711355677622,8.867919509517732,0.025642952585645647
2021_Ref_Plot2_A13::16,2021_Ref_Plot2_A13,Field2,test,8,2,0.8160694477765623,31.593243472829315,0.3908663156492185
2021_Ref_Plot2_A13::22,2021_Ref_Plot2_A13,Field2,test,6,3,0.3280514572979769,18.755501209210248,0.07131245107812265
2021_Ref_Plot2_A13::27,2021_Ref_Plot2_A13,Field2,test,5,4,0.4104631116321363,18.92488080124304,0.11092456401767885
2021_Ref_Plot2_A13::35,2021_Ref_Plot2_A13,Field2,test,8,5,0.1444494920621462,13.11644369538101,0.021077625316460766
2021_Ref_Plot2_A13::44,2021_Ref_Plot2_A13,Field2,test,9,6,0.09537563226960437,10.892367283190762,0.027718949926627004
2021_Ref_Plot2_A13::50,2021_Ref_Plot2_A13,Field2,test,6,7,0.13595104699912908,9.335422071648708,0.07718792447871319
2021_Ref_Plot2_A13::57,2021_Ref_Plot2_A13,Field2,test,7,8,0.12474510694501999,10.771133563240134,0.04759610357741387
2021_Ref_Plot2_A13::65,2021_Ref_Plot2_A13,Field2,test,8,9,0.12677809807829896,11.68348945698458,0.04370817256378853
2021_Ref_Plot2_A13::69,2021_Ref_Plot2_A13,Field2,test,4,10,0.14637315411550456,11.65665140490673,0.0636529736209286
2021_Ref_Plot2_A13::71,2021_Ref_Plot2_A13,Field2,test,2,11,0.14731652435659845,9.509271670395608,0.08515243445538188
2021_Ref_Plot2_A13::76,2021_Ref_Plot2_A13,Field2,test,5,12,0.11383853744641963,12.446481799672455,0.026686426837802785
2021_Ref_Plot2_A13::8,2021_Ref_Plot2_A13,Field2,test,7,1,0.6418722598775294,25.701542123586314,0.1535106461841332
2021_Ref_Plot2_A13::80,2021_Ref_Plot2_A13,Field2,test,4,13,0.14140646679430827,8.71054787423846,0.04322972392428419
2021_Ref_Plot2_A13::85,2021_Ref_Plot2_A13,Field2,test,5,14,0.09258918326044042,9.315840969283517,0.04148004307839121
2021_Ref_Plot2_A15::16,2021_Ref_Plot2_A15,Field2,test,8,2,0.7713593669059512,29.931296027441498,0.3199135422480956
2021_Ref_Plot2_A15::22,2021_Ref_Plot2_A15,Field2,test,6,3,0.31913848800988137,18.405333145426003,0.05280256685928685
2021_Ref_Plot2_A15::27,2021_Ref_Plot2_A15,Field2,test,5,4,0.3894478163807393,17.983057000690415,0.09674273187836144
2021_Ref_Plot2_A15::35,2021_Ref_Plot2_A15,Field2,test,8,5,0.14892529295865242,12.17616215210455,0.03527442383708619
2021_Ref_Plot2_A15::44,2021_Ref_Plot2_A15,Field2,test,9,6,0.0951962480441888,10.749206183043254,0.024906769579963163
2021_Ref_Plot2_A15::50,2021_Ref_Plot2_A15,Field2,test,6,7,0.14080489866828053,9.391548539969683,0.08019286082304723
2021_Ref_Plot2_A15::57,2021_Ref_Plot2_A15,Field2,test,7,8,0.12885560382745573,10.636681243320838,0.042007409010802854
2021_Ref_Plot2_A15::65,2021_Ref_Plot2_A15,Field2,test,8,9,0.1343855526977055,11.656324344860753,0.055523476404829505
2021_Ref_Plot2_A15::69,2021_Ref_Plot2_A15,Field2,test,4,10,0.17968991674503068,12.158448695755915,0.09421532631686619
2021_Ref_Plot2_A15::71,2021_Ref_Plot2_A15,Field2,test,2,11,0.1441944962144507,9.014978580426474,0.09539070247137227
2021_Ref_Plot2_A15::76,2021_Ref_Plot2_A15,Field2,test,5,12,0.11258878158634246,11.883796331919976,0.025132348277499158
2021_Ref_Plot2_A15::8,2021_Ref_Plot2_A15,Field2,test,7,1,0.6641308678797632,27.118361493155916,0.17821217482076065
2021_Ref_Plot2_A15::80,2021_Ref_Plot2_A15,Field2,test,4,13,0.11657257203632428,8.754284382407235,0.03472615056741233
2021_Ref_Plot2_A15::85,2021_Ref_Plot2_A15,Field2,test,5,14,0.1360953863293831,9.736925746896445,0.06634385780704247
2021_Ref_Plot2_A1::16,2021_Ref_Plot2_A1,Field2,test,8,2,0.7576188288855707,29.59702940690859,0.3221770551388512
2021_Ref_Plot2_A1::22,2021_Ref_Plot2_A1,Field2,test,6,3,0.29206521917816225,17.739657334224,0.05851831880950708
2021_Ref_Plot2_A1::27,2021_Ref_Plot2_A1,Field2,test,5,4,0.41727822997462777,17.520014119882322,0.14500631403645267
2021_Ref_Plot2_A1::35,2021_Ref_Plot2_A1,Field2,test,8,5,0.14116107794278746,13.099648189762561,0.023045499469586107
2021_Ref_Plot2_A1::44,2021_Ref_Plot2_A1,Field2,test,9,6,0.09832563565780285,10.445701457352094,0.015794076833304835
2021_Ref_Plot2_A1::50,2021_Ref_Plot2_A1,Field2,test,6,7,0.1598393347150164,10.455286183371122,0.07601354487451628
2021_Ref_Plot2_A1::57,2021_Ref_Plot2_A1,Field2,test,7,8,0.17034332163782986,11.622993286148873,0.05519900925190191
2021_Ref_Plot2_A1::65,2021_Ref_Plot2_A1,Field2,test,8,9,0.15520406649743912,11.430365275112473,0.06569393351518805
2021_Ref_Plot2_A1::69,2021_Ref_Plot2_A1,Field2,test,4,10,0.1901351314085701,11.80516559026179,0.09782267089937192
2021_Ref_Plot2_A1::71,2021_Ref_Plot2_A1,Field2,test,2,11,0.10975464710116882,7.925134532582456,0.04895513172386774
2021_Ref_Plot2_A1::76,2021_Ref_Plot2_A1,Field2,test,5,12,0.18915750537079645,10.704156975027423,0.022809839417412676
2021_Ref_Plot2_A1::8,2021_Ref_Plot2_A1,Field2,test,7,1,0.6169147274390426,25.607888117867667,0.14130276084200025
2021_Ref_Plot2_A1::80,2021_Ref_Plot2_A1,Field2,test,4,13,0.0930463828204768,8.5711838326329,0.015564127092969284
2021_Ref_Plot2_A1::85,2021_Ref_Plot2_A1,Field2,test,5,14,0.12004124458269404,9.881370410391725,0.057875794408913876
2021_Ref_Plot2_B17::16,2021_Ref_Plot2_B17,Field2,test,8,2,0.7749098622679771,30.00886319386788,0.30446023626881547
2021_Ref_Plot2_B17::22,2021_Ref_Plot2_B17,Field2,test,6,3,0.32543780511038894,18.06793481777598,0.07438126114006699
2021_Ref_Plot2_B17::27,2021_Ref_Plot2_B17,Field2,test,5,4,0.3548164646830942,17.825220815884116,0.10101672382439345
2021_Ref_Plot2_B17::35,2021_Ref_Plot2_B17,Field2,test,8,5,0.15543296185923178,12.91996892547495,0.032526915610124094
2021_Ref_Plot2_B17::44,2021_Ref_Plot2_B17,Field2,test,9,6,0.10442338108687699,11.20522491675162,0.03596542963406086
2021_Ref_Plot2_B17::50,2021_Ref_Plot2_B17,Field2,test,6,7,0.14018465537258828,8.978644135426988,0.08650157556461949
2021_Ref_Plot2_B17::57,2021_Ref_Plot2_B17,Field2,test,7,8,0.13702869415536706,11.643900246783733,0.059138350764603755
2021_Ref_Plot2_B17::65,2021_Ref_Plot2_B17,Field2,test,8,9,0.09833208512563252,10.301246745914534,0.035412225243960725
2021_Ref_Plot2_B17::69,2021_Ref_Plot2_B17,Field2,test,4,10,0.163372809932916,12.16321658241636,0.06748337270854698
2021_Ref_Plot2_B17::71,2021_Ref_Plot2_B17,Field2,test,2,11,0.15849270423564796,8.928699414078773,0.07810871739716596
2021_Ref_Plot2_B17::76,2021_Ref_Plot2_B17,Field2,test,5,12,0.12192120505233023,9.501274126357385,0.021562654606779214
2021_Ref_Plot2_B17::8,2021_Ref_Plot2_B17,Field2,test,7,1,0.6861153220784333,27.355635674000375,0.1946027978607077
2021_Ref_Plot2_B17::80,2021_Ref_Plot2_B17,Field2,test,4,13,0.1535486063662488,9.31897149748202,0.0483703896333868
2021_Ref_Plot2_B17::85,2021_Ref_Plot2_B17,Field2,test,5,14,0.1825256114107321,11.00113057634224,0.09304434015460694
2021_Ref_Plot2_B4::16,2021_Ref_Plot2_B4,Field2,test,8,2,0.7697221663828957,30.414822951636175,0.2993178994438067
2021_Ref_Plot2_B4::22,2021_Ref_Plot2_B4,Field2,test,6,3,0.2884541506716252,18.18655435791441,0.053939953429466905
2021_Ref_Plot2_B4::27,2021_Ref_Plot2_B4,Field2,test,5,4,0.446079063479623,19.26998481232222,0.15521163167240032
2021_Ref_Plot2_B4::35,2021_Ref_Plot2_B4,Field2,test,8,5,0.15323217009564757,13.527932312190924,0.04173488657612565
2021_Ref_Plot2_B4::44,2021_Ref_Plot2_B4,Field2,test,9,6,0.11871377393304049,12.344832019841496,0.025724710433561858
2021_Ref_Plot2_B4::50,2021_Ref_Plot2_B4,Field2,test,6,7,0.1615762388174589,9.585722475172654,0.09047104100875547
2021_Ref_Plot2_B4::57,2021_Ref_Plot2_B4,Field2,test,7,8,0.15409534068141942,11.012495144397949,0.05939935212308136
2021_Ref_Plot2_B4::65,2021_Ref_Plot2_B4,Field2,test,8,9,0.12180631794750076,10.056607275285952,0.05133821580252527
2021_Ref_Plot2_B4::69,2021_Ref_Plot2_B4,Field2,test,4,10,0.1742387995653747,12.113105920057405,0.07821086248582351
2021_Ref_Plot2_B4::71,2021_Ref_Plot2_B4,Field2,test,2,11,0.17284201017507175,9.937063471590456,0.1114965010902036
2021_Ref_Plot2_B4::76,2021_Ref_Plot2_B4,Field2,test,5,12,0.20604086308598082,13.951943709633829,0.047833366341570774
2021_Ref_Plot2_B4::8,2021_Ref_Plot2_B4,Field2,test,7,1,0.672606483691113,26.682001769677328,0.14589720597775138
2021_Ref_Plot2_B4::80,2021_Ref_Plot2_B4,Field2,test,4,13,0.09844261227891088,8.560960370258341,0.02968126863814734
2021_Ref_Plot2_B4::85,2021_Ref_Plot2_B4,Field2,test,5,14,0.11222045158335063,8.813060373002132,0.04131154955360693
2021_Ref_Plot2_C10::16,2021_Ref_Plot2_C10,Field2,test,8,2,0.7689499611491262,29.586237667890025,0.3042377401205103
2021_Ref_Plot2_C10::22,2021_Ref_Plot2_C10,Field2,test,6,3,0.3165776428846627,16.832921346299756,0.09062344872608778
2021_Ref_Plot2_C10::27,2021_Ref_Plot2_C10,Field2,test,5,4,0.33086205016899484,16.587528006301365,0.09343025577104624
2021_Ref_Plot2_C10::35,2021_Ref_Plot2_C10,Field2,test,8,5,0.14890464136630197,12.270361426316775,0.045340689040682926
2021_Ref_Plot2_C10::44,2021_Ref_Plot2_C10,Field2,test,9,6,0.10172606788254723,11.77352218559105,0.017905761934906207
2021_Ref_Plot2_C10::50,2021_Ref_Plot2_C10,Field2,test,6,7,0.12438296273713985,9.056486985873285,0.07677745671656211
2021_Ref_Plot2_C10::57,2021_Ref_Plot2_C10,Field2,test,7,8,0.10718688858520276,10.321456882727853,0.02486970390628348
2021_Ref_Plot2_C10::65,2021_Ref_Plot2_C10,Field2,test,8,9,0.12001457048545698,9.52267162680304,0.06867085606371387
2021_Ref_Plot2_C10::69,2021_Ref_Plot2_C10,Field2,test,4,10,0.1833378075025475,12.313210493277097,0.09751623137613095
2021_Ref_Plot2_C10::71,2021_Ref_Plot2_C10,Field2,test,2,11,0.10754744572830295,8.29089914658013,0.046985183475920234
2021_Ref_Plot2_C10::76,2021_Ref_Plot2_C10,Field2,test,5,12,0.1292838713027095,12.908970744451356,0.026612771870408718
2021_Ref_Plot2_C10::8,2021_Ref_Plot2_C10,Field2,test,7,1,0.6917069338852616,26.831815286873745,0.18308685237090302
2021_Ref_Plot2_C10::80,2021_Ref_Plot2_C10,Field2,test,4,13,0.09954774800858975,8.54288892220744,0.03070896880105931
2021_Ref_Plot2_C10::85,2021_Ref_Plot2_C10,Field2,test,5,14,0.13224291487328488,9.771689670847428,0.07515522468347685
2021_Ref_Plot2_C16::16,2021_Ref_Plot2_C16,Field2,test,8,2,0.7805460811811967,29.893395094146197,0.3084264972699235
2021_Ref_Plot2_C16::22,2021_Ref_Plot2_C16,Field2,test,6,3,0.3156079629083674,16.633669676325788,0.06772448913035979
2021_Ref_Plot2_C16::27,2021_Ref_Plot2_C16,Field2,test,5,4,0.3299126176795117,17.47545643907297,0.09144078931355054
2021_Ref_Plot2_C16::35,2021_Ref_Plot2_C16,Field2,test,8,5,0.155189740178123,12.733011717644537,0.03200831629678653
2021_Ref_Plot2_C16::44,2021_Ref_Plot2_C16,Field2,test,9,6,0.10853605281352491,11.420854210295152,0.03659971338786677
2021_Ref_Plot2_C16::50,2021_Ref_Plot2_C16,Field2,test,6,7,0.11911468076863756,9.146827365312584,0.058199524818203036
2021_Ref_Plot2_C16::57,2021_Ref_Plot2_C16,Field2,test,7,8,0.11228547014448577,11.575588632246173,0.043821285121483755
2021_Ref_Plot2_C16::65,2021_Ref_Plot2_C16,Field2,test,8,9,0.1096369665764688,10.382992050955359,0.05781546809975226
2021_Ref_Plot2_C16::69,2021_Ref_Plot2_C16,Field2,test,4,10,0.16739575537994147,12.404007972265417,0.06580671476621779
2021_Ref_Plot2_C16::71,2021_Ref_Plot2_C16,Field2,test,2,11,0.13019892598139662,7.535542382245003,0.050055054844480806
2021_Ref_Plot2_C16::76,2021_Ref_Plot2_C16,Field2,test,5,12,0.15619087207817675,11.465672066745018,0.019666343591649142
2021_Ref_Plot2_C16::8,2021_Ref_Plot2_C16,Field2,test,7,1,0.6831169765576542,26.85896163459026,0.1730974644894189
2021_Ref_Plot2_C16::80,2021_Ref_Plot2_C16,Field2,test,4,13,0.10115695244324423,8.856424806570862,0.03427190957348642
2021_Ref_Plot2_C16::85,2021_Ref_Plot2_C16,Field2,test,5,14,0.1570435882472853,10.810869293385966,0.09075764950801249
2021_Ref_Plot2_C18::16,2021_Ref_Plot2_C18,Field2,test,8,2,0.7761735560545953,30.178668577426055,0.2987205691702231
2021_Ref_Plot2_C18::22,2021_Ref_Plot2_C18,Field2,test,6,3,0.3134697405996372,16.96487122130296,0.059023284449445955
2021_Ref_Plot2_C18::27,2021_Ref_Plot2_C18,Field2,test,5,4,0.3175541064899933,17.548195514460737,0.0858039859586974
2021_Ref_Plot2_C18::35,2021_Ref_Plot2_C18,Field2,test,8,5,0.18346836897441746,12.483220631707834,0.054435395926825315
2021_Ref_Plot2_C18::44,2021_Ref_Plot2_C18,Field2,test,9,6,0.09298843090108729,10.381434233765548,0.028624826927997202
2021_Ref_Plot2_C18::50,2021_Ref_Plot2_C18,Field2,test,6,7,0.12685908050855466,9.074450929800419,0.06989315978640687
2021_Ref_Plot2_C18::57,2021_Ref_Plot2_C18,Field2,test,7,8,0.11477195139093133,11.315756014660787,0.04649434547722949
2021_Ref_Plot2_C18::65,2021_Ref_Plot2_C18,Field2,test,8,9,0.10763052596187878,10.20420691847139,0.05603691702569801
2021_Ref_Plot2_C18::69,2021_Ref_Plot2_C18,Field2,test,4,10,0.16535380852816547,12.217015750045729,0.07223346747930043
2021_Ref_Plot2_C18::71,2021_Ref_Plot2_C18,Field2,test,2,11,0.09609030766589184,7.5402826337347015,0.0382874111033395
2021_Ref_Plot2_C18::76,2021_Ref_Plot2_C18,Field2,test,5,12,0.14514466713344765,12.224679675128197,0.01913736302260322
2021_Ref_Plot2_C18::8,2021_Ref_Plot2_C18,Field2,test,7,1,0.694095311453801,26.960818111028225,0.16434301214041996
2021_Ref_Plot2_C18::80,2021_Ref_Plot2_C18,Field2,test,4,13,0.09736342338701455,8.839714712022749,0.01896196462923389
2021_Ref_Plot2_C18::85,2021_Ref_Plot2_C18,Field2,test,5,14,0.08162814606493261,8.299450225630004,0.032217642037924016
2021_Ref_Plot2_C1::16,2021_Ref_Plot2_C1,Field2,test,8,2,0.7463681930858638,28.917132006041758,0.28888092963319073
2021_Ref_Plot2_C1::22,2021_Ref_Plot2_C1,Field2,test,6,3,0.2995714280074982,16.635753853704912,0.07612739853386973
2021_Ref_Plot2_C1::27,2021_Ref_Plot2_C1,Field2,test,5,4,0.38835373525995026,17.735735125928915,0.15300328675786928
2021_Ref_Plot2_C1::35,2021_Ref_Plot2_C1,Field2,test,8,5,0.14943861163815444,13.178180845139023,0.04094652498516309
2021_Ref_Plot2_C1::44,2021_Ref_Plot2_C1,Field2,test,9,6,0.1030676115696381,12.601727497149714,0.01881979749242239
2021_Ref_Plot2_C1::50,2021_Ref_Plot2_C1,Field2,test,6,7,0.17013409720811035,9.871850310703259,0.10565069312250829
2021_Ref_Plot2_C1::57,2021_Ref_Plot2_C1,Field2,test,7,8,0.12874263385942228,10.94258119982335,0.044839676964699114
2021_Ref_Plot2_C1::65,2021_Ref_Plot2_C1,Field2,test,8,9,0.09352233217245638,9.566304165551113,0.03633036551261436
2021_Ref_Plot2_C1::69,2021_Ref_Plot2_C1,Field2,test,4,10,0.17925843411097178,12.650605183923547,0.09747287536536861
2021_Ref_Plot2_C1::71,2021_Ref_Plot2_C1,Field2,test,2,11,0.15730409851836044,8.310951662334803,0.08981856209175462
2021_Ref_Plot2_C1::76,2021_Ref_Plot2_C1,Field2,test,5,12,0.18969011845922779,14.03681273036243,0.013654783241317612
2021_Ref_Plot2_C1::8,2021_Ref_Plot2_C1,Field2,test,7,1,0.6541353842392215,24.784876428386188,0.12438904545132937
2021_Ref_Plot2_C1::80,2021_Ref_Plot2_C1,Field2,test,4,13,0.08111932218840277,8.006758870943973,0.02248706769065054
2021_Ref_Plot2_C1::85,2021_Ref_Plot2_C1,Field2,test,5,14,0.09430125026268381,8.756103000494988,0.036297107752589715
2021_Ref_Plot2_C2::16,2021_Ref_Plot2_C2,Field2,test,8,2,0.7532952404363747,29.889540831773466,0.28939118250057233
2021_Ref_Plot2_C2::22,2021_Ref_Plot2_C2,Field2,test,6,3,0.289750335823676,16.84196872191954,0.05083839800908997
2021_Ref_Plot2_C2::27,2021_Ref_Plot2_C2,Field2,test,5,4,0.4357684090363925,19.228949035310084,0.16548053435829213
2021_Ref_Plot2_C2::35,2021_Ref_Plot2_C2,Field2,test,8,5,0.14693412370559758,13.129433435313425,0.02191467199796783
2021_Ref_Plot2_C2::44,2021_Ref_Plot2_C2,Field2,test,9,6,0.09732774349703256,11.800386321459378,0.00728108763546069
2021_Ref_Plot2_C2::50,2021_Ref_Plot2_C2,Field2,test,6,7,0.16208625299702314,10.052871299039968,0.08637866747293103
2021_Ref_Plot2_C2::57,2021_Ref_Plot2_C2,Field2,test,7,8,0.13590363432494695,11.537401526332758,0.04894638633029965
2021_Ref_Plot2_C2::65,2021_Ref_Plot2_C2,Field2,test,8,9,0.11688033827779754,9.602437822923864,0.04138619737682886
2021_Ref_Plot2_C2::69,2021_Ref_Plot2_C2,Field2,test,4,10,0.15988664115250498,11.847757590275412,0.06500526642650284
2021_Ref_Plot2_C2::71,2021_Ref_Plot2_C2,Field2,test,2,11,0.11080476193754056,6.862781947242217,0.04662609793271577
2021_Ref_Plot2_C2::76,2021_Ref_Plot2_C2,Field2,test,5,12,0.1999353975638708,14.22797729060493,0.020133290242999577
2021_Ref_Plot2_C2::8,2021_Ref_Plot2_C2,Field2,test,7,1,0.6810989078535362,25.843878159492633,0.15256501071762055
2021_Ref_Plot2_C2::80,2021_Ref_Plot2_C2,Field2,test,4,13,0.09549016504448955,7.911773619681477,0.025364481695285237
2021_Ref_Plot2_C2::85,2021_Ref_Plot2_C2,Field2,test,5,14,0.08562991287458575,9.24576714152029,0.03780298215355021
2021_Ref_Plot2_C3::16,2021_Ref_Plot2_C3,Field2,test,8,2,0.7717112472920317,30.66022015890166,0.30646732921967007
2021_Ref_Plot2_C3::22,2021_Ref_Plot2_C3,Field2,test,6,3,0.30581703736094407,17.738066135087326,0.07298185480662646
2021_Ref_Plot2_C3::27,2021_Ref_Plot2_C3,Field2,test,5,4,0.4265072492859879,19.64795947362248,0.1443039609848431
2021_Ref_Plot2_C3::35,2021_Ref_Plot2_C3,Field2,test,8,5,0.14986927051646645,13.406538399046307,0.029392533176884006
2021_Ref_Plot2_C3::44,2021_Ref_Plot2_C3,Field2,test,9,6,0.12257203876100081,12.199007545047603,0.025893137147715097
2021_Ref_Plot2_C3::50,2021_Ref_Plot2_C3,Field2,test,6,7,0.15111398123159156,9.718328125850636,0.09422054795998781
2021_Ref_Plot2_C3::57,2021_Ref_Plot2_C3,Field2,test,7,8,0.12226437958728194,11.746690330249589,0.05157669776172624
2021_Ref_Plot2_C3::65,2021_Ref_Plot2_C3,Field2,test,8,9,0.11154666101128596,9.977823153827458,0.0507266695773895
2021_Ref_Plot2_C3::69,2021_Ref_Plot2_C3,Field2,test,4,10,0.14932310470491938,11.997464983283733,0.05765268070478439
2021_Ref_Plot2_C3::71,2021_Ref_Plot2_C3,Field2,test,2,11,0.1524067870504006,8.693649016581979,0.08883147167105052
2021_Ref_Plot2_C3::76,2021_Ref_Plot2_C3,Field2,test,5,12,0.1826349889861726,14.68640818525638,0.02846939816609036
2021_Ref_Plot2_C3::8,2021_Ref_Plot2_C3,Field2,test,7,1,0.6800409379772007,26.76990539957135,0.16317563389991294
2021_Ref_Plot2_C3::80,2021_Ref_Plot2_C3,Field2,test,4,13,0.05786291352492969,8.014743709878324,0.002403821356154917
2021_Ref_Plot2_C3::85,2021_Ref_Plot2_C3,Field2,test,5,14,0.0766638870967291,8.713603665596699,0.011465037910049962
2021_Ref_Plot2_D12::16,2021_Ref_Plot2_D12,Field2,test,8,2,0.763006691574625,30.04312612183,0.3115664367529951
2021_Ref_Plot2_D12::22,2021_Ref_Plot2_D12,Field2,test,6,3,0.25753222815715815,16.601771605992177,0.07904826054380433
2021_Ref_Plot2_D12::27,2021_Ref_Plot2_D12,Field2,test,5,4,0.26959327694269564,16.265330132609193,0.088284378115294
2021_Ref_Plot2_D12::35,2021_Ref_Plot2_D12,Field2,test,8,5,0.13992003868677513,12.029195857468068,0.04735947687437666
2021_Ref_Plot2_D12::44,2021_Ref_Plot2_D12,Field2,test,9,6,0.08901349611046418,11.187851429631518,0.016352008657566162
2021_Ref_Plot2_D12::50,2021_Ref_Plot2_D12,Field2,test,6,7,0.10885010092982407,9.241865327640014,0.06538824156772258
2021_Ref_Plot2_D12::57,2021_Ref_Plot2_D12,Field2,test,7,8,0.0806776056199814,10.994040915324451,0.019568339437930276
2021_Ref_Plot2_D12::65,2021_Ref_Plot2_D12,Field2,test,8,9,0.06582481981653376,9.704759238153676,0.03390727016074055
2021_Ref_Plot2_D12::69,2021_Ref_Plot2_D12,Field2,test,4,10,0.14412307701621654,12.712328109244533,0.05610586810505492
2021_Ref_Plot2_D12::71,2021_Ref_Plot2_D12,Field2,test,2,11,0.07072175852411704,8.078431673175395,0.02896477009649469
2021_Ref_Plot2_D12::76,2021_Ref_Plot2_D12,Field2,test,5,12,0.12202791928613428,11.675408808047042,0.01869292841390144
2021_Ref_Plot2_D12::8,2021_Ref_Plot2_D12,Field2,test,7,1,0.721478663256741,27.489259588671906,0.21551059243594545
2021_Ref_Plot2_D12::80,2021_Ref_Plot2_D12,Field2,test,4,13,0.05966415682617635,8.296598021564558,0.021340054599781538
2021_Ref_Plot2_D12::85,2021_Ref_Plot2_D12,Field2,test,5,14,0.050495141019315265,10.617307231408253,0.01942471067806307
2021_Ref_Plot2_D5::16,2021_Ref_Plot2_D5,Field2,test,8,2,0.7806890138532877,31.221218757586445,0.3090637810720459
2021_Ref_Plot2_D5::22,2021_Ref_Plot2_D5,Field2,test,6,3,0.2881227587328396,16.982595563570797,0.09989568635386399
2021_Ref_Plot2_D5::27,2021_Ref_Plot2_D5,Field2,test,5,4,0.3197487226807127,16.864066392241657,0.13078214429493265
2021_Ref_Plot2_D5::35,2021_Ref_Plot2_D5,Field2,test,8,5,0.12994331913214963,12.412386164625639,0.03586249709260003
2021_Ref_Plot2_D5::44,2021_Ref_Plot2_D5,Field2,test,9,6,0.1042283949902536,13.103907367910207,0.02460246026868399
2021_Ref_Plot2_D5::50,2021_Ref_Plot2_D5,Field2,test,6,7,0.093137994605412,9.194432348164646,0.04491008688847746
2021_Ref_Plot2_D5::57,2021_Ref_Plot2_D5,Field2,test,7,8,0.10434076752785797,11.62435848809978,0.03879482968734849
2021_Ref_Plot2_D5::65,2021_Ref_Plot2_D5,Field2,test,8,9,0.08785541246469586,9.22983540387819,0.03723754622791684
2021_Ref_Plot2_D5::69,2021_Ref_Plot2_D5,Field2,test,4,10,0.1415916131877403,12.514968867057398,0.04805984726345324
2021_Ref_Plot2_D5::71,2021_Ref_Plot2_D5,Field2,test,2,11,0.153719194176949,9.637191272175743,0.09584492386173105
2021_Ref_Plot2_D5::76,2021_Ref_Plot2_D5,Field2,test,5,12,0.1568570176317268,14.129846551982983,0.019764009639217397
2021_Ref_Plot2_D5::8,2021_Ref_Plot2_D5,Field2,test,7,1,0.7195261251327222,27.76465543640149,0.19839561601707711
2021_Ref_Plot2_D5::80,2021_Ref_Plot2_D5,Field2,test,4,13,0.0744065020501035,9.948110282500908,0.026528056448116552
2021_Ref_Plot2_D5::85,2021_Ref_Plot2_D5,Field2,test,5,14,0.0983550465803793,11.033301692958464,0.052681132299055126
2021_Ref_Plot2_E18::16,2021_Ref_Plot2_E18,Field2,test,8,2,0.7432391193871885,29.34727652004377,0.2586205585060183
2021_Ref_Plot2_E18::22,2021_Ref_Plot2_E18,Field2,test,6,3,0.2891865686789034,16.60625087234277,0.06444563244647605
2021_Ref_Plot2_E18::27,2021_Ref_Plot2_E18,Field2,test,5,4,0.2556090073185772,16.380544445002073,0.06198636416682352
2021_Ref_Plot2_E18::35,2021_Ref_Plot2_E18,Field2,test,8,5,0.10659697028070804,11.950683958670451,0.028804133728844477
2021_Ref_Plot2_E18::44,2021_Ref_Plot2_E18,Field2,test,9,6,0.08759074864401095,13.229756523422427,0.021798958169794453
2021_Ref_Plot2_E18::50,2021_Ref_Plot2_E18,Field2,test,6,7,0.08008920450376607,10.089918941376734,0.05210072222967147
2021_Ref_Plot2_E18::57,2021_Ref_Plot2_E18,Field2,test,7,8,0.0761744776088591,12.14800109696906,0.025780559057982887
2021_Ref_Plot2_E18::65,2021_Ref_Plot2_E18,Field2,test,8,9,0.06681765709186098,10.323917717787127,0.022290308126253072
2021_Ref_Plot2_E18::69,2021_Ref_Plot2_E18,Field2,test,4,10,0.12463892036228093,12.219316876099274,0.03200371614312295
2021_Ref_Plot2_E18::71,2021_Ref_Plot2_E18,Field2,test,2,11,0.10180868232542284,9.06136694396648,0.058274229807155166
2021_Ref_Plot2_E18::76,2021_Ref_Plot2_E18,Field2,test,5,12,0.09387245366628617,10.98222738593218,0.011774434579286645
2021_Ref_Plot2_E18::8,2021_Ref_Plot2_E18,Field2,test,7,1,0.6618255422338631,27.192091405767172,0.1595190083570266
2021_Ref_Plot2_E18::80,2021_Ref_Plot2_E18,Field2,test,4,13,0.050922770538285284,9.475822269841373,0.021496653864427083
2021_Ref_Plot2_E18::85,2021_Ref_Plot2_E18,Field2,test,5,14,0.04902751961805906,11.024865636327617,0.018145390674588733
2021_Ref_Plot2_E1::16,2021_Ref_Plot2_E1,Field2,test,8,2,0.7253872241920898,29.570470647956903,0.2815783833608124
2021_Ref_Plot2_E1::22,2021_Ref_Plot2_E1,Field2,test,6,3,0.2503598156780727,16.51863703207549,0.056825073962877
2021_Ref_Plot2_E1::27,2021_Ref_Plot2_E1,Field2,test,5,4,0.22219942459820763,15.868620586551883,0.0692156511585413
2021_Ref_Plot2_E1::35,2021_Ref_Plot2_E1,Field2,test,8,5,0.10569412427541626,11.567638786849283,0.028085657365651162
2021_Ref_Plot2_E1::44,2021_Ref_Plot2_E1,Field2,test,9,6,0.12657936941856476,14.697990815438848,0.02020204944824885
2021_Ref_Plot2_E1::50,2021_Ref_Plot2_E1,Field2,test,6,7,0.06636867554623184,9.468042270940463,0.02846650665218439
2021_Ref_Plot2_E1::57,2021_Ref_Plot2_E1,Field2,test,7,8,0.08735770487278864,12.234595441078795,0.02692995584274116
2021_Ref_Plot2_E1::65,2021_Ref_Plot2_E1,Field2,test,8,9,0.05772637410886477,9.760112600947545,0.024821425026172423
2021_Ref_Plot2_E1::69,2021_Ref_Plot2_E1,Field2,test,4,10,0.11883321630212458,12.337516432623538,0.04357527351882097
2021_Ref_Plot2_E1::71,2021_Ref_Plot2_E1,Field2,test,2,11,0.10831171341020845,8.856412066717457,0.052192620518529194
2021_Ref_Plot2_E1::76,2021_Ref_Plot2_E1,Field2,test,5,12,0.13387839247239988,14.138723188118176,0.017483666273965696
2021_Ref_Plot2_E1::8,2021_Ref_Plot2_E1,Field2,test,7,1,0.6562457256459575,26.10454003093235,0.16006970759827022
2021_Ref_Plot2_E1::80,2021_Ref_Plot2_E1,Field2,test,4,13,0.05752840492055483,10.119064853140724,0.02502509065635365
2021_Ref_Plot2_E1::85,2021_Ref_Plot2_E1,Field2,test,5,14,0.04346715115736401,10.591227699308606,0.01607594237157859
2021_Ref_Plot2_E7::16,2021_Ref_Plot2_E7,Field2,test,8,2,0.6702814551473532,27.41265956007464,0.17290143719788031
2021_Ref_Plot2_E7::22,2021_Ref_Plot2_E7,Field2,test,6,3,0.20358732164200752,14.592194233593833,0.05167569325018236
2021_Ref_Plot2_E7::27,2021_Ref_Plot2_E7,Field2,test,5,4,0.21942938044492855,16.07240275103915,0.07466011432622607
2021_Ref_Plot2_E7::35,2021_Ref_Plot2_E7,Field2,test,8,5,0.08586438393656802,11.54526733801199,0.011943468975794092
2021_Ref_Plot2_E7::44,2021_Ref_Plot2_E7,Field2,test,9,6,0.11253673553863074,14.251138764772112,0.02290364551764562
2021_Ref_Plot2_E7::50,2021_Ref_Plot2_E7,Field2,test,6,7,0.056117362688848337,10.160259166081838,0.02174861011046825
2021_Ref_Plot2_E7::57,2021_Ref_Plot2_E7,Field2,test,7,8,0.0742206498284818,12.146438298012168,0.018745165636283565
2021_Ref_Plot2_E7::65,2021_Ref_Plot2_E7,Field2,test,8,9,0.05438078963356719,9.728300765181622,0.017350471341961705
2021_Ref_Plot2_E7::69,2021_Ref_Plot2_E7,Field2,test,4,10,0.12820742545114228,12.929451113767785,0.03919719959657545
2021_Ref_Plot2_E7::71,2021_Ref_Plot2_E7,Field2,test,2,11,0.08529490906587393,9.454793925672757,0.04617472887024455
2021_Ref_Plot2_E7::76,2021_Ref_Plot2_E7,Field2,test,5,12,0.12071825273304425,13.646055700710765,0.01822612779882375
2021_Ref_Plot2_E7::8,2021_Ref_Plot2_E7,Field2,test,7,1,0.6358662123314311,26.227377464157943,0.11369728259579655
2021_Ref_Plot2_E7::80,2021_Ref_Plot2_E7,Field2,test,4,13,0.04945631299727294,10.692820793613496,0.017862098507060734
2021_Ref_Plot2_E7::85,2021_Ref_Plot2_E7,Field2,test,5,14,0.05505079109004222,10.888751062709485,0.02082652482784651
2021_Ref_Plot3_A6::16,2021_Ref_Plot3_A6,Field2,test,8,2,0.7963173001088365,30.92646436822794,0.354554107032325
2021_Ref_Plot3_A6::22,2021_Ref_Plot3_A6,Field2,test,6,3,0.3047267633346147,16.85608541371722,0.08769466786798037
2021_Ref_Plot3_A6::27,2021_Ref_Plot3_A6,Field2,test,5,4,0.28367071315924175,16.766352563616408,0.08926368219623969
2021_Ref_Plot3_A6::35,2021_Ref_Plot3_A6,Field2,test,8,5,0.16032486467740126,13.061234824884343,0.029780745000369972
2021_Ref_Plot3_A6::44,2021_Ref_Plot3_A6,Field2,test,9,6,0.11057115370622661,10.176808959437519,0.029057263809155583
2021_Ref_Plot3_A6::50,2021_Ref_Plot3_A6,Field2,test,6,7,0.11946719351363606,8.902975899145689,0.06681435431721532
2021_Ref_Plot3_A6::57,2021_Ref_Plot3_A6,Field2,test,7,8,0.11557815355253294,9.794047656378794,0.03981237953590709
2021_Ref_Plot3_A6::65,2021_Ref_Plot3_A6,Field2,test,8,9,0.136446297217607,11.793062514424635,0.05508528329037771
2021_Ref_Plot3_A6::69,2021_Ref_Plot3_A6,Field2,test,4,10,0.21721982721803515,12.341588543923702,0.0862912671985214
2021_Ref_Plot3_A6::71,2021_Ref_Plot3_A6,Field2,test,2,11,0.154263950320615,9.431443216939893,0.10163418476893793
2021_Ref_Plot3_A6::76,2021_Ref_Plot3_A6,Field2,test,5,12,0.17096731715838184,12.734922676906187,0.02308090326324317
2021_Ref_Plot3_A6::8,2021_Ref_Plot3_A6,Field2,test,7,1,0.7327550106172117,27.967775828293803,0.21791735971015894
2021_Ref_Plot3_A6::80,2021_Ref_Plot3_A6,Field2,test,4,13,0.10051621226192525,8.312960271863009,0.012410623211809394
2021_Ref_Plot3_A6::85,2021_Ref_Plot3_A6,Field2,test,5,14,0.10858983761586867,9.112482992573707,0.04569279058126747
2021_Ref_Plot3_A7::16,2021_Ref_Plot3_A7,Field2,test,8,2,0.8097534782364763,31.094663355313994,0.3834035751824841
2021_Ref_Plot3_A7::22,2021_Ref_Plot3_A7,Field2,test,6,3,0.33086901459727586,17.645953449348454,0.09416899775834046
2021_Ref_Plot3_A7::27,2021_Ref_Plot3_A7,Field2,test,5,4,0.3393421143849267,17.680082065409426,0.09760734572354088
2021_Ref_Plot3_A7::35,2021_Ref_Plot3_A7,Field2,test,8,5,0.1562718643956583,12.438145406159222,0.031072946172096185
2021_Ref_Plot3_A7::44,2021_Ref_Plot3_A7,Field2,test,9,6,0.11287042093715616,9.744703437537389,0.02806679579987588
2021_Ref_Plot3_A7::50,2021_Ref_Plot3_A7,Field2,test,6,7,0.14461854678104877,9.485476370011048,0.07346805974698874
2021_Ref_Plot3_A7::57,2021_Ref_Plot3_A7,Field2,test,7,8,0.13631002816144905,10.664248390961433,0.06786856239950287
2021_Ref_Plot3_A7::65,2021_Ref_Plot3_A7,Field2,test,8,9,0.09529181039077261,11.121358361505225,0.02698530913644159
2021_Ref_Plot3_A7::69,2021_Ref_Plot3_A7,Field2,test,4,10,0.20292258551828182,12.454522803387107,0.10590935388010511
2021_Ref_Plot3_A7::71,2021_Ref_Plot3_A7,Field2,test,2,11,0.16428749901315862,9.967389189288227,0.1272352729197653
2021_Ref_Plot3_A7::76,2021_Ref_Plot3_A7,Field2,test,5,12,0.11897543391370614,10.45783670576635,0.011679764459341688
2021_Ref_Plot3_A7::8,2021_Ref_Plot3_A7,Field2,test,7,1,0.7314908494960141,27.201992393392942,0.22609148280191957
2021_Ref_Plot3_A7::80,2021_Ref_Plot3_A7,Field2,test,4,13,0.07862538994015829,8.323752127944864,0.01787402168631827
2021_Ref_Plot3_A7::85,2021_Ref_Plot3_A7,Field2,test,5,14,0.09710790833065275,9.65428827910766,0.06358560301096104
2021_Ref_Plot3_B10::16,2021_Ref_Plot3_B10,Field2,test,8,2,0.8162480812568229,31.252933709976055,0.36863505184023365
2021_Ref_Plot3_B10::22,2021_Ref_Plot3_B10,Field2,test,6,3,0.3213249594476647,18.458662527043025,0.0957011162563496
2021_Ref_Plot3_B10::27,2021_Ref_Plot3_B10,Field2,test,5,4,0.37394246551708593,18.055002057508,0.1229531696964212
2021_Ref_Plot3_B10::35,2021_Ref_Plot3_B10,Field2,test,8,5,0.1826070900503731,12.936164274937545,0.03125108863247732
2021_Ref_Plot3_B10::44,2021_Ref_Plot3_B10,Field2,test,9,6,0.1645544543617,10.037546934830281,0.0456333070146464
2021_Ref_Plot3_B10::50,2021_Ref_Plot3_B10,Field2,test,6,7,0.12454638223992753,9.058840938122447,0.07334016517903402
2021_Ref_Plot3_B10::57,2021_Ref_Plot3_B10,Field2,test,7,8,0.11045797240086368,9.956367099761248,0.04088983095309446
2021_Ref_Plot3_B10::65,2021_Ref_Plot3_B10,Field2,test,8,9,0.10628520710792151,10.304103274863593,0.0310733792636059
2021_Ref_Plot3_B10::69,2021_Ref_Plot3_B10,Field2,test,4,10,0.16349417418848528,11.582494577134355,0.0865496599686077
2021_Ref_Plot3_B10::71,2021_Ref_Plot3_B10,Field2,test,2,11,0.19113298306280635,9.839547878759596,0.11413172573956008
2021_Ref_Plot3_B10::76,2021_Ref_Plot3_B10,Field2,test,5,12,0.1273008699729943,12.645351429058469,0.03541212746015958
2021_Ref_Plot3_B10::8,2021_Ref_Plot3_B10,Field2,test,7,1,0.7477696751669667,27.675387723509452,0.23442286082617164
2021_Ref_Plot3_B10::80,2021_Ref_Plot3_B10,Field2,test,4,13,0.06598239725356082,7.838632601822031,0.013350256226601971
2021_Ref_Plot3_B10::85,2021_Ref_Plot3_B10,Field2,test,5,14,0.12012722121196646,9.698080661646191,0.06241104496459384
2021_Ref_Plot3_B12::16,2021_Ref_Plot3_B12,Field2,test,8,2,0.8231538638512913,31.889423052447018,0.3633345399278471
2021_Ref_Plot3_B12::22,2021_Ref_Plot3_B12,Field2,test,6,3,0.3189787860632225,17.11597595569893,0.08357504570474567
2021_Ref_Plot3_B12::27,2021_Ref_Plot3_B12,Field2,test,5,4,0.34381608660795565,17.433928336569945,0.10954813829724977
2021_Ref_Plot3_B12::35,2021_Ref_Plot3_B12,Field2,test,8,5,0.16249247036060585,12.494800859372697,0.027613662386733438
2021_Ref_Plot3_B12::44,2021_Ref_Plot3_B12,Field2,test,9,6,0.14164292555636468,10.428421278816067,0.052469247729429055
2021_Ref_Plot3_B12::50,2021_Ref_Plot3_B12,Field2,test,6,7,0.12755412117780085,8.926857990348125,0.06748534421243631
2021_Ref_Plot3_B12::57,2021_Ref_Plot3_B12,Field2,test,7,8,0.10381494977167706,9.72251308212419,0.02944217641222496
2021_Ref_Plot3_B12::65,2021_Ref_Plot3_B12,Field2,test,8,9,0.0923332815358384,10.383139264631678,0.031106673215986237
2021_Ref_Plot3_B12::69,2021_Ref_Plot3_B12,Field2,test,4,10,0.16000431902796128,11.666803973317455,0.07218553226247619
2021_Ref_Plot3_B12::71,2021_Ref_Plot3_B12,Field2,test,2,11,0.1414813936349964,9.748810486943439,0.08407624203543018
2021_Ref_Plot3_B12::76,2021_Ref_Plot3_B12,Field2,test,5,12,0.12023623162188048,12.068884976422572,0.014572768347277073
2021_Ref_Plot3_B12::8,2021_Ref_Plot3_B12,Field2,test,7,1,0.7387549482145633,27.468601928954932,0.2125818866366678
2021_Ref_Plot3_B12::80,2021_Ref_Plot3_B12,Field2,test,4,13,0.0577428377987757,8.304415416160396,0.009401749733831765
2021_Ref_Plot3_B12::85,2021_Ref_Plot3_B12,Field2,test,5,14,0.08063803674285472,9.13809687231999,0.024204647263541015
2021_Ref_Plot3_B17::16,2021_Ref_Plot3_B17,Field2,test,8,2,0.8155010716673269,31.38795251620349,0.34855213654707395
2021_Ref_Plot3_B17::22,2021_Ref_Plot3_B17,Field2,test,6,3,0.34409393410556266,17.15528596205768,0.1093356216332431
2021_Ref_Plot3_B17::27,2021_Ref_Plot3_B17,Field2,test,5,4,0.2717546418323074,16.809684915741496,0.07358972757642819
2021_Ref_Plot3_B17::35,2021_Ref_Plot3_B17,Field2,test,8,5,0.13846392476433902,12.276161636306664,0.03892706162092184
2021_Ref_Plot3_B17::44,2021_Ref_Plot3_B17,Field2,test,9,6,0.14454619913130415,9.792092462017173,0.06864876600298954
2021_Ref_Plot3_B17::50,2021_Ref_Plot3_B17,Field2,test,6,7,0.12273382711452985,8.900992044911673,0.055869749193046506
2021_Ref_Plot3_B17::57,2021_Ref_Plot3_B17,Field2,test,7,8,0.10509400871137542,9.649205958308263,0.044504020059349746
2021_Ref_Plot3_B17::65,2021_Ref_Plot3_B17,Field2,test,8,9,0.11525837199031368,10.387294107696011,0.039222562637089495
2021_Ref_Plot3_B17::69,2021_Ref_Plot3_B17,Field2,test,4,10,0.18979456229405542,11.8938104787829,0.09835213072127552
2021_Ref_Plot3_B17::71,2021_Ref_Plot3_B17,Field2,test,2,11,0.1558604609711879,8.437280115054,0.08501090587191379
2021_Ref_Plot3_B17::76,2021_Ref_Plot3_B17,Field2,test,5,12,0.1173196135784668,11.035085018842183,0.017020064355680563
2021_Ref_Plot3_B17::8,2021_Ref_Plot3_B17,Field2,test,7,1,0.7400546109501525,28.807773526356964,0.22676964471160926
2021_Ref_Plot3_B17::80,2021_Ref_Plot3_B17,Field2,test,4,13,0.0746925686264922,8.31446071271838,0.015435822300174805
2021_Ref_Plot3_B17::85,2021_Ref_Plot3_B17,Field2,test,5,14,0.09102197656737461,9.092459169441176,0.04412621765276265
2021_Ref_Plot3_B1::16,2021_Ref_Plot3_B1,Field2,test,8,2,0.8020430479924636,31.347440881918523,0.3325860670330031
2021_Ref_Plot3_B1::22,2021_Ref_Plot3_B1,Field2,test,6,3,0.3319282781227088,18.16637084270759,0.0972069297110579
2021_Ref_Plot3_B1::27,2021_Ref_Plot3_B1,Field2,test,5,4,0.34168661791940114,17.961986766309753,0.10950527560036927
2021_Ref_Plot3_B1::35,2021_Ref_Plot3_B1,Field2,test,8,5,0.1906063324097705,13.033024419110024,0.03809822448705096
2021_Ref_Plot3_B1::44,2021_Ref_Plot3_B1,Field2,test,9,6,0.14721031301268067,10.821716202715647,0.055268795893922536
2021_Ref_Plot3_B1::50,2021_Ref_Plot3_B1,Field2,test,6,7,0.16662501423350984,9.63144116877369,0.10001688482402066
2021_Ref_Plot3_B1::57,2021_Ref_Plot3_B1,Field2,test,7,8,0.141142251519902,10.999798486954482,0.04634766439160748
2021_Ref_Plot3_B1::65,2021_Ref_Plot3_B1,Field2,test,8,9,0.12887498246495208,10.710206771768522,0.053570599942604144
2021_Ref_Plot3_B1::69,2021_Ref_Plot3_B1,Field2,test,4,10,0.1811199085956879,11.71500358915906,0.0856660563595623
2021_Ref_Plot3_B1::71,2021_Ref_Plot3_B1,Field2,test,2,11,0.19935222234988478,10.528699387419087,0.1269751981963828
2021_Ref_Plot3_B1::76,2021_Ref_Plot3_B1,Field2,test,5,12,0.14177181752247392,11.95536394174858,0.03186790166798816
2021_Ref_Plot3_B1::8,2021_Ref_Plot3_B1,Field2,test,7,1,0.7029237382136769,26.651223746630027,0.2017535489146324
2021_Ref_Plot3_B1::80,2021_Ref_Plot3_B1,Field2,test,4,13,0.08612621775148022,6.901778154149527,0.0210761200691984
2021_Ref_Plot3_B1::85,2021_Ref_Plot3_B1,Field2,test,5,14,0.06867563294607204,8.031786033330297,0.021577439535319282
2021_Ref_Plot3_B3::16,2021_Ref_Plot3_B3,Field2,test,8,2,0.8172918113621429,30.86155445276715,0.3563115913327077
2021_Ref_Plot3_B3::22,2021_Ref_Plot3_B3,Field2,test,6,3,0.30166238472560475,17.622169026930617,0.08145871595334143
2021_Ref_Plot3_B3::27,2021_Ref_Plot3_B3,Field2,test,5,4,0.33364090720891326,17.539532526248202,0.09597431131254076
2021_Ref_Plot3_B3::35,2021_Ref_Plot3_B3,Field2,test,8,5,0.1866851686880534,13.6228153403463,0.04863496001979948
2021_Ref_Plot3_B3::44,2021_Ref_Plot3_B3,Field2,test,9,6,0.12714051318681063,10.49450404793195,0.05245777938265317
2021_Ref_Plot3_B3::50,2021_Ref_Plot3_B3,Field2,test,6,7,0.149400396882701,9.320573361043433,0.08105166769414819
2021_Ref_Plot3_B3::57,2021_Ref_Plot3_B3,Field2,test,7,8,0.16023672241472728,11.356928601151303,0.06320691809537689
2021_Ref_Plot3_B3::65,2021_Ref_Plot3_B3,Field2,test,8,9,0.1244344467195168,11.289499481488988,0.06407325348737326
2021_Ref_Plot3_B3::69,2021_Ref_Plot3_B3,Field2,test,4,10,0.21950699663558734,12.384782599975697,0.11143092552967147
2021_Ref_Plot3_B3::71,2021_Ref_Plot3_B3,Field2,test,2,11,0.12259628219950004,8.363895622835084,0.06574100604038832
2021_Ref_Plot3_B3::76,2021_Ref_Plot3_B3,Field2,test,5,12,0.17810827218650052,11.594304310899409,0.02718099791586135
2021_Ref_Plot3_B3::8,2021_Ref_Plot3_B3,Field2,test,7,1,0.7225425214107974,27.720282263088166,0.2213212556430842
2021_Ref_Plot3_B3::80,2021_Ref_Plot3_B3,Field2,test,4,13,0.10301445877043786,8.401292929009283,0.02514968376613538
2021_Ref_Plot3_B3::85,2021_Ref_Plot3_B3,Field2,test,5,14,0.08465598487131316,8.41243294705743,0.04400846160808971
2021_Ref_Plot3_B6::16,2021_Ref_Plot3_B6,Field2,test,8,2,0.8108570704674053,31.0864673850893,0.34377256326796307
2021_Ref_Plot3_B6::22,2021_Ref_Plot3_B6,Field2,test,6,3,0.33021991098309367,17.76857098171165,0.10124035627917138
2021_Ref_Plot3_B6::27,2021_Ref_Plot3_B6,Field2,test,5,4,0.34842442463453144,17.465492463417092,0.11876322730536422
2021_Ref_Plot3_B6::35,2021_Ref_Plot3_B6,Field2,test,8,5,0.190576201259368,13.619397635217288,0.04451024820210595
2021_Ref_Plot3_B6::44,2021_Ref_Plot3_B6,Field2,test,9,6,0.1469862249956263,10.156860192030157,0.06252325549323932
2021_Ref_Plot3_B6::50,2021_Ref_Plot3_B6,Field2,test,6,7,0.17963393288127064,9.868797267222186,0.11104879463201112
2021_Ref_Plot3_B6::57,2021_Ref_Plot3_B6,Field2,test,7,8,0.132053856707922,10.616130986561078,0.04230878069430319
2021_Ref_Plot3_B6::65,2021_Ref_Plot3_B6,Field2,test,8,9,0.13781273920308246,10.924750360672725,0.06457152197920009
2021_Ref_Plot3_B6::69,2021_Ref_Plot3_B6,Field2,test,4,10,0.257173075446185,12.953438184021708,0.12186334985994944
2021_Ref_Plot3_B6::71,2021_Ref_Plot3_B6,Field2,test,2,11,0.16628227504100798,9.174210853588395,0.08447142756479209
2021_Ref_Plot3_B6::76,2021_Ref_Plot3_B6,Field2,test,5,12,0.19863676209310532,13.165009921734796,0.04207422088256372
2021_Ref_Plot3_B6::8,2021_Ref_Plot3_B6,Field2,test,7,1,0.7327822943471158,26.681028574364895,0.2219969244674751
2021_Ref_Plot3_B6::80,2021_Ref_Plot3_B6,Field2,test,4,13,0.07064500574742873,7.763229096405312,0.0015264275682776599
2021_Ref_Plot3_B6::85,2021_Ref_Plot3_B6,Field2,test,5,14,0.12778788240362385,9.504417805709554,0.06353763522936
2021_Ref_Plot3_B7::16,2021_Ref_Plot3_B7,Field2,test,8,2,0.793980351354921,30.148509589980517,0.3276679666184334
2021_Ref_Plot3_B7::22,2021_Ref_Plot3_B7,Field2,test,6,3,0.30412604495502166,17.93536303514998,0.08363136814668681
2021_Ref_Plot3_B7::27,2021_Ref_Plot3_B7,Field2,test,5,4,0.32826672899467063,17.28130449921728,0.10834233223512513
2021_Ref_Plot3_B7::35,2021_Ref_Plot3_B7,Field2,test,8,5,0.16621740667934273,12.966563800442,0.02235250335794733
2021_Ref_Plot3_B7::44,2021_Ref_Plot3_B7,Field2,test,9,6,0.12979257461640473,10.016556899026119,0.050275585240318665
2021_Ref_Plot3_B7::50,2021_Ref_Plot3_B7,Field2,test,6,7,0.15994133154099646,10.046290006400804,0.10016248567353608
2021_Ref_Plot3_B7::57,2021_Ref_Plot3_B7,Field2,test,7,8,0.11363868048064087,10.531913039869405,0.04001298863225035
2021_Ref_Plot3_B7::65,2021_Ref_Plot3_B7,Field2,test,8,9,0.11698640230554293,10.515026729070021,0.05567254814699384
2021_Ref_Plot3_B7::69,2021_Ref_Plot3_B7,Field2,test,4,10,0.23846478128774753,12.891592896247255,0.10958738523613996
2021_Ref_Plot3_B7::71,2021_Ref_Plot3_B7,Field2,test,2,11,0.1776069108103072,9.686735753000521,0.12201317040760859
2021_Ref_Plot3_B7::76,2021_Ref_Plot3_B7,Field2,test,5,12,0.14990025291611445,12.458278962446162,0.021057628435248364
2021_Ref_Plot3_B7::8,2021_Ref_Plot3_B7,Field2,test,7,1,0.7405075169106725,26.83644101690819,0.22652803238411545
2021_Ref_Plot3_B7::80,2021_Ref_Plot3_B7,Field2,test,4,13,0.0755730411424471,8.261071632675456,0.02589465205609047
2021_Ref_Plot3_B7::85,2021_Ref_Plot3_B7,Field2,test,5,14,0.10750710163633358,9.885237712772403,0.05360420644422149
2021_Ref_Plot3_B8::16,2021_Ref_Plot3_B8,Field2,test,8,2,0.8077839926951764,30.58753741718187,0.3309374826050734
2021_Ref_Plot3_B8::22,2021_Ref_Plot3_B8,Field2,test,6,3,0.31154451128724814,18.002131878839673,0.093943110485966
2021_Ref_Plot3_B8::27,2021_Ref_Plot3_B8,Field2,test,5,4,0.27601570268473097,16.469926993209036,0.07078283161535052
2021_Ref_Plot3_B8::35,2021_Ref_Plot3_B8,Field2,test,8,5,0.18522758858697663,13.645915993872034,0.03791883916585026
2021_Ref_Plot3_B8::44,2021_Ref_Plot3_B8,Field2,test,9,6,0.12232532510760992,9.721262974187322,0.049617427661737455
2021_Ref_Plot3_B8::50,2021_Ref_Plot3_B8,Field2,test,6,7,0.15895959653471162,9.415448176263862,0.09394325342205868
2021_Ref_Plot3_B8::57,2021_Ref_Plot3_B8,Field2,test,7,8,0.10279660337460934,10.460847416812076,0.019427893541614605
2021_Ref_Plot3_B8::65,2021_Ref_Plot3_B8,Field2,test,8,9,0.10414001470281799,10.197153509759215,0.026658280077125587
2021_Ref_Plot3_B8::69,2021_Ref_Plot3_B8,Field2,test,4,10,0.18349322959602765,12.045462952168071,0.08868626990517826
2021_Ref_Plot3_B8::71,2021_Ref_Plot3_B8,Field2,test,2,11,0.15793049442203252,8.977193469575477,0.09254985757485311
2021_Ref_Plot3_B8::76,2021_Ref_Plot3_B8,Field2,test,5,12,0.12318560172574043,11.44491869431738,0.02249402679048428
2021_Ref_Plot3_B8::8,2021_Ref_Plot3_B8,Field2,test,7,1,0.7352747992851003,27.126833794483666,0.2058662877773344
2021_Ref_Plot3_B8::80,2021_Ref_Plot3_B8,Field2,test,4,13,0.1042199040886632,8.910634188804217,0.04341261186669242
2021_Ref_Plot3_B8::85,2021_Ref_Plot3_B8,Field2,test,5,14,0.12206265385968741,8.99868163473797,0.06594202095042903
2021_Ref_Plot3_C15::16,2021_Ref_Plot3_C15,Field2,test,8,2,0.7977018334370062,31.088119395238554,0.34885984198684705
2021_Ref_Plot3_C15::22,2021_Ref_Plot3_C15,Field2,test,6,3,0.3261468275266566,16.753601004815273,0.09017898675075273
2021_Ref_Plot3_C15::27,2021_Ref_Plot3_C15,Field2,test,5,4,0.28514181716011283,16.438771161147983,0.08174126866148025
2021_Ref_Plot3_C15::35,2021_Ref_Plot3_C15,Field2,test,8,5,0.1656337408713187,12.068700481039185,0.047006379222245674
2021_Ref_Plot3_C15::44,2021_Ref_Plot3_C15,Field2,test,9,6,0.0945715899300229,9.15886372321268,0.03279617298541697
2021_Ref_Plot3_C15::50,2021_Ref_Plot3_C15,Field2,test,6,7,0.16108153875572248,8.868050676847387,0.09788028646310885
2021_Ref_Plot3_C15::57,2021_Ref_Plot3_C15,Field2,test,7,8,0.1020361003531333,9.93627650909038,0.04144137874086226
2021_Ref_Plot3_C15::65,2021_Ref_Plot3_C15,Field2,test,8,9,0.08000497785378165,9.112697108020054,0.03276553713593314
2021_Ref_Plot3_C15::69,2021_Ref_Plot3_C15,Field2,test,4,10,0.14725850914858127,11.565620771554721,0.0729923641320344
2021_Ref_Plot3_C15::71,2021_Ref_Plot3_C15,Field2,test,2,11,0.11586694076709698,9.054919672721757,0.07349488084999864
2021_Ref_Plot3_C15::76,2021_Ref_Plot3_C15,Field2,test,5,12,0.10782938552038053,10.460442458184128,0.012999678574436095
2021_Ref_Plot3_C15::8,2021_Ref_Plot3_C15,Field2,test,7,1,0.7352489677711062,26.96358797287012,0.22901298271184764
2021_Ref_Plot3_C15::80,2021_Ref_Plot3_C15,Field2,test,4,13,0.11034667519977646,9.03923984932738,0.04416933700676498
2021_Ref_Plot3_C15::85,2021_Ref_Plot3_C15,Field2,test,5,14,0.1143925819444374,9.628775689258873,0.04298287558706732
2021_Ref_Plot3_C2::16,2021_Ref_Plot3_C2,Field2,test,8,2,0.817933578668336,31.462841244984432,0.37839921126580733
2021_Ref_Plot3_C2::22,2021_Ref_Plot3_C2,Field2,test,6,3,0.30492995459349487,16.839280741516653,0.08598859589331813
2021_Ref_Plot3_C2::27,2021_Ref_Plot3_C2,Field2,test,5,4,0.2890865461476766,16.768911371500753,0.08492430660392417
2021_Ref_Plot3_C2::35,2021_Ref_Plot3_C2,Field2,test,8,5,0.19037030738336622,12.548538773857828,0.0470304393419297
2021_Ref_Plot3_C2::44,2021_Ref_Plot3_C2,Field2,test,9,6,0.11002549135241084,10.521894254188162,0.04919346315589262
2021_Ref_Plot3_C2::50,2021_Ref_Plot3_C2,Field2,test,6,7,0.131796684032327,8.779131464819068,0.07577176467424016
2021_Ref_Plot3_C2::57,2021_Ref_Plot3_C2,Field2,test,7,8,0.1499798975385286,11.193527877190835,0.07233219064008722
2021_Ref_Plot3_C2::65,2021_Ref_Plot3_C2,Field2,test,8,9,0.12150224350305343,9.671639104602455,0.05348517463813695
2021_Ref_Plot3_C2::69,2021_Ref_Plot3_C2,Field2,test,4,10,0.18350373812157042,11.734193374042105,0.08424506439029784
2021_Ref_Plot3_C2::71,2021_Ref_Plot3_C2,Field2,test,2,11,0.1534869639484149,9.243405982633078,0.09965911168109806
2021_Ref_Plot3_C2::76,2021_Ref_Plot3_C2,Field2,test,5,12,0.20055633019405095,14.495975005219963,0.0392140850824657
2021_Ref_Plot3_C2::8,2021_Ref_Plot3_C2,Field2,test,7,1,0.7050677541434442,27.5025450591799,0.19311624723773205
2021_Ref_Plot3_C2::80,2021_Ref_Plot3_C2,Field2,test,4,13,0.06986590121040949,7.810688348275168,0.01701249125976398
2021_Ref_Plot3_C2::85,2021_Ref_Plot3_C2,Field2,test,5,14,0.13982355555203305,9.669262117142374,0.07539662974748626
2021_Ref_Plot3_C3::16,2021_Ref_Plot3_C3,Field2,test,8,2,0.790879543194801,30.235877210250187,0.3482664661683428
2021_Ref_Plot3_C3::22,2021_Ref_Plot3_C3,Field2,test,6,3,0.3202516589761615,16.95931342814491,0.09210076837610762
2021_Ref_Plot3_C3::27,2021_Ref_Plot3_C3,Field2,test,5,4,0.29837119171891674,16.359287884898624,0.09261432238195881
2021_Ref_Plot3_C3::35,2021_Ref_Plot3_C3,Field2,test,8,5,0.16657900809648674,12.158755945462227,0.03831863269415149
2021_Ref_Plot3_C3::44,2021_Ref_Plot3_C3,Field2,test,9,6,0.09900417606790551,9.912803843102893,0.037786516936477055
2021_Ref_Plot3_C3::50,2021_Ref_Plot3_C3,Field2,test,6,7,0.14769924778533974,9.060739213673099,0.07736589664171932
2021_Ref_Plot3_C3::57,2021_Ref_Plot3_C3,Field2,test,7,8,0.11408057112745573,10.831268651675634,0.04045829541304109
2021_Ref_Plot3_C3::65,2021_Ref_Plot3_C3,Field2,test,8,9,0.09393697622100645,10.08856542200376,0.042206743201862344
2021_Ref_Plot3_C3::69,2021_Ref_Plot3_C3,Field2,test,4,10,0.18171770507915394,12.083456603249251,0.0724424380075589
2021_Ref_Plot3_C3::71,2021_Ref_Plot3_C3,Field2,test,2,11,0.1316266583815574,9.172352761920374,0.07297986979232288
2021_Ref_Plot3_C3::76,2021_Ref_Plot3_C3,Field2,test,5,12,0.1954395042997845,12.533015388418516,0.021042914279535103
2021_Ref_Plot3_C3::8,2021_Ref_Plot3_C3,Field2,test,7,1,0.7101804093605896,26.949169144402777,0.19661672918237863
2021_Ref_Plot3_C3::80,2021_Ref_Plot3_C3,Field2,test,4,13,0.0960289422230286,9.234872649501181,0.034388671080890505
2021_Ref_Plot3_C3::85,2021_Ref_Plot3_C3,Field2,test,5,14,0.1212205880277148,9.9725244594032,0.05869753118289687
2021_Ref_Plot3_C4::16,2021_Ref_Plot3_C4,Field2,test,8,2,0.7764634931147172,29.674211720161612,0.3331142092639539
2021_Ref_Plot3_C4::22,2021_Ref_Plot3_C4,Field2,test,6,3,0.3366062169625808,16.74457541225263,0.11373414091669358
2021_Ref_Plot3_C4::27,2021_Ref_Plot3_C4,Field2,test,5,4,0.29064513523732605,16.110990923247325,0.08478136572771124
2021_Ref_Plot3_C4::35,2021_Ref_Plot3_C4,Field2,test,8,5,0.15845674994295114,11.704677454012572,0.040912483807780065
2021_Ref_Plot3_C4::44,2021_Ref_Plot3_C4,Field2,test,9,6,0.11025782901007453,9.358866843563597,0.054861549876725535
2021_Ref_Plot3_C4::50,2021_Ref_Plot3_C4,Field2,test,6,7,0.15911634534262334,9.161960733800104,0.08390495345188541
2021_Ref_Plot3_C4::57,2021_Ref_Plot3_C4,Field2,test,7,8,0.12744469413889564,11.404671177214968,0.05340364482873685
2021_Ref_Plot3_C4::65,2021_Ref_Plot3_C4,Field2,test,8,9,0.09587304126324925,9.500026180667863,0.03306038322855364
2021_Ref_Plot3_C4::69,2021_Ref_Plot3_C4,Field2,test,4,10,0.18619712864200907,11.553273176008148,0.0797411040109822
2021_Ref_Plot3_C4::71,2021_Ref_Plot3_C4,Field2,test,2,11,0.1440625163365291,8.836266252771726,0.06248756682406521
2021_Ref_Plot3_C4::76,2021_Ref_Plot3_C4,Field2,test,5,12,0.18284648979774573,12.211175602602914,0.0221602879257353
2021_Ref_Plot3_C4::8,2021_Ref_Plot3_C4,Field2,test,7,1,0.7127010626744233,27.25453076174213,0.21915397815800874
2021_Ref_Plot3_C4::80,2021_Ref_Plot3_C4,Field2,test,4,13,0.11463738503015003,9.842168734000692,0.0469209963474843
2021_Ref_Plot3_C4::85,2021_Ref_Plot3_C4,Field2,test,5,14,0.11786716549632138,10.287840371195005,0.052297137286577644
2021_Ref_Plot3_D15::16,2021_Ref_Plot3_D15,Field2,test,8,2,0.7788165838975454,30.769209482038754,0.3452603312366353
2021_Ref_Plot3_D15::22,2021_Ref_Plot3_D15,Field2,test,6,3,0.31616416876081216,17.130152682172564,0.10285705090036672
2021_Ref_Plot3_D15::27,2021_Ref_Plot3_D15,Field2,test,5,4,0.3130821368069711,17.20717389884859,0.11554932322951855
2021_Ref_Plot3_D15::35,2021_Ref_Plot3_D15,Field2,test,8,5,0.17414587124325367,12.759121216260034,0.05209418164080297
2021_Ref_Plot3_D15::44,2021_Ref_Plot3_D15,Field2,test,9,6,0.09786150654442417,10.24723029386978,0.033677946547705714
2021_Ref_Plot3_D15::50,2021_Ref_Plot3_D15,Field2,test,6,7,0.14034913247920353,8.655756225099983,0.08807259521461912
2021_Ref_Plot3_D15::57,2021_Ref_Plot3_D15,Field2,test,7,8,0.10446138683952849,10.624751673418146,0.033244900405732615
2021_Ref_Plot3_D15::65,2021_Ref_Plot3_D15,Field2,test,8,9,0.08972042861873993,8.821231963344914,0.04968639269655958
2021_Ref_Plot3_D15::69,2021_Ref_Plot3_D15,Field2,test,4,10,0.15503393495315818,11.976165188401426,0.07848943620889864
2021_Ref_Plot3_D15::71,2021_Ref_Plot3_D15,Field2,test,2,11,0.11595352401543048,9.087060439804858,0.0620911464487781
2021_Ref_Plot3_D15::76,2021_Ref_Plot3_D15,Field2,test,5,12,0.12783376142568276,12.374218817032299,0.013569755958138125
2021_Ref_Plot3_D15::8,2021_Ref_Plot3_D15,Field2,test,7,1,0.7152893026851438,27.654329077900854,0.20560673273745383
2021_Ref_Plot3_D15::80,2021_Ref_Plot3_D15,Field2,test,4,13,0.08637548738111489,8.748395173632343,0.021420055902173274
2021_Ref_Plot3_D15::85,2021_Ref_Plot3_D15,Field2,test,5,14,0.15853074651954288,10.70589978661454,0.08813781714573288
2021_Ref_Plot3_D19::16,2021_Ref_Plot3_D19,Field2,test,8,2,0.7795150649674788,30.642519780865747,0.3914929175101937
2021_Ref_Plot3_D19::22,2021_Ref_Plot3_D19,Field2,test,6,3,0.2831039954170076,16.49223635478894,0.09023766185774398
2021_Ref_Plot3_D19::27,2021_Ref_Plot3_D19,Field2,test,5,4,0.2503571414658246,16.585005951590468,0.07650282492187362
2021_Ref_Plot3_D19::35,2021_Ref_Plot3_D19,Field2,test,8,5,0.1574072698082021,11.956645426856767,0.02680069667294326
2021_Ref_Plot3_D19::44,2021_Ref_Plot3_D19,Field2,test,9,6,0.10209988517646061,9.769103151800454,0.029055673437939602
2021_Ref_Plot3_D19::50,2021_Ref_Plot3_D19,Field2,test,6,7,0.11995612474153683,8.78009197471135,0.06591515809128529
2021_Ref_Plot3_D19::57,2021_Ref_Plot3_D19,Field2,test,7,8,0.10413993263085142,10.630955207241996,0.02483272356443227
2021_Ref_Plot3_D19::65,2021_Ref_Plot3_D19,Field2,test,8,9,0.10914447213852618,9.139623763844122,0.04976915445527997
2021_Ref_Plot3_D19::69,2021_Ref_Plot3_D19,Field2,test,4,10,0.20849637272105015,12.609464597536782,0.12197155511422123
2021_Ref_Plot3_D19::71,2021_Ref_Plot3_D19,Field2,test,2,11,0.12225313631000313,8.633988836746342,0.07060632946063602
2021_Ref_Plot3_D19::76,2021_Ref_Plot3_D19,Field2,test,5,12,0.09187064183710426,10.762609370205835,0.014803092186588507
2021_Ref_Plot3_D19::8,2021_Ref_Plot3_D19,Field2,test,7,1,0.6934437351891695,26.175027556295362,0.20706682661751788
2021_Ref_Plot3_D19::80,2021_Ref_Plot3_D19,Field2,test,4,13,0.07552065944703884,9.240976258237325,0.031892088464447695
2021_Ref_Plot3_D19::85,2021_Ref_Plot3_D19,Field2,test,5,14,0.09961879578415588,9.22388682516335,0.05261676128937591
2021_Ref_Plot3_D1::16,2021_Ref_Plot3_D1,Field2,test,8,2,0.787367109711837,30.88877600697401,0.35845337983358794
2021_Ref_Plot3_D1::22,2021_Ref_Plot3_D1,Field2,test,6,3,0.27919491397525326,16.49296477413741,0.08197160006871321
2021_Ref_Plot3_D1::27,2021_Ref_Plot3_D1,Field2,test,5,4,0.3138634315091025,17.413868091943954,0.11065291866931395
2021_Ref_Plot3_D1::35,2021_Ref_Plot3_D1,Field2,test,8,5,0.14885537460219653,12.92771625116836,0.022107682033777658
2021_Ref_Plot3_D1::44,2021_Ref_Plot3_D1,Field2,test,9,6,0.12042558785318215,10.774875491860964,0.02885253631977366
2021_Ref_Plot3_D1::50,2021_Ref_Plot3_D1,Field2,test,6,7,0.14153009044823198,9.337762263118067,0.06403246525737177
2021_Ref_Plot3_D1::57,2021_Ref_Plot3_D1,Field2,test,7,8,0.15137943417778565,11.849693336909697,0.04213767753590428
2021_Ref_Plot3_D1::65,2021_Ref_Plot3_D1,Field2,test,8,9,0.1024805781469439,9.254743663111697,0.041478649206464456
2021_Ref_Plot3_D1::69,2021_Ref_Plot3_D1,Field2,test,4,10,0.17598942930674147,12.459101162437404,0.05989367400818322
2021_Ref_Plot3_D1::71,2021_Ref_Plot3_D1,Field2,test,2,11,0.19937915756234584,8.70627884838457,0.12352637945428682
2021_Ref_Plot3_D1::76,2021_Ref_Plot3_D1,Field2,test,5,12,0.14030703014121082,13.409949302429032,0.03396642815837593
2021_Ref_Plot3_D1::8,2021_Ref_Plot3_D1,Field2,test,7,1,0.7065199458330186,26.88815198076426,0.19442875464624298
2021_Ref_Plot3_D1::80,2021_Ref_Plot3_D1,Field2,test,4,13,0.08100389397961873,7.702616071683175,0.031027611123503045
2021_Ref_Plot3_D1::85,2021_Ref_Plot3_D1,Field2,test,5,14,0.09738580276718196,9.542538544991741,0.03745049966229609
2021_Ref_Plot3_D20::16,2021_Ref_Plot3_D20,Field2,test,8,2,0.7980420469497235,30.529980103336996,0.40884109326026025
2021_Ref_Plot3_D20::22,2021_Ref_Plot3_D20,Field2,test,6,3,0.28968163475846137,16.60826957968378,0.09923600139861855
2021_Ref_Plot3_D20::27,2021_Ref_Plot3_D20,Field2,test,5,4,0.24414211084715953,16.823412781914378,0.07618826030477285
2021_Ref_Plot3_D20::35,2021_Ref_Plot3_D20,Field2,test,8,5,0.14212950101197425,12.364653300616533,0.033872120165959536
2021_Ref_Plot3_D20::44,2021_Ref_Plot3_D20,Field2,test,9,6,0.10310203298975927,9.69070996049085,0.02369758165881661
2021_Ref_Plot3_D20::50,2021_Ref_Plot3_D20,Field2,test,6,7,0.11419149900343012,8.165992443609024,0.044532982206162995
2021_Ref_Plot3_D20::57,2021_Ref_Plot3_D20,Field2,test,7,8,0.09177674069421776,10.589076578524367,0.02482534653041176
2021_Ref_Plot3_D20::65,2021_Ref_Plot3_D20,Field2,test,8,9,0.10129457234711992,8.618817883314774,0.05084448023794596
2021_Ref_Plot3_D20::69,2021_Ref_Plot3_D20,Field2,test,4,10,0.20678720577521023,12.784360869703594,0.10272050509708217
2021_Ref_Plot3_D20::71,2021_Ref_Plot3_D20,Field2,test,2,11,0.11825297543058239,8.249395667675833,0.08455632088537325
2021_Ref_Plot3_D20::76,2021_Ref_Plot3_D20,Field2,test,5,12,0.13359862054198718,12.024408334117354,0.03218280729468694
2021_Ref_Plot3_D20::8,2021_Ref_Plot3_D20,Field2,test,7,1,0.72006964687329,26.396021070319662,0.21647184666029995
2021_Ref_Plot3_D20::80,2021_Ref_Plot3_D20,Field2,test,4,13,0.0636364422419032,8.393871654838753,0.0138281506005725
2021_Ref_Plot3_D20::85,2021_Ref_Plot3_D20,Field2,test,5,14,0.11774623738103174,9.638386134146746,0.05399456095302635
2021_Ref_Plot3_E11::16,2021_Ref_Plot3_E11,Field2,test,8,2,0.7308969622832864,29.460139515573594,0.2831777377666311
2021_Ref_Plot3_E11::22,2021_Ref_Plot3_E11,Field2,test,6,3,0.26934374975674424,16.606057171445855,0.07283591357437333
2021_Ref_Plot3_E11::27,2021_Ref_Plot3_E11,Field2,test,5,4,0.24628227070478617,16.363107139836167,0.07968809339768342
2021_Ref_Plot3_E11::35,2021_Ref_Plot3_E11,Field2,test,8,5,0.1571328027231714,12.26546389823256,0.05075549941002286
2021_Ref_Plot3_E11::44,2021_Ref_Plot3_E11,Field2,test,9,6,0.09545592429542515,10.445761892034263,0.03286371767556378
2021_Ref_Plot3_E11::50,2021_Ref_Plot3_E11,Field2,test,6,7,0.12183411658552139,8.590479133729573,0.06097640943916764
2021_Ref_Plot3_E11::57,2021_Ref_Plot3_E11,Field2,test,7,8,0.10254487467991806,10.929685433453892,0.02228689769190714
2021_Ref_Plot3_E11::65,2021_Ref_Plot3_E11,Field2,test,8,9,0.08222589269633547,8.98816064540762,0.03861557957796383
2021_Ref_Plot3_E11::69,2021_Ref_Plot3_E11,Field2,test,4,10,0.16751264604216096,12.550474855210359,0.08239896249518631
2021_Ref_Plot3_E11::71,2021_Ref_Plot3_E11,Field2,test,2,11,0.07216340379187801,6.0356556149205804,0.005748083157406641
2021_Ref_Plot3_E11::76,2021_Ref_Plot3_E11,Field2,test,5,12,0.09073958355025917,9.650024919925459,0.019726725392262803
2021_Ref_Plot3_E11::8,2021_Ref_Plot3_E11,Field2,test,7,1,0.6607610377504293,27.235646276715194,0.14901050428536528
2021_Ref_Plot3_E11::80,2021_Ref_Plot3_E11,Field2,test,4,13,0.057029290292848416,9.596207818904658,0.017830485054162272
2021_Ref_Plot3_E11::85,2021_Ref_Plot3_E11,Field2,test,5,14,0.07392585410417485,9.234210378242855,0.03955182492726856
2021_Ref_Plot4_A7::16,2021_Ref_Plot4_A7,Field2,test,8,2,0.7995809899508962,30.15004320397809,0.3653765570018546
2021_Ref_Plot4_A7::22,2021_Ref_Plot4_A7,Field2,test,6,3,0.30285569189656036,17.71582701687332,0.10257252986749071
2021_Ref_Plot4_A7::27,2021_Ref_Plot4_A7,Field2,test,5,4,0.45255733493294986,19.278898405679698,0.16505760780680334
2021_Ref_Plot4_A7::35,2021_Ref_Plot4_A7,Field2,test,8,5,0.19354794406527462,14.790933345129575,0.028900689816474718
2021_Ref_Plot4_A7::44,2021_Ref_Plot4_A7,Field2,test,9,6,0.16523744862860348,9.874375978856676,0.047349642463801585
2021_Ref_Plot4_A7::50,2021_Ref_Plot4_A7,Field2,test,6,7,0.13959088982722181,8.864207462705172,0.07256580028640741
2021_Ref_Plot4_A7::57,2021_Ref_Plot4_A7,Field2,test,7,8,0.11624869301772879,8.392602525991915,0.05097811569986317
2021_Ref_Plot4_A7::65,2021_Ref_Plot4_A7,Field2,test,8,9,0.15690421703456173,11.761919441927397,0.058288739061256985
2021_Ref_Plot4_A7::69,2021_Ref_Plot4_A7,Field2,test,4,10,0.1855163213303838,12.381058751822824,0.10488233577229136
2021_Ref_Plot4_A7::71,2021_Ref_Plot4_A7,Field2,test,2,11,0.15492540484811337,9.06271163228529,0.08234391706968681
2021_Ref_Plot4_A7::76,2021_Ref_Plot4_A7,Field2,test,5,12,0.12813845268357607,11.391536083715332,0.015371903648400801
2021_Ref_Plot4_A7::8,2021_Ref_Plot4_A7,Field2,test,7,1,0.7350131679554761,26.982239453307272,0.2124854532622057
2021_Ref_Plot4_A7::80,2021_Ref_Plot4_A7,Field2,test,4,13,0.11981400268938713,9.027301953794858,0.03973399080315015
2021_Ref_Plot4_A7::85,2021_Ref_Plot4_A7,Field2,test,5,14,0.11157673834634531,9.240323901418218,0.05190493975736744
2021_Ref_Plot4_B11::16,2021_Ref_Plot4_B11,Field2,test,8,2,0.8477992378410049,32.26267116794121,0.40688580492753973
2021_Ref_Plot4_B11::22,2021_Ref_Plot4_B11,Field2,test,6,3,0.3418417371303058,17.441811911100565,0.12778462094536372
2021_Ref_Plot4_B11::27,2021_Ref_Plot4_B11,Field2,test,5,4,0.39462736384910474,18.53466442769774,0.13682115392249183
2021_Ref_Plot4_B11::35,2021_Ref_Plot4_B11,Field2,test,8,5,0.21272744746050443,15.468485624664597,0.041714689887644166
2021_Ref_Plot4_B11::44,2021_Ref_Plot4_B11,Field2,test,9,6,0.1636053677162407,10.700959798725663,0.058108605429532945
2021_Ref_Plot4_B11::50,2021_Ref_Plot4_B11,Field2,test,6,7,0.15588052254711002,9.354966598602081,0.06733088274870289
2021_Ref_Plot4_B11::57,2021_Ref_Plot4_B11,Field2,test,7,8,0.1385889094503777,9.81366736979629,0.05375048560507841
2021_Ref_Plot4_B11::65,2021_Ref_Plot4_B11,Field2,test,8,9,0.12547077840387869,11.601821908031528,0.03459428724843825
2021_Ref_Plot4_B11::69,2021_Ref_Plot4_B11,Field2,test,4,10,0.22886275602160522,12.662259188665876,0.09249543767350459
2021_Ref_Plot4_B11::71,2021_Ref_Plot4_B11,Field2,test,2,11,0.133266359799567,8.458198413829866,0.06075812056406229
2021_Ref_Plot4_B11::76,2021_Ref_Plot4_B11,Field2,test,5,12,0.11699043327037899,12.954576256635608,0.020826136183697237
2021_Ref_Plot4_B11::8,2021_Ref_Plot4_B11,Field2,test,7,1,0.7557827725864544,27.674515621013803,0.22651006202424248
2021_Ref_Plot4_B11::80,2021_Ref_Plot4_B11,Field2,test,4,13,0.08619952179728245,8.964123741932045,0.029175524994901458
2021_Ref_Plot4_B11::85,2021_Ref_Plot4_B11,Field2,test,5,14,0.12382670184024736,8.442913792170014,0.03463628943183928
2021_Ref_Plot4_B12::16,2021_Ref_Plot4_B12,Field2,test,8,2,0.8218592226841044,31.2392557638084,0.3784313192968605
2021_Ref_Plot4_B12::22,2021_Ref_Plot4_B12,Field2,test,6,3,0.31937395358184323,16.906036914101573,0.11652547417173831
2021_Ref_Plot4_B12::27,2021_Ref_Plot4_B12,Field2,test,5,4,0.4049263276983299,18.738584032736306,0.15851318239156106
2021_Ref_Plot4_B12::35,2021_Ref_Plot4_B12,Field2,test,8,5,0.1959713445874438,15.436205353074604,0.03668747058448875
2021_Ref_Plot4_B12::44,2021_Ref_Plot4_B12,Field2,test,9,6,0.15643796888033287,10.973214890758346,0.03880280042787936
2021_Ref_Plot4_B12::50,2021_Ref_Plot4_B12,Field2,test,6,7,0.17884316972482805,9.762407334592197,0.09559236819303318
2021_Ref_Plot4_B12::57,2021_Ref_Plot4_B12,Field2,test,7,8,0.1378754053336247,9.630447366903399,0.04199355124692422
2021_Ref_Plot4_B12::65,2021_Ref_Plot4_B12,Field2,test,8,9,0.12725794768895302,12.027917751971149,0.039171852712123194
2021_Ref_Plot4_B12::69,2021_Ref_Plot4_B12,Field2,test,4,10,0.21476582454729984,12.682134100215743,0.06920786229570841
2021_Ref_Plot4_B12::71,2021_Ref_Plot4_B12,Field2,test,2,11,0.1776639065225835,9.766320682281535,0.0941018194492169
2021_Ref_Plot4_B12::76,2021_Ref_Plot4_B12,Field2,test,5,12,0.12542291403758163,13.577760411607358,0.02216906119094228
2021_Ref_Plot4_B12::8,2021_Ref_Plot4_B12,Field2,test,7,1,0.7392482102044733,27.181124152809257,0.2336195122151764
2021_Ref_Plot4_B12::80,2021_Ref_Plot4_B12,Field2,test,4,13,0.11521040707812018,9.150203287607264,0.04179677346058254
2021_Ref_Plot4_B12::85,2021_Ref_Plot4_B12,Field2,test,5,14,0.10078169867255488,6.719189533123087,0.021810404137430104
2021_Ref_Plot4_B13::16,2021_Ref_Plot4_B13,Field2,test,8,2,0.816195227128265,31.164737988710023,0.3554533819950451
2021_Ref_Plot4_B13::22,2021_Ref_Plot4_B13,Field2,test,6,3,0.298262122668155,17.177841161771894,0.08838452625465536
2021_Ref_Plot4_B13::27,2021_Ref_Plot4_B13,Field2,test,5,4,0.36665327449615015,17.805384175383086,0.13577844671075592
2021_Ref_Plot4_B13::35,2021_Ref_Plot4_B13,Field2,test,8,5,0.18909228255538,14.868054291675383,0.03591965690655278
2021_Ref_Plot4_B13::44,2021_Ref_Plot4_B13,Field2,test,9,6,0.13741599441621472,9.628054619652817,0.03639648970517871
2021_Ref_Plot4_B13::50,2021_Ref_Plot4_B13,Field2,test,6,7,0.1393409056865759,9.01946596281203,0.06766497847304268
2021_Ref_Plot4_B13::57,2021_Ref_Plot4_B13,Field2,test,7,8,0.13716017290316365,9.10575553088825,0.056269770104730776
2021_Ref_Plot4_B13::65,2021_Ref_Plot4_B13,Field2,test,8,9,0.10719380129651895,11.318180834267437,0.0333417708871
2021_Ref_Plot4_B13::69,2021_Ref_Plot4_B13,Field2,test,4,10,0.1823998517829785,11.92433302063949,0.0700734491146654
2021_Ref_Plot4_B13::71,2021_Ref_Plot4_B13,Field2,test,2,11,0.13894737420494702,10.114618694183603,0.08972962966662847
2021_Ref_Plot4_B13::76,2021_Ref_Plot4_B13,Field2,test,5,12,0.10178683237209696,10.82300892365832,0.014813449106454834
2021_Ref_Plot4_B13::8,2021_Ref_Plot4_B13,Field2,test,7,1,0.7346805305763983,27.13484650939482,0.21949836938359094
2021_Ref_Plot4_B13::80,2021_Ref_Plot4_B13,Field2,test,4,13,0.07911096535119401,8.43331826738569,0.012658868647920566
2021_Ref_Plot4_B13::85,2021_Ref_Plot4_B13,Field2,test,5,14,0.11463295747996076,8.698248574615002,0.053944925728202725
2021_Ref_Plot4_B15::16,2021_Ref_Plot4_B15,Field2,test,8,2,0.8299159654914336,31.19781467789632,0.3721429158284955
2021_Ref_Plot4_B15::22,2021_Ref_Plot4_B15,Field2,test,6,3,0.34491390206796196,17.493332002239065,0.12870563017352254
2021_Ref_Plot4_B15::27,2021_Ref_Plot4_B15,Field2,test,5,4,0.33908173903216277,17.39616401581272,0.11919453030491249
2021_Ref_Plot4_B15::35,2021_Ref_Plot4_B15,Field2,test,8,5,0.16610241826526576,13.211039947885588,0.02293236901387717
2021_Ref_Plot4_B15::44,2021_Ref_Plot4_B15,Field2,test,9,6,0.1152436272974684,8.836820078513183,0.02163127130503898
2021_Ref_Plot4_B15::50,2021_Ref_Plot4_B15,Field2,test,6,7,0.14637387950959968,9.09954242708954,0.08267619665101741
2021_Ref_Plot4_B15::57,2021_Ref_Plot4_B15,Field2,test,7,8,0.1340193113027444,9.68478243051553,0.05552728252297993
2021_Ref_Plot4_B15::65,2021_Ref_Plot4_B15,Field2,test,8,9,0.12193816380034321,11.049443737673796,0.04410141763299079
2021_Ref_Plot4_B15::69,2021_Ref_Plot4_B15,Field2,test,4,10,0.22106442796762008,12.741591354591016,0.11601276287276335
2021_Ref_Plot4_B15::71,2021_Ref_Plot4_B15,Field2,test,2,11,0.17467020838201353,9.808087728569005,0.09699049459175116
2021_Ref_Plot4_B15::76,2021_Ref_Plot4_B15,Field2,test,5,12,0.11871941030258609,11.809164037160588,0.016796345194201076
2021_Ref_Plot4_B15::8,2021_Ref_Plot4_B15,Field2,test,7,1,0.774326955994606,28.440481148144706,0.2475434364258182
2021_Ref_Plot4_B15::80,2021_Ref_Plot4_B15,Field2,test,4,13,0.09421476085903417,8.629744920418725,0.01836637814453568
2021_Ref_Plot4_B15::85,2021_Ref_Plot4_B15,Field2,test,5,14,0.09221176946313703,8.364532931328277,0.02886702581030605
2021_Ref_Plot4_B16::16,2021_Ref_Plot4_B16,Field2,test,8,2,0.8486216982886498,32.31209576594562,0.40397848454664953
2021_Ref_Plot4_B16::22,2021_Ref_Plot4_B16,Field2,test,6,3,0.3537422239493759,18.121988678754274,0.12341386569992448
2021_Ref_Plot4_B16::27,2021_Ref_Plot4_B16,Field2,test,5,4,0.37855101445052314,18.402306308446615,0.13192893510354123
2021_Ref_Plot4_B16::35,2021_Ref_Plot4_B16,Field2,test,8,5,0.19437812658284456,13.841067592001465,0.017207452860986128
2021_Ref_Plot4_B16::44,2021_Ref_Plot4_B16,Field2,test,9,6,0.1281172618098267,9.865783102720187,0.0370052375904555
2021_Ref_Plot4_B16::50,2021_Ref_Plot4_B16,Field2,test,6,7,0.1028903601911701,8.720502083072544,0.057291458448464304
2021_Ref_Plot4_B16::57,2021_Ref_Plot4_B16,Field2,test,7,8,0.10996203971509859,9.563902576302016,0.04932918555035025
2021_Ref_Plot4_B16::65,2021_Ref_Plot4_B16,Field2,test,8,9,0.10722710236214365,11.230564108931524,0.03295824783506059
2021_Ref_Plot4_B16::69,2021_Ref_Plot4_B16,Field2,test,4,10,0.1965115495012019,12.681060426712772,0.08593003032406031
2021_Ref_Plot4_B16::71,2021_Ref_Plot4_B16,Field2,test,2,11,0.14521457815230518,9.57008787249517,0.07838679842498543
2021_Ref_Plot4_B16::76,2021_Ref_Plot4_B16,Field2,test,5,12,0.13090612426157885,14.120259922165094,0.024854873709623044
2021_Ref_Plot4_B16::8,2021_Ref_Plot4_B16,Field2,test,7,1,0.7614814547675915,27.511339631840972,0.23296448271618292
2021_Ref_Plot4_B16::80,2021_Ref_Plot4_B16,Field2,test,4,13,0.10209735723654167,8.034136537821063,0.022979619118293652
2021_Ref_Plot4_B16::85,2021_Ref_Plot4_B16,Field2,test,5,14,0.08112178210036204,8.028340892200335,0.027605798647875542
2021_Ref_Plot4_B17::16,2021_Ref_Plot4_B17,Field2,test,8,2,0.8426257645105739,31.955673690911027,0.4013403670841231
2021_Ref_Plot4_B17::22,2021_Ref_Plot4_B17,Field2,test,6,3,0.31650992728945937,17.424590786299547,0.09719081679990745
2021_Ref_Plot4_B17::27,2021_Ref_Plot4_B17,Field2,test,5,4,0.3569865156040182,18.0338610506482,0.11641898573851761
2021_Ref_Plot4_B17::35,2021_Ref_Plot4_B17,Field2,test,8,5,0.1634894313918319,12.95329529380057,0.01865667494934241
2021_Ref_Plot4_B17::44,2021_Ref_Plot4_B17,Field2,test,9,6,0.130261474732752,9.825078317453599,0.03426203942954292
2021_Ref_Plot4_B17::50,2021_Ref_Plot4_B17,Field2,test,6,7,0.14597905982181344,9.763632684724511,0.08045325064663403
2021_Ref_Plot4_B17::57,2021_Ref_Plot4_B17,Field2,test,7,8,0.1037987520854109,9.534233544748652,0.04793012057667418
2021_Ref_Plot4_B17::65,2021_Ref_Plot4_B17,Field2,test,8,9,0.08896334872522337,10.859877209237588,0.014766055638298487
2021_Ref_Plot4_B17::69,2021_Ref_Plot4_B17,Field2,test,4,10,0.15043602649889215,12.026137046908676,0.05327804636158237
2021_Ref_Plot4_B17::71,2021_Ref_Plot4_B17,Field2,test,2,11,0.15496291604988557,9.634010774391522,0.09247426562962713
2021_Ref_Plot4_B17::76,2021_Ref_Plot4_B17,Field2,test,5,12,0.14220464105068997,13.295444295943131,0.03226094478360016
2021_Ref_Plot4_B17::8,2021_Ref_Plot4_B17,Field2,test,7,1,0.7433746462262993,26.846311178493142,0.21452267028150587
2021_Ref_Plot4_B17::80,2021_Ref_Plot4_B17,Field2,test,4,13,0.07898962773521716,7.9364003642885095,0.0340124680753286
2021_Ref_Plot4_B17::85,2021_Ref_Plot4_B17,Field2,test,5,14,0.09025350528332443,8.994052008928461,0.03137100001600075
2021_Ref_Plot4_C4::16,2021_Ref_Plot4_C4,Field2,test,8,2,0.8161333859036466,30.734912465319532,0.3907342323852721
2021_Ref_Plot4_C4::22,2021_Ref_Plot4_C4,Field2,test,6,3,0.2962366352672241,16.954903551593453,0.07509129863783771
2021_Ref_Plot4_C4::27,2021_Ref_Plot4_C4,Field2,test,5,4,0.3503744291251385,16.950447903160327,0.13296876655732415
2021_Ref_Plot4_C4::35,2021_Ref_Plot4_C4,Field2,test,8,5,0.2241671338634028,14.956038894302415,0.05005357829535018
2021_Ref_Plot4_C4::44,2021_Ref_Plot4_C4,Field2,test,9,6,0.13493405577008286,9.836980018603718,0.0537053406862969
2021_Ref_Plot4_C4::50,2021_Ref_Plot4_C4,Field2,test,6,7,0.1543168678043249,9.354320848693531,0.09431232595002872
2021_Ref_Plot4_C4::57,2021_Ref_Plot4_C4,Field2,test,7,8,0.13829142422717278,9.274739123479328,0.062349466711880394
2021_Ref_Plot4_C4::65,2021_Ref_Plot4_C4,Field2,test,8,9,0.13345747437226627,11.289267683832822,0.04887555189001904
2021_Ref_Plot4_C4::69,2021_Ref_Plot4_C4,Field2,test,4,10,0.20039609292795468,12.666734382620643,0.09655397473525672
2021_Ref_Plot4_C4::71,2021_Ref_Plot4_C4,Field2,test,2,11,0.12438486583310998,8.360691761800936,0.06206410132167744
2021_Ref_Plot4_C4::76,2021_Ref_Plot4_C4,Field2,test,5,12,0.1374371939312973,12.804008686695607,0.023656287402258454
2021_Ref_Plot4_C4::8,2021_Ref_Plot4_C4,Field2,test,7,1,0.7456182605701865,26.652847704627508,0.2287499925566793
2021_Ref_Plot4_C4::80,2021_Ref_Plot4_C4,Field2,test,4,13,0.08154354841857009,9.323687526014346,0.02380196038604395
2021_Ref_Plot4_C4::85,2021_Ref_Plot4_C4,Field2,test,5,14,0.08014565695942259,9.946334241324873,0.03823520294118028
2021_Ref_Plot4_D11::16,2021_Ref_Plot4_D11,Field2,test,8,2,0.8195229073304747,31.408887977588122,0.4224843821928611
2021_Ref_Plot4_D11::22,2021_Ref_Plot4_D11,Field2,test,6,3,0.31604259519294736,17.46047688725813,0.1168475972843443
2021_Ref_Plot4_D11::27,2021_Ref_Plot4_D11,Field2,test,5,4,0.35617754652819084,17.929338407311967,0.15018141488271347
2021_Ref_Plot4_D11::35,2021_Ref_Plot4_D11,Field2,test,8,5,0.19344414238864718,14.664347771177674,0.030393374332530695
2021_Ref_Plot4_D11::44,2021_Ref_Plot4_D11,Field2,test,9,6,0.12231542329543343,9.079584949349117,0.046057979561302954
2021_Ref_Plot4_D11::50,2021_Ref_Plot4_D11,Field2,test,6,7,0.1250358601056842,9.308332334159449,0.06606275324263473
2021_Ref_Plot4_D11::57,2021_Ref_Plot4_D11,Field2,test,7,8,0.11189142097772613,10.671239090877174,0.013859793459607568
2021_Ref_Plot4_D11::65,2021_Ref_Plot4_D11,Field2,test,8,9,0.07596191940218429,8.983455149240692,0.02131766957789971
2021_Ref_Plot4_D11::69,2021_Ref_Plot4_D11,Field2,test,4,10,0.22179321938692945,13.500003132341574,0.084386760766883
2021_Ref_Plot4_D11::71,2021_Ref_Plot4_D11,Field2,test,2,11,0.1306242116981767,8.54910519840812,0.06225271622054879
2021_Ref_Plot4_D11::76,2021_Ref_Plot4_D11,Field2,test,5,12,0.1445734199173066,14.30817088082107,0.051122881029225305
2021_Ref_Plot4_D11::8,2021_Ref_Plot4_D11,Field2,test,7,1,0.7274528822599476,27.959694396234077,0.22802060140976207
2021_Ref_Plot4_D11::80,2021_Ref_Plot4_D11,Field2,test,4,13,0.10175587628209859,8.340996754607579,0.04549692141299176
2021_Ref_Plot4_D11::85,2021_Ref_Plot4_D11,Field2,test,5,14,0.16316401619100934,11.471749740089832,0.06135537009336325
2021_Ref_Plot4_D6::16,2021_Ref_Plot4_D6,Field2,test,8,2,0.7833344657622607,30.161206511504236,0.37996574776206454
2021_Ref_Plot4_D6::22,2021_Ref_Plot4_D6,Field2,test,6,3,0.26824195352205044,16.458562396958957,0.08812504578448356
2021_Ref_Plot4_D6::27,2021_Ref_Plot4_D6,Field2,test,5,4,0.369791874995037,16.911514673293766,0.1610935847669566
2021_Ref_Plot4_D6::35,2021_Ref_Plot4_D6,Field2,test,8,5,0.17996156169705543,14.816285978524126,0.014473415670988473
2021_Ref_Plot4_D6::44,2021_Ref_Plot4_D6,Field2,test,9,6,0.10568342571214308,9.014873235908965,0.04178244910291877
2021_Ref_Plot4_D6::50,2021_Ref_Plot4_D6,Field2,test,6,7,0.12827162694669259,9.072287733359786,0.07922760361698016
2021_Ref_Plot4_D6::57,2021_Ref_Plot4_D6,Field2,test,7,8,0.1558962416313693,10.734820869392319,0.0474992045277683
2021_Ref_Plot4_D6::65,2021_Ref_Plot4_D6,Field2,test,8,9,0.07100042432737058,10.128231065879579,0.017997039055454793
2021_Ref_Plot4_D6::69,2021_Ref_Plot4_D6,Field2,test,4,10,0.17244635937801978,12.821853877349007,0.08537639872468616
2021_Ref_Plot4_D6::71,2021_Ref_Plot4_D6,Field2,test,2,11,0.1335931519449303,9.21774441544919,0.06496455932656191
2021_Ref_Plot4_D6::76,2021_Ref_Plot4_D6,Field2,test,5,12,0.17080351304095087,14.771576886593046,0.04911499666688527
2021_Ref_Plot4_D6::8,2021_Ref_Plot4_D6,Field2,test,7,1,0.7105833333637698,27.651944939738883,0.22060162571053776
2021_Ref_Plot4_D6::80,2021_Ref_Plot4_D6,Field2,test,4,13,0.07208075813320536,7.85519837865508,0.01704400138927475
2021_Ref_Plot4_D6::85,2021_Ref_Plot4_D6,Field2,test,5,14,0.08426019705781305,9.266984408545134,0.038727753434836906
2021_Ref_Plot5_A17::16,2021_Ref_Plot5_A17,Field2,test,8,2,0.7900662880735462,30.693246206471354,0.3264912404596671
2021_Ref_Plot5_A17::22,2021_Ref_Plot5_A17,Field2,test,6,3,0.29062789072219947,18.141812750351406,0.08879523135691954
2021_Ref_Plot5_A17::27,2021_Ref_Plot5_A17,Field2,test,5,4,0.3106142487347872,17.900690981616528,0.09099188384406771
2021_Ref_Plot5_A17::35,2021_Ref_Plot5_A17,Field2,test,8,5,0.12344919654612739,12.614753517998864,0.02437079824341835
2021_Ref_Plot5_A17::44,2021_Ref_Plot5_A17,Field2,test,9,6,0.10086860536421506,9.800402343156549,0.029602195354778392
2021_Ref_Plot5_A17::50,2021_Ref_Plot5_A17,Field2,test,6,7,0.12942312461638253,8.37005523282609,0.05549650125226632
2021_Ref_Plot5_A17::69,2021_Ref_Plot5_A17,Field2,test,4,9,0.14452659645623164,12.01709607620913,0.06162984895524297
2021_Ref_Plot5_A17::71,2021_Ref_Plot5_A17,Field2,test,2,10,0.14977491741986776,8.861579092879266,0.08120449278285174
2021_Ref_Plot5_A17::76,2021_Ref_Plot5_A17,Field2,test,5,11,0.15512815266828753,14.287017174579566,0.03963930890488004
2021_Ref_Plot5_A17::8,2021_Ref_Plot5_A17,Field2,test,7,1,0.7281554909928061,27.785503976486602,0.20807352806993096
2021_Ref_Plot5_A17::80,2021_Ref_Plot5_A17,Field2,test,4,12,0.1626716803954479,10.467872984785195,0.08769277203319427
2021_Ref_Plot5_A17::85,2021_Ref_Plot5_A17,Field2,test,5,13,0.09942527408637707,9.313318442360883,0.05265571292600457
2021_Ref_Plot5_A19::16,2021_Ref_Plot5_A19,Field2,test,8,2,0.8140771833101555,30.910139113911352,0.33741391578703883
2021_Ref_Plot5_A19::22,2021_Ref_Plot5_A19,Field2,test,6,3,0.32220179310028146,18.406549456353748,0.09142701702063905
2021_Ref_Plot5_A19::27,2021_Ref_Plot5_A19,Field2,test,5,4,0.3065483405198212,18.339504569134213,0.05012619110273959
2021_Ref_Plot5_A19::35,2021_Ref_Plot5_A19,Field2,test,8,5,0.14772675572554175,13.436028815916263,0.03661352479956863
2021_Ref_Plot5_A19::44,2021_Ref_Plot5_A19,Field2,test,9,6,0.11548075341719473,10.528104297289644,0.021620032763037412
2021_Ref_Plot5_A19::50,2021_Ref_Plot5_A19,Field2,test,6,7,0.19242215088677608,8.897156393442021,0.09521234329578754
2021_Ref_Plot5_A19::57,2021_Ref_Plot5_A19,Field2,test,7,8,0.17316531709009045,10.63691262535161,0.05196220131843784
2021_Ref_Plot5_A19::65,2021_Ref_Plot5_A19,Field2,test,8,9,0.12304922858769585,11.444316911099168,0.03188898890628957
2021_Ref_Plot5_A19::69,2021_Ref_Plot5_A19,Field2,test,4,10,0.18875334160388116,12.563094134378945,0.07365803274995887
2021_Ref_Plot5_A19::71,2021_Ref_Plot5_A19,Field2,test,2,11,0.21282924439109127,10.52778902579458,0.12470447894050486
2021_Ref_Plot5_A19::76,2021_Ref_Plot5_A19,Field2,test,5,12,0.1548786220478627,13.198124561378945,0.0475567451059377
2021_Ref_Plot5_A19::8,2021_Ref_Plot5_A19,Field2,test,7,1,0.7337550799455174,28.32331125425317,0.2111020743094294
2021_Ref_Plot5_A19::80,2021_Ref_Plot5_A19,Field2,test,4,13,0.08747849263263925,8.20836248303481,0.026916577577313066
2021_Ref_Plot5_A19::85,2021_Ref_Plot5_A19,Field2,test,5,14,0.07233761916298666,8.876994898082339,0.027930930105215992
2021_Ref_Plot5_B12::16,2021_Ref_Plot5_B12,Field2,test,8,2,0.8056442621518757,30.699991257560598,0.35411020639356494
2021_Ref_Plot5_B12::22,2021_Ref_Plot5_B12,Field2,test,6,3,0.3291787545496007,18.64438661309552,0.09984003388135196
2021_Ref_Plot5_B12::27,2021_Ref_Plot5_B12,Field2,test,5,4,0.2938242894739833,16.95113682616838,0.06863347794014597
2021_Ref_Plot5_B12::35,2021_Ref_Plot5_B12,Field2,test,8,5,0.14088655337468706,12.211051249527987,0.030400114580004554
2021_Ref_Plot5_B12::44,2021_Ref_Plot5_B12,Field2,test,9,6,0.1209018016111214,9.85054099156887,0.0394933160244347
2021_Ref_Plot5_B12::50,2021_Ref_Plot5_B12,Field2,test,6,7,0.11659303447335699,8.26811493822446,0.06318729231386404
2021_Ref_Plot5_B12::57,2021_Ref_Plot5_B12,Field2,test,7,8,0.11986620959586329,10.756769603564592,0.03480679392807354
2021_Ref_Plot5_B12::65,2021_Ref_Plot5_B12,Field2,test,8,9,0.12076363262648987,11.330470695416235,0.030611448384627923
2021_Ref_Plot5_B12::69,2021_Ref_Plot5_B12,Field2,test,4,10,0.18770957166854182,12.88802269434142,0.0935409379425495
2021_Ref_Plot5_B12::71,2021_Ref_Plot5_B12,Field2,test,2,11,0.14160861244867187,8.689870063933835,0.07091528880393905
2021_Ref_Plot5_B12::76,2021_Ref_Plot5_B12,Field2,test,5,12,0.1300164342022158,13.321978034565465,0.024169238365854332
2021_Ref_Plot5_B12::8,2021_Ref_Plot5_B12,Field2,test,7,1,0.7445792052609969,27.43086280398083,0.2591375468072495
2021_Ref_Plot5_B12::80,2021_Ref_Plot5_B12,Field2,test,4,13,0.05325827506117145,6.920584031363038,0.019059783843462953
2021_Ref_Plot5_B12::85,2021_Ref_Plot5_B12,Field2,test,5,14,0.09253574284201078,8.706771507435672,0.029898350877481345
2021_Ref_Plot5_B14::16,2021_Ref_Plot5_B14,Field2,test,8,2,0.8109547765841513,31.445531995316138,0.3521251294712531
2021_Ref_Plot5_B14::22,2021_Ref_Plot5_B14,Field2,test,6,3,0.27847263277776396,17.873744394767744,0.087299361087675
2021_Ref_Plot5_B14::27,2021_Ref_Plot5_B14,Field2,test,5,4,0.30847118909556814,18.065386860143008,0.08326961907263167
2021_Ref_Plot5_B14::35,2021_Ref_Plot5_B14,Field2,test,8,5,0.13271261002219328,12.150548538146245,0.0274026355016442
2021_Ref_Plot5_B14::44,2021_Ref_Plot5_B14,Field2,test,9,6,0.12686347720778568,11.311941745413659,0.03651452727535239
2021_Ref_Plot5_B14::50,2021_Ref_Plot5_B14,Field2,test,6,7,0.14684792289978643,9.102600844734889,0.07239153938161998
2021_Ref_Plot5_B14::57,2021_Ref_Plot5_B14,Field2,test,7,8,0.14074776536560854,10.572148025901482,0.039613539107748466
2021_Ref_Plot5_B14::65,2021_Ref_Plot5_B14,Field2,test,8,9,0.13527305311591062,11.84073035027499,0.043954116578695246
2021_Ref_Plot5_B14::69,2021_Ref_Plot5_B14,Field2,test,4,10,0.16626159189784728,12.538472341661528,0.05606068116832237
2021_Ref_Plot5_B14::71,2021_Ref_Plot5_B14,Field2,test,2,11,0.1841626866060091,9.943403058462936,0.10871389808517738
2021_Ref_Plot5_B14::76,2021_Ref_Plot5_B14,Field2,test,5,12,0.1588371429715522,14.170847067990627,0.02411670900307025
2021_Ref_Plot5_B14::8,2021_Ref_Plot5_B14,Field2,test,7,1,0.7170592710535825,27.44773930611516,0.20868051689658662
2021_Ref_Plot5_B14::80,2021_Ref_Plot5_B14,Field2,test,4,13,0.09583219585609071,7.9809639563696635,0.01286679670318026
2021_Ref_Plot5_B14::85,2021_Ref_Plot5_B14,Field2,test,5,14,0.07458217809587069,8.413722804042342,0.029116370006212828
2021_Ref_Plot5_C12::16,2021_Ref_Plot5_C12,Field2,test,8,2,0.8039355966645662,30.10427883079504,0.34027296341163055
2021_Ref_Plot5_C12::22,2021_Ref_Plot5_C12,Field2,test,6,3,0.19666786536576653,14.376348306090916,0.04137140434305597
2021_Ref_Plot5_C12::27,2021_Ref_Plot5_C12,Field2,test,5,4,0.24521975011080197,16.24484643152045,0.05747863565745621
2021_Ref_Plot5_C12::35,2021_Ref_Plot5_C12,Field2,test,8,5,0.14236111291517894,12.328141846425307,0.040302299538468186
2021_Ref_Plot5_C12::44,2021_Ref_Plot5_C12,Field2,test,9,6,0.11451312462835495,9.426278965434452,0.030061497720742694
2021_Ref_Plot5_C12::50,2021_Ref_Plot5_C12,Field2,test,6,7,0.13452791798489608,8.51053252397578,0.07737270135244922
2021_Ref_Plot5_C12::57,2021_Ref_Plot5_C12,Field2,test,7,8,0.1039213035510733,9.652604698059813,0.021892994413692413
2021_Ref_Plot5_C12::65,2021_Ref_Plot5_C12,Field2,test,8,9,0.10609024216524289,11.66910041271829,0.03170202916706197
2021_Ref_Plot5_C12::69,2021_Ref_Plot5_C12,Field2,test,4,10,0.1911276863162784,13.342758996511797,0.0942623256938709
2021_Ref_Plot5_C12::71,2021_Ref_Plot5_C12,Field2,test,2,11,0.1461837281584699,8.66238736580767,0.07250457447690722
2021_Ref_Plot5_C12::76,2021_Ref_Plot5_C12,Field2,test,5,12,0.12374663948035919,12.651693173257765,0.019991691963274133
2021_Ref_Plot5_C12::8,2021_Ref_Plot5_C12,Field2,test,7,1,0.7316066299886401,26.488417493313037,0.20268457188058925
2021_Ref_Plot5_C12::80,2021_Ref_Plot5_C12,Field2,test,4,13,0.09976744288006241,7.8317705565405795,0.02631252359307503
2021_Ref_Plot5_C12::85,2021_Ref_Plot5_C12,Field2,test,5,14,0.0914602463322588,9.027289050258577,0.030010862148476033
2021_Ref_Plot5_C17::16,2021_Ref_Plot5_C17,Field2,test,8,2,0.8000485557400006,30.998717985797242,0.3413358258199882
2021_Ref_Plot5_C17::22,2021_Ref_Plot5_C17,Field2,test,6,3,0.2506568468587595,16.21500698492874,0.05796118330806351
2021_Ref_Plot5_C17::27,2021_Ref_Plot5_C17,Field2,test,5,4,0.2816754621776467,16.880792439703704,0.08145410849337192
2021_Ref_Plot5_C17::35,2021_Ref_Plot5_C17,Field2,test,8,5,0.13125028557828197,12.393476677671627,0.016198706730701434
2021_Ref_Plot5_C17::44,2021_Ref_Plot5_C17,Field2,test,9,6,0.12188667707307353,9.993551900421965,0.037254448233274416
2021_Ref_Plot5_C17::50,2021_Ref_Plot5_C17,Field2,test,6,7,0.1582065354117929,9.329133395869313,0.08117858866990127
2021_Ref_Plot5_C17::57,2021_Ref_Plot5_C17,Field2,test,7,8,0.16178968901967547,11.296191847154915,0.03860684666770631
2021_Ref_Plot5_C17::65,2021_Ref_Plot5_C17,Field2,test,8,9,0.12565410677482336,11.738721823200184,0.05225471839552059
2021_Ref_Plot5_C17::69,2021_Ref_Plot5_C17,Field2,test,4,10,0.15459761103751665,12.290532460363103,0.0640111211485587
2021_Ref_Plot5_C17::71,2021_Ref_Plot5_C17,Field2,test,2,11,0.0984720946744541,8.081618478118877,0.03208130632049014
2021_Ref_Plot5_C17::76,2021_Ref_Plot5_C17,Field2,test,5,12,0.13957730501563245,13.504760257740617,0.04308555807988373
2021_Ref_Plot5_C17::8,2021_Ref_Plot5_C17,Field2,test,7,1,0.7345476560739151,27.87532476172609,0.22642302419688276
2021_Ref_Plot5_C17::80,2021_Ref_Plot5_C17,Field2,test,4,13,0.08971292275045795,7.782695713013271,0.028940606404284492
2021_Ref_Plot5_C17::85,2021_Ref_Plot5_C17,Field2,test,5,14,0.07929007100880688,9.623116003004126,0.0427951162519903
2021_Ref_Plot5_C18::16,2021_Ref_Plot5_C18,Field2,test,8,2,0.8055331441314122,30.907218644997347,0.3412510540931761
2021_Ref_Plot5_C18::22,2021_Ref_Plot5_C18,Field2,test,6,3,0.2482280104931105,16.153862022314655,0.06037600173426884
2021_Ref_Plot5_C18::27,2021_Ref_Plot5_C18,Field2,test,5,4,0.27799633388182915,16.920168005917102,0.06708275131829855
2021_Ref_Plot5_C18::35,2021_Ref_Plot5_C18,Field2,test,8,5,0.1448393669488541,13.012421522075519,0.04119822082334528
2021_Ref_Plot5_C18::44,2021_Ref_Plot5_C18,Field2,test,9,6,0.1161530865523211,9.98888016442644,0.034161951705526446
2021_Ref_Plot5_C18::50,2021_Ref_Plot5_C18,Field2,test,6,7,0.178097745938702,9.765071779201941,0.11063786679238512
2021_Ref_Plot5_C18::57,2021_Ref_Plot5_C18,Field2,test,7,8,0.1726202317598289,11.896278075779314,0.0536238718563047
2021_Ref_Plot5_C18::65,2021_Ref_Plot5_C18,Field2,test,8,9,0.12008497475740099,11.710916931880144,0.03703975544151209
2021_Ref_Plot5_C18::69,2021_Ref_Plot5_C18,Field2,test,4,10,0.159500674026182,12.59295564620942,0.07479823356910002
2021_Ref_Plot5_C18::71,2021_Ref_Plot5_C18,Field2,test,2,11,0.1340575100280751,8.234918928173974,0.07004671230530314
2021_Ref_Plot5_C18::76,2021_Ref_Plot5_C18,Field2,test,5,12,0.1659390627567912,14.251023014345716,0.07161260339558359
2021_Ref_Plot5_C18::8,2021_Ref_Plot5_C18,Field2,test,7,1,0.7346129742822097,28.044408415096377,0.2249181286671686
2021_Ref_Plot5_C18::80,2021_Ref_Plot5_C18,Field2,test,4,13,0.09147625690151362,6.550019524441337,0.005171140639559393
2021_Ref_Plot5_C18::85,2021_Ref_Plot5_C18,Field2,test,5,14,0.10729588518273536,9.62194264413987,0.061270844808890335
2021_Ref_Plot5_D10::16,2021_Ref_Plot5_D10,Field2,test,8,2,0.817058959128488,31.040640528973267,0.36968545878213815
2021_Ref_Plot5_D10::22,2021_Ref_Plot5_D10,Field2,test,6,3,0.28080891922320045,15.326258810839192,0.09562727087414996
2021_Ref_Plot5_D10::27,2021_Ref_Plot5_D10,Field2,test,5,4,0.23586049292997915,15.952726711937908,0.061296078123577805
2021_Ref_Plot5_D10::35,2021_Ref_Plot5_D10,Field2,test,8,5,0.08665756339515036,9.924221108365334,0.002049395535721571
2021_Ref_Plot5_D10::44,2021_Ref_Plot5_D10,Field2,test,9,6,0.11574439810290682,9.622587503979856,0.03422666712035962
2021_Ref_Plot5_D10::50,2021_Ref_Plot5_D10,Field2,test,6,7,0.13082122202601673,8.96998681947071,0.06877857499685944
2021_Ref_Plot5_D10::57,2021_Ref_Plot5_D10,Field2,test,7,8,0.10344946493555827,10.933491333714684,0.0332603414698166
2021_Ref_Plot5_D10::65,2021_Ref_Plot5_D10,Field2,test,8,9,0.14173749563295093,12.10418526983829,0.0715385861918179
2021_Ref_Plot5_D10::69,2021_Ref_Plot5_D10,Field2,test,4,10,0.16843861978539545,12.314510619673717,0.0708659353585843
2021_Ref_Plot5_D10::71,2021_Ref_Plot5_D10,Field2,test,2,11,0.1153610842689683,9.235290396861283,0.04707810289031527
2021_Ref_Plot5_D10::76,2021_Ref_Plot5_D10,Field2,test,5,12,0.1175763470359682,13.00740655385104,0.020254996263209635
2021_Ref_Plot5_D10::8,2021_Ref_Plot5_D10,Field2,test,7,1,0.7656576507487332,27.90101162422227,0.2215756581031174
2021_Ref_Plot5_D10::80,2021_Ref_Plot5_D10,Field2,test,4,13,0.08121279846411252,8.80733813922005,0.00817092759108808
2021_Ref_Plot5_D10::85,2021_Ref_Plot5_D10,Field2,test,5,14,0.08689335847734897,8.848420947655907,0.04119188685752414
2021_Ref_Plot5_D11::16,2021_Ref_Plot5_D11,Field2,test,8,2,0.8126765226744771,31.247791676844553,0.37627044773998963
2021_Ref_Plot5_D11::22,2021_Ref_Plot5_D11,Field2,test,6,3,0.271868419430868,16.21869348069678,0.08780351226218014
2021_Ref_Plot5_D11::27,2021_Ref_Plot5_D11,Field2,test,5,4,0.20135446474315213,15.041642111667493,0.045034740097617626
2021_Ref_Plot5_D11::35,2021_Ref_Plot5_D11,Field2,test,8,5,0.130211355377282,12.535663157795307,0.02088126068349755
2021_Ref_Plot5_D11::44,2021_Ref_Plot5_D11,Field2,test,9,6,0.11726270663991893,9.725840455400078,0.04874804337871434
2021_Ref_Plot5_D11::50,2021_Ref_Plot5_D11,Field2,test,6,7,0.11863272599101797,9.390595278386657,0.06316530507262617
2021_Ref_Plot5_D11::57,2021_Ref_Plot5_D11,Field2,test,7,8,0.11235703494457389,11.513274309186023,0.03952522325287311
2021_Ref_Plot5_D11::65,2021_Ref_Plot5_D11,Field2,test,8,9,0.0915133709637022,10.888377595337035,0.02587280231937369
2021_Ref_Plot5_D11::69,2021_Ref_Plot5_D11,Field2,test,4,10,0.1728058275657961,12.408311303241073,0.08298286998837295
2021_Ref_Plot5_D11::71,2021_Ref_Plot5_D11,Field2,test,2,11,0.11813861136490839,8.611130980870472,0.06150777243548195
2021_Ref_Plot5_D11::76,2021_Ref_Plot5_D11,Field2,test,5,12,0.1475300574833199,12.857752589569198,0.0452892592706992
2021_Ref_Plot5_D11::8,2021_Ref_Plot5_D11,Field2,test,7,1,0.7576575844326815,28.09191432032754,0.2284462372417157
2021_Ref_Plot5_D11::80,2021_Ref_Plot5_D11,Field2,test,4,13,0.09514000851931219,9.421933493640253,0.03409226876900175
2021_Ref_Plot5_D11::85,2021_Ref_Plot5_D11,Field2,test,5,14,0.06612183581305614,9.248340599195807,0.018807183099000202
2021_Ref_Plot5_D9::16,2021_Ref_Plot5_D9,Field2,test,8,2,0.8199132962733872,32.074756715396894,0.3831675005810306
2021_Ref_Plot5_D9::22,2021_Ref_Plot5_D9,Field2,test,6,3,0.26041527981290424,15.170230599281231,0.08230705614577721
2021_Ref_Plot5_D9::27,2021_Ref_Plot5_D9,Field2,test,5,4,0.1547724453212587,14.089115957642237,0.030172707701651588
2021_Ref_Plot5_D9::35,2021_Ref_Plot5_D9,Field2,test,8,5,0.12411671458839729,11.231030494424543,0.01946741588807696
2021_Ref_Plot5_D9::44,2021_Ref_Plot5_D9,Field2,test,9,6,0.0937769213990972,9.095166126670499,0.023774583180575928
2021_Ref_Plot5_D9::50,2021_Ref_Plot5_D9,Field2,test,6,7,0.12200296765766118,9.185458780809201,0.0648983595846492
2021_Ref_Plot5_D9::57,2021_Ref_Plot5_D9,Field2,test,7,8,0.12600386085607554,11.21096189834563,0.04374991449855319
2021_Ref_Plot5_D9::65,2021_Ref_Plot5_D9,Field2,test,8,9,0.10945247594531571,11.074256372427666,0.038593099853334714
2021_Ref_Plot5_D9::69,2021_Ref_Plot5_D9,Field2,test,4,10,0.1301818815671615,12.061998865324462,0.03819269047662423
2021_Ref_Plot5_D9::71,2021_Ref_Plot5_D9,Field2,test,2,11,0.09864422844629078,9.1952759073237,0.03600255384228178
2021_Ref_Plot5_D9::76,2021_Ref_Plot5_D9,Field2,test,5,12,0.13453666444017262,12.596515406995783,0.013172805513550512
2021_Ref_Plot5_D9::8,2021_Ref_Plot5_D9,Field2,test,7,1,0.7691356156435414,28.32074411535111,0.23162638711249015
2021_Ref_Plot5_D9::80,2021_Ref_Plot5_D9,Field2,test,4,13,0.09143417444301462,9.2871894441549,0.030147467819246605
2021_Ref_Plot5_D9::85,2021_Ref_Plot5_D9,Field2,test,5,14,0.07488818024242218,8.04589599790514,0.013132994776577719
2021_Ref_Plot5_E11::16,2021_Ref_Plot5_E11,Field2,test,8,2,0.7676834453385816,29.12423860777323,0.3328062508467534
2021_Ref_Plot5_E11::22,2021_Ref_Plot5_E11,Field2,test,6,3,0.24902347972745872,16.211022949632408,0.07507191915101206
2021_Ref_Plot5_E11::27,2021_Ref_Plot5_E11,Field2,test,5,4,0.18530670438873217,15.162992002191967,0.04300841590160349
2021_Ref_Plot5_E11::35,2021_Ref_Plot5_E11,Field2,test,8,5,0.12802445328778722,12.111273902099843,0.03306759959642877
2021_Ref_Plot5_E11::44,2021_Ref_Plot5_E11,Field2,test,9,6,0.07993136209892748,9.202861114332393,0.024716093746638555
2021_Ref_Plot5_E11::50,2021_Ref_Plot5_E11,Field2,test,6,7,0.10897392756292727,8.918335625875793,0.05011980045103996
2021_Ref_Plot5_E11::57,2021_Ref_Plot5_E11,Field2,test,7,8,0.13128063402633175,11.696829906230931,0.0525508714894819
2021_Ref_Plot5_E11::65,2021_Ref_Plot5_E11,Field2,test,8,9,0.08909768817618464,10.043705079653343,0.026152329551672356
2021_Ref_Plot5_E11::69,2021_Ref_Plot5_E11,Field2,test,4,10,0.16955466497019303,12.520278350765164,0.09053876999293474
2021_Ref_Plot5_E11::71,2021_Ref_Plot5_E11,Field2,test,2,11,0.12259208144164264,9.032085762143762,0.07695766613322959
2021_Ref_Plot5_E11::76,2021_Ref_Plot5_E11,Field2,test,5,12,0.10206609567113618,10.415683506735757,0.020073362979751458
2021_Ref_Plot5_E11::8,2021_Ref_Plot5_E11,Field2,test,7,1,0.734568142560133,26.985906237651545,0.1983224236767213
2021_Ref_Plot5_E11::80,2021_Ref_Plot5_E11,Field2,test,4,13,0.07367273942925175,9.075109241787393,0.022596392573527715
2021_Ref_Plot5_E11::85,2021_Ref_Plot5_E11,Field2,test,5,14,0.07885004262310606,8.950161142381756,0.022590582564333085
2021_Ref_Plot5_E3::16,2021_Ref_Plot5_E3,Field2,test,8,2,0.7937385907088128,31.032643164543554,0.3239374720537617
2021_Ref_Plot5_E3::22,2021_Ref_Plot5_E3,Field2,test,6,3,0.3038751288924257,17.41866758163241,0.08391349884931966
2021_Ref_Plot5_E3::27,2021_Ref_Plot5_E3,Field2,test,5,4,0.2648390210421784,16.410929176828986,0.09115542856662948
2021_Ref_Plot5_E3::35,2021_Ref_Plot5_E3,Field2,test,8,5,0.13030287292100579,11.980055312372668,0.03420359924126484
2021_Ref_Plot5_E3::44,2021_Ref_Plot5_E3,Field2,test,9,6,0.09524132689231764,9.692969093162295,0.02798463455952038
2021_Ref_Plot5_E3::50,2021_Ref_Plot5_E3,Field2,test,6,7,0.15046634640394504,9.589272151593294,0.09066441312875718
2021_Ref_Plot5_E3::57,2021_Ref_Plot5_E3,Field2,test,7,8,0.10125555004451152,10.773850432914596,0.020649128008155847
2021_Ref_Plot5_E3::65,2021_Ref_Plot5_E3,Field2,test,8,9,0.07522952310710665,10.406410930980968,0.0174148047717063
2021_Ref_Plot5_E3::69,2021_Ref_Plot5_E3,Field2,test,4,10,0.1584252477881922,12.752458829089697,0.04673617478319375
2021_Ref_Plot5_E3::71,2021_Ref_Plot5_E3,Field2,test,2,11,0.11445364001217444,8.922707525368647,0.05605014498523343
2021_Ref_Plot5_E3::76,2021_Ref_Plot5_E3,Field2,test,5,12,0.13780065013147652,11.743173598385928,0.016800960349536726
2021_Ref_Plot5_E3::8,2021_Ref_Plot5_E3,Field2,test,7,1,0.7164286403804424,27.475209391946784,0.19761874625730055
2021_Ref_Plot5_E3::80,2021_Ref_Plot5_E3,Field2,test,4,13,0.0616663969476868,7.958329432746488,0.00619209807173361
2021_Ref_Plot5_E3::85,2021_Ref_Plot5_E3,Field2,test,5,14,0.060563461517106676,9.057081845029371,0.017644086599322824
2021_Ref_Plot5_E7::16,2021_Ref_Plot5_E7,Field2,test,8,2,0.7953508286294704,30.763896226359364,0.32905754006478743
2021_Ref_Plot5_E7::22,2021_Ref_Plot5_E7,Field2,test,6,3,0.25903407363865955,14.162910423892871,0.06723323791343591
2021_Ref_Plot5_E7::27,2021_Ref_Plot5_E7,Field2,test,5,4,0.24840084513581065,15.821840174746209,0.06192645837576037
2021_Ref_Plot5_E7::35,2021_Ref_Plot5_E7,Field2,test,8,5,0.159408026115849,13.107893785198677,0.053608464062484845
2021_Ref_Plot5_E7::44,2021_Ref_Plot5_E7,Field2,test,9,6,0.11925638290797591,9.607626320979325,0.04098133327221323
2021_Ref_Plot5_E7::50,2021_Ref_Plot5_E7,Field2,test,6,7,0.15463978068517947,9.322943724444134,0.0924913280903779
2021_Ref_Plot5_E7::57,2021_Ref_Plot5_E7,Field2,test,7,8,0.10924729277980964,11.643627889794466,0.03486196532779037
2021_Ref_Plot5_E7::65,2021_Ref_Plot5_E7,Field2,test,8,9,0.10769819458255729,10.96138011052558,0.04498363183282017
2021_Ref_Plot5_E7::69,2021_Ref_Plot5_E7,Field2,test,4,10,0.16838183377702928,13.045903641489442,0.07569781661756278
2021_Ref_Plot5_E7::71,2021_Ref_Plot5_E7,Field2,test,2,11,0.12666553019506965,9.150887921048236,0.06977939495834914
2021_Ref_Plot5_E7::76,2021_Ref_Plot5_E7,Field2,test,5,12,0.10291330409022038,10.61462215758036,0.010249451023230596
2021_Ref_Plot5_E7::8,2021_Ref_Plot5_E7,Field2,test,7,1,0.7371581744154933,27.77038354678139,0.19391675295453248
2021_Ref_Plot5_E7::80,2021_Ref_Plot5_E7,Field2,test,4,13,0.08769865150103291,9.783807128970166,0.0231971604237673
2021_Ref_Plot5_E7::85,2021_Ref_Plot5_E7,Field2,test,5,14,0.09481749116092036,10.962996411846643,0.039175182169851046
