pair_id,plant_id,field,split,gap_days,n_input_frames,ssim,psnr,structure_ssim
2020_Ref_Plot1_A10::22,2020_Ref_Plot1_A10,Field1,test,7,1,0.3485630986370101,19.039771709946628,0.10420198805655222
2020_Ref_Plot1_A10::28,2020_Ref_Plot1_A10,Field1,test,6,2,0.6826274838101235,27.792636335298347,0.17366091117433788
2020_Ref_Plot1_A10::36,2020_Ref_Plot1_A10,Field1,test,8,3,0.16827309086478245,14.158460432121167,0.04088329770409246
2020_Ref_Plot1_A10::42,2020_Ref_Plot1_A10,Field1,test,6,4,0.28691302090228854,16.781554962673123,0.0446587114038495
2020_Ref_Plot1_A10::51,2020_Ref_Plot1_A10,Field1,test,9,5,0.17077185419366347,11.570124194062501,0.03967433863128144
2020_Ref_Plot1_A10::83,2020_Ref_Plot1_A10,Field1,test,32,6,0.1792171473744886,15.052826468423408,0.028537017535029477
2020_Ref_Plot1_A93::22,2020_Ref_Plot1_A93,Field1,test,7,1,0.3270471316819917,20.28788999494346,0.07330824618094432
2020_Ref_Plot1_A93::28,2020_Ref_Plot1_A93,Field1,test,6,2,0.711561857149433,28.720226339171976,0.196379838904294
2020_Ref_Plot1_A93::36,2020_Ref_Plot1_A93,Field1,test,8,3,0.18202545569734033,14.725102167814722,0.04898985461951764
2020_Ref_Plot1_A93::42,2020_Ref_Plot1_A93,Field1,test,6,4,0.2899245353058196,17.301865873139594,0.04091428887280473
2020_Ref_Plot1_A93::51,2020_Ref_Plot1_A93,Field1,test,9,5,0.1938498857569297,11.223418480985712,0.0520399581143378
2020_Ref_Plot1_A94::22,2020_Ref_Plot1_A94,Field1,test,7,1,0.35804867244458577,20.548450874592675,0.08100562214589666
2020_Ref_Plot1_A94::28,2020_Ref_Plot1_A94,Field1,test,6,2,0.7124338902373695,28.575445326602967,0.2051609388082757
2020_Ref_Plot1_A94::36,2020_Ref_Plot1_A94,Field1,test,8,3,0.19635819215875513,15.649800493529643,0.053263474744233756
2020_Ref_Plot1_A94::42,2020_Ref_Plot1_A94,Field1,test,6,4,0.25650948486618136,16.68390187728178,0.03978873417142605
2020_Ref_Plot1_A94::51,2020_Ref_Plot1_A94,Field1,test,9,5,0.19026193710596884,10.801685252670039,0.03756315140401706
2020_Ref_Plot1_B1::22,2020_Ref_Plot1_B1,Field1,test,7,1,0.30892540129718543,19.01424940104146,0.09037392054546119
2020_Ref_Plot1_B1::28,2020_Ref_Plot1_B1,Field1,test,6,2,0.6814316661772546,27.932653196528644,0.1688415974621308
2020_Ref_Plot1_B1::36,2020_Ref_Plot1_B1,Field1,test,8,3,0.16503437729641657,13.911317475468241,0.04475667093651655
2020_Ref_Plot1_B1::42,2020_Ref_Plot1_B1,Field1,test,6,4,0.273391314377371,17.413725200255627,0.03493629050083774
2020_Ref_Plot1_B1::51,2020_Ref_Plot1_B1,Field1,test,9,5,0.17679281198272565,10.455013344537834,0.053471145738068764
2020_Ref_Plot1_B1::83,2020_Ref_Plot1_B1,Field1,test,32,6,0.30066190818428645,16.374620317553525,0.052501238646466546
2020_Ref_Plot1_B10::22,2020_Ref_Plot1_B10,Field1,test,7,1,0.3508657857454291,18.955774181759853,0.1067728686204784
2020_Ref_Plot1_B10::28,2020_Ref_Plot1_B10,Field1,test,6,2,0.6498999054076985,27.281806079469785,0.14199845329032987
2020_Ref_Plot1_B10::36,2020_Ref_Plot1_B10,Field1,test,8,3,0.13650410618031503,12.730145997699957,0.030831941048765892
2020_Ref_Plot1_B10::42,2020_Ref_Plot1_B10,Field1,test,6,4,0.26177207813428965,16.962832756765163,0.0470313503061229
2020_Ref_Plot1_B10::51,2020_Ref_Plot1_B10,Field1,test,9,5,0.17872451292876979,11.660614401207683,0.03796500878966494
2020_Ref_Plot1_B10::83,2020_Ref_Plot1_B10,Field1,test,32,6,0.25806621653520406,16.475276587194436,0.0426698971131982
2020_Ref_Plot1_B7::22,2020_Ref_Plot1_B7,Field1,test,7,1,0.40201572537085806,19.798361250197257,0.15253134081355502
2020_Ref_Plot1_B7::28,2020_Ref_Plot1_B7,Field1,test,6,2,0.6411234632319694,27.00492911865929,0.1429705368955774
2020_Ref_Plot1_B7::36,2020_Ref_Plot1_B7,Field1,test,8,3,0.15410710262778612,13.136918563441874,0.036109663673961505
2020_Ref_Plot1_B7::42,2020_Ref_Plot1_B7,Field1,test,6,4,0.2669917422593768,17.146993913292228,0.0481389920371109
2020_Ref_Plot1_B7::51,2020_Ref_Plot1_B7,Field1,test,9,5,0.1551486390325456,10.418721924359707,0.041028492145493034
2020_Ref_Plot1_B7::83,2020_Ref_Plot1_B7,Field1,test,32,6,0.2562688082955766,16.77965365155041,0.03884888440772289
2020_Ref_Plot1_B94::22,2020_Ref_Plot1_B94,Field1,test,7,1,0.29623493941105056,18.902673486346515,0.06373071348562048
2020_Ref_Plot1_B94::28,2020_Ref_Plot1_B94,Field1,test,6,2,0.7177144793449138,29.403146124524582,0.2023974086501593
2020_Ref_Plot1_B94::36,2020_Ref_Plot1_B94,Field1,test,8,3,0.17467346452615748,14.844534353336233,0.0412595048806166
2020_Ref_Plot1_B94::42,2020_Ref_Plot1_B94,Field1,test,6,4,0.23410217074349812,15.92183944842092,0.042812263591529905
2020_Ref_Plot1_B94::51,2020_Ref_Plot1_B94,Field1,test,9,5,0.1712421792544341,10.4041360694773,0.045347373689332636
2020_Ref_Plot1_C1::22,2020_Ref_Plot1_C1,Field1,test,7,1,0.33204831893776027,19.066411689849634,0.11651643138504203
2020_Ref_Plot1_C1::28,2020_Ref_Plot1_C1,Field1,test,6,2,0.7091165624144437,28.39737941002697,0.17574851937321068
2020_Ref_Plot1_C1::36,2020_Ref_Plot1_C1,Field1,test,8,3,0.1590613848880015,13.048515319489429,0.03485422126419071
2020_Ref_Plot1_C1::42,2020_Ref_Plot1_C1,Field1,test,6,4,0.27602125234271063,17.7596498847533,0.04910295248375105
2020_Ref_Plot1_C1::51,2020_Ref_Plot1_C1,Field1,test,9,5,0.17030701600251494,10.979705459955673,0.04104871351721967
2020_Ref_Plot1_C1::83,2020_Ref_Plot1_C1,Field1,test,32,6,0.31960282079959784,16.980221176509005,0.0647615475448676
2020_Ref_Plot1_C92::22,2020_Ref_Plot1_C92,Field1,test,7,1,0.27023283210025384,18.98459284245116,0.054241395665655924
2020_Ref_Plot1_C92::28,2020_Ref_Plot1_C92,Field1,test,6,2,0.7212493671362962,29.545801722011625,0.2006438047510746
2020_Ref_Plot1_C92::36,2020_Ref_Plot1_C92,Field1,test,8,3,0.13458366610686867,12.203266647790889,0.013114746736876157
2020_Ref_Plot1_C92::42,2020_Ref_Plot1_C92,Field1,test,6,4,0.22633928887630125,16.48831974598118,0.0242405406079614
2020_Ref_Plot1_C92::51,2020_Ref_Plot1_C92,Field1,test,9,5,0.18614429415963826,11.225145104994517,0.050521364184294815
2020_Ref_Plot1_C98::22,2020_Ref_Plot1_C98,Field1,test,7,1,0.3263486583920706,19.07280035210667,0.10633295393490001
2020_Ref_Plot1_C98::28,2020_Ref_Plot1_C98,Field1,test,6,2,0.7014176079837814,28.18910665716694,0.1747720647848492
2020_Ref_Plot1_C98::36,2020_Ref_Plot1_C98,Field1,test,8,3,0.1718050488751102,14.782715712712033,0.03404486657941853
2020_Ref_Plot1_C98::42,2020_Ref_Plot1_C98,Field1,test,6,4,0.24900999628535095,17.08859706033756,0.03948321873543234
2020_Ref_Plot1_C98::51,2020_Ref_Plot1_C98,Field1,test,9,5,0.1610642569239922,10.86703022415358,0.04545161070695056
2020_Ref_Plot2_A2::22,2020_Ref_Plot2_A2,Field1,test,7,1,0.25830080356343105,19.78454824261974,0.042175337167200296
2020_Ref_Plot2_A2::28,2020_Ref_Plot2_A2,Field1,test,6,2,0.6900857731506614,27.804471007871697,0.16033700329439113
2020_Ref_Plot2_A2::36,2020_Ref_Plot2_A2,Field1,test,8,3,0.18610494199357028,14.593578388394343,0.06272015357734637
2020_Ref_Plot2_A2::42,2020_Ref_Plot2_A2,Field1,test,6,4,0.28609230865590846,17.42024025764553,0.04879507233203702
2020_Ref_Plot2_A2::51,2020_Ref_Plot2_A2,Field1,test,9,5,0.15165946045957204,10.825331541378556,0.04285775440690132
2020_Ref_Plot2_A2::83,2020_Ref_Plot2_A2,Field1,test,32,6,0.21924330938246528,15.222219660788776,0.028404525869550102
2020_Ref_Plot2_A4::22,2020_Ref_Plot2_A4,Field1,test,7,1,0.2381485524975464,19.436280841497076,0.03527079227711368
2020_Ref_Plot2_A4::28,2020_Ref_Plot2_A4,Field1,test,6,2,0.6998454222961422,28.13279741008938,0.18846979919839957
2020_Ref_Plot2_A4::36,2020_Ref_Plot2_A4,Field1,test,8,3,0.18761577965699458,14.726481038386146,0.06468380082116171
2020_Ref_Plot2_A4::42,2020_Ref_Plot2_A4,Field1,test,6,4,0.22263395315253898,15.48935513134789,0.029914396603328147
2020_Ref_Plot2_A4::51,2020_Ref_Plot2_A4,Field1,test,9,5,0.16877742532460668,10.88520344613903,0.04744280502340111
2020_Ref_Plot2_A4::83,2020_Ref_Plot2_A4,Field1,test,32,6,0.16438744736487387,12.817999659868276,0.0225909156811415
2020_Ref_Plot2_A91::22,2020_Ref_Plot2_A91,Field1,test,7,1,0.28035062453104254,19.676808079585953,0.055071287990934054
2020_Ref_Plot2_A91::28,2020_Ref_Plot2_A91,Field1,test,6,2,0.6905577795543643,28.154461796726324,0.163320051521821
2020_Ref_Plot2_A91::36,2020_Ref_Plot2_A91,Field1,test,8,3,0.1884598871790446,15.06499488943475,0.048840591635138986
2020_Ref_Plot2_A91::42,2020_Ref_Plot2_A91,Field1,test,6,4,0.30469335436316175,18.677435053972772,0.05558805321871674
2020_Ref_Plot2_A91::51,2020_Ref_Plot2_A91,Field1,test,9,5,0.1684265958635711,10.86521856965399,0.056502736035001645
2020_Ref_Plot2_A91::83,2020_Ref_Plot2_A91,Field1,test,32,6,0.2714103212232336,16.73644167786852,0.04304462051946513
2020_Ref_Plot2_B1::22,2020_Ref_Plot2_B1,Field1,test,7,1,0.2729285888715825,19.75637650164799,0.06396890693073232
2020_Ref_Plot2_B1::28,2020_Ref_Plot2_B1,Field1,test,6,2,0.702234637462147,28.350726166202772,0.16907644752205916
2020_Ref_Plot2_B1::36,2020_Ref_Plot2_B1,Field1,test,8,3,0.15922916482359353,13.64883680416005,0.038827987666505734
2020_Ref_Plot2_B1::42,2020_Ref_Plot2_B1,Field1,test,6,4,0.31353135544386496,18.163667271505687,0.056575838192850725
2020_Ref_Plot2_B1::51,2020_Ref_Plot2_B1,Field1,test,9,5,0.1385310800799312,10.434828229000018,0.030487749605587686
2020_Ref_Plot2_B1::83,2020_Ref_Plot2_B1,Field1,test,32,6,0.21245703193517892,15.332567405681514,0.03184925517332821
2020_Ref_Plot2_B7::22,2020_Ref_Plot2_B7,Field1,test,7,1,0.30848235905737237,19.633566641907297,0.06524928531089762
2020_Ref_Plot2_B7::28,2020_Ref_Plot2_B7,Field1,test,6,2,0.6615078245167508,27.617450359055784,0.15546585457219
2020_Ref_Plot2_B7::36,2020_Ref_Plot2_B7,Field1,test,8,3,0.17038628844306405,14.394127610838295,0.04155046351145638
2020_Ref_Plot2_B7::42,2020_Ref_Plot2_B7,Field1,test,6,4,0.2698074625858703,17.06549505317097,0.055214584391035576
2020_Ref_Plot2_B7::51,2020_Ref_Plot2_B7,Field1,test,9,5,0.16661140704468125,9.926855475754868,0.04992525756454099
2020_Ref_Plot2_B7::83,2020_Ref_Plot2_B7,Field1,test,32,6,0.15907675591335987,13.949246071662369,0.023683250623894644
2020_Ref_Plot2_B91::22,2020_Ref_Plot2_B91,Field1,test,7,1,0.28343714133598935,19.118390128372297,0.08293195482096152
2020_Ref_Plot2_B91::28,2020_Ref_Plot2_B91,Field1,test,6,2,0.6934173250665042,28.38218270359183,0.17481827895976965
2020_Ref_Plot2_B91::36,2020_Ref_Plot2_B91,Field1,test,8,3,0.17590289228930697,15.082755186336312,0.04747527886068594
2020_Ref_Plot2_B91::42,2020_Ref_Plot2_B91,Field1,test,6,4,0.26122230911205474,17.427147197673744,0.035926930268997674
2020_Ref_Plot2_B91::51,2020_Ref_Plot2_B91,Field1,test,9,5,0.1376289996856025,10.48462483528846,0.03254800837984333
2020_Ref_Plot2_B99::22,2020_Ref_Plot2_B99,Field1,test,7,1,0.29777441656663134,19.30019426287764,0.06107584186954711
2020_Ref_Plot2_B99::28,2020_Ref_Plot2_B99,Field1,test,6,2,0.6859996198108491,27.66327432858793,0.1668756150607958
2020_Ref_Plot2_B99::36,2020_Ref_Plot2_B99,Field1,test,8,3,0.1479225963737261,13.255952352844504,0.026141562935029707
2020_Ref_Plot2_B99::42,2020_Ref_Plot2_B99,Field1,test,6,4,0.263140792796334,17.589316998765298,0.04243482218434938
2020_Ref_Plot2_B99::51,2020_Ref_Plot2_B99,Field1,test,9,5,0.14049238625116595,10.37084072286127,0.03859023202756836
2020_Ref_Plot2_B99::83,2020_Ref_Plot2_B99,Field1,test,32,6,0.22369749360412286,15.892028021521064,0.028663732553393863
2020_Ref_Plot2_C2::22,2020_Ref_Plot2_C2,Field1,test,7,1,0.28337451341005876,19.491225631695407,0.06557308061543395
2020_Ref_Plot2_C2::28,2020_Ref_Plot2_C2,Field1,test,6,2,0.7151796691353587,28.74168278950804,0.18840339864530714
2020_Ref_Plot2_C2::36,2020_Ref_Plot2_C2,Field1,test,8,3,0.19893620049486793,15.132695930298146,0.05961637410029783
2020_Ref_Plot2_C2::42,2020_Ref_Plot2_C2,Field1,test,6,4,0.29270885930775387,16.969063387542118,0.049334811994487186
2020_Ref_Plot2_C2::51,2020_Ref_Plot2_C2,Field1,test,9,5,0.17614950679400387,11.729226733710279,0.061604676286288004
2020_Ref_Plot2_C2::83,2020_Ref_Plot2_C2,Field1,test,32,6,0.21253115659594132,15.512611628019473,0.03379587769413445
2020_Ref_Plot2_C5::22,2020_Ref_Plot2_C5,Field1,test,7,1,0.3034311058756252,20.109997053787776,0.07765294103607258
2020_Ref_Plot2_C5::28,2020_Ref_Plot2_C5,Field1,test,6,2,0.7080508631610645,28.78818535706202,0.19040696988001818
2020_Ref_Plot2_C5::36,2020_Ref_Plot2_C5,Field1,test,8,3,0.20247436293914986,15.061950060340962,0.05333931367410443
2020_Ref_Plot2_C5::42,2020_Ref_Plot2_C5,Field1,test,6,4,0.26850710956091556,16.44958485406447,0.04317691933483814
2020_Ref_Plot2_C5::51,2020_Ref_Plot2_C5,Field1,test,9,5,0.16462622100470922,10.670644935431463,0.03697641830984277
2020_Ref_Plot2_C5::83,2020_Ref_Plot2_C5,Field1,test,32,6,0.17385037039103723,13.576557640362214,0.028167326194887748
2020_Ref_Plot2_C6::22,2020_Ref_Plot2_C6,Field1,test,7,1,0.2736372221141668,19.525565752980516,0.0557930581546459
2020_Ref_Plot2_C6::28,2020_Ref_Plot2_C6,Field1,test,6,2,0.6847687969219659,28.056388041912985,0.17804666437815206
2020_Ref_Plot2_C6::36,2020_Ref_Plot2_C6,Field1,test,8,3,0.20111069097166065,14.974464065358738,0.051082746625968595
2020_Ref_Plot2_C6::42,2020_Ref_Plot2_C6,Field1,test,6,4,0.24799324718111024,16.035784119689772,0.047995126490509056
2020_Ref_Plot2_C6::51,2020_Ref_Plot2_C6,Field1,test,9,5,0.1952915747046141,11.238310784392722,0.05718079096644924
2020_Ref_Plot2_C6::83,2020_Ref_Plot2_C6,Field1,test,32,6,0.16143489812559586,13.3981575652139,0.026262485166196864
2020_Ref_Plot3_A2::22,2020_Ref_Plot3_A2,Field1,test,7,1,0.23875561859741157,18.748176099375147,0.030639257584568258
2020_Ref_Plot3_A2::28,2020_Ref_Plot3_A2,Field1,test,6,2,0.6709576494592767,27.252815498406406,0.15982314868520442
2020_Ref_Plot3_A2::36,2020_Ref_Plot3_A2,Field1,test,8,3,0.19821805930259598,14.739952863148599,0.04693945227001691
2020_Ref_Plot3_A2::42,2020_Ref_Plot3_A2,Field1,test,6,4,0.2518539212224777,16.250491939670255,0.0435002637117255
2020_Ref_Plot3_A2::51,2020_Ref_Plot3_A2,Field1,test,9,5,0.15051650462886354,10.525170380481946,0.042717655954582226
2020_Ref_Plot3_A2::83,2020_Ref_Plot3_A2,Field1,test,32,6,0.18525649939732067,14.334412236637931,0.034208296820896364
2020_Ref_Plot3_A9::22,2020_Ref_Plot3_A9,Field1,test,7,1,0.25666210054215927,19.879272133548522,0.0430590909531363
2020_Ref_Plot3_A9::28,2020_Ref_Plot3_A9,Field1,test,6,2,0.7057604119828641,28.018800792777245,0.17069086253996535
2020_Ref_Plot3_A9::36,2020_Ref_Plot3_A9,Field1,test,8,3,0.1331735492821817,13.64920320160676,0.019291451124909553
2020_Ref_Plot3_A9::42,2020_Ref_Plot3_A9,Field1,test,6,4,0.30177733442729293,18.291208105858153,0.051209394641274775
2020_Ref_Plot3_A9::51,2020_Ref_Plot3_A9,Field1,test,9,5,0.18096397443333742,11.143535414228491,0.0668072053067019
2020_Ref_Plot3_A9::83,2020_Ref_Plot3_A9,Field1,test,32,6,0.23880071970087005,15.514331511959982,0.03800818473847671
2020_Ref_Plot3_A9::97,2020_Ref_Plot3_A9,Field1,test,14,7,0.29776568495854505,17.889218516297237,0.04695697077717047
2020_Ref_Plot3_A91::22,2020_Ref_Plot3_A91,Field1,test,7,1,0.22323628557909772,19.368807737557084,0.03557154689987209
2020_Ref_Plot3_A91::28,2020_Ref_Plot3_A91,Field1,test,6,2,0.703894618024132,28.771691296995407,0.17847532412389852
2020_Ref_Plot3_A91::36,2020_Ref_Plot3_A91,Field1,test,8,3,0.18364921465354236,14.685750923198945,0.044972587659629235
2020_Ref_Plot3_A91::42,2020_Ref_Plot3_A91,Field1,test,6,4,0.27112802585957346,16.63124838710099,0.041224588994599624
2020_Ref_Plot3_A91::51,2020_Ref_Plot3_A91,Field1,test,9,5,0.1316781255675686,10.926011984929172,0.02686677191571962
2020_Ref_Plot3_A91::83,2020_Ref_Plot3_A91,Field1,test,32,6,0.22959283285918072,15.860417728599627,0.03460185060415471
2020_Ref_Plot3_A95::22,2020_Ref_Plot3_A95,Field1,test,7,1,0.2970037271569617,19.814021198158716,0.06035022168890292
2020_Ref_Plot3_A95::28,2020_Ref_Plot3_A95,Field1,test,6,2,0.6663031693766375,26.77393256532797,0.15436211721258614
2020_Ref_Plot3_A95::36,2020_Ref_Plot3_A95,Field1,test,8,3,0.1688623032048958,13.847701583523504,0.04237884811882037
2020_Ref_Plot3_A95::42,2020_Ref_Plot3_A95,Field1,test,6,4,0.266059504883351,16.652213653874202,0.04777308962551357
2020_Ref_Plot3_A95::51,2020_Ref_Plot3_A95,Field1,test,9,5,0.1654058415316556,10.8791146699632,0.039209494955005926
2020_Ref_Plot3_A95::83,2020_Ref_Plot3_A95,Field1,test,32,6,0.21979504452043527,15.618765589415386,0.034476369245356284
2020_Ref_Plot3_A99::22,2020_Ref_Plot3_A99,Field1,test,7,1,0.28192954312118185,19.53888093119642,0.055088795379604295
2020_Ref_Plot3_A99::28,2020_Ref_Plot3_A99,Field1,test,6,2,0.6974020184646436,27.79009848508988,0.1850892957841344
2020_Ref_Plot3_A99::36,2020_Ref_Plot3_A99,Field1,test,8,3,0.19149494466595784,13.891248249633323,0.05160985020659351
2020_Ref_Plot3_A99::42,2020_Ref_Plot3_A99,Field1,test,6,4,0.30427074645257596,18.277851087230644,0.07924962746011813
2020_Ref_Plot3_A99::51,2020_Ref_Plot3_A99,Field1,test,9,5,0.17873903161938717,11.018556369749007,0.051386907334479315
2020_Ref_Plot3_A99::83,2020_Ref_Plot3_A99,Field1,test,32,6,0.1827526340408505,14.693253157227062,0.02581572897829112
2020_Ref_Plot3_B97::22,2020_Ref_Plot3_B97,Field1,test,7,1,0.2937417452705453,19.64994784816953,0.06939945516849637
2020_Ref_Plot3_B97::28,2020_Ref_Plot3_B97,Field1,test,6,2,0.7019872873295653,27.814265788148298,0.19319937698068299
2020_Ref_Plot3_B97::36,2020_Ref_Plot3_B97,Field1,test,8,3,0.1954038858319959,14.323315080308506,0.0479890117032501
2020_Ref_Plot3_B97::42,2020_Ref_Plot3_B97,Field1,test,6,4,0.2798805854616644,17.043012005631894,0.03913885398254463
2020_Ref_Plot3_B97::51,2020_Ref_Plot3_B97,Field1,test,9,5,0.1749356652502576,10.511359106494362,0.04549478298591327
2020_Ref_Plot3_B97::83,2020_Ref_Plot3_B97,Field1,test,32,6,0.191654594551994,14.426145085502306,0.03509720437064006
2020_Ref_Plot3_C10::22,2020_Ref_Plot3_C10,Field1,test,7,1,0.24687368984684013,18.91126178736196,0.03688418982510828
2020_Ref_Plot3_C10::28,2020_Ref_Plot3_C10,Field1,test,6,2,0.6775880086103196,26.649063287115744,0.16861738912253027
2020_Ref_Plot3_C10::36,2020_Ref_Plot3_C10,Field1,test,8,3,0.13670150033028608,12.34830931942888,0.02268720620046478
2020_Ref_Plot3_C10::42,2020_Ref_Plot3_C10,Field1,test,6,4,0.2729204751667307,16.95679895393536,0.0502157928698893
2020_Ref_Plot3_C10::51,2020_Ref_Plot3_C10,Field1,test,9,5,0.1576379212744031,11.113304858528338,0.03880925886189311
2020_Ref_Plot3_C10::83,2020_Ref_Plot3_C10,Field1,test,32,6,0.2016700570979215,14.754711036926842,0.023534996236132043
2020_Ref_Plot3_C10::97,2020_Ref_Plot3_C10,Field1,test,14,7,0.2710116994556699,17.52292343823715,0.03912797104374482
2020_Ref_Plot3_C2::22,2020_Ref_Plot3_C2,Field1,test,7,1,0.27748476421147,19.61051612319837,0.05052025264217488
2020_Ref_Plot3_C2::28,2020_Ref_Plot3_C2,Field1,test,6,2,0.6634338093790763,26.333354709905606,0.15951125993399892
2020_Ref_Plot3_C2::36,2020_Ref_Plot3_C2,Field1,test,8,3,0.18482502123619274,14.758421845127256,0.049198488664228504
2020_Ref_Plot3_C2::42,2020_Ref_Plot3_C2,Field1,test,6,4,0.28665509463264455,16.58522497649652,0.05451369337202096
2020_Ref_Plot3_C2::51,2020_Ref_Plot3_C2,Field1,test,9,5,0.15384717603382225,10.323891526094878,0.032498080929313965
2020_Ref_Plot3_C2::83,2020_Ref_Plot3_C2,Field1,test,32,6,0.16030374497430674,14.008086608356649,0.02135282886802969
2020_Ref_Plot3_C7::22,2020_Ref_Plot3_C7,Field1,test,7,1,0.3013010015581195,19.655882255338206,0.06639906336049153
2020_Ref_Plot3_C7::28,2020_Ref_Plot3_C7,Field1,test,6,2,0.6623308961505064,26.404040778021365,0.17399060284538065
2020_Ref_Plot3_C7::36,2020_Ref_Plot3_C7,Field1,test,8,3,0.17711554830266915,14.221435575564474,0.056183050338184715
2020_Ref_Plot3_C7::42,2020_Ref_Plot3_C7,Field1,test,6,4,0.27251277746096025,17.15888257643657,0.047644708722813234
2020_Ref_Plot3_C7::51,2020_Ref_Plot3_C7,Field1,test,9,5,0.14503224795800138,11.136024296350724,0.042014834904122916
2020_Ref_Plot3_C7::83,2020_Ref_Plot3_C7,Field1,test,32,6,0.19438667587371775,15.411018880203544,0.03277903291101789
2020_Ref_Plot3_C7::97,2020_Ref_Plot3_C7,Field1,test,14,7,0.23506161807761558,15.861264138420012,0.025542598570238
2020_Ref_Plot4_A8::22,2020_Ref_Plot4_A8,Field1,test,7,1,0.3362368638404088,21.746387941583723,0.07013540716499747
2020_Ref_Plot4_A8::28,2020_Ref_Plot4_A8,Field1,test,6,2,0.7258263437996139,27.166524107444392,0.19660373440132897
2020_Ref_Plot4_A8::36,2020_Ref_Plot4_A8,Field1,test,8,3,0.09983038439272386,14.417246530949742,0.022715039729879868
2020_Ref_Plot4_A8::42,2020_Ref_Plot4_A8,Field1,test,6,4,0.3452468942897775,19.213512274387124,0.06369832448866349
2020_Ref_Plot4_A8::51,2020_Ref_Plot4_A8,Field1,test,9,5,0.12878029383898945,10.375425794171857,0.03583428126011253
2020_Ref_Plot4_A8::83,2020_Ref_Plot4_A8,Field1,test,32,6,0.175816566107066,15.324210592931637,0.021598856647128913
2020_Ref_Plot4_A90::22,2020_Ref_Plot4_A90,Field1,test,7,1,0.2570416522951562,19.89982467214025,0.03355302693197473
2020_Ref_Plot4_A90::28,2020_Ref_Plot4_A90,Field1,test,6,2,0.7461118627670443,28.60820003724356,0.2217736793517944
2020_Ref_Plot4_A90::36,2020_Ref_Plot4_A90,Field1,test,8,3,0.10188679798180798,14.578827974304762,0.017072869966895984
2020_Ref_Plot4_A90::42,2020_Ref_Plot4_A90,Field1,test,6,4,0.32779883021133477,18.58644784258625,0.04857439068169912
2020_Ref_Plot4_A90::51,2020_Ref_Plot4_A90,Field1,test,9,5,0.12947388417242123,10.274102259722348,0.042570742820667244
2020_Ref_Plot4_A92::22,2020_Ref_Plot4_A92,Field1,test,7,1,0.2756652322527262,20.453979884998983,0.04155048262094951
2020_Ref_Plot4_A92::28,2020_Ref_Plot4_A92,Field1,test,6,2,0.744066078118175,29.192974804286433,0.2031739639202548
2020_Ref_Plot4_A92::36,2020_Ref_Plot4_A92,Field1,test,8,3,0.09593125656516878,14.936018429549451,0.014122782984591938
2020_Ref_Plot4_A92::42,2020_Ref_Plot4_A92,Field1,test,6,4,0.3068709533052892,18.180560586008077,0.0479203635441268
2020_Ref_Plot4_A92::51,2020_Ref_Plot4_A92,Field1,test,9,5,0.13433829326379387,10.99627787069391,0.038569773479233266
2020_Ref_Plot4_B2::22,2020_Ref_Plot4_B2,Field1,test,7,1,0.2847386662324911,20.82766500757159,0.03964469338106899
2020_Ref_Plot4_B2::28,2020_Ref_Plot4_B2,Field1,test,6,2,0.7608785777190287,29.71240130565915,0.22317552492507123
2020_Ref_Plot4_B2::36,2020_Ref_Plot4_B2,Field1,test,8,3,0.1092731597856406,15.80892528438843,0.01550615862778705
2020_Ref_Plot4_B2::42,2020_Ref_Plot4_B2,Field1,test,6,4,0.26888896074000657,16.926074768086707,0.028199383944136954
2020_Ref_Plot4_B2::51,2020_Ref_Plot4_B2,Field1,test,9,5,0.1162962362629054,10.873033961379662,0.02143661621900929
2020_Ref_Plot4_B2::83,2020_Ref_Plot4_B2,Field1,test,32,6,0.1675591838497201,13.339703324817759,0.01664883866119985
2020_Ref_Plot4_B6::22,2020_Ref_Plot4_B6,Field1,test,7,1,0.3664274020860445,22.140082921501797,0.05701751916132007
2020_Ref_Plot4_B6::28,2020_Ref_Plot4_B6,Field1,test,6,2,0.7832211363733516,29.016087901811723,0.24097837872043526
2020_Ref_Plot4_B6::36,2020_Ref_Plot4_B6,Field1,test,8,3,0.07733072831669967,13.998315119071325,0.014093222877262904
2020_Ref_Plot4_B6::42,2020_Ref_Plot4_B6,Field1,test,6,4,0.30589352607595904,18.82777918085299,0.061970774680292454
2020_Ref_Plot4_B6::51,2020_Ref_Plot4_B6,Field1,test,9,5,0.13536686154638797,10.763446466553555,0.04112443979028635
2020_Ref_Plot4_B6::83,2020_Ref_Plot4_B6,Field1,test,32,6,0.18263638907398938,15.496476028984452,0.025920589060391925
2020_Ref_Plot4_B95::22,2020_Ref_Plot4_B95,Field1,test,7,1,0.30029855159473096,20.721396723949912,0.04160167367369153
2020_Ref_Plot4_B95::28,2020_Ref_Plot4_B95,Field1,test,6,2,0.7371311871418671,28.924692611892905,0.22258250948462793
2020_Ref_Plot4_B95::36,2020_Ref_Plot4_B95,Field1,test,8,3,0.07649517628567036,14.110779910456205,0.008101674404238028
2020_Ref_Plot4_B95::42,2020_Ref_Plot4_B95,Field1,test,6,4,0.30427916486459544,18.647592721653247,0.04889075602705426
2020_Ref_Plot4_B95::51,2020_Ref_Plot4_B95,Field1,test,9,5,0.1222798875106977,10.458532471528146,0.02633021828310009
2020_Ref_Plot4_B95::83,2020_Ref_Plot4_B95,Field1,test,32,6,0.29091270653716,16.285881307954114,0.05524925845940062
2020_Ref_Plot4_B97::22,2020_Ref_Plot4_B97,Field1,test,7,1,0.2967044707450601,21.145881293425724,0.0395954536402084
2020_Ref_Plot4_B97::28,2020_Ref_Plot4_B97,Field1,test,6,2,0.7619687837722365,29.096786944327345,0.2500273123880434
2020_Ref_Plot4_B97::36,2020_Ref_Plot4_B97,Field1,test,8,3,0.10103326539069467,14.988830225633109,0.0168016637603629
2020_Ref_Plot4_B97::42,2020_Ref_Plot4_B97,Field1,test,6,4,0.31041504879388,18.845066423378015,0.043852947485363905
2020_Ref_Plot4_B97::51,2020_Ref_Plot4_B97,Field1,test,9,5,0.1523857079834424,11.142646856369522,0.03931157379542778
2020_Ref_Plot4_C91::22,2020_Ref_Plot4_C91,Field1,test,7,1,0.26677074600907863,20.986140054604995,0.033719510766370364
2020_Ref_Plot4_C91::28,2020_Ref_Plot4_C91,Field1,test,6,2,0.7591932407055428,29.320722514005404,0.2092822577319619
2020_Ref_Plot4_C91::36,2020_Ref_Plot4_C91,Field1,test,8,3,0.09716418679149123,14.862523612160778,0.024958462602222918
2020_Ref_Plot4_C91::42,2020_Ref_Plot4_C91,Field1,test,6,4,0.297662216795228,17.37530498168339,0.04269568203802066
2020_Ref_Plot4_C91::51,2020_Ref_Plot4_C91,Field1,test,9,5,0.1336269824143583,10.526220197642417,0.03379189054934966
2021_Ref_Plot1_A11::8,2021_Ref_Plot1_A11,Field2,test,7,1,0.7101840249347088,26.95267033941731,0.19118979772185826
2021_Ref_Plot1_A11::16,2021_Ref_Plot1_A11,Field2,test,8,2,0.812450698051017,31.361137660673883,0.40131357710910937
2021_Ref_Plot1_A11::22,2021_Ref_Plot1_A11,Field2,test,6,3,0.28943146157998495,16.854056849059084,0.06662150660805742
2021_Ref_Plot1_A11::27,2021_Ref_Plot1_A11,Field2,test,5,4,0.3589065824695095,16.993248053171023,0.1204110341854954
2021_Ref_Plot1_A11::35,2021_Ref_Plot1_A11,Field2,test,8,5,0.1102649198052033,12.102494827276809,0.02817312237101419
2021_Ref_Plot1_A11::44,2021_Ref_Plot1_A11,Field2,test,9,6,0.12263852526893233,13.77824336992113,0.017204762650648915
2021_Ref_Plot1_A11::50,2021_Ref_Plot1_A11,Field2,test,6,7,0.1168346183642728,9.013130361646205,0.058689621888048195
2021_Ref_Plot1_A11::57,2021_Ref_Plot1_A11,Field2,test,7,8,0.10313567440877697,11.16020980191999,0.026174732633074415
2021_Ref_Plot1_A11::65,2021_Ref_Plot1_A11,Field2,test,8,9,0.10549061259980115,11.193762383648021,0.038776554557739575
2021_Ref_Plot1_A11::69,2021_Ref_Plot1_A11,Field2,test,4,10,0.21889683084505648,12.523295675946118,0.12856173609369365
2021_Ref_Plot1_A11::71,2021_Ref_Plot1_A11,Field2,test,2,11,0.15211182302322893,10.44333273784031,0.08646607643962637
2021_Ref_Plot1_A11::76,2021_Ref_Plot1_A11,Field2,test,5,12,0.10697999487518821,10.27056562523483,0.012519333324321485
2021_Ref_Plot1_A11::80,2021_Ref_Plot1_A11,Field2,test,4,13,0.0553483141099979,7.319732634243799,0.028963550129568732
2021_Ref_Plot1_A11::85,2021_Ref_Plot1_A11,Field2,test,5,14,0.07487662235926242,9.49665429045382,0.03100690406677156
2021_Ref_Plot1_A13::8,2021_Ref_Plot1_A13,Field2,test,7,1,0.7131935914646328,27.766492468481786,0.18904439054979574
2021_Ref_Plot1_A13::16,2021_Ref_Plot1_A13,Field2,test,8,2,0.8021128677582664,30.340707935666636,0.39574216677068175
2021_Ref_Plot1_A13::22,2021_Ref_Plot1_A13,Field2,test,6,3,0.28049797224877343,17.059363795662996,0.08190839745977398
2021_Ref_Plot1_A13::27,2021_Ref_Plot1_A13,Field2,test,5,4,0.31857631665464203,17.373527961898287,0.098970142056994
2021_Ref_Plot1_A13::35,2021_Ref_Plot1_A13,Field2,test,8,5,0.13589186783244447,12.528364813592956,0.05294038580070068
2021_Ref_Plot1_A13::44,2021_Ref_Plot1_A13,Field2,test,9,6,0.13928579830615737,14.463276933615031,0.02524294345847915
2021_Ref_Plot1_A13::50,2021_Ref_Plot1_A13,Field2,test,6,7,0.1269823898839099,8.680552318276506,0.07626931245411067
2021_Ref_Plot1_A13::57,2021_Ref_Plot1_A13,Field2,test,7,8,0.11679221305686839,11.371117121306458,0.04569194182742681
2021_Ref_Plot1_A13::65,2021_Ref_Plot1_A13,Field2,test,8,9,0.1288065899722488,12.497416061738754,0.052833696282080254
2021_Ref_Plot1_A13::69,2021_Ref_Plot1_A13,Field2,test,4,10,0.18876185295522016,12.681729751035144,0.0837971714795092
2021_Ref_Plot1_A13::71,2021_Ref_Plot1_A13,Field2,test,2,11,0.10932158301451926,8.540267603419956,0.047716330260649434
2021_Ref_Plot1_A13::76,2021_Ref_Plot1_A13,Field2,test,5,12,0.11455238162255545,12.40267041278124,0.017565656831028193
2021_Ref_Plot1_A13::80,2021_Ref_Plot1_A13,Field2,test,4,13,0.05827488235868813,8.217433584644281,0.019216579260736555
2021_Ref_Plot1_A13::85,2021_Ref_Plot1_A13,Field2,test,5,14,0.05036018840177067,8.80889622640465,0.028924434292046594
2021_Ref_Plot1_A20::8,2021_Ref_Plot1_A20,Field2,test,7,1,0.6765349595539241,26.156209648435542,0.16859240831345826
2021_Ref_Plot1_A20::16,2021_Ref_Plot1_A20,Field2,test,8,2,0.8136476987618511,31.39738540307893,0.4316348584982131
2021_Ref_Plot1_A20::22,2021_Ref_Plot1_A20,Field2,test,6,3,0.301254136829811,16.882307656301943,0.08094611852177755
2021_Ref_Plot1_A20::27,2021_Ref_Plot1_A20,Field2,test,5,4,0.3346265250627518,17.71523612882251,0.11560211434044688
2021_Ref_Plot1_A20::35,2021_Ref_Plot1_A20,Field2,test,8,5,0.1441604187880526,13.069479596115425,0.05746219202638371
2021_Ref_Plot1_A20::44,2021_Ref_Plot1_A20,Field2,test,9,6,0.14102266760833174,14.705955561570928,0.029536376519209612
2021_Ref_Plot1_A20::50,2021_Ref_Plot1_A20,Field2,test,6,7,0.11575345837976424,8.914370824155299,0.06409054768586975
2021_Ref_Plot1_A20::57,2021_Ref_Plot1_A20,Field2,test,7,8,0.09115083575645262,11.064816274185759,0.03099491787472807
2021_Ref_Plot1_A20::65,2021_Ref_Plot1_A20,Field2,test,8,9,0.06994062628165,11.355070599918161,0.024783561796642536
2021_Ref_Plot1_A20::69,2021_Ref_Plot1_A20,Field2,test,4,10,0.14422051406238498,12.650959110356554,0.04646837770664197
2021_Ref_Plot1_A20::71,2021_Ref_Plot1_A20,Field2,test,2,11,0.09691761468621023,8.980150146008107,0.05920257689411211
2021_Ref_Plot1_A20::76,2021_Ref_Plot1_A20,Field2,test,5,12,0.12303624789831348,13.817930252548154,0.019319465411249587
2021_Ref_Plot1_A20::80,2021_Ref_Plot1_A20,Field2,test,4,13,0.08078752610977034,8.87383774673005,0.02684116086721376
2021_Ref_Plot1_A20::85,2021_Ref_Plot1_A20,Field2,test,5,14,0.08898035552354322,10.310591270514287,0.03535821439716084
2021_Ref_Plot1_A3::8,2021_Ref_Plot1_A3,Field2,test,7,1,0.733604616525091,27.477475055248735,0.21906484728562156
2021_Ref_Plot1_A3::16,2021_Ref_Plot1_A3,Field2,test,8,2,0.7969544842127517,30.954610895822828,0.36840468075885824
2021_Ref_Plot1_A3::22,2021_Ref_Plot1_A3,Field2,test,6,3,0.24290671978128422,15.133799944312255,0.05509540912037238
2021_Ref_Plot1_A3::27,2021_Ref_Plot1_A3,Field2,test,5,4,0.30904804265952485,16.155086672176168,0.08286872056824506
2021_Ref_Plot1_A3::35,2021_Ref_Plot1_A3,Field2,test,8,5,0.14081821509334533,11.815451004490797,0.037763108361224325
2021_Ref_Plot1_A3::44,2021_Ref_Plot1_A3,Field2,test,9,6,0.13585391899813976,14.879957216909904,0.0258524514910564
2021_Ref_Plot1_A3::50,2021_Ref_Plot1_A3,Field2,test,6,7,0.15222430368119955,8.881903276361028,0.09725724025967974
2021_Ref_Plot1_A3::57,2021_Ref_Plot1_A3,Field2,test,7,8,0.12048071259494253,11.167431302987403,0.04045980629905558
2021_Ref_Plot1_A3::65,2021_Ref_Plot1_A3,Field2,test,8,9,0.14872170673567872,11.622869682799859,0.06534887388094023
2021_Ref_Plot1_A3::69,2021_Ref_Plot1_A3,Field2,test,4,10,0.21122093313541782,12.373162052360819,0.12436204511133991
2021_Ref_Plot1_A3::71,2021_Ref_Plot1_A3,Field2,test,2,11,0.1478473519142893,9.172895567388778,0.07449848317009382
2021_Ref_Plot1_A3::76,2021_Ref_Plot1_A3,Field2,test,5,12,0.18118227429496736,12.443126554746248,0.030604372707145628
2021_Ref_Plot1_A3::80,2021_Ref_Plot1_A3,Field2,test,4,13,0.09760599423589329,8.747227206526544,0.036865510599998645
2021_Ref_Plot1_A3::85,2021_Ref_Plot1_A3,Field2,test,5,14,0.08376129222510814,9.06197127191326,0.04151835381983296
2021_Ref_Plot1_B19::8,2021_Ref_Plot1_B19,Field2,test,7,1,0.7155495905466692,27.70030584775204,0.19649129127827644
2021_Ref_Plot1_B19::16,2021_Ref_Plot1_B19,Field2,test,8,2,0.8146184605136959,30.949758031131047,0.38395530791269394
2021_Ref_Plot1_B19::22,2021_Ref_Plot1_B19,Field2,test,6,3,0.3005573356245575,16.681351345362256,0.06873347480995609
2021_Ref_Plot1_B19::27,2021_Ref_Plot1_B19,Field2,test,5,4,0.3361117068054513,17.164401533348663,0.12353859265642626
2021_Ref_Plot1_B19::35,2021_Ref_Plot1_B19,Field2,test,8,5,0.13153977068955883,12.919700960104388,0.017815000996760928
2021_Ref_Plot1_B19::44,2021_Ref_Plot1_B19,Field2,test,9,6,0.09936692037857674,11.595083644480066,0.017871326604731883
2021_Ref_Plot1_B19::50,2021_Ref_Plot1_B19,Field2,test,6,7,0.08949781364361808,8.89053399638218,0.041131624314701506
2021_Ref_Plot1_B19::57,2021_Ref_Plot1_B19,Field2,test,7,8,0.08350179218742866,12.421381209112084,0.029358694683777078
2021_Ref_Plot1_B19::65,2021_Ref_Plot1_B19,Field2,test,8,9,0.06750388516724362,12.093734783522777,0.030555284604240902
2021_Ref_Plot1_B19::69,2021_Ref_Plot1_B19,Field2,test,4,10,0.15798358959914552,12.766789673607517,0.05043366603071026
2021_Ref_Plot1_B19::71,2021_Ref_Plot1_B19,Field2,test,2,11,0.11852259179930098,9.231159840432134,0.05632729565931457
2021_Ref_Plot1_B19::76,2021_Ref_Plot1_B19,Field2,test,5,12,0.1285863485440283,14.435193377118221,0.02910203600774087
2021_Ref_Plot1_B19::80,2021_Ref_Plot1_B19,Field2,test,4,13,0.07008959423969262,10.347627078783276,0.02711076609497305
2021_Ref_Plot1_B19::85,2021_Ref_Plot1_B19,Field2,test,5,14,0.07002198620398165,11.416546563661893,0.02680560088942589
2021_Ref_Plot1_B2::8,2021_Ref_Plot1_B2,Field2,test,7,1,0.749120932745627,28.537929724726485,0.21477682210401544
2021_Ref_Plot1_B2::16,2021_Ref_Plot1_B2,Field2,test,8,2,0.80313568499149,31.08917350186625,0.33392333580540096
2021_Ref_Plot1_B2::22,2021_Ref_Plot1_B2,Field2,test,6,3,0.32526416446440237,17.46873362697778,0.10251918454545839
2021_Ref_Plot1_B2::27,2021_Ref_Plot1_B2,Field2,test,5,4,0.39495741238239246,18.6431683568968,0.1323335463720082
2021_Ref_Plot1_B2::35,2021_Ref_Plot1_B2,Field2,test,8,5,0.18046240789699072,14.03509466680896,0.04415130019250476
2021_Ref_Plot1_B2::44,2021_Ref_Plot1_B2,Field2,test,9,6,0.15587906752684613,14.694322171856026,0.02249000245714257
2021_Ref_Plot1_B2::50,2021_Ref_Plot1_B2,Field2,test,6,7,0.1468911302166134,8.802138913074169,0.06959929510236368
2021_Ref_Plot1_B2::57,2021_Ref_Plot1_B2,Field2,test,7,8,0.13196203188537922,11.33826520769146,0.029487308726578326
2021_Ref_Plot1_B2::65,2021_Ref_Plot1_B2,Field2,test,8,9,0.10664997400477196,11.580660586287827,0.030225302368222386
2021_Ref_Plot1_B2::69,2021_Ref_Plot1_B2,Field2,test,4,10,0.1724990620352509,11.990456342399526,0.07812950822473524
2021_Ref_Plot1_B2::71,2021_Ref_Plot1_B2,Field2,test,2,11,0.145261347792165,9.187932432529452,0.07505836141026027
2021_Ref_Plot1_B2::76,2021_Ref_Plot1_B2,Field2,test,5,12,0.163054401671318,15.092428605878412,0.03442795536163901
2021_Ref_Plot1_B2::80,2021_Ref_Plot1_B2,Field2,test,4,13,0.12493274583703379,8.556516999657775,0.041954076015179996
2021_Ref_Plot1_B2::85,2021_Ref_Plot1_B2,Field2,test,5,14,0.07214012625603271,7.027459527336775,-0.0011047666891820399
2021_Ref_Plot1_B4::8,2021_Ref_Plot1_B4,Field2,test,7,1,0.7509043218099505,28.974800338374116,0.2231415390198282
2021_Ref_Plot1_B4::16,2021_Ref_Plot1_B4,Field2,test,8,2,0.8111320041094245,31.34433058380782,0.3546138055591546
2021_Ref_Plot1_B4::22,2021_Ref_Plot1_B4,Field2,test,6,3,0.28898966472534415,16.771879357225988,0.087177274834164
2021_Ref_Plot1_B4::27,2021_Ref_Plot1_B4,Field2,test,5,4,0.3643115532474824,17.504291917738833,0.1109196187565857
2021_Ref_Plot1_B4::35,2021_Ref_Plot1_B4,Field2,test,8,5,0.16108971015442933,12.916761034538549,0.059138197558399365
2021_Ref_Plot1_B4::44,2021_Ref_Plot1_B4,Field2,test,9,6,0.14852780073595517,14.84962902411245,0.0185895574975746
2021_Ref_Plot1_B4::50,2021_Ref_Plot1_B4,Field2,test,6,7,0.11128941001452657,8.155136498471991,0.053012950514923496
2021_Ref_Plot1_B4::57,2021_Ref_Plot1_B4,Field2,test,7,8,0.115817606910249,11.24456303320832,0.029006127903307383
2021_Ref_Plot1_B4::65,2021_Ref_Plot1_B4,Field2,test,8,9,0.10000326848377056,10.586534925284575,0.03990501743440502
2021_Ref_Plot1_B4::69,2021_Ref_Plot1_B4,Field2,test,4,10,0.1576266679937099,12.773145125413405,0.04680202762435802
2021_Ref_Plot1_B4::71,2021_Ref_Plot1_B4,Field2,test,2,11,0.17777564905317722,9.31573417958973,0.09009374079736984
2021_Ref_Plot1_B4::76,2021_Ref_Plot1_B4,Field2,test,5,12,0.21950987365896465,14.29752751643189,0.04718097073029117
2021_Ref_Plot1_B4::80,2021_Ref_Plot1_B4,Field2,test,4,13,0.15032843314478986,8.830547494270153,0.06118523777441592
2021_Ref_Plot1_B4::85,2021_Ref_Plot1_B4,Field2,test,5,14,0.07294129685774124,7.829779031874472,0.010023554669130201
2021_Ref_Plot1_B7::8,2021_Ref_Plot1_B7,Field2,test,7,1,0.7313460755513965,27.54541320790676,0.21683418279296168
2021_Ref_Plot1_B7::16,2021_Ref_Plot1_B7,Field2,test,8,2,0.794078230293643,31.390032544022468,0.33977245048569965
2021_Ref_Plot1_B7::22,2021_Ref_Plot1_B7,Field2,test,6,3,0.2988240313883203,17.119792727280075,0.09422972767790111
2021_Ref_Plot1_B7::27,2021_Ref_Plot1_B7,Field2,test,5,4,0.331528679827096,17.89180508317372,0.10499459589248653
2021_Ref_Plot1_B7::35,2021_Ref_Plot1_B7,Field2,test,8,5,0.15295158409804177,13.530575568007874,0.030356208814888652
2021_Ref_Plot1_B7::44,2021_Ref_Plot1_B7,Field2,test,9,6,0.1596589676786632,15.577395755586759,0.030783395094544405
2021_Ref_Plot1_B7::50,2021_Ref_Plot1_B7,Field2,test,6,7,0.1628303596357701,9.587528617149173,0.0872569665758398
2021_Ref_Plot1_B7::57,2021_Ref_Plot1_B7,Field2,test,7,8,0.13334141983343753,11.672966821007309,0.04007970188604572
2021_Ref_Plot1_B7::65,2021_Ref_Plot1_B7,Field2,test,8,9,0.1107374579578967,11.315443968375536,0.04167547426932603
2021_Ref_Plot1_B7::69,2021_Ref_Plot1_B7,Field2,test,4,10,0.16087104591388943,12.17184551489247,0.0671658034720066
2021_Ref_Plot1_B7::71,2021_Ref_Plot1_B7,Field2,test,2,11,0.1585870256780921,9.667733577048322,0.08472103380037921
2021_Ref_Plot1_B7::85,2021_Ref_Plot1_B7,Field2,test,5,13,0.07657274571322081,7.530856807134729,0.03266659154884737
2021_Ref_Plot1_C18::8,2021_Ref_Plot1_C18,Field2,test,7,1,0.7357088224324291,27.846246459295703,0.19106135246996697
2021_Ref_Plot1_C18::16,2021_Ref_Plot1_C18,Field2,test,8,2,0.8077771342906609,30.545737779356024,0.37426177117862286
2021_Ref_Plot1_C18::22,2021_Ref_Plot1_C18,Field2,test,6,3,0.28688887692116155,15.741326638642398,0.08190466296818381
2021_Ref_Plot1_C18::27,2021_Ref_Plot1_C18,Field2,test,5,4,0.269603277031151,16.02739426976598,0.08589796354739351
2021_Ref_Plot1_C18::35,2021_Ref_Plot1_C18,Field2,test,8,5,0.1470674675790883,12.694786434415935,0.049350616314701945
2021_Ref_Plot1_C18::44,2021_Ref_Plot1_C18,Field2,test,9,6,0.12373142743686523,13.736860830565721,0.021177277443091762
2021_Ref_Plot1_C18::50,2021_Ref_Plot1_C18,Field2,test,6,7,0.08671418834970292,8.500788243867234,0.048840648303676674
2021_Ref_Plot1_C18::57,2021_Ref_Plot1_C18,Field2,test,7,8,0.09995864008913856,11.645328179638948,0.030681151753088665
2021_Ref_Plot1_C18::65,2021_Ref_Plot1_C18,Field2,test,8,9,0.08817335450214904,10.6903797919259,0.03218821265488315
2021_Ref_Plot1_C18::69,2021_Ref_Plot1_C18,Field2,test,4,10,0.18232162404035215,13.151511175594738,0.0732107362954762
2021_Ref_Plot1_C18::71,2021_Ref_Plot1_C18,Field2,test,2,11,0.1506324148952035,9.273751562272134,0.08617776427790826
2021_Ref_Plot1_C18::76,2021_Ref_Plot1_C18,Field2,test,5,12,0.14341241027698587,14.400281542811316,0.02193037370704011
2021_Ref_Plot1_C18::80,2021_Ref_Plot1_C18,Field2,test,4,13,0.04700730187483365,10.782767130503686,0.01935871991888163
2021_Ref_Plot1_C18::85,2021_Ref_Plot1_C18,Field2,test,5,14,0.05857750763717601,10.44712757869111,0.022146319656432364
2021_Ref_Plot1_C6::8,2021_Ref_Plot1_C6,Field2,test,7,1,0.7396242442488811,28.43440664175474,0.21515843011031963
2021_Ref_Plot1_C6::16,2021_Ref_Plot1_C6,Field2,test,8,2,0.8230869294047,31.8842483736157,0.3822642194477302
2021_Ref_Plot1_C6::22,2021_Ref_Plot1_C6,Field2,test,6,3,0.3051876427892634,16.930978363214294,0.09117336128416646
2021_Ref_Plot1_C6::27,2021_Ref_Plot1_C6,Field2,test,5,4,0.3521883231982585,17.66155888835104,0.09896545648577205
2021_Ref_Plot1_C6::35,2021_Ref_Plot1_C6,Field2,test,8,5,0.1648093728308586,13.348402389141633,0.0325484538598362
2021_Ref_Plot1_C6::44,2021_Ref_Plot1_C6,Field2,test,9,6,0.13478945524725947,14.932534531654627,0.02031315163446227
2021_Ref_Plot1_C6::50,2021_Ref_Plot1_C6,Field2,test,6,7,0.13776968231732437,9.063847492675665,0.07946009127850746
2021_Ref_Plot1_C6::57,2021_Ref_Plot1_C6,Field2,test,7,8,0.12763478548100907,10.690994047014362,0.023784487256644504
2021_Ref_Plot1_C6::65,2021_Ref_Plot1_C6,Field2,test,8,9,0.13762480747090847,11.142269200524703,0.0705492110716127
2021_Ref_Plot1_C6::69,2021_Ref_Plot1_C6,Field2,test,4,10,0.18172114123207983,12.09823765665318,0.0985573926915753
2021_Ref_Plot1_C6::71,2021_Ref_Plot1_C6,Field2,test,2,11,0.1654329669283633,9.61351619578649,0.09480728543797093
2021_Ref_Plot1_C6::76,2021_Ref_Plot1_C6,Field2,test,5,12,0.20392233726711115,15.080970171645697,0.06625824900364885
2021_Ref_Plot1_C6::80,2021_Ref_Plot1_C6,Field2,test,4,13,0.17202183832306187,8.328039105021602,0.059400908288652715
2021_Ref_Plot1_C6::85,2021_Ref_Plot1_C6,Field2,test,5,14,0.13710019179638097,9.393043092499573,0.04963921399564441
2021_Ref_Plot1_D18::8,2021_Ref_Plot1_D18,Field2,test,7,1,0.7320019771154812,28.32048381589466,0.17961594216687465
2021_Ref_Plot1_D18::16,2021_Ref_Plot1_D18,Field2,test,8,2,0.7984425917670931,30.31226234273699,0.3692595437186927
2021_Ref_Plot1_D18::22,2021_Ref_Plot1_D18,Field2,test,6,3,0.3034361771091477,16.430043507165742,0.08983366330677314
2021_Ref_Plot1_D18::27,2021_Ref_Plot1_D18,Field2,test,5,4,0.31157251679486686,16.24524804056341,0.1268323335716981
2021_Ref_Plot1_D18::35,2021_Ref_Plot1_D18,Field2,test,8,5,0.13517572336846576,12.119779257023106,0.03485572041759826
2021_Ref_Plot1_D18::44,2021_Ref_Plot1_D18,Field2,test,9,6,0.14844284109548667,16.034481589948214,0.024702432757205045
2021_Ref_Plot1_D18::50,2021_Ref_Plot1_D18,Field2,test,6,7,0.11691023511644784,9.088489493194567,0.06678176379239252
2021_Ref_Plot1_D18::57,2021_Ref_Plot1_D18,Field2,test,7,8,0.11950013725077208,11.813539684178782,0.03366483290761897
2021_Ref_Plot1_D18::65,2021_Ref_Plot1_D18,Field2,test,8,9,0.09778546461369919,10.8251635129832,0.03882083655841087
2021_Ref_Plot1_D18::69,2021_Ref_Plot1_D18,Field2,test,4,10,0.15541546877458615,12.218238680229067,0.0687149123034431
2021_Ref_Plot1_D18::71,2021_Ref_Plot1_D18,Field2,test,2,11,0.1524402531934114,10.24023029943539,0.0931310632470603
2021_Ref_Plot1_D18::76,2021_Ref_Plot1_D18,Field2,test,5,12,0.1755448115172894,15.030828544429342,0.040545263826176035
2021_Ref_Plot1_D18::80,2021_Ref_Plot1_D18,Field2,test,4,13,0.11946711366159879,10.055678590249393,0.05179701788411172
2021_Ref_Plot1_D18::85,2021_Ref_Plot1_D18,Field2,test,5,14,0.06957603666430612,9.773814767614237,0.02918101856580618
2021_Ref_Plot1_D4::8,2021_Ref_Plot1_D4,Field2,test,7,1,0.7294619703098912,27.519756522831035,0.1651446453410921
2021_Ref_Plot1_D4::16,2021_Ref_Plot1_D4,Field2,test,8,2,0.7808929135332549,30.264756700611855,0.3226907399347398
2021_Ref_Plot1_D4::22,2021_Ref_Plot1_D4,Field2,test,6,3,0.26076702559855297,16.695954579799906,0.06960487871140812
2021_Ref_Plot1_D4::27,2021_Ref_Plot1_D4,Field2,test,5,4,0.3076754775587934,15.873542505365322,0.09516538924013725
2021_Ref_Plot1_D4::35,2021_Ref_Plot1_D4,Field2,test,8,5,0.1468158320126562,12.463590732838822,0.04237631541314968
2021_Ref_Plot1_D4::44,2021_Ref_Plot1_D4,Field2,test,9,6,0.15161562715504207,14.763657936426476,0.022187179684192926
2021_Ref_Plot1_D4::50,2021_Ref_Plot1_D4,Field2,test,6,7,0.10752601430342795,8.35598117499716,0.05031253900934045
2021_Ref_Plot1_D4::57,2021_Ref_Plot1_D4,Field2,test,7,8,0.12248111080480395,11.879153730391401,0.035523393504232996
2021_Ref_Plot1_D4::65,2021_Ref_Plot1_D4,Field2,test,8,9,0.10834496458534337,11.34618093352139,0.03933224535681562
2021_Ref_Plot1_D4::69,2021_Ref_Plot1_D4,Field2,test,4,10,0.203091510487307,13.410015874609506,0.10246555505655142
2021_Ref_Plot1_D4::71,2021_Ref_Plot1_D4,Field2,test,2,11,0.18806910227257675,9.805595213706164,0.11686249830390455
2021_Ref_Plot1_D4::76,2021_Ref_Plot1_D4,Field2,test,5,12,0.14783430790683239,11.57227352657618,0.011322713244917522
2021_Ref_Plot1_D4::80,2021_Ref_Plot1_D4,Field2,test,4,13,0.0837156583764826,8.034791187529645,0.02992523069347856
2021_Ref_Plot1_D4::85,2021_Ref_Plot1_D4,Field2,test,5,14,0.12874024004897514,10.044634131746623,0.05464152862963852
2021_Ref_Plot1_D6::8,2021_Ref_Plot1_D6,Field2,test,7,1,0.7056989724290256,27.64178232285858,0.1577699167374323
2021_Ref_Plot1_D6::16,2021_Ref_Plot1_D6,Field2,test,8,2,0.7888991470772274,30.418975092739892,0.33292075727363785
2021_Ref_Plot1_D6::22,2021_Ref_Plot1_D6,Field2,test,6,3,0.2803769183938655,16.86454715803321,0.075725601573788
2021_Ref_Plot1_D6::27,2021_Ref_Plot1_D6,Field2,test,5,4,0.3602710204215647,17.318684493389448,0.11816588637861551
2021_Ref_Plot1_D6::35,2021_Ref_Plot1_D6,Field2,test,8,5,0.15734490361086192,13.207162901242462,0.020841861732390336
2021_Ref_Plot1_D6::44,2021_Ref_Plot1_D6,Field2,test,9,6,0.1438456506282118,14.88260765023287,0.02610924605243964
2021_Ref_Plot1_D6::50,2021_Ref_Plot1_D6,Field2,test,6,7,0.1342661775830159,8.767617025511546,0.07128198078872033
2021_Ref_Plot1_D6::57,2021_Ref_Plot1_D6,Field2,test,7,8,0.1339389734587058,11.464170832941111,0.040146884599040304
2021_Ref_Plot1_D6::65,2021_Ref_Plot1_D6,Field2,test,8,9,0.1368914264845581,11.664381021690728,0.06027607058677991
2021_Ref_Plot1_D6::69,2021_Ref_Plot1_D6,Field2,test,4,10,0.19016001199374113,12.998084514746612,0.08946552045906787
2021_Ref_Plot1_D6::71,2021_Ref_Plot1_D6,Field2,test,2,11,0.15240346446617792,9.27871677104089,0.08333971865956218
2021_Ref_Plot1_D6::76,2021_Ref_Plot1_D6,Field2,test,5,12,0.21689168767438127,15.589319174401304,0.03614809509482444
2021_Ref_Plot1_D6::80,2021_Ref_Plot1_D6,Field2,test,4,13,0.2187341714719482,9.248533099906027,0.09909787904036121
2021_Ref_Plot1_D6::85,2021_Ref_Plot1_D6,Field2,test,5,14,0.10108674997671953,10.02615677039865,0.040180889910117104
2021_Ref_Plot1_E2::8,2021_Ref_Plot1_E2,Field2,test,7,1,0.7306936148858273,28.363281686178436,0.19098770594153897
2021_Ref_Plot1_E2::16,2021_Ref_Plot1_E2,Field2,test,8,2,0.7771508900712804,30.07905199151708,0.2958234717385758
2021_Ref_Plot1_E2::22,2021_Ref_Plot1_E2,Field2,test,6,3,0.2735510798290994,15.518961990564687,0.06920476488659173
2021_Ref_Plot1_E2::27,2021_Ref_Plot1_E2,Field2,test,5,4,0.30585338902256415,15.225125826293642,0.10771863406358649
2021_Ref_Plot1_E2::35,2021_Ref_Plot1_E2,Field2,test,8,5,0.12060305060777653,10.142060871622798,0.017495345705194367
2021_Ref_Plot1_E2::44,2021_Ref_Plot1_E2,Field2,test,9,6,0.13904622291881064,14.7092647525007,0.02528063004140173
2021_Ref_Plot1_E2::50,2021_Ref_Plot1_E2,Field2,test,6,7,0.13636133558383293,8.938692228368136,0.06485235858077618
2021_Ref_Plot1_E2::57,2021_Ref_Plot1_E2,Field2,test,7,8,0.12316361805708875,11.51592578275835,0.03606573224732311
2021_Ref_Plot1_E2::65,2021_Ref_Plot1_E2,Field2,test,8,9,0.09841771859713977,11.003064175163942,0.020648337461838244
2021_Ref_Plot1_E2::69,2021_Ref_Plot1_E2,Field2,test,4,10,0.1873488514447459,12.628151755230924,0.07662014826958301
2021_Ref_Plot1_E2::71,2021_Ref_Plot1_E2,Field2,test,2,11,0.1685162674224897,9.46106028855545,0.098310617435365
2021_Ref_Plot1_E2::76,2021_Ref_Plot1_E2,Field2,test,5,12,0.11795501662383585,11.183893262570653,0.0051489684781919395
2021_Ref_Plot1_E2::80,2021_Ref_Plot1_E2,Field2,test,4,13,0.10403845806556711,8.78988251320785,0.03405993127543653
2021_Ref_Plot1_E2::85,2021_Ref_Plot1_E2,Field2,test,5,14,0.10281475592507301,7.598594456203921,0.044478246726421214
2021_Ref_Plot1_E8::8,2021_Ref_Plot1_E8,Field2,test,7,1,0.6994288332373239,28.11159307337511,0.1608004322976078
2021_Ref_Plot1_E8::16,2021_Ref_Plot1_E8,Field2,test,8,2,0.759192839432442,29.531397179483996,0.28124844539507415
2021_Ref_Plot1_E8::22,2021_Ref_Plot1_E8,Field2,test,6,3,0.2897095082932627,15.920043120840564,0.0942828349757931
2021_Ref_Plot1_E8::27,2021_Ref_Plot1_E8,Field2,test,5,4,0.2880621891842037,16.394623504426402,0.10051218644647382
2021_Ref_Plot1_E8::35,2021_Ref_Plot1_E8,Field2,test,8,5,0.14634334808162033,11.642174465551332,0.027330430142807595
2021_Ref_Plot1_E8::44,2021_Ref_Plot1_E8,Field2,test,9,6,0.15286862748580857,15.505074068755857,0.023626998734575157
2021_Ref_Plot1_E8::50,2021_Ref_Plot1_E8,Field2,test,6,7,0.12299703437438385,9.300563421059794,0.07800726144799613
2021_Ref_Plot1_E8::57,2021_Ref_Plot1_E8,Field2,test,7,8,0.10532760654129485,10.997090290875345,0.02600340078944361
2021_Ref_Plot1_E8::65,2021_Ref_Plot1_E8,Field2,test,8,9,0.09754192773043203,11.07195936389771,0.022233150025802707
2021_Ref_Plot1_E8::69,2021_Ref_Plot1_E8,Field2,test,4,10,0.17707764636467807,13.027532029692242,0.07448832415388107
2021_Ref_Plot1_E8::71,2021_Ref_Plot1_E8,Field2,test,2,11,0.1759475266122563,9.76693121836558,0.10644115682565831
2021_Ref_Plot1_E8::76,2021_Ref_Plot1_E8,Field2,test,5,12,0.1935055562161645,14.09758221123135,0.025829442336216295
2021_Ref_Plot1_E8::80,2021_Ref_Plot1_E8,Field2,test,4,13,0.06380504197751646,8.357258653825944,0.012951578473733471
2021_Ref_Plot1_E8::85,2021_Ref_Plot1_E8,Field2,test,5,14,0.07389330210030097,7.929210860169516,0.023905520286568876
2021_Ref_Plot2_A1::8,2021_Ref_Plot2_A1,Field2,test,7,1,0.6129352685365109,25.349210212995487,0.13263636581681099
2021_Ref_Plot2_A1::16,2021_Ref_Plot2_A1,Field2,test,8,2,0.7610911697947462,29.651471485068434,0.3272889275913547
2021_Ref_Plot2_A1::22,2021_Ref_Plot2_A1,Field2,test,6,3,0.2858715695234569,17.650685286611328,0.05509444210326975
2021_Ref_Plot2_A1::27,2021_Ref_Plot2_A1,Field2,test,5,4,0.4265532126215719,17.59352715690322,0.1557700782370346
2021_Ref_Plot2_A1::35,2021_Ref_Plot2_A1,Field2,test,8,5,0.14997017971676038,13.572644051987805,0.025668858863755976
2021_Ref_Plot2_A1::44,2021_Ref_Plot2_A1,Field2,test,9,6,0.09760769013283806,10.336458239832801,0.020121575377843474
2021_Ref_Plot2_A1::50,2021_Ref_Plot2_A1,Field2,test,6,7,0.16101168343603894,10.452102695918704,0.07280085129847835
2021_Ref_Plot2_A1::57,2021_Ref_Plot2_A1,Field2,test,7,8,0.1795073508908074,11.478094648559413,0.0634199360860201
2021_Ref_Plot2_A1::65,2021_Ref_Plot2_A1,Field2,test,8,9,0.14400001215562394,11.251745916881184,0.05551442399180443
2021_Ref_Plot2_A1::69,2021_Ref_Plot2_A1,Field2,test,4,10,0.19277831297173856,11.627483592643406,0.0998928011230998
2021_Ref_Plot2_A1::71,2021_Ref_Plot2_A1,Field2,test,2,11,0.1199457901041746,8.010821007935526,0.06404623651364962
2021_Ref_Plot2_A1::76,2021_Ref_Plot2_A1,Field2,test,5,12,0.18908614464191145,10.743669197199637,0.025323039250456786
2021_Ref_Plot2_A1::80,2021_Ref_Plot2_A1,Field2,test,4,13,0.08894458556215167,8.051117651637835,0.024665496355809884
2021_Ref_Plot2_A1::85,2021_Ref_Plot2_A1,Field2,test,5,14,0.12377869389786185,9.85817047487685,0.06778073375904016
2021_Ref_Plot2_A13::8,2021_Ref_Plot2_A13,Field2,test,7,1,0.6371950649379968,25.292268583082574,0.1441391561625628
2021_Ref_Plot2_A13::16,2021_Ref_Plot2_A13,Field2,test,8,2,0.8166880390365554,31.768808646559435,0.3951835632046798
2021_Ref_Plot2_A13::22,2021_Ref_Plot2_A13,Field2,test,6,3,0.32025179400504866,18.879334541581642,0.0668228173908012
2021_Ref_Plot2_A13::27,2021_Ref_Plot2_A13,Field2,test,5,4,0.41155961324795376,18.712027051313946,0.10908482159673472
2021_Ref_Plot2_A13::35,2021_Ref_Plot2_A13,Field2,test,8,5,0.14315191403601765,12.959517386211415,0.020688566099409292
2021_Ref_Plot2_A13::44,2021_Ref_Plot2_A13,Field2,test,9,6,0.10265312721601365,11.208506821391781,0.032281813902965945
2021_Ref_Plot2_A13::50,2021_Ref_Plot2_A13,Field2,test,6,7,0.1408325150958545,9.477872445607419,0.08048657160274693
2021_Ref_Plot2_A13::57,2021_Ref_Plot2_A13,Field2,test,7,8,0.12682481785934296,10.999160958971865,0.04814665865787948
2021_Ref_Plot2_A13::65,2021_Ref_Plot2_A13,Field2,test,8,9,0.12947549496058086,11.57169774121613,0.05243259770870594
2021_Ref_Plot2_A13::69,2021_Ref_Plot2_A13,Field2,test,4,10,0.14474872117907944,11.471589269026882,0.06774294034327909
2021_Ref_Plot2_A13::71,2021_Ref_Plot2_A13,Field2,test,2,11,0.14970329543828748,9.371705154814764,0.08322744138479765
2021_Ref_Plot2_A13::76,2021_Ref_Plot2_A13,Field2,test,5,12,0.114198085149901,12.392488021219481,0.01810736661564576
2021_Ref_Plot2_A13::80,2021_Ref_Plot2_A13,Field2,test,4,13,0.15155039329971606,9.438762886415574,0.06967105646814485
2021_Ref_Plot2_A13::85,2021_Ref_Plot2_A13,Field2,test,5,14,0.07565252728815085,8.854722526812756,0.021380329430127604
2021_Ref_Plot2_A15::8,2021_Ref_Plot2_A15,Field2,test,7,1,0.6601713334277938,26.559502230136683,0.17082930507292796
2021_Ref_Plot2_A15::16,2021_Ref_Plot2_A15,Field2,test,8,2,0.7729288842437262,29.976741665848564,0.3241868468433578
2021_Ref_Plot2_A15::22,2021_Ref_Plot2_A15,Field2,test,6,3,0.31279208612075055,18.257784049741684,0.055714671119061504
2021_Ref_Plot2_A15::27,2021_Ref_Plot2_A15,Field2,test,5,4,0.39101024206034696,18.20192094690064,0.09565574451540394
2021_Ref_Plot2_A15::35,2021_Ref_Plot2_A15,Field2,test,8,5,0.14618509525236642,11.94620618366005,0.026986668083677192
2021_Ref_Plot2_A15::44,2021_Ref_Plot2_A15,Field2,test,9,6,0.10165764684709094,10.565654964144532,0.021691202895479857
2021_Ref_Plot2_A15::50,2021_Ref_Plot2_A15,Field2,test,6,7,0.16330300171775228,9.708592243973392,0.10253114649845249
2021_Ref_Plot2_A15::57,2021_Ref_Plot2_A15,Field2,test,7,8,0.13694506532591885,10.884575018865936,0.05613339567638838
2021_Ref_Plot2_A15::65,2021_Ref_Plot2_A15,Field2,test,8,9,0.13844788265256855,11.764268529358093,0.06829575186643391
2021_Ref_Plot2_A15::69,2021_Ref_Plot2_A15,Field2,test,4,10,0.1744190309001273,12.21193712170854,0.08875678310383965
2021_Ref_Plot2_A15::71,2021_Ref_Plot2_A15,Field2,test,2,11,0.13169497873172875,8.960096785429188,0.09198446864800404
2021_Ref_Plot2_A15::76,2021_Ref_Plot2_A15,Field2,test,5,12,0.10783487532853842,10.352103217439613,0.026002026609805485
2021_Ref_Plot2_A15::80,2021_Ref_Plot2_A15,Field2,test,4,13,0.11416346577976515,8.018849282541034,0.043340725568310416
2021_Ref_Plot2_A15::85,2021_Ref_Plot2_A15,Field2,test,5,14,0.1303171477457631,9.244264424109508,0.05537396982708414
2021_Ref_Plot2_B17::8,2021_Ref_Plot2_B17,Field2,test,7,1,0.6843628967561387,27.251915269805508,0.18933668080605606
2021_Ref_Plot2_B17::16,2021_Ref_Plot2_B17,Field2,test,8,2,0.7770336454795825,30.039792167763597,0.3144457707459274
2021_Ref_Plot2_B17::22,2021_Ref_Plot2_B17,Field2,test,6,3,0.3336542556950263,18.196800309880178,0.08540942843585735
2021_Ref_Plot2_B17::27,2021_Ref_Plot2_B17,Field2,test,5,4,0.3607903226144568,18.156129489695584,0.10287086470943035
2021_Ref_Plot2_B17::35,2021_Ref_Plot2_B17,Field2,test,8,5,0.15971924244834493,13.244510865056846,0.052936944131920335
2021_Ref_Plot2_B17::44,2021_Ref_Plot2_B17,Field2,test,9,6,0.10285521054178189,10.977447087526684,0.030692319250808897
2021_Ref_Plot2_B17::50,2021_Ref_Plot2_B17,Field2,test,6,7,0.13870811868003552,9.045856200527565,0.09080104979968726
2021_Ref_Plot2_B17::57,2021_Ref_Plot2_B17,Field2,test,7,8,0.13563154293552812,11.560590641503444,0.0522982376054866
2021_Ref_Plot2_B17::65,2021_Ref_Plot2_B17,Field2,test,8,9,0.09877608879610444,10.079347840537219,0.03637365754208806
2021_Ref_Plot2_B17::69,2021_Ref_Plot2_B17,Field2,test,4,10,0.17212097007039484,12.313931141586101,0.06659771301999964
2021_Ref_Plot2_B17::71,2021_Ref_Plot2_B17,Field2,test,2,11,0.15368012907041828,8.884452161608284,0.09838683759864883
2021_Ref_Plot2_B17::76,2021_Ref_Plot2_B17,Field2,test,5,12,0.10986135631754994,8.80068081433582,0.019601146482467375
2021_Ref_Plot2_B17::80,2021_Ref_Plot2_B17,Field2,test,4,13,0.15129161845335728,9.27742091942349,0.05883800601424931
2021_Ref_Plot2_B17::85,2021_Ref_Plot2_B17,Field2,test,5,14,0.17815813495433638,11.078699494268047,0.08866846840654836
2021_Ref_Plot2_B4::8,2021_Ref_Plot2_B4,Field2,test,7,1,0.6710866152277735,25.952386628697962,0.14961860621937548
2021_Ref_Plot2_B4::16,2021_Ref_Plot2_B4,Field2,test,8,2,0.770993153070792,30.494533040157513,0.30441455168038256
2021_Ref_Plot2_B4::22,2021_Ref_Plot2_B4,Field2,test,6,3,0.29759425983643467,18.491787786154,0.05768491187901886
2021_Ref_Plot2_B4::27,2021_Ref_Plot2_B4,Field2,test,5,4,0.44791406314148635,19.378668401236197,0.15804123453344118
2021_Ref_Plot2_B4::35,2021_Ref_Plot2_B4,Field2,test,8,5,0.15227623205770976,13.670063565520614,0.037510296978502854
2021_Ref_Plot2_B4::44,2021_Ref_Plot2_B4,Field2,test,9,6,0.11662790382172698,12.69875033379843,0.02645054015113568
2021_Ref_Plot2_B4::50,2021_Ref_Plot2_B4,Field2,test,6,7,0.1761664284506932,9.816847277943817,0.11492027162783978
2021_Ref_Plot2_B4::57,2021_Ref_Plot2_B4,Field2,test,7,8,0.1603447616619411,11.280600055179981,0.06649597897090194
2021_Ref_Plot2_B4::65,2021_Ref_Plot2_B4,Field2,test,8,9,0.13663448223497218,10.246603511520497,0.06844943965121661
2021_Ref_Plot2_B4::69,2021_Ref_Plot2_B4,Field2,test,4,10,0.1774558812596209,12.042207434289997,0.08159856801740226
2021_Ref_Plot2_B4::71,2021_Ref_Plot2_B4,Field2,test,2,11,0.18121386367196904,10.258117000182958,0.10978554731163286
2021_Ref_Plot2_B4::76,2021_Ref_Plot2_B4,Field2,test,5,12,0.2007627206876459,13.757136985481067,0.0375985324291021
2021_Ref_Plot2_B4::80,2021_Ref_Plot2_B4,Field2,test,4,13,0.09293089788869584,8.59752488453138,0.022025820231048567
2021_Ref_Plot2_B4::85,2021_Ref_Plot2_B4,Field2,test,5,14,0.11396259410905689,8.507972894620877,0.040300572885453405
2021_Ref_Plot2_C1::8,2021_Ref_Plot2_C1,Field2,test,7,1,0.6530122237787512,24.330058001670878,0.11932110866184796
2021_Ref_Plot2_C1::16,2021_Ref_Plot2_C1,Field2,test,8,2,0.7444260448326762,28.808332983729823,0.2902604128071468
2021_Ref_Plot2_C1::22,2021_Ref_Plot2_C1,Field2,test,6,3,0.3026736758719917,17.182116085748593,0.07134504444468333
2021_Ref_Plot2_C1::27,2021_Ref_Plot2_C1,Field2,test,5,4,0.3919430588467532,17.725336520839022,0.15679030806195
2021_Ref_Plot2_C1::35,2021_Ref_Plot2_C1,Field2,test,8,5,0.13950596570714893,13.024871262671729,0.02251102022615099
2021_Ref_Plot2_C1::44,2021_Ref_Plot2_C1,Field2,test,9,6,0.09417639263019906,12.602005091085815,0.012892077485698913
2021_Ref_Plot2_C1::50,2021_Ref_Plot2_C1,Field2,test,6,7,0.1486598904861172,9.51386156663752,0.08291181412978231
2021_Ref_Plot2_C1::57,2021_Ref_Plot2_C1,Field2,test,7,8,0.14157194793816422,11.26898476914818,0.052868526872352245
2021_Ref_Plot2_C1::65,2021_Ref_Plot2_C1,Field2,test,8,9,0.0886501479380457,9.370754895319816,0.03661206471340079
2021_Ref_Plot2_C1::69,2021_Ref_Plot2_C1,Field2,test,4,10,0.16448434186758545,12.36100814897123,0.08216838785317405
2021_Ref_Plot2_C1::71,2021_Ref_Plot2_C1,Field2,test,2,11,0.16067925302925481,8.371297822380338,0.09393403191003256
2021_Ref_Plot2_C1::76,2021_Ref_Plot2_C1,Field2,test,5,12,0.18442243630562397,13.6668703150881,0.012600110880826054
2021_Ref_Plot2_C1::80,2021_Ref_Plot2_C1,Field2,test,4,13,0.08051082218281125,7.134801746214317,0.012954652555232449
2021_Ref_Plot2_C1::85,2021_Ref_Plot2_C1,Field2,test,5,14,0.09520026864989763,9.258017904312366,0.040334947550800575
2021_Ref_Plot2_C10::8,2021_Ref_Plot2_C10,Field2,test,7,1,0.6928801466620099,26.618805337571317,0.18983770229007813
2021_Ref_Plot2_C10::16,2021_Ref_Plot2_C10,Field2,test,8,2,0.7690020236952247,29.645836997141892,0.30384926976164955
2021_Ref_Plot2_C10::22,2021_Ref_Plot2_C10,Field2,test,6,3,0.3095018979054293,16.610322269099854,0.08680595911391259
2021_Ref_Plot2_C10::27,2021_Ref_Plot2_C10,Field2,test,5,4,0.33372966358443296,16.846143476390868,0.09526730937726181
2021_Ref_Plot2_C10::35,2021_Ref_Plot2_C10,Field2,test,8,5,0.14661061133754946,12.287652378711494,0.03955820196872969
2021_Ref_Plot2_C10::44,2021_Ref_Plot2_C10,Field2,test,9,6,0.10861262774482901,11.747845009726092,0.01975315037594027
2021_Ref_Plot2_C10::50,2021_Ref_Plot2_C10,Field2,test,6,7,0.12936783893731033,8.852401894163318,0.08030678809247774
2021_Ref_Plot2_C10::57,2021_Ref_Plot2_C10,Field2,test,7,8,0.10656030692267854,10.22858139602022,0.023969567163499527
2021_Ref_Plot2_C10::65,2021_Ref_Plot2_C10,Field2,test,8,9,0.11881010265348398,9.6397005031857,0.06361881917753828
2021_Ref_Plot2_C10::69,2021_Ref_Plot2_C10,Field2,test,4,10,0.18538813344069147,12.370479532064312,0.10387879156845584
2021_Ref_Plot2_C10::71,2021_Ref_Plot2_C10,Field2,test,2,11,0.09903372228537786,8.148987451328313,0.0478982152172144
2021_Ref_Plot2_C10::76,2021_Ref_Plot2_C10,Field2,test,5,12,0.12714567214604794,12.437886147711962,0.02363031660884334
2021_Ref_Plot2_C10::80,2021_Ref_Plot2_C10,Field2,test,4,13,0.0917223965539246,8.56424096342124,0.027255729718277718
2021_Ref_Plot2_C10::85,2021_Ref_Plot2_C10,Field2,test,5,14,0.1312050556052341,9.84783559328999,0.08942156320671289
2021_Ref_Plot2_C16::8,2021_Ref_Plot2_C16,Field2,test,7,1,0.6813059032538403,26.652376515127155,0.16825481275892404
2021_Ref_Plot2_C16::16,2021_Ref_Plot2_C16,Field2,test,8,2,0.7815414417465864,30.001782529523293,0.3135226477750652
2021_Ref_Plot2_C16::22,2021_Ref_Plot2_C16,Field2,test,6,3,0.32857448498590985,16.621072620501195,0.07978072594228115
2021_Ref_Plot2_C16::27,2021_Ref_Plot2_C16,Field2,test,5,4,0.33246126173926727,17.433690319253948,0.09390134764217417
2021_Ref_Plot2_C16::35,2021_Ref_Plot2_C16,Field2,test,8,5,0.1578525008573893,12.700187869162141,0.036746182358314915
2021_Ref_Plot2_C16::44,2021_Ref_Plot2_C16,Field2,test,9,6,0.10822836936316176,11.374040826292877,0.03174289774056107
2021_Ref_Plot2_C16::50,2021_Ref_Plot2_C16,Field2,test,6,7,0.12911839209290857,9.065200391759006,0.05776087143408298
2021_Ref_Plot2_C16::57,2021_Ref_Plot2_C16,Field2,test,7,8,0.09573014670783976,11.116190976575895,0.033965257421626746
2021_Ref_Plot2_C16::65,2021_Ref_Plot2_C16,Field2,test,8,9,0.09913613138438947,10.313066812766717,0.05325827753179319
2021_Ref_Plot2_C16::69,2021_Ref_Plot2_C16,Field2,test,4,10,0.17001613122081227,12.561203534785633,0.0701204711460505
2021_Ref_Plot2_C16::71,2021_Ref_Plot2_C16,Field2,test,2,11,0.1387583882712362,7.6829786040970305,0.05734201712216108
2021_Ref_Plot2_C16::76,2021_Ref_Plot2_C16,Field2,test,5,12,0.16105652665586698,11.440450443920188,0.020330973487357455
2021_Ref_Plot2_C16::80,2021_Ref_Plot2_C16,Field2,test,4,13,0.10180518954109102,9.253437022590456,0.031999432697841404
2021_Ref_Plot2_C16::85,2021_Ref_Plot2_C16,Field2,test,5,14,0.15712497830882224,10.564784561120632,0.08653580431881214
2021_Ref_Plot2_C18::8,2021_Ref_Plot2_C18,Field2,test,7,1,0.6875141280593543,26.432982044744826,0.15045379688301103
2021_Ref_Plot2_C18::16,2021_Ref_Plot2_C18,Field2,test,8,2,0.7758083222286083,30.21475586924149,0.3011074991414392
2021_Ref_Plot2_C18::22,2021_Ref_Plot2_C18,Field2,test,6,3,0.31241645161216147,16.363421962632124,0.05790922892862135
2021_Ref_Plot2_C18::27,2021_Ref_Plot2_C18,Field2,test,5,4,0.32401805606717055,17.544624832743303,0.08858896378318608
2021_Ref_Plot2_C18::35,2021_Ref_Plot2_C18,Field2,test,8,5,0.17060557357865944,12.479602834850576,0.03877993268971206
2021_Ref_Plot2_C18::44,2021_Ref_Plot2_C18,Field2,test,9,6,0.0955413339966608,10.335189457740025,0.02533207255896297
2021_Ref_Plot2_C18::50,2021_Ref_Plot2_C18,Field2,test,6,7,0.1266548820455059,8.962981329741623,0.07618120693658276
2021_Ref_Plot2_C18::57,2021_Ref_Plot2_C18,Field2,test,7,8,0.12283130695831511,11.252235581217665,0.0495464020514693
2021_Ref_Plot2_C18::65,2021_Ref_Plot2_C18,Field2,test,8,9,0.10119727603398276,9.857093101502098,0.04576167777299941
2021_Ref_Plot2_C18::69,2021_Ref_Plot2_C18,Field2,test,4,10,0.1728301166906078,12.28372534742396,0.0735289880927301
2021_Ref_Plot2_C18::71,2021_Ref_Plot2_C18,Field2,test,2,11,0.09569659722873665,7.6785142129270465,0.04024584621425718
2021_Ref_Plot2_C18::76,2021_Ref_Plot2_C18,Field2,test,5,12,0.14909832547062532,11.902861966260204,0.018563287270980444
2021_Ref_Plot2_C18::80,2021_Ref_Plot2_C18,Field2,test,4,13,0.10078031574669111,8.82464499489811,0.022228079099510287
2021_Ref_Plot2_C18::85,2021_Ref_Plot2_C18,Field2,test,5,14,0.08602116051873791,8.372593759905778,0.04536748558959519
2021_Ref_Plot2_C2::8,2021_Ref_Plot2_C2,Field2,test,7,1,0.6791126011291756,25.5024548423914,0.1526900137075764
2021_Ref_Plot2_C2::16,2021_Ref_Plot2_C2,Field2,test,8,2,0.7521018677667076,29.788420183903604,0.28731289156462986
2021_Ref_Plot2_C2::22,2021_Ref_Plot2_C2,Field2,test,6,3,0.27384025261039596,16.591975146707657,0.045093357137840864
2021_Ref_Plot2_C2::27,2021_Ref_Plot2_C2,Field2,test,5,4,0.4404764362694011,19.24404665733093,0.1671997139563493
2021_Ref_Plot2_C2::35,2021_Ref_Plot2_C2,Field2,test,8,5,0.1515883802482918,13.48865398794398,0.02836985381676736
2021_Ref_Plot2_C2::44,2021_Ref_Plot2_C2,Field2,test,9,6,0.10202629107041378,12.600706259784204,0.013581049724177225
2021_Ref_Plot2_C2::50,2021_Ref_Plot2_C2,Field2,test,6,7,0.16678959098580326,10.087485558307979,0.09512332219433847
2021_Ref_Plot2_C2::57,2021_Ref_Plot2_C2,Field2,test,7,8,0.1423900500608712,11.255677542517864,0.054164980774257375
2021_Ref_Plot2_C2::65,2021_Ref_Plot2_C2,Field2,test,8,9,0.10563460936560182,9.316899490009957,0.03219423471058108
2021_Ref_Plot2_C2::69,2021_Ref_Plot2_C2,Field2,test,4,10,0.16122916876694213,11.69618813586303,0.07047911388899768
2021_Ref_Plot2_C2::71,2021_Ref_Plot2_C2,Field2,test,2,11,0.10533933612707036,6.970009012797441,0.04088457612760973
2021_Ref_Plot2_C2::76,2021_Ref_Plot2_C2,Field2,test,5,12,0.20097273617272585,14.054863137947484,0.02371505913106074
2021_Ref_Plot2_C2::80,2021_Ref_Plot2_C2,Field2,test,4,13,0.09766907278873989,7.815431821918667,0.018904460917353573
2021_Ref_Plot2_C2::85,2021_Ref_Plot2_C2,Field2,test,5,14,0.07769865475418841,8.745397100901016,0.02711127744090065
2021_Ref_Plot2_C3::8,2021_Ref_Plot2_C3,Field2,test,7,1,0.6779006403025893,26.338810701464546,0.15622154488203915
2021_Ref_Plot2_C3::16,2021_Ref_Plot2_C3,Field2,test,8,2,0.7716615779235704,30.584211120693816,0.3032656880390535
2021_Ref_Plot2_C3::22,2021_Ref_Plot2_C3,Field2,test,6,3,0.2909126487891923,17.81174527775175,0.07148967383755024
2021_Ref_Plot2_C3::27,2021_Ref_Plot2_C3,Field2,test,5,4,0.41479293270750645,18.65050904311924,0.13609903051576996
2021_Ref_Plot2_C3::35,2021_Ref_Plot2_C3,Field2,test,8,5,0.15654692928525168,13.784315161397052,0.027634518072056215
2021_Ref_Plot2_C3::44,2021_Ref_Plot2_C3,Field2,test,9,6,0.1259349972070791,13.24257768587912,0.014861042537541176
2021_Ref_Plot2_C3::50,2021_Ref_Plot2_C3,Field2,test,6,7,0.15114071755956093,9.711732513461053,0.10644792966681633
2021_Ref_Plot2_C3::57,2021_Ref_Plot2_C3,Field2,test,7,8,0.12295702646335598,11.678475450965525,0.04632499316021518
2021_Ref_Plot2_C3::65,2021_Ref_Plot2_C3,Field2,test,8,9,0.09901142659869404,9.414568448216347,0.041381321901615975
2021_Ref_Plot2_C3::69,2021_Ref_Plot2_C3,Field2,test,4,10,0.1460373134238678,11.911303912778404,0.052773368942926294
2021_Ref_Plot2_C3::71,2021_Ref_Plot2_C3,Field2,test,2,11,0.14410769807125365,8.590169719545065,0.07745229641696463
2021_Ref_Plot2_C3::76,2021_Ref_Plot2_C3,Field2,test,5,12,0.19574064196805172,15.067498140579039,0.04521130278286475
2021_Ref_Plot2_C3::80,2021_Ref_Plot2_C3,Field2,test,4,13,0.06257564293457363,7.97582994987194,0.00808683054654233
2021_Ref_Plot2_C3::85,2021_Ref_Plot2_C3,Field2,test,5,14,0.0699858080859873,8.266320468653568,0.020054860112225847
2021_Ref_Plot2_D12::8,2021_Ref_Plot2_D12,Field2,test,7,1,0.7229976178452157,27.599365729827028,0.22386550395265933
2021_Ref_Plot2_D12::16,2021_Ref_Plot2_D12,Field2,test,8,2,0.7607436879938275,29.725597333902464,0.30900914337825397
2021_Ref_Plot2_D12::22,2021_Ref_Plot2_D12,Field2,test,6,3,0.25689395909637197,16.560860845044143,0.0761090962969202
2021_Ref_Plot2_D12::27,2021_Ref_Plot2_D12,Field2,test,5,4,0.2658015340554571,16.21944664918122,0.08724459769982208
2021_Ref_Plot2_D12::35,2021_Ref_Plot2_D12,Field2,test,8,5,0.14109915190559055,12.366851968164124,0.037932404110688364
2021_Ref_Plot2_D12::44,2021_Ref_Plot2_D12,Field2,test,9,6,0.08926967348754107,11.371634380310667,0.02115942522296509
2021_Ref_Plot2_D12::50,2021_Ref_Plot2_D12,Field2,test,6,7,0.12186924000407619,9.350412054593614,0.07513715151598277
2021_Ref_Plot2_D12::57,2021_Ref_Plot2_D12,Field2,test,7,8,0.08922706504486384,11.487772247992371,0.038059521528393626
2021_Ref_Plot2_D12::65,2021_Ref_Plot2_D12,Field2,test,8,9,0.06560031591131298,9.683628069244076,0.03578435941049994
2021_Ref_Plot2_D12::69,2021_Ref_Plot2_D12,Field2,test,4,10,0.1416813816447445,12.635650069771833,0.05723362173335724
2021_Ref_Plot2_D12::71,2021_Ref_Plot2_D12,Field2,test,2,11,0.07588234057756062,7.958322630883562,0.03238911487365115
2021_Ref_Plot2_D12::76,2021_Ref_Plot2_D12,Field2,test,5,12,0.11630250006583087,11.824593922441231,0.022449422979069746
2021_Ref_Plot2_D12::80,2021_Ref_Plot2_D12,Field2,test,4,13,0.05011229012987697,8.86129552291868,0.00940104145942281
2021_Ref_Plot2_D12::85,2021_Ref_Plot2_D12,Field2,test,5,14,0.05229856131266499,10.46695655906279,0.020347268802176428
2021_Ref_Plot2_D5::8,2021_Ref_Plot2_D5,Field2,test,7,1,0.7214630089051409,27.870828369860902,0.20197101046624458
2021_Ref_Plot2_D5::16,2021_Ref_Plot2_D5,Field2,test,8,2,0.7798774817328337,31.085908130488278,0.3069984077646471
2021_Ref_Plot2_D5::22,2021_Ref_Plot2_D5,Field2,test,6,3,0.2911250213269544,16.783008490854286,0.10964396024649824
2021_Ref_Plot2_D5::27,2021_Ref_Plot2_D5,Field2,test,5,4,0.3193841440865437,16.793039317801323,0.13250189356874395
2021_Ref_Plot2_D5::35,2021_Ref_Plot2_D5,Field2,test,8,5,0.1324195102212107,12.660049741183595,0.032832887546035756
2021_Ref_Plot2_D5::44,2021_Ref_Plot2_D5,Field2,test,9,6,0.09952179110085091,13.156691448260121,0.01695742608508589
2021_Ref_Plot2_D5::50,2021_Ref_Plot2_D5,Field2,test,6,7,0.09438364452128682,9.016090770000014,0.04560346100524709
2021_Ref_Plot2_D5::57,2021_Ref_Plot2_D5,Field2,test,7,8,0.09837301056467279,11.410243591157812,0.0331735889484758
2021_Ref_Plot2_D5::65,2021_Ref_Plot2_D5,Field2,test,8,9,0.0964127827863035,9.377967481292513,0.04101341650012522
2021_Ref_Plot2_D5::69,2021_Ref_Plot2_D5,Field2,test,4,10,0.14852213034861886,12.644861073945657,0.050106556978591725
2021_Ref_Plot2_D5::71,2021_Ref_Plot2_D5,Field2,test,2,11,0.17101389567775607,9.932823307988013,0.11792054751429695
2021_Ref_Plot2_D5::76,2021_Ref_Plot2_D5,Field2,test,5,12,0.16997999471941805,13.88227949609048,0.02818222885823569
2021_Ref_Plot2_D5::80,2021_Ref_Plot2_D5,Field2,test,4,13,0.05048189168860192,8.122755749831333,0.012970063105144614
2021_Ref_Plot2_D5::85,2021_Ref_Plot2_D5,Field2,test,5,14,0.09423430781421845,11.00519773263667,0.052994515529656026
2021_Ref_Plot2_E1::8,2021_Ref_Plot2_E1,Field2,test,7,1,0.6602382415417339,26.281060041123094,0.17125902326826792
2021_Ref_Plot2_E1::16,2021_Ref_Plot2_E1,Field2,test,8,2,0.726382636237313,29.545130163460417,0.28517421096553053
2021_Ref_Plot2_E1::22,2021_Ref_Plot2_E1,Field2,test,6,3,0.2536739944806871,16.506808050660617,0.05787698066172503
2021_Ref_Plot2_E1::27,2021_Ref_Plot2_E1,Field2,test,5,4,0.2240552958150491,16.1277940632681,0.06418233369251389
2021_Ref_Plot2_E1::35,2021_Ref_Plot2_E1,Field2,test,8,5,0.09888137211211658,11.482850806609182,0.017589632299475508
2021_Ref_Plot2_E1::44,2021_Ref_Plot2_E1,Field2,test,9,6,0.12753172913131836,14.639148572075953,0.01624530140376323
2021_Ref_Plot2_E1::50,2021_Ref_Plot2_E1,Field2,test,6,7,0.06825904262469974,9.268439116010724,0.02566801353671511
2021_Ref_Plot2_E1::57,2021_Ref_Plot2_E1,Field2,test,7,8,0.09280779370602034,12.066976304839315,0.024099084805346838
2021_Ref_Plot2_E1::65,2021_Ref_Plot2_E1,Field2,test,8,9,0.054675769821432595,9.393286799466106,0.022190422136001708
2021_Ref_Plot2_E1::69,2021_Ref_Plot2_E1,Field2,test,4,10,0.12227206869944025,12.24468039734769,0.054767541171069946
2021_Ref_Plot2_E1::71,2021_Ref_Plot2_E1,Field2,test,2,11,0.10411149532483654,8.98917590468441,0.041721296162387504
2021_Ref_Plot2_E1::76,2021_Ref_Plot2_E1,Field2,test,5,12,0.12779135690073462,13.882736825599029,0.015457905469047855
2021_Ref_Plot2_E1::80,2021_Ref_Plot2_E1,Field2,test,4,13,0.04790935360586989,9.473717318667699,0.008960770609251652
2021_Ref_Plot2_E1::85,2021_Ref_Plot2_E1,Field2,test,5,14,0.03686308746138574,10.135237299107136,0.014968465799159602
2021_Ref_Plot2_E18::8,2021_Ref_Plot2_E18,Field2,test,7,1,0.6593612359129657,26.898226652910346,0.15884869019990333
2021_Ref_Plot2_E18::16,2021_Ref_Plot2_E18,Field2,test,8,2,0.7443083819251517,29.593960773678923,0.26268964558757013
2021_Ref_Plot2_E18::22,2021_Ref_Plot2_E18,Field2,test,6,3,0.28627601770459427,16.40105751194754,0.06705836582471505
2021_Ref_Plot2_E18::27,2021_Ref_Plot2_E18,Field2,test,5,4,0.26044458818526134,16.507597881328525,0.06273670333874559
2021_Ref_Plot2_E18::35,2021_Ref_Plot2_E18,Field2,test,8,5,0.09873648943885398,11.864137126404945,0.020193125594636065
2021_Ref_Plot2_E18::44,2021_Ref_Plot2_E18,Field2,test,9,6,0.0917180615537387,13.0022344547309,0.018303858138410907
2021_Ref_Plot2_E18::50,2021_Ref_Plot2_E18,Field2,test,6,7,0.08526222262628137,10.25538418487167,0.04951677595406583
2021_Ref_Plot2_E18::57,2021_Ref_Plot2_E18,Field2,test,7,8,0.07433399230762437,12.062181262970027,0.022216402399601636
2021_Ref_Plot2_E18::65,2021_Ref_Plot2_E18,Field2,test,8,9,0.066641802450913,10.287575862333998,0.02078640576805914
2021_Ref_Plot2_E18::69,2021_Ref_Plot2_E18,Field2,test,4,10,0.13456800142054262,12.50120435231686,0.04797336238498628
2021_Ref_Plot2_E18::71,2021_Ref_Plot2_E18,Field2,test,2,11,0.11127325860410055,8.975668176481383,0.06687160099185012
2021_Ref_Plot2_E18::76,2021_Ref_Plot2_E18,Field2,test,5,12,0.08374527873859265,10.469591446727613,0.01045320422007237
2021_Ref_Plot2_E18::80,2021_Ref_Plot2_E18,Field2,test,4,13,0.05014392382540406,9.57079478328415,0.02688053907452169
2021_Ref_Plot2_E18::85,2021_Ref_Plot2_E18,Field2,test,5,14,0.049761634778917846,10.493376706514116,0.024353040994665925
2021_Ref_Plot2_E7::8,2021_Ref_Plot2_E7,Field2,test,7,1,0.6333606924562822,26.144274960774354,0.11632326882742407
2021_Ref_Plot2_E7::16,2021_Ref_Plot2_E7,Field2,test,8,2,0.6659886575623861,27.40953623752513,0.1673667987870032
2021_Ref_Plot2_E7::22,2021_Ref_Plot2_E7,Field2,test,6,3,0.19556608684966392,14.267642575057295,0.040595175286948275
2021_Ref_Plot2_E7::27,2021_Ref_Plot2_E7,Field2,test,5,4,0.2228895395673635,16.09789896418181,0.07809573386085143
2021_Ref_Plot2_E7::35,2021_Ref_Plot2_E7,Field2,test,8,5,0.08688176982002815,11.840223857104641,0.003171124683950272
2021_Ref_Plot2_E7::44,2021_Ref_Plot2_E7,Field2,test,9,6,0.11164992445796577,14.379018694339617,0.017857167470477723
2021_Ref_Plot2_E7::50,2021_Ref_Plot2_E7,Field2,test,6,7,0.06154976322764593,9.978099427079933,0.031827555372630295
2021_Ref_Plot2_E7::57,2021_Ref_Plot2_E7,Field2,test,7,8,0.07128916507671486,12.028213113291077,0.013908075269162098
2021_Ref_Plot2_E7::65,2021_Ref_Plot2_E7,Field2,test,8,9,0.05443532893319444,10.097158147109724,0.017015154868206657
2021_Ref_Plot2_E7::69,2021_Ref_Plot2_E7,Field2,test,4,10,0.12322008834963721,12.741188948038003,0.043925427637725896
2021_Ref_Plot2_E7::71,2021_Ref_Plot2_E7,Field2,test,2,11,0.08950391836143624,9.626990083308776,0.04405487624618544
2021_Ref_Plot2_E7::76,2021_Ref_Plot2_E7,Field2,test,5,12,0.1219287416112368,13.552681235514651,0.014002468317455266
2021_Ref_Plot2_E7::80,2021_Ref_Plot2_E7,Field2,test,4,13,0.052716044689380855,10.018080918739063,0.022473308538783966
2021_Ref_Plot2_E7::85,2021_Ref_Plot2_E7,Field2,test,5,14,0.05475747793066318,10.939851598985236,0.021409709966987923
2021_Ref_Plot3_A6::8,2021_Ref_Plot3_A6,Field2,test,7,1,0.7331140207602506,27.942976104006565,0.2180662963479587
2021_Ref_Plot3_A6::16,2021_Ref_Plot3_A6,Field2,test,8,2,0.7964307561019832,31.105301989667797,0.3522406548639542
2021_Ref_Plot3_A6::22,2021_Ref_Plot3_A6,Field2,test,6,3,0.30220872546971184,17.009511000932555,0.08038917557788798
2021_Ref_Plot3_A6::27,2021_Ref_Plot3_A6,Field2,test,5,4,0.2859694897681671,16.699450917856808,0.08982228487020331
2021_Ref_Plot3_A6::35,2021_Ref_Plot3_A6,Field2,test,8,5,0.15461042329954566,12.980130598696007,0.023708939576466203
2021_Ref_Plot3_A6::44,2021_Ref_Plot3_A6,Field2,test,9,6,0.10336433504071323,9.966715634298726,0.018710614647468843
2021_Ref_Plot3_A6::50,2021_Ref_Plot3_A6,Field2,test,6,7,0.1341848619606071,9.015303010262564,0.07005023534378517
2021_Ref_Plot3_A6::57,2021_Ref_Plot3_A6,Field2,test,7,8,0.1098809949848883,9.643732916793471,0.04069576636220145
2021_Ref_Plot3_A6::65,2021_Ref_Plot3_A6,Field2,test,8,9,0.12908359024757143,11.59157423033905,0.04255447264588749
2021_Ref_Plot3_A6::69,2021_Ref_Plot3_A6,Field2,test,4,10,0.22076499989180068,12.23959881029846,0.10217422862940195
2021_Ref_Plot3_A6::71,2021_Ref_Plot3_A6,Field2,test,2,11,0.15851894444244685,9.513398337995891,0.08804658240775977
2021_Ref_Plot3_A6::76,2021_Ref_Plot3_A6,Field2,test,5,12,0.16413832923193325,12.291628301784034,0.027281158325039537
2021_Ref_Plot3_A6::80,2021_Ref_Plot3_A6,Field2,test,4,13,0.10677164799990609,8.758373096809468,0.040172736437356124
2021_Ref_Plot3_A6::85,2021_Ref_Plot3_A6,Field2,test,5,14,0.10128368647778907,8.426344726843157,0.028253747240579653
2021_Ref_Plot3_A7::8,2021_Ref_Plot3_A7,Field2,test,7,1,0.7342997706426946,27.4788488982474,0.23256908643357718
2021_Ref_Plot3_A7::16,2021_Ref_Plot3_A7,Field2,test,8,2,0.8101822492090033,31.373747337595347,0.38237613760735434
2021_Ref_Plot3_A7::22,2021_Ref_Plot3_A7,Field2,test,6,3,0.339568440131905,18.205326249585294,0.09960669645892843
2021_Ref_Plot3_A7::27,2021_Ref_Plot3_A7,Field2,test,5,4,0.33913834185492603,17.25705976793804,0.09857419225292197
2021_Ref_Plot3_A7::35,2021_Ref_Plot3_A7,Field2,test,8,5,0.16041899909325827,12.754887068052943,0.03241990319053417
2021_Ref_Plot3_A7::44,2021_Ref_Plot3_A7,Field2,test,9,6,0.11164297976401565,9.540752663389677,0.02425624198791247
2021_Ref_Plot3_A7::50,2021_Ref_Plot3_A7,Field2,test,6,7,0.15266837317793194,9.318084124803322,0.07784085626151484
2021_Ref_Plot3_A7::57,2021_Ref_Plot3_A7,Field2,test,7,8,0.1390270908941507,10.522759987921555,0.07015128847446371
2021_Ref_Plot3_A7::65,2021_Ref_Plot3_A7,Field2,test,8,9,0.09725120380952139,10.944029708525152,0.02415508607983356
2021_Ref_Plot3_A7::69,2021_Ref_Plot3_A7,Field2,test,4,10,0.2002854206061185,12.415590886746962,0.10454843469725499
2021_Ref_Plot3_A7::71,2021_Ref_Plot3_A7,Field2,test,2,11,0.15851209092628846,9.9028894848008,0.10475785763508047
2021_Ref_Plot3_A7::76,2021_Ref_Plot3_A7,Field2,test,5,12,0.11138418446271577,9.905130817529773,0.008987051478764076
2021_Ref_Plot3_A7::80,2021_Ref_Plot3_A7,Field2,test,4,13,0.07001254800363212,8.003658781278588,0.013342900272440152
2021_Ref_Plot3_A7::85,2021_Ref_Plot3_A7,Field2,test,5,14,0.09358099159790433,9.622924151886401,0.05886756970661109
2021_Ref_Plot3_B1::8,2021_Ref_Plot3_B1,Field2,test,7,1,0.6981863348582905,26.707976370310405,0.18740589246174977
2021_Ref_Plot3_B1::16,2021_Ref_Plot3_B1,Field2,test,8,2,0.801330932748419,31.347984810833573,0.32777700135698107
2021_Ref_Plot3_B1::22,2021_Ref_Plot3_B1,Field2,test,6,3,0.34521191169962956,18.7181550688044,0.11181638672327973
2021_Ref_Plot3_B1::27,2021_Ref_Plot3_B1,Field2,test,5,4,0.3398814594566484,18.00592000751105,0.09656993651682304
2021_Ref_Plot3_B1::35,2021_Ref_Plot3_B1,Field2,test,8,5,0.19079441974195202,13.201122643436044,0.0451194056305203
2021_Ref_Plot3_B1::44,2021_Ref_Plot3_B1,Field2,test,9,6,0.14393119763372123,10.530543483751629,0.05437685479943463
2021_Ref_Plot3_B1::50,2021_Ref_Plot3_B1,Field2,test,6,7,0.17244218873197256,9.831069670306597,0.1046632477540781
2021_Ref_Plot3_B1::57,2021_Ref_Plot3_B1,Field2,test,7,8,0.1351851630632088,10.722088118720606,0.04995917457919005
2021_Ref_Plot3_B1::65,2021_Ref_Plot3_B1,Field2,test,8,9,0.12801151725439397,10.534863289556037,0.055261900371994764
2021_Ref_Plot3_B1::69,2021_Ref_Plot3_B1,Field2,test,4,10,0.1815624421847056,11.757917358721281,0.0849446107259531
2021_Ref_Plot3_B1::71,2021_Ref_Plot3_B1,Field2,test,2,11,0.20651503207919464,10.140127768563783,0.13764824804840783
2021_Ref_Plot3_B1::76,2021_Ref_Plot3_B1,Field2,test,5,12,0.14543140232228002,10.77403020573193,0.024420789877800334
2021_Ref_Plot3_B1::80,2021_Ref_Plot3_B1,Field2,test,4,13,0.0782154688740116,7.010230811224768,0.012579161171283174
2021_Ref_Plot3_B1::85,2021_Ref_Plot3_B1,Field2,test,5,14,0.06265534723500227,8.025738994833642,0.02420549485211713
2021_Ref_Plot3_B10::8,2021_Ref_Plot3_B10,Field2,test,7,1,0.7465832950356085,27.768057178125915,0.23786029168675168
2021_Ref_Plot3_B10::16,2021_Ref_Plot3_B10,Field2,test,8,2,0.8157973333264978,31.20358710356998,0.36547518909574067
2021_Ref_Plot3_B10::22,2021_Ref_Plot3_B10,Field2,test,6,3,0.3197283888150005,18.35079057895088,0.09889783737587944
2021_Ref_Plot3_B10::27,2021_Ref_Plot3_B10,Field2,test,5,4,0.37377296481273775,18.13973651510487,0.12155276285530746
2021_Ref_Plot3_B10::35,2021_Ref_Plot3_B10,Field2,test,8,5,0.1920342398943576,13.701464607647774,0.050359607913947446
2021_Ref_Plot3_B10::44,2021_Ref_Plot3_B10,Field2,test,9,6,0.16802019896800893,10.512853854258088,0.0627658558920851
2021_Ref_Plot3_B10::50,2021_Ref_Plot3_B10,Field2,test,6,7,0.13518885035248854,9.146706791452013,0.07652873896114148
2021_Ref_Plot3_B10::57,2021_Ref_Plot3_B10,Field2,test,7,8,0.11725818165156758,10.187685383062195,0.04395290936844179
2021_Ref_Plot3_B10::65,2021_Ref_Plot3_B10,Field2,test,8,9,0.10462411815036016,10.138145720985932,0.02589983044815206
2021_Ref_Plot3_B10::69,2021_Ref_Plot3_B10,Field2,test,4,10,0.16277495833901245,11.701534074105096,0.0866994057047915
2021_Ref_Plot3_B10::71,2021_Ref_Plot3_B10,Field2,test,2,11,0.18697202085490638,9.943638095155423,0.10934103459650626
2021_Ref_Plot3_B10::76,2021_Ref_Plot3_B10,Field2,test,5,12,0.1303370370061833,12.236317664982419,0.03208374837850061
2021_Ref_Plot3_B10::80,2021_Ref_Plot3_B10,Field2,test,4,13,0.07335944854223218,7.635256970884311,0.0224377581568137
2021_Ref_Plot3_B10::85,2021_Ref_Plot3_B10,Field2,test,5,14,0.13404573383841045,9.863870272872001,0.0665132169005229
2021_Ref_Plot3_B12::8,2021_Ref_Plot3_B12,Field2,test,7,1,0.7403361425082019,27.9415044313725,0.21589285246126103
2021_Ref_Plot3_B12::16,2021_Ref_Plot3_B12,Field2,test,8,2,0.8231980715305975,31.86606088909519,0.36310620889530354
2021_Ref_Plot3_B12::22,2021_Ref_Plot3_B12,Field2,test,6,3,0.3174959001412802,17.12173221668261,0.08579371760589372
2021_Ref_Plot3_B12::27,2021_Ref_Plot3_B12,Field2,test,5,4,0.3394882856747243,17.40007551550097,0.10385546130699429
2021_Ref_Plot3_B12::35,2021_Ref_Plot3_B12,Field2,test,8,5,0.1644011954308332,12.798810354393357,0.04667193924491242
2021_Ref_Plot3_B12::44,2021_Ref_Plot3_B12,Field2,test,9,6,0.14510310230749182,10.43731980330863,0.05693433868268522
2021_Ref_Plot3_B12::50,2021_Ref_Plot3_B12,Field2,test,6,7,0.13249892461868848,9.079068462486157,0.06798934510633595
2021_Ref_Plot3_B12::57,2021_Ref_Plot3_B12,Field2,test,7,8,0.11306400050592336,10.230565585769503,0.04308763932450257
2021_Ref_Plot3_B12::65,2021_Ref_Plot3_B12,Field2,test,8,9,0.09144798901986141,10.168737149191218,0.026351286998864108
2021_Ref_Plot3_B12::69,2021_Ref_Plot3_B12,Field2,test,4,10,0.16716940122065096,11.785004032138325,0.0710272434500066
2021_Ref_Plot3_B12::71,2021_Ref_Plot3_B12,Field2,test,2,11,0.15708821836834716,9.657966673603378,0.09552400605219312
2021_Ref_Plot3_B12::76,2021_Ref_Plot3_B12,Field2,test,5,12,0.12259402222589579,12.05623473969787,0.009261704972661641
2021_Ref_Plot3_B12::80,2021_Ref_Plot3_B12,Field2,test,4,13,0.0548604966034714,8.122796045791102,0.021815793422479492
2021_Ref_Plot3_B12::85,2021_Ref_Plot3_B12,Field2,test,5,14,0.0964071293417662,9.969760860947476,0.03850865485197412
2021_Ref_Plot3_B17::8,2021_Ref_Plot3_B17,Field2,test,7,1,0.7414281607419614,28.721003380408682,0.22975177488123805
2021_Ref_Plot3_B17::16,2021_Ref_Plot3_B17,Field2,test,8,2,0.8158562768613287,31.524163092887584,0.34616050706527596
2021_Ref_Plot3_B17::22,2021_Ref_Plot3_B17,Field2,test,6,3,0.3358984256343878,16.90201439631533,0.10926494222877713
2021_Ref_Plot3_B17::27,2021_Ref_Plot3_B17,Field2,test,5,4,0.273591754817813,16.81561663191209,0.07221827133667529
2021_Ref_Plot3_B17::35,2021_Ref_Plot3_B17,Field2,test,8,5,0.12989967416283477,12.402056413620365,0.02946049809389358
2021_Ref_Plot3_B17::44,2021_Ref_Plot3_B17,Field2,test,9,6,0.13028299098020832,9.840317515606099,0.047422852512405196
2021_Ref_Plot3_B17::50,2021_Ref_Plot3_B17,Field2,test,6,7,0.11267642102906977,8.92395707821205,0.05329640734766054
2021_Ref_Plot3_B17::57,2021_Ref_Plot3_B17,Field2,test,7,8,0.09582487806223076,9.575318837203417,0.0439541203305965
2021_Ref_Plot3_B17::65,2021_Ref_Plot3_B17,Field2,test,8,9,0.10751908269624837,10.433472559860096,0.034817981475469044
2021_Ref_Plot3_B17::69,2021_Ref_Plot3_B17,Field2,test,4,10,0.19589664392673733,11.864172411671976,0.10861866023683205
2021_Ref_Plot3_B17::71,2021_Ref_Plot3_B17,Field2,test,2,11,0.16264426021899414,8.710859080354837,0.08539472654117188
2021_Ref_Plot3_B17::76,2021_Ref_Plot3_B17,Field2,test,5,12,0.10803712283009777,9.66297837921945,0.012968831669868819
2021_Ref_Plot3_B17::80,2021_Ref_Plot3_B17,Field2,test,4,13,0.08412669924093359,8.227145043715408,0.026366965562893335
2021_Ref_Plot3_B17::85,2021_Ref_Plot3_B17,Field2,test,5,14,0.09127295932014878,9.075977703769233,0.048946176017768996
2021_Ref_Plot3_B3::8,2021_Ref_Plot3_B3,Field2,test,7,1,0.7190839766046307,27.893018859613925,0.20909073215467128
2021_Ref_Plot3_B3::16,2021_Ref_Plot3_B3,Field2,test,8,2,0.8169354265644433,30.962764216112927,0.35751248339965036
2021_Ref_Plot3_B3::22,2021_Ref_Plot3_B3,Field2,test,6,3,0.2864084317349404,17.489782627505384,0.06785242589495309
2021_Ref_Plot3_B3::27,2021_Ref_Plot3_B3,Field2,test,5,4,0.33086537249793896,17.56024857166696,0.09787590637401056
2021_Ref_Plot3_B3::35,2021_Ref_Plot3_B3,Field2,test,8,5,0.1900396199738521,13.743109879843713,0.05401707011729969
2021_Ref_Plot3_B3::44,2021_Ref_Plot3_B3,Field2,test,9,6,0.1321452236536772,10.718702628284209,0.046035214448767035
2021_Ref_Plot3_B3::50,2021_Ref_Plot3_B3,Field2,test,6,7,0.15702243242315056,9.349280153605507,0.08757645295480941
2021_Ref_Plot3_B3::57,2021_Ref_Plot3_B3,Field2,test,7,8,0.1436921923422767,11.016580664156294,0.05862215031209252
2021_Ref_Plot3_B3::65,2021_Ref_Plot3_B3,Field2,test,8,9,0.11429659677569275,11.135749914006672,0.058392886381540485
2021_Ref_Plot3_B3::69,2021_Ref_Plot3_B3,Field2,test,4,10,0.22942527675949434,12.507782661831355,0.12077025803803364
2021_Ref_Plot3_B3::71,2021_Ref_Plot3_B3,Field2,test,2,11,0.12182344471572025,8.225027769200612,0.06357318800281159
2021_Ref_Plot3_B3::76,2021_Ref_Plot3_B3,Field2,test,5,12,0.1649923288234089,10.714463723012713,0.02336688452987922
2021_Ref_Plot3_B3::80,2021_Ref_Plot3_B3,Field2,test,4,13,0.10650564115587556,8.98901930936465,0.03521972703210499
2021_Ref_Plot3_B3::85,2021_Ref_Plot3_B3,Field2,test,5,14,0.08176714293520983,8.281904326064687,0.041921283179835026
2021_Ref_Plot3_B6::8,2021_Ref_Plot3_B6,Field2,test,7,1,0.7330691394012155,26.985277867305047,0.22949804782775957
2021_Ref_Plot3_B6::16,2021_Ref_Plot3_B6,Field2,test,8,2,0.8103525002325119,30.944693962142466,0.34512670275269636
2021_Ref_Plot3_B6::22,2021_Ref_Plot3_B6,Field2,test,6,3,0.3224070428621509,17.880707753611375,0.08872942301620386
2021_Ref_Plot3_B6::27,2021_Ref_Plot3_B6,Field2,test,5,4,0.34998414109575987,17.32876531209692,0.11595927127964768
2021_Ref_Plot3_B6::35,2021_Ref_Plot3_B6,Field2,test,8,5,0.19787249921396902,13.92107908892379,0.05827640889261011
2021_Ref_Plot3_B6::44,2021_Ref_Plot3_B6,Field2,test,9,6,0.15587203397913477,10.532125198420253,0.07607082785932637
2021_Ref_Plot3_B6::50,2021_Ref_Plot3_B6,Field2,test,6,7,0.1939583557482624,10.301709151959448,0.1388510841948978
2021_Ref_Plot3_B6::57,2021_Ref_Plot3_B6,Field2,test,7,8,0.13977649054690366,10.52710735590119,0.05556846844224343
2021_Ref_Plot3_B6::65,2021_Ref_Plot3_B6,Field2,test,8,9,0.1343658784941628,10.954064628035862,0.06272575251182888
2021_Ref_Plot3_B6::69,2021_Ref_Plot3_B6,Field2,test,4,10,0.25377399312580573,12.916304580990492,0.12045184672091895
2021_Ref_Plot3_B6::71,2021_Ref_Plot3_B6,Field2,test,2,11,0.1677763432374952,9.589230031253532,0.09987928462024145
2021_Ref_Plot3_B6::76,2021_Ref_Plot3_B6,Field2,test,5,12,0.19829286850431194,12.48877952310705,0.032737632906567296
2021_Ref_Plot3_B6::80,2021_Ref_Plot3_B6,Field2,test,4,13,0.09053404159124452,8.104489810469923,0.025559393288047367
2021_Ref_Plot3_B6::85,2021_Ref_Plot3_B6,Field2,test,5,14,0.10719633949733672,8.208719597438417,0.03930546624878445
2021_Ref_Plot3_B7::8,2021_Ref_Plot3_B7,Field2,test,7,1,0.7410887322718368,27.019884167114228,0.22747904463117471
2021_Ref_Plot3_B7::16,2021_Ref_Plot3_B7,Field2,test,8,2,0.7929928997085428,30.137888315216507,0.326741777333476
2021_Ref_Plot3_B7::22,2021_Ref_Plot3_B7,Field2,test,6,3,0.2818883742705545,17.46665715497906,0.06525176064349052
2021_Ref_Plot3_B7::27,2021_Ref_Plot3_B7,Field2,test,5,4,0.331770113194374,17.590516667540317,0.11238629876843695
2021_Ref_Plot3_B7::35,2021_Ref_Plot3_B7,Field2,test,8,5,0.17209205215399212,13.347464808150512,0.026964133754373204
2021_Ref_Plot3_B7::44,2021_Ref_Plot3_B7,Field2,test,9,6,0.1409613409256753,10.610655683715532,0.062243466554768895
2021_Ref_Plot3_B7::50,2021_Ref_Plot3_B7,Field2,test,6,7,0.15941477403903745,10.018326339711027,0.09362667342314743
2021_Ref_Plot3_B7::57,2021_Ref_Plot3_B7,Field2,test,7,8,0.12676136266873164,10.679910171707721,0.04918959513818834
2021_Ref_Plot3_B7::65,2021_Ref_Plot3_B7,Field2,test,8,9,0.12059159106652549,10.476195954386059,0.041713511662397645
2021_Ref_Plot3_B7::69,2021_Ref_Plot3_B7,Field2,test,4,10,0.23894289718477876,12.953798672636491,0.11105956548568778
2021_Ref_Plot3_B7::71,2021_Ref_Plot3_B7,Field2,test,2,11,0.17965953761737594,9.906882457360801,0.11582375499054665
2021_Ref_Plot3_B7::76,2021_Ref_Plot3_B7,Field2,test,5,12,0.13470036646812325,11.047078525273445,0.012983062954833839
2021_Ref_Plot3_B7::80,2021_Ref_Plot3_B7,Field2,test,4,13,0.07126153637122834,8.620579592827294,0.017503441409218983
2021_Ref_Plot3_B7::85,2021_Ref_Plot3_B7,Field2,test,5,14,0.10255511746118819,9.731498957288952,0.04848690500764806
2021_Ref_Plot3_B8::8,2021_Ref_Plot3_B8,Field2,test,7,1,0.737158696862375,27.306846317337175,0.20670847675293572
2021_Ref_Plot3_B8::16,2021_Ref_Plot3_B8,Field2,test,8,2,0.8072774554262049,30.64784661581897,0.3308045119921741
2021_Ref_Plot3_B8::22,2021_Ref_Plot3_B8,Field2,test,6,3,0.29620709822353525,17.580636112863,0.0800464365042771
2021_Ref_Plot3_B8::27,2021_Ref_Plot3_B8,Field2,test,5,4,0.27753888330465853,16.73106279801434,0.07525479916155499
2021_Ref_Plot3_B8::35,2021_Ref_Plot3_B8,Field2,test,8,5,0.18181011243622683,13.737699883067304,0.03725290021503657
2021_Ref_Plot3_B8::44,2021_Ref_Plot3_B8,Field2,test,9,6,0.11925143140440035,10.065242027360515,0.03660956970435508
2021_Ref_Plot3_B8::50,2021_Ref_Plot3_B8,Field2,test,6,7,0.1586102692305371,9.323477455556741,0.0856144827419411
2021_Ref_Plot3_B8::57,2021_Ref_Plot3_B8,Field2,test,7,8,0.10667969049809471,10.590486378945666,0.01862858549765449
2021_Ref_Plot3_B8::65,2021_Ref_Plot3_B8,Field2,test,8,9,0.10636338004298306,10.029330631609426,0.02694374430841583
2021_Ref_Plot3_B8::69,2021_Ref_Plot3_B8,Field2,test,4,10,0.1869631626202933,12.026445005903062,0.08803585934171777
2021_Ref_Plot3_B8::71,2021_Ref_Plot3_B8,Field2,test,2,11,0.16367158441263144,9.219960865580694,0.09941803141089235
2021_Ref_Plot3_B8::76,2021_Ref_Plot3_B8,Field2,test,5,12,0.11985748672449352,10.323985060735021,0.023408039992535705
2021_Ref_Plot3_B8::80,2021_Ref_Plot3_B8,Field2,test,4,13,0.09858642190508869,8.569340261786923,0.01901500948348066
2021_Ref_Plot3_B8::85,2021_Ref_Plot3_B8,Field2,test,5,14,0.1257543882445861,9.507189975580445,0.06772907183769925
2021_Ref_Plot3_C15::8,2021_Ref_Plot3_C15,Field2,test,7,1,0.7394842915730592,27.191935163472216,0.24731390210435666
2021_Ref_Plot3_C15::16,2021_Ref_Plot3_C15,Field2,test,8,2,0.7989181953703429,31.14775932724335,0.35043460133457477
2021_Ref_Plot3_C15::22,2021_Ref_Plot3_C15,Field2,test,6,3,0.3211198826174851,16.571690975114322,0.08271335888096129
2021_Ref_Plot3_C15::27,2021_Ref_Plot3_C15,Field2,test,5,4,0.28544533430462715,16.516726453035314,0.07667152176015625
2021_Ref_Plot3_C15::35,2021_Ref_Plot3_C15,Field2,test,8,5,0.1766972791765253,12.724305735589567,0.06082336332907594
2021_Ref_Plot3_C15::44,2021_Ref_Plot3_C15,Field2,test,9,6,0.08667249243239028,9.072247239754386,0.02905402106177449
2021_Ref_Plot3_C15::50,2021_Ref_Plot3_C15,Field2,test,6,7,0.14875852252287758,8.654270088631668,0.08582981862529003
2021_Ref_Plot3_C15::57,2021_Ref_Plot3_C15,Field2,test,7,8,0.10253232477437853,10.056459632101877,0.044706514372773835
2021_Ref_Plot3_C15::65,2021_Ref_Plot3_C15,Field2,test,8,9,0.081311713924563,8.8900411453493,0.031214528232815123
2021_Ref_Plot3_C15::69,2021_Ref_Plot3_C15,Field2,test,4,10,0.15136479372030834,11.470543027311928,0.077299316480804
2021_Ref_Plot3_C15::71,2021_Ref_Plot3_C15,Field2,test,2,11,0.11330309916533848,8.876669967408867,0.06171045237149583
2021_Ref_Plot3_C15::76,2021_Ref_Plot3_C15,Field2,test,5,12,0.10759435382124972,10.597163749735735,0.015091177577254228
2021_Ref_Plot3_C15::80,2021_Ref_Plot3_C15,Field2,test,4,13,0.09964439966937712,8.876695668573557,0.031142681476588375
2021_Ref_Plot3_C15::85,2021_Ref_Plot3_C15,Field2,test,5,14,0.12961857959673895,9.876758704093872,0.0707628684745474
2021_Ref_Plot3_C2::8,2021_Ref_Plot3_C2,Field2,test,7,1,0.7073177949334121,27.56917182358299,0.20102486162486302
2021_Ref_Plot3_C2::16,2021_Ref_Plot3_C2,Field2,test,8,2,0.8185830882217813,31.511978131236965,0.3805318584560426
2021_Ref_Plot3_C2::22,2021_Ref_Plot3_C2,Field2,test,6,3,0.2990487649040205,16.738273762592925,0.08028297683240695
2021_Ref_Plot3_C2::27,2021_Ref_Plot3_C2,Field2,test,5,4,0.29194701478726365,16.729458685311002,0.0858356480100943
2021_Ref_Plot3_C2::35,2021_Ref_Plot3_C2,Field2,test,8,5,0.1997081058832786,13.170975239740832,0.05861466374389889
2021_Ref_Plot3_C2::44,2021_Ref_Plot3_C2,Field2,test,9,6,0.11183956491869824,10.523884520555182,0.04941100888877193
2021_Ref_Plot3_C2::50,2021_Ref_Plot3_C2,Field2,test,6,7,0.14988152937682686,8.915920096931215,0.09036660995552916
2021_Ref_Plot3_C2::57,2021_Ref_Plot3_C2,Field2,test,7,8,0.14524108995127236,11.363630353589711,0.06578291333920229
2021_Ref_Plot3_C2::65,2021_Ref_Plot3_C2,Field2,test,8,9,0.11107298329754726,9.854711929642079,0.04944379026517314
2021_Ref_Plot3_C2::69,2021_Ref_Plot3_C2,Field2,test,4,10,0.18023960086106935,11.457193802329712,0.07749969461919486
2021_Ref_Plot3_C2::71,2021_Ref_Plot3_C2,Field2,test,2,11,0.17136767743290648,9.785426785730998,0.10888349863407763
2021_Ref_Plot3_C2::76,2021_Ref_Plot3_C2,Field2,test,5,12,0.20909258918440074,14.421012476710427,0.05424507286328001
2021_Ref_Plot3_C2::80,2021_Ref_Plot3_C2,Field2,test,4,13,0.06972989062099569,7.710754582360396,0.019420880017785493
2021_Ref_Plot3_C2::85,2021_Ref_Plot3_C2,Field2,test,5,14,0.14033110433958643,10.170984203353814,0.06894915205865508
2021_Ref_Plot3_C3::8,2021_Ref_Plot3_C3,Field2,test,7,1,0.7115680929078555,27.052258948887264,0.20255874842565463
2021_Ref_Plot3_C3::16,2021_Ref_Plot3_C3,Field2,test,8,2,0.791378804061491,30.325893870892372,0.34976008687156784
2021_Ref_Plot3_C3::22,2021_Ref_Plot3_C3,Field2,test,6,3,0.3184557056701304,17.161402879324456,0.0924519542698063
2021_Ref_Plot3_C3::27,2021_Ref_Plot3_C3,Field2,test,5,4,0.30064565108751456,16.264845116006196,0.09466373758564818
2021_Ref_Plot3_C3::35,2021_Ref_Plot3_C3,Field2,test,8,5,0.16548204204975958,12.282155324100161,0.025517173717230536
2021_Ref_Plot3_C3::44,2021_Ref_Plot3_C3,Field2,test,9,6,0.10414515468151227,9.92379932510025,0.04407860749433907
2021_Ref_Plot3_C3::50,2021_Ref_Plot3_C3,Field2,test,6,7,0.15225058048405318,9.335085851938619,0.07390481937244296
2021_Ref_Plot3_C3::57,2021_Ref_Plot3_C3,Field2,test,7,8,0.11385112217507921,10.620525854843114,0.035989341292121176
2021_Ref_Plot3_C3::65,2021_Ref_Plot3_C3,Field2,test,8,9,0.09728986837341651,10.01877223881971,0.036411882427809655
2021_Ref_Plot3_C3::69,2021_Ref_Plot3_C3,Field2,test,4,10,0.19005175770238983,12.113353858064436,0.09569367818766157
2021_Ref_Plot3_C3::71,2021_Ref_Plot3_C3,Field2,test,2,11,0.12666909475018548,8.974638514259206,0.06592611356202882
2021_Ref_Plot3_C3::76,2021_Ref_Plot3_C3,Field2,test,5,12,0.19582870246888243,12.484822131644158,0.029158491387209953
2021_Ref_Plot3_C3::80,2021_Ref_Plot3_C3,Field2,test,4,13,0.09425272509360455,9.331563770561713,0.026599287792095184
2021_Ref_Plot3_C3::85,2021_Ref_Plot3_C3,Field2,test,5,14,0.12642800119531447,10.009876303893302,0.06425144209739042
2021_Ref_Plot3_C4::8,2021_Ref_Plot3_C4,Field2,test,7,1,0.7144309723022292,27.395635084903898,0.21952140765921033
2021_Ref_Plot3_C4::16,2021_Ref_Plot3_C4,Field2,test,8,2,0.7769483618754375,29.683135982269366,0.3345434883336549
2021_Ref_Plot3_C4::22,2021_Ref_Plot3_C4,Field2,test,6,3,0.3455623338324932,17.566114117700852,0.11748226957425933
2021_Ref_Plot3_C4::27,2021_Ref_Plot3_C4,Field2,test,5,4,0.2885542622747698,15.828456057498197,0.07996255763177836
2021_Ref_Plot3_C4::35,2021_Ref_Plot3_C4,Field2,test,8,5,0.15518440485622578,11.963996380406156,0.04734859416349076
2021_Ref_Plot3_C4::44,2021_Ref_Plot3_C4,Field2,test,9,6,0.09792006337811128,8.486968975331186,0.0355530594027776
2021_Ref_Plot3_C4::50,2021_Ref_Plot3_C4,Field2,test,6,7,0.16549420150534286,9.40920256448003,0.10390842301379379
2021_Ref_Plot3_C4::57,2021_Ref_Plot3_C4,Field2,test,7,8,0.12436176442747733,11.288272534916757,0.05929965795607391
2021_Ref_Plot3_C4::65,2021_Ref_Plot3_C4,Field2,test,8,9,0.09790034460057843,9.472158077772757,0.037417962745076375
2021_Ref_Plot3_C4::69,2021_Ref_Plot3_C4,Field2,test,4,10,0.20611323789898284,11.70500317068046,0.09354117160847528
2021_Ref_Plot3_C4::71,2021_Ref_Plot3_C4,Field2,test,2,11,0.11792040062769175,7.977373890055283,0.0341717078791667
2021_Ref_Plot3_C4::76,2021_Ref_Plot3_C4,Field2,test,5,12,0.18096093293154206,11.931938241690228,0.021999425859465148
2021_Ref_Plot3_C4::80,2021_Ref_Plot3_C4,Field2,test,4,13,0.1064606438595654,9.430606767027017,0.03683407199172799
2021_Ref_Plot3_C4::85,2021_Ref_Plot3_C4,Field2,test,5,14,0.11375060552326348,10.093723301466522,0.052868805048664244
2021_Ref_Plot3_D1::8,2021_Ref_Plot3_D1,Field2,test,7,1,0.7064900329143672,26.914627242089225,0.18186633118806347
2021_Ref_Plot3_D1::16,2021_Ref_Plot3_D1,Field2,test,8,2,0.7867022144923732,30.77935797500668,0.3549406659927745
2021_Ref_Plot3_D1::22,2021_Ref_Plot3_D1,Field2,test,6,3,0.28087395634510465,16.478839651073404,0.08246575786479912
2021_Ref_Plot3_D1::27,2021_Ref_Plot3_D1,Field2,test,5,4,0.3149362031430774,17.462207376549625,0.11270149257384711
2021_Ref_Plot3_D1::35,2021_Ref_Plot3_D1,Field2,test,8,5,0.15937785705607208,12.982628161180578,0.030472077621769303
2021_Ref_Plot3_D1::44,2021_Ref_Plot3_D1,Field2,test,9,6,0.12078749819710026,10.748101853871448,0.030427748401212453
2021_Ref_Plot3_D1::50,2021_Ref_Plot3_D1,Field2,test,6,7,0.1468064258679192,9.350523304254903,0.07397165085294224
2021_Ref_Plot3_D1::57,2021_Ref_Plot3_D1,Field2,test,7,8,0.1512212641703585,11.376003825386462,0.0510280437372413
2021_Ref_Plot3_D1::65,2021_Ref_Plot3_D1,Field2,test,8,9,0.09874046526734796,8.847417381500462,0.03630804691323902
2021_Ref_Plot3_D1::69,2021_Ref_Plot3_D1,Field2,test,4,10,0.19081322360269934,12.801585819781378,0.07707438806450176
2021_Ref_Plot3_D1::71,2021_Ref_Plot3_D1,Field2,test,2,11,0.21931323601001643,9.143269735881995,0.14874181508335535
2021_Ref_Plot3_D1::76,2021_Ref_Plot3_D1,Field2,test,5,12,0.15747419755698397,13.805622344886121,0.03584544068935964
2021_Ref_Plot3_D1::80,2021_Ref_Plot3_D1,Field2,test,4,13,0.0791615066507383,8.040151870617263,0.026629053044360494
2021_Ref_Plot3_D1::85,2021_Ref_Plot3_D1,Field2,test,5,14,0.09980568966771837,9.036836849894842,0.03789540699587964
2021_Ref_Plot3_D15::8,2021_Ref_Plot3_D15,Field2,test,7,1,0.714138298493892,27.59918200916335,0.20392414190751587
2021_Ref_Plot3_D15::16,2021_Ref_Plot3_D15,Field2,test,8,2,0.7795116078113337,30.715295250545374,0.3459433074042461
2021_Ref_Plot3_D15::22,2021_Ref_Plot3_D15,Field2,test,6,3,0.31010152123724194,16.84670631057787,0.10006995371908244
2021_Ref_Plot3_D15::27,2021_Ref_Plot3_D15,Field2,test,5,4,0.3182938318829897,17.29824705401052,0.11664955223632786
2021_Ref_Plot3_D15::35,2021_Ref_Plot3_D15,Field2,test,8,5,0.17313865408455278,12.989145944441098,0.06179963965329452
2021_Ref_Plot3_D15::44,2021_Ref_Plot3_D15,Field2,test,9,6,0.10169340944739859,10.172319723973832,0.03478483874764232
2021_Ref_Plot3_D15::50,2021_Ref_Plot3_D15,Field2,test,6,7,0.14529621432663167,8.843887130165868,0.07982782300636615
2021_Ref_Plot3_D15::57,2021_Ref_Plot3_D15,Field2,test,7,8,0.10144665680367894,10.836146938855101,0.032257328074467115
2021_Ref_Plot3_D15::65,2021_Ref_Plot3_D15,Field2,test,8,9,0.08818453126882193,8.703351305539822,0.044602339913767775
2021_Ref_Plot3_D15::69,2021_Ref_Plot3_D15,Field2,test,4,10,0.16707978672099577,12.008955328024198,0.0933388754286827
2021_Ref_Plot3_D15::71,2021_Ref_Plot3_D15,Field2,test,2,11,0.11285340396075653,9.313663527159102,0.06383423409152769
2021_Ref_Plot3_D15::76,2021_Ref_Plot3_D15,Field2,test,5,12,0.13230032727103427,12.537567237719946,0.017532586823563838
2021_Ref_Plot3_D15::80,2021_Ref_Plot3_D15,Field2,test,4,13,0.07665765792173354,8.803427214264005,0.010083837023333715
2021_Ref_Plot3_D15::85,2021_Ref_Plot3_D15,Field2,test,5,14,0.14286190531627518,9.965498263940741,0.07581210910322407
2021_Ref_Plot3_D19::8,2021_Ref_Plot3_D19,Field2,test,7,1,0.6945716209861486,26.201776898326607,0.21587461043278433
2021_Ref_Plot3_D19::16,2021_Ref_Plot3_D19,Field2,test,8,2,0.7815154775735237,30.655806865254775,0.39062537699822414
2021_Ref_Plot3_D19::22,2021_Ref_Plot3_D19,Field2,test,6,3,0.28574353535012403,16.697942720185367,0.09649774785248534
2021_Ref_Plot3_D19::27,2021_Ref_Plot3_D19,Field2,test,5,4,0.2523348953107333,16.63259539057232,0.07853780035526987
2021_Ref_Plot3_D19::35,2021_Ref_Plot3_D19,Field2,test,8,5,0.15822887740791644,11.89898518729738,0.0323242071800816
2021_Ref_Plot3_D19::44,2021_Ref_Plot3_D19,Field2,test,9,6,0.10163967527868478,9.881942279884989,0.033481035611325226
2021_Ref_Plot3_D19::50,2021_Ref_Plot3_D19,Field2,test,6,7,0.13508026958815425,8.888656962498109,0.07557668371221266
2021_Ref_Plot3_D19::57,2021_Ref_Plot3_D19,Field2,test,7,8,0.11994949121107017,10.811701005977687,0.04608463744327259
2021_Ref_Plot3_D19::65,2021_Ref_Plot3_D19,Field2,test,8,9,0.11296452472033941,9.193624784504063,0.05658550239014537
2021_Ref_Plot3_D19::69,2021_Ref_Plot3_D19,Field2,test,4,10,0.20299019629794157,12.314103353996098,0.11329209588935119
2021_Ref_Plot3_D19::71,2021_Ref_Plot3_D19,Field2,test,2,11,0.11283714032406615,8.189693611396851,0.06907564391938542
2021_Ref_Plot3_D19::76,2021_Ref_Plot3_D19,Field2,test,5,12,0.09110495126516789,10.675656017368835,0.019271763321010407
2021_Ref_Plot3_D19::80,2021_Ref_Plot3_D19,Field2,test,4,13,0.08318576096139653,9.326545224120316,0.03916514564168864
2021_Ref_Plot3_D19::85,2021_Ref_Plot3_D19,Field2,test,5,14,0.12165106612586966,9.668711712617537,0.07034552126429236
2021_Ref_Plot3_D20::8,2021_Ref_Plot3_D20,Field2,test,7,1,0.7218609836085248,26.39799874508748,0.2245718294549367
2021_Ref_Plot3_D20::16,2021_Ref_Plot3_D20,Field2,test,8,2,0.8002561620171665,30.66620512848035,0.4109591067633995
2021_Ref_Plot3_D20::22,2021_Ref_Plot3_D20,Field2,test,6,3,0.2849712084177751,16.711317852769252,0.0897979937003175
2021_Ref_Plot3_D20::27,2021_Ref_Plot3_D20,Field2,test,5,4,0.24324725670500832,16.864763515052886,0.07436383921318718
2021_Ref_Plot3_D20::35,2021_Ref_Plot3_D20,Field2,test,8,5,0.14798063889273408,12.452498213971598,0.029817642362174237
2021_Ref_Plot3_D20::44,2021_Ref_Plot3_D20,Field2,test,9,6,0.10713472590571382,9.991928940649705,0.03225769600156136
2021_Ref_Plot3_D20::50,2021_Ref_Plot3_D20,Field2,test,6,7,0.1280247691466192,8.527014027567896,0.06968505159159229
2021_Ref_Plot3_D20::57,2021_Ref_Plot3_D20,Field2,test,7,8,0.09084812976448438,10.65290452153018,0.02689370480383695
2021_Ref_Plot3_D20::65,2021_Ref_Plot3_D20,Field2,test,8,9,0.10829302884653823,8.699254297620731,0.05557070245315207
2021_Ref_Plot3_D20::69,2021_Ref_Plot3_D20,Field2,test,4,10,0.20378425214068094,12.70323677765299,0.0994896859550034
2021_Ref_Plot3_D20::71,2021_Ref_Plot3_D20,Field2,test,2,11,0.13427289832384118,8.352490684216864,0.09522933271584186
2021_Ref_Plot3_D20::76,2021_Ref_Plot3_D20,Field2,test,5,12,0.13210744404335553,12.11504597932829,0.033459947983388694
2021_Ref_Plot3_D20::80,2021_Ref_Plot3_D20,Field2,test,4,13,0.06487389163032797,8.438466682557058,0.01286148014445043
2021_Ref_Plot3_D20::85,2021_Ref_Plot3_D20,Field2,test,5,14,0.11626117779497924,9.69660952891808,0.06071391606874674
2021_Ref_Plot3_E11::8,2021_Ref_Plot3_E11,Field2,test,7,1,0.6602660883247468,27.224474494975425,0.15393971951587657
2021_Ref_Plot3_E11::16,2021_Ref_Plot3_E11,Field2,test,8,2,0.7321297991777448,29.49238892121493,0.28884676744334037
2021_Ref_Plot3_E11::22,2021_Ref_Plot3_E11,Field2,test,6,3,0.2704048585565642,16.595404232130054,0.0740253338595122
2021_Ref_Plot3_E11::27,2021_Ref_Plot3_E11,Field2,test,5,4,0.2545765477048283,16.40543594408299,0.08386680972757007
2021_Ref_Plot3_E11::35,2021_Ref_Plot3_E11,Field2,test,8,5,0.1599000799755483,12.381777303336484,0.04763582710513418
2021_Ref_Plot3_E11::44,2021_Ref_Plot3_E11,Field2,test,9,6,0.09643195493105565,10.769170879745111,0.029864357505356664
2021_Ref_Plot3_E11::50,2021_Ref_Plot3_E11,Field2,test,6,7,0.12420740502863781,8.813330859106506,0.06236056453041979
2021_Ref_Plot3_E11::57,2021_Ref_Plot3_E11,Field2,test,7,8,0.1043221552123288,11.091403629855739,0.026810230135540635
2021_Ref_Plot3_E11::65,2021_Ref_Plot3_E11,Field2,test,8,9,0.09698993705061028,9.11306350948827,0.05166472663295943
2021_Ref_Plot3_E11::69,2021_Ref_Plot3_E11,Field2,test,4,10,0.16364891714404758,12.611600218638564,0.0798999074241956
2021_Ref_Plot3_E11::71,2021_Ref_Plot3_E11,Field2,test,2,11,0.08835497565075934,6.088067813353827,0.027725173646312645
2021_Ref_Plot3_E11::76,2021_Ref_Plot3_E11,Field2,test,5,12,0.10542157812103846,10.21822424516224,0.023287760535420653
2021_Ref_Plot3_E11::80,2021_Ref_Plot3_E11,Field2,test,4,13,0.05406555352995257,9.420130385709907,0.007521136637589306
2021_Ref_Plot3_E11::85,2021_Ref_Plot3_E11,Field2,test,5,14,0.08764214574192745,9.669346590278096,0.04634150056043524
2021_Ref_Plot4_A7::8,2021_Ref_Plot4_A7,Field2,test,7,1,0.7356721793476367,26.913128528921504,0.21513308709145304
2021_Ref_Plot4_A7::16,2021_Ref_Plot4_A7,Field2,test,8,2,0.799545797257229,30.23011296699782,0.3637508565921309
2021_Ref_Plot4_A7::22,2021_Ref_Plot4_A7,Field2,test,6,3,0.2954228214607542,17.65824494710898,0.0869941506277212
2021_Ref_Plot4_A7::27,2021_Ref_Plot4_A7,Field2,test,5,4,0.4487155348679675,19.326857645535227,0.1653567540011853
2021_Ref_Plot4_A7::35,2021_Ref_Plot4_A7,Field2,test,8,5,0.18826753572008803,14.253167596784513,0.02895556362199598
2021_Ref_Plot4_A7::44,2021_Ref_Plot4_A7,Field2,test,9,6,0.16669018249359724,10.09222745283955,0.05240883064686797
2021_Ref_Plot4_A7::50,2021_Ref_Plot4_A7,Field2,test,6,7,0.15362943657839467,9.26767762374797,0.08481749381783651
2021_Ref_Plot4_A7::57,2021_Ref_Plot4_A7,Field2,test,7,8,0.10565441246608649,8.40808101745351,0.04417462369313849
2021_Ref_Plot4_A7::65,2021_Ref_Plot4_A7,Field2,test,8,9,0.14353704598094574,11.365932344550364,0.051490813495370456
2021_Ref_Plot4_A7::69,2021_Ref_Plot4_A7,Field2,test,4,10,0.1835911888936302,12.268313794715095,0.10610512639776085
2021_Ref_Plot4_A7::71,2021_Ref_Plot4_A7,Field2,test,2,11,0.17059789075917617,9.17486113839566,0.09809059428825798
2021_Ref_Plot4_A7::76,2021_Ref_Plot4_A7,Field2,test,5,12,0.12050889601538921,10.296538834455056,0.015040463292729586
2021_Ref_Plot4_A7::80,2021_Ref_Plot4_A7,Field2,test,4,13,0.10763419694951078,7.930741219624771,0.026529258139147742
2021_Ref_Plot4_A7::85,2021_Ref_Plot4_A7,Field2,test,5,14,0.11078186911331918,9.343917955520885,0.04366104859883417
2021_Ref_Plot4_B11::8,2021_Ref_Plot4_B11,Field2,test,7,1,0.7538205769319147,27.68876404801241,0.22715312113976524
2021_Ref_Plot4_B11::16,2021_Ref_Plot4_B11,Field2,test,8,2,0.8470727350945809,31.988022273418334,0.4032311499100506
2021_Ref_Plot4_B11::22,2021_Ref_Plot4_B11,Field2,test,6,3,0.3283641745974489,17.559468034404404,0.11489941340352405
2021_Ref_Plot4_B11::27,2021_Ref_Plot4_B11,Field2,test,5,4,0.3934932121307361,18.246752947539793,0.1357485368945356
2021_Ref_Plot4_B11::35,2021_Ref_Plot4_B11,Field2,test,8,5,0.21460060637398568,15.766223323241956,0.04085899904454969
2021_Ref_Plot4_B11::44,2021_Ref_Plot4_B11,Field2,test,9,6,0.18182762089057,11.479066624250658,0.07093429632659283
2021_Ref_Plot4_B11::50,2021_Ref_Plot4_B11,Field2,test,6,7,0.15546630251724275,9.339370510703706,0.07103357504628029
2021_Ref_Plot4_B11::57,2021_Ref_Plot4_B11,Field2,test,7,8,0.13158763200707504,9.95708252654538,0.05839447343969913
2021_Ref_Plot4_B11::65,2021_Ref_Plot4_B11,Field2,test,8,9,0.13461365432428304,11.721122223764466,0.05611718556352619
2021_Ref_Plot4_B11::69,2021_Ref_Plot4_B11,Field2,test,4,10,0.22796719751363057,12.5296949744941,0.09551824010325156
2021_Ref_Plot4_B11::71,2021_Ref_Plot4_B11,Field2,test,2,11,0.1448148416435208,8.608427941174263,0.06815947719544495
2021_Ref_Plot4_B11::76,2021_Ref_Plot4_B11,Field2,test,5,12,0.1292043773270225,13.018572610910315,0.0276807843262185
2021_Ref_Plot4_B11::80,2021_Ref_Plot4_B11,Field2,test,4,13,0.08353413524743986,9.166292363128651,0.03304890098947399
2021_Ref_Plot4_B11::85,2021_Ref_Plot4_B11,Field2,test,5,14,0.11190622754606243,8.154997073419922,0.03398931255472607
2021_Ref_Plot4_B12::8,2021_Ref_Plot4_B12,Field2,test,7,1,0.7376958454674886,27.16231548533775,0.23132358566214
2021_Ref_Plot4_B12::16,2021_Ref_Plot4_B12,Field2,test,8,2,0.8196041352400668,30.89787746429538,0.3701964031838603
2021_Ref_Plot4_B12::22,2021_Ref_Plot4_B12,Field2,test,6,3,0.31414666952957726,17.191067071197782,0.10923290610283819
2021_Ref_Plot4_B12::27,2021_Ref_Plot4_B12,Field2,test,5,4,0.401977230433939,18.44362589910173,0.14938574905375746
2021_Ref_Plot4_B12::35,2021_Ref_Plot4_B12,Field2,test,8,5,0.1929339727899595,15.355024259903292,0.029611549073581645
2021_Ref_Plot4_B12::44,2021_Ref_Plot4_B12,Field2,test,9,6,0.16799428010959572,11.26408418300451,0.05568523770932686
2021_Ref_Plot4_B12::50,2021_Ref_Plot4_B12,Field2,test,6,7,0.18342272312261398,9.779021173221699,0.09593905453819321
2021_Ref_Plot4_B12::57,2021_Ref_Plot4_B12,Field2,test,7,8,0.1450041235094259,9.70489456765021,0.05009364173778579
2021_Ref_Plot4_B12::65,2021_Ref_Plot4_B12,Field2,test,8,9,0.12314981985392903,11.598487691771261,0.0396028824033551
2021_Ref_Plot4_B12::69,2021_Ref_Plot4_B12,Field2,test,4,10,0.22183324693158565,12.560760502513663,0.08626295173859873
2021_Ref_Plot4_B12::71,2021_Ref_Plot4_B12,Field2,test,2,11,0.1745566142777822,9.775456824529595,0.08692554384251716
2021_Ref_Plot4_B12::76,2021_Ref_Plot4_B12,Field2,test,5,12,0.1335513172165003,13.465092862183019,0.028921649240154397
2021_Ref_Plot4_B12::80,2021_Ref_Plot4_B12,Field2,test,4,13,0.08618251147768229,8.977013006182048,0.018359065545017192
2021_Ref_Plot4_B12::85,2021_Ref_Plot4_B12,Field2,test,5,14,0.09699697795562234,6.9704246507155965,0.017911849228829404
2021_Ref_Plot4_B13::8,2021_Ref_Plot4_B13,Field2,test,7,1,0.7372441085664367,27.36987040919487,0.23026221702934135
2021_Ref_Plot4_B13::16,2021_Ref_Plot4_B13,Field2,test,8,2,0.8143592471082853,30.9819613702564,0.3473829883268589
2021_Ref_Plot4_B13::22,2021_Ref_Plot4_B13,Field2,test,6,3,0.28784655508189094,17.24099880736269,0.07907071024486545
2021_Ref_Plot4_B13::27,2021_Ref_Plot4_B13,Field2,test,5,4,0.37068841201954394,17.772147100227386,0.13486865256604963
2021_Ref_Plot4_B13::35,2021_Ref_Plot4_B13,Field2,test,8,5,0.18556760778350756,14.919669757053429,0.025921183738362594
2021_Ref_Plot4_B13::44,2021_Ref_Plot4_B13,Field2,test,9,6,0.13301867196267142,9.829602879353844,0.019132091386519324
2021_Ref_Plot4_B13::50,2021_Ref_Plot4_B13,Field2,test,6,7,0.13241721297911993,9.058243267266894,0.05964774886492205
2021_Ref_Plot4_B13::57,2021_Ref_Plot4_B13,Field2,test,7,8,0.1308581581728265,9.004659539671492,0.04795320343255684
2021_Ref_Plot4_B13::65,2021_Ref_Plot4_B13,Field2,test,8,9,0.10487735189077907,11.232086981216376,0.0380572519759721
2021_Ref_Plot4_B13::69,2021_Ref_Plot4_B13,Field2,test,4,10,0.18393450846874768,11.810283802157759,0.07010297401510637
2021_Ref_Plot4_B13::71,2021_Ref_Plot4_B13,Field2,test,2,11,0.15407621322568965,10.035050812186173,0.09983858893410712
2021_Ref_Plot4_B13::76,2021_Ref_Plot4_B13,Field2,test,5,12,0.10047763220747556,10.611862360093347,0.019646848876561242
2021_Ref_Plot4_B13::80,2021_Ref_Plot4_B13,Field2,test,4,13,0.07590719278240148,8.323277038841463,0.01768911746386414
2021_Ref_Plot4_B13::85,2021_Ref_Plot4_B13,Field2,test,5,14,0.10931063061408296,8.29026789065151,0.04171992447000481
2021_Ref_Plot4_B15::8,2021_Ref_Plot4_B15,Field2,test,7,1,0.7760423784579692,28.655064913956206,0.2509441484982574
2021_Ref_Plot4_B15::16,2021_Ref_Plot4_B15,Field2,test,8,2,0.8287324861094919,31.13713238926446,0.36531680590257687
2021_Ref_Plot4_B15::22,2021_Ref_Plot4_B15,Field2,test,6,3,0.3475866368658876,17.8636469482984,0.12845427047310976
2021_Ref_Plot4_B15::27,2021_Ref_Plot4_B15,Field2,test,5,4,0.3430078837151573,17.339684146702123,0.11977111209302015
2021_Ref_Plot4_B15::35,2021_Ref_Plot4_B15,Field2,test,8,5,0.16767695865353063,13.400387452862486,0.018857404346468418
2021_Ref_Plot4_B15::44,2021_Ref_Plot4_B15,Field2,test,9,6,0.12538364131377414,9.208855732481533,0.034590958520334475
2021_Ref_Plot4_B15::50,2021_Ref_Plot4_B15,Field2,test,6,7,0.13019206626937171,8.577690626029927,0.07050574628752013
2021_Ref_Plot4_B15::57,2021_Ref_Plot4_B15,Field2,test,7,8,0.13263439172262514,9.528419862988947,0.04982428678911987
2021_Ref_Plot4_B15::65,2021_Ref_Plot4_B15,Field2,test,8,9,0.11831805316160972,10.938135247946105,0.04689654017075923
2021_Ref_Plot4_B15::69,2021_Ref_Plot4_B15,Field2,test,4,10,0.21981447013651234,12.708452619840529,0.10207216145488754
2021_Ref_Plot4_B15::71,2021_Ref_Plot4_B15,Field2,test,2,11,0.18293985462909443,10.026129559727435,0.09326489038232849
2021_Ref_Plot4_B15::76,2021_Ref_Plot4_B15,Field2,test,5,12,0.11833663637955999,11.558930650749662,0.024659185729545386
2021_Ref_Plot4_B15::80,2021_Ref_Plot4_B15,Field2,test,4,13,0.09812712759803029,8.00199027452772,0.027221191860230396
2021_Ref_Plot4_B15::85,2021_Ref_Plot4_B15,Field2,test,5,14,0.09231989921164611,8.524594930806522,0.019362922492634077
2021_Ref_Plot4_B16::8,2021_Ref_Plot4_B16,Field2,test,7,1,0.76346458641379,27.616892407153266,0.23780096826854888
2021_Ref_Plot4_B16::16,2021_Ref_Plot4_B16,Field2,test,8,2,0.8476198166924945,32.26414022394365,0.39566612589246397
2021_Ref_Plot4_B16::22,2021_Ref_Plot4_B16,Field2,test,6,3,0.3473869027861094,17.983798268614244,0.11404278065058131
2021_Ref_Plot4_B16::27,2021_Ref_Plot4_B16,Field2,test,5,4,0.3755353617083437,18.33654305272062,0.128971510738267
2021_Ref_Plot4_B16::35,2021_Ref_Plot4_B16,Field2,test,8,5,0.18964340157598616,13.50581414141538,0.028668090324684578
2021_Ref_Plot4_B16::44,2021_Ref_Plot4_B16,Field2,test,9,6,0.12655870864504384,9.818282064822073,0.043084650311887684
2021_Ref_Plot4_B16::50,2021_Ref_Plot4_B16,Field2,test,6,7,0.10272459118146614,8.900289664707472,0.049217493383315006
2021_Ref_Plot4_B16::57,2021_Ref_Plot4_B16,Field2,test,7,8,0.11335885400362032,9.791504041634685,0.057413672479450374
2021_Ref_Plot4_B16::65,2021_Ref_Plot4_B16,Field2,test,8,9,0.10177321490221965,11.106505918529981,0.029644293935296107
2021_Ref_Plot4_B16::69,2021_Ref_Plot4_B16,Field2,test,4,10,0.18830323620881126,12.781106801487992,0.08531322241373597
2021_Ref_Plot4_B16::71,2021_Ref_Plot4_B16,Field2,test,2,11,0.15629856214542273,9.697573499795052,0.09301595198301651
2021_Ref_Plot4_B16::76,2021_Ref_Plot4_B16,Field2,test,5,12,0.1362201183491849,13.959733678304875,0.026563301583208045
2021_Ref_Plot4_B16::80,2021_Ref_Plot4_B16,Field2,test,4,13,0.09326893829993803,8.310483690146345,0.022604908555096198
2021_Ref_Plot4_B16::85,2021_Ref_Plot4_B16,Field2,test,5,14,0.07982889291154997,8.086048650425266,0.026966396940587896
2021_Ref_Plot4_B17::8,2021_Ref_Plot4_B17,Field2,test,7,1,0.74417060748019,26.96177506725002,0.21464841355483458
2021_Ref_Plot4_B17::16,2021_Ref_Plot4_B17,Field2,test,8,2,0.8406040840175795,31.818453245235073,0.39067640263521236
2021_Ref_Plot4_B17::22,2021_Ref_Plot4_B17,Field2,test,6,3,0.32235118532879287,17.463592347968074,0.10308252990751804
2021_Ref_Plot4_B17::27,2021_Ref_Plot4_B17,Field2,test,5,4,0.35473298625959254,17.85238717137657,0.11769201277452893
2021_Ref_Plot4_B17::35,2021_Ref_Plot4_B17,Field2,test,8,5,0.1738230667741578,13.647195104887563,0.029020877979518966
2021_Ref_Plot4_B17::44,2021_Ref_Plot4_B17,Field2,test,9,6,0.12724015014553314,9.919421278717625,0.04921944876161555
2021_Ref_Plot4_B17::50,2021_Ref_Plot4_B17,Field2,test,6,7,0.14085902872851985,9.686515312773029,0.08235873201167841
2021_Ref_Plot4_B17::57,2021_Ref_Plot4_B17,Field2,test,7,8,0.10994507471201337,9.775609882413576,0.05097776309453873
2021_Ref_Plot4_B17::65,2021_Ref_Plot4_B17,Field2,test,8,9,0.08692183168243654,10.429479957291681,0.013918710638033302
2021_Ref_Plot4_B17::69,2021_Ref_Plot4_B17,Field2,test,4,10,0.13972295981715308,11.836688012093168,0.057068323760808
2021_Ref_Plot4_B17::71,2021_Ref_Plot4_B17,Field2,test,2,11,0.16455308293002321,9.65271701517289,0.10880089633924789
2021_Ref_Plot4_B17::76,2021_Ref_Plot4_B17,Field2,test,5,12,0.1371364138252571,12.990212064119383,0.020964488133407202
2021_Ref_Plot4_B17::80,2021_Ref_Plot4_B17,Field2,test,4,13,0.058737615544195286,7.311693712618327,0.007212411964477932
2021_Ref_Plot4_B17::85,2021_Ref_Plot4_B17,Field2,test,5,14,0.08733394064367495,9.350973807933263,0.03503211247960801
2021_Ref_Plot4_C4::8,2021_Ref_Plot4_C4,Field2,test,7,1,0.7413800869662741,26.666164601569267,0.20759093741938367
2021_Ref_Plot4_C4::16,2021_Ref_Plot4_C4,Field2,test,8,2,0.8169523633220708,30.728567361144208,0.3941141936812459
2021_Ref_Plot4_C4::22,2021_Ref_Plot4_C4,Field2,test,6,3,0.30382290731693434,16.9866440567461,0.09118210668094776
2021_Ref_Plot4_C4::27,2021_Ref_Plot4_C4,Field2,test,5,4,0.3485382497943259,16.990761005735358,0.13132295402269845
2021_Ref_Plot4_C4::35,2021_Ref_Plot4_C4,Field2,test,8,5,0.22641237375438653,15.123024437019374,0.052520401219025875
2021_Ref_Plot4_C4::44,2021_Ref_Plot4_C4,Field2,test,9,6,0.13812606099907168,9.932193325548337,0.06369715259550968
2021_Ref_Plot4_C4::50,2021_Ref_Plot4_C4,Field2,test,6,7,0.17040367698828054,9.890059111000088,0.1127544251322717
2021_Ref_Plot4_C4::57,2021_Ref_Plot4_C4,Field2,test,7,8,0.1387767883543388,9.363863614998072,0.06572552015066037
2021_Ref_Plot4_C4::65,2021_Ref_Plot4_C4,Field2,test,8,9,0.14758835448404065,11.375745200637828,0.04302020675758771
2021_Ref_Plot4_C4::69,2021_Ref_Plot4_C4,Field2,test,4,10,0.1926167422758417,12.559899207450076,0.09891321298376436
2021_Ref_Plot4_C4::71,2021_Ref_Plot4_C4,Field2,test,2,11,0.12572118791149445,8.117881288959744,0.06316640019174913
2021_Ref_Plot4_C4::76,2021_Ref_Plot4_C4,Field2,test,5,12,0.14452126656666583,13.336306611795685,0.031183578712963737
2021_Ref_Plot4_C4::80,2021_Ref_Plot4_C4,Field2,test,4,13,0.07528321773764546,8.367009603940263,0.020355732537834476
2021_Ref_Plot4_C4::85,2021_Ref_Plot4_C4,Field2,test,5,14,0.07766151816083347,9.61787891650934,0.0364335741469335
2021_Ref_Plot4_D11::8,2021_Ref_Plot4_D11,Field2,test,7,1,0.7299526351760218,27.964580568681093,0.23628609054857613
2021_Ref_Plot4_D11::16,2021_Ref_Plot4_D11,Field2,test,8,2,0.8209643111464345,31.55442847938897,0.42094898852285806
2021_Ref_Plot4_D11::22,2021_Ref_Plot4_D11,Field2,test,6,3,0.32010998630566023,17.959392707216608,0.11542247262253345
2021_Ref_Plot4_D11::27,2021_Ref_Plot4_D11,Field2,test,5,4,0.35357644926491677,17.528504176628438,0.14771681932506864
2021_Ref_Plot4_D11::35,2021_Ref_Plot4_D11,Field2,test,8,5,0.19807862670775564,14.99323115468603,0.03682049122173098
2021_Ref_Plot4_D11::44,2021_Ref_Plot4_D11,Field2,test,9,6,0.12523863738646368,9.621304558249058,0.035260873574549746
2021_Ref_Plot4_D11::50,2021_Ref_Plot4_D11,Field2,test,6,7,0.13446503640061727,9.713781984740296,0.07983914421444868
2021_Ref_Plot4_D11::57,2021_Ref_Plot4_D11,Field2,test,7,8,0.10644622155400348,10.692614902204284,0.02501447798276512
2021_Ref_Plot4_D11::65,2021_Ref_Plot4_D11,Field2,test,8,9,0.07238005071148831,8.91437171575475,0.02183749804996764
2021_Ref_Plot4_D11::69,2021_Ref_Plot4_D11,Field2,test,4,10,0.21903514745488983,13.394330679831658,0.08589618965152632
2021_Ref_Plot4_D11::71,2021_Ref_Plot4_D11,Field2,test,2,11,0.13578790408551145,8.65096435294748,0.07864197313177611
2021_Ref_Plot4_D11::76,2021_Ref_Plot4_D11,Field2,test,5,12,0.1469808784186427,14.360963689161828,0.04589617201753156
2021_Ref_Plot4_D11::80,2021_Ref_Plot4_D11,Field2,test,4,13,0.11622187673174052,8.650777375465688,0.06746226143553344
2021_Ref_Plot4_D11::85,2021_Ref_Plot4_D11,Field2,test,5,14,0.16402217995306037,11.596955165421141,0.0764374208803832
2021_Ref_Plot4_D6::8,2021_Ref_Plot4_D6,Field2,test,7,1,0.7116475291845267,27.68804026187899,0.22596633899031485
2021_Ref_Plot4_D6::16,2021_Ref_Plot4_D6,Field2,test,8,2,0.7838924262633187,30.21917579241299,0.3784438127527828
2021_Ref_Plot4_D6::22,2021_Ref_Plot4_D6,Field2,test,6,3,0.2797517818590517,16.463490267454414,0.10196515850130479
2021_Ref_Plot4_D6::27,2021_Ref_Plot4_D6,Field2,test,5,4,0.36573237281708565,16.855588785484194,0.15699782117278385
2021_Ref_Plot4_D6::35,2021_Ref_Plot4_D6,Field2,test,8,5,0.19197969969165754,14.673778188193861,0.02377626734267746
2021_Ref_Plot4_D6::44,2021_Ref_Plot4_D6,Field2,test,9,6,0.10380799760227132,9.015557714941975,0.03849753335773902
2021_Ref_Plot4_D6::50,2021_Ref_Plot4_D6,Field2,test,6,7,0.14528131696190325,9.321853342067346,0.07945739495859686
2021_Ref_Plot4_D6::57,2021_Ref_Plot4_D6,Field2,test,7,8,0.16046039466282527,10.827171981131547,0.04173481078125274
2021_Ref_Plot4_D6::65,2021_Ref_Plot4_D6,Field2,test,8,9,0.07369772522122564,10.070198166563983,0.028888496483302196
2021_Ref_Plot4_D6::69,2021_Ref_Plot4_D6,Field2,test,4,10,0.18005226455319942,12.956631684817747,0.09980871265792733
2021_Ref_Plot4_D6::71,2021_Ref_Plot4_D6,Field2,test,2,11,0.12124442665657476,9.01104370819809,0.06402009639435872
2021_Ref_Plot4_D6::76,2021_Ref_Plot4_D6,Field2,test,5,12,0.17494091652872282,14.528557573601518,0.050199262295548164
2021_Ref_Plot4_D6::80,2021_Ref_Plot4_D6,Field2,test,4,13,0.07901879235229126,8.24475670083461,0.03391185869539854
2021_Ref_Plot4_D6::85,2021_Ref_Plot4_D6,Field2,test,5,14,0.08393958800155432,9.343247262645317,0.04006984396841423
2021_Ref_Plot5_A17::8,2021_Ref_Plot5_A17,Field2,test,7,1,0.7234404727600988,27.6468001932548,0.1816281950091314
2021_Ref_Plot5_A17::16,2021_Ref_Plot5_A17,Field2,test,8,2,0.7886299761732353,30.722925188015225,0.32532305063594685
2021_Ref_Plot5_A17::22,2021_Ref_Plot5_A17,Field2,test,6,3,0.27632664203901536,17.791001465392313,0.06996394677074609
2021_Ref_Plot5_A17::27,2021_Ref_Plot5_A17,Field2,test,5,4,0.31196918705143906,18.11181000655513,0.09134312545950977
2021_Ref_Plot5_A17::35,2021_Ref_Plot5_A17,Field2,test,8,5,0.12675664326958536,12.419770911281985,0.026635528295765452
2021_Ref_Plot5_A17::44,2021_Ref_Plot5_A17,Field2,test,9,6,0.09949274677052404,9.850338626206346,0.03223665872332584
2021_Ref_Plot5_A17::50,2021_Ref_Plot5_A17,Field2,test,6,7,0.12485560324247914,8.311264743313545,0.05501518628151201
2021_Ref_Plot5_A17::69,2021_Ref_Plot5_A17,Field2,test,4,9,0.15281287187732448,12.118211369941106,0.06381511443241242
2021_Ref_Plot5_A17::71,2021_Ref_Plot5_A17,Field2,test,2,10,0.14271288713498675,8.862860581891974,0.09024572981352248
2021_Ref_Plot5_A17::76,2021_Ref_Plot5_A17,Field2,test,5,11,0.15193363348596586,14.342344536042315,0.02879016891195141
2021_Ref_Plot5_A17::80,2021_Ref_Plot5_A17,Field2,test,4,12,0.1468302930755283,8.720498973471306,0.04983939835432248
2021_Ref_Plot5_A17::85,2021_Ref_Plot5_A17,Field2,test,5,13,0.08436759407227518,8.61986644584674,0.033066863411293106
2021_Ref_Plot5_A19::8,2021_Ref_Plot5_A19,Field2,test,7,1,0.7298307953962319,28.059984080221806,0.19281855163125472
2021_Ref_Plot5_A19::16,2021_Ref_Plot5_A19,Field2,test,8,2,0.8122172353599305,30.873339153162938,0.33766942710247155
2021_Ref_Plot5_A19::22,2021_Ref_Plot5_A19,Field2,test,6,3,0.31017150410985617,17.844616289890414,0.07678658669457367
2021_Ref_Plot5_A19::27,2021_Ref_Plot5_A19,Field2,test,5,4,0.30592952896956155,18.388738380474663,0.047284064811616885
2021_Ref_Plot5_A19::35,2021_Ref_Plot5_A19,Field2,test,8,5,0.13390186793590825,13.01868405764141,0.023900072068515896
2021_Ref_Plot5_A19::44,2021_Ref_Plot5_A19,Field2,test,9,6,0.11768003744442103,10.231698091592152,0.03218782716959463
2021_Ref_Plot5_A19::50,2021_Ref_Plot5_A19,Field2,test,6,7,0.19180065703089855,9.135756535456958,0.10737476328461466
2021_Ref_Plot5_A19::57,2021_Ref_Plot5_A19,Field2,test,7,8,0.18879209683654397,10.9259651860118,0.07245934108601546
2021_Ref_Plot5_A19::65,2021_Ref_Plot5_A19,Field2,test,8,9,0.1318571741973202,11.814820784684311,0.037877325730043855
2021_Ref_Plot5_A19::69,2021_Ref_Plot5_A19,Field2,test,4,10,0.18759689753249534,12.470637750667732,0.07086741896852927
2021_Ref_Plot5_A19::71,2021_Ref_Plot5_A19,Field2,test,2,11,0.21897613688299633,10.725647234692454,0.1428956131845511
2021_Ref_Plot5_A19::76,2021_Ref_Plot5_A19,Field2,test,5,12,0.13690289144483947,12.797879173085784,0.03033811118673325
2021_Ref_Plot5_A19::80,2021_Ref_Plot5_A19,Field2,test,4,13,0.1042921404448935,8.245227057666494,0.05196243173291509
2021_Ref_Plot5_A19::85,2021_Ref_Plot5_A19,Field2,test,5,14,0.08265781046989477,8.913754553131383,0.03637441723788916
2021_Ref_Plot5_B12::8,2021_Ref_Plot5_B12,Field2,test,7,1,0.7438055928306281,27.481287646439228,0.253139280216007
2021_Ref_Plot5_B12::16,2021_Ref_Plot5_B12,Field2,test,8,2,0.8060679832655486,30.66323041100828,0.36055686021406036
2021_Ref_Plot5_B12::22,2021_Ref_Plot5_B12,Field2,test,6,3,0.33518210808073473,18.602282609497212,0.10814800825493387
2021_Ref_Plot5_B12::27,2021_Ref_Plot5_B12,Field2,test,5,4,0.2905154769151899,16.92211902680085,0.0685062623407989
2021_Ref_Plot5_B12::35,2021_Ref_Plot5_B12,Field2,test,8,5,0.1570087054088798,12.993405389026867,0.04157302677652241
2021_Ref_Plot5_B12::44,2021_Ref_Plot5_B12,Field2,test,9,6,0.12336427687569541,9.783170020826521,0.04635850766038979
2021_Ref_Plot5_B12::50,2021_Ref_Plot5_B12,Field2,test,6,7,0.12920945618894608,8.5695511674909,0.07071396946196272
2021_Ref_Plot5_B12::57,2021_Ref_Plot5_B12,Field2,test,7,8,0.1305835228002771,10.815247539363869,0.04710171373006804
2021_Ref_Plot5_B12::65,2021_Ref_Plot5_B12,Field2,test,8,9,0.12875685227135666,11.575420220807786,0.04679297212939297
2021_Ref_Plot5_B12::69,2021_Ref_Plot5_B12,Field2,test,4,10,0.18632273641733502,12.806572192407998,0.09377961018329854
2021_Ref_Plot5_B12::71,2021_Ref_Plot5_B12,Field2,test,2,11,0.13451849370321226,8.791185627456041,0.08246166870858755
2021_Ref_Plot5_B12::76,2021_Ref_Plot5_B12,Field2,test,5,12,0.1488160048200293,13.806442960794381,0.04877123909597566
2021_Ref_Plot5_B12::80,2021_Ref_Plot5_B12,Field2,test,4,13,0.0644984182601136,6.5708445783389,0.022707732874333912
2021_Ref_Plot5_B12::85,2021_Ref_Plot5_B12,Field2,test,5,14,0.11926714866730304,9.661814808149,0.0550904903796873
2021_Ref_Plot5_B14::8,2021_Ref_Plot5_B14,Field2,test,7,1,0.7260134148222467,27.626858405890733,0.23076595767376673
2021_Ref_Plot5_B14::16,2021_Ref_Plot5_B14,Field2,test,8,2,0.8096411267478992,31.34267538345227,0.35568277348371885
2021_Ref_Plot5_B14::22,2021_Ref_Plot5_B14,Field2,test,6,3,0.27939526714701085,17.348162811281036,0.08857804790162148
2021_Ref_Plot5_B14::27,2021_Ref_Plot5_B14,Field2,test,5,4,0.30416881049775224,18.15093609941602,0.0812526719712234
2021_Ref_Plot5_B14::35,2021_Ref_Plot5_B14,Field2,test,8,5,0.1386003267040973,12.711185162529388,0.031954937966499355
2021_Ref_Plot5_B14::44,2021_Ref_Plot5_B14,Field2,test,9,6,0.11835150371033955,10.685716537105925,0.03141775915788452
2021_Ref_Plot5_B14::50,2021_Ref_Plot5_B14,Field2,test,6,7,0.15989838796582714,9.334740760016299,0.07900454997353923
2021_Ref_Plot5_B14::57,2021_Ref_Plot5_B14,Field2,test,7,8,0.14841528523819628,10.800701831154875,0.052489330699218496
2021_Ref_Plot5_B14::65,2021_Ref_Plot5_B14,Field2,test,8,9,0.1289218943175742,11.732783637348605,0.04421101992687385
2021_Ref_Plot5_B14::69,2021_Ref_Plot5_B14,Field2,test,4,10,0.16811058321363567,12.571858875621052,0.05892454713724734
2021_Ref_Plot5_B14::71,2021_Ref_Plot5_B14,Field2,test,2,11,0.17995372388625794,9.997115416894975,0.10904056707866992
2021_Ref_Plot5_B14::76,2021_Ref_Plot5_B14,Field2,test,5,12,0.1570387338058731,14.074538906006392,0.01820905375526731
2021_Ref_Plot5_B14::80,2021_Ref_Plot5_B14,Field2,test,4,13,0.09527166180032759,7.5307592613157315,0.04148331547329189
2021_Ref_Plot5_B14::85,2021_Ref_Plot5_B14,Field2,test,5,14,0.07597564277590724,8.562419025246406,0.039854606114889134
2021_Ref_Plot5_C12::8,2021_Ref_Plot5_C12,Field2,test,7,1,0.731350356131045,26.51336545148522,0.20261698547279708
2021_Ref_Plot5_C12::16,2021_Ref_Plot5_C12,Field2,test,8,2,0.8051452862722158,30.22835675593003,0.347932640859315
2021_Ref_Plot5_C12::22,2021_Ref_Plot5_C12,Field2,test,6,3,0.21820824330699717,14.935516290286017,0.05182153803801878
2021_Ref_Plot5_C12::27,2021_Ref_Plot5_C12,Field2,test,5,4,0.241969800399927,16.350174523448555,0.05534936434894153
2021_Ref_Plot5_C12::35,2021_Ref_Plot5_C12,Field2,test,8,5,0.13836164574211526,12.272428344896802,0.03451447046988457
2021_Ref_Plot5_C12::44,2021_Ref_Plot5_C12,Field2,test,9,6,0.12413416079671612,9.75201647644508,0.04038181068355642
2021_Ref_Plot5_C12::50,2021_Ref_Plot5_C12,Field2,test,6,7,0.13963253570372247,8.645639326946,0.08479275474932026
2021_Ref_Plot5_C12::57,2021_Ref_Plot5_C12,Field2,test,7,8,0.10360369131803648,9.806978414027649,0.024447450573953304
2021_Ref_Plot5_C12::65,2021_Ref_Plot5_C12,Field2,test,8,9,0.12252135397419826,11.777600406094798,0.0424383055013332
2021_Ref_Plot5_C12::69,2021_Ref_Plot5_C12,Field2,test,4,10,0.20130139536268019,13.395691369924709,0.10495547933524722
2021_Ref_Plot5_C12::71,2021_Ref_Plot5_C12,Field2,test,2,11,0.14919886876558447,8.859325040697753,0.07642494416402683
2021_Ref_Plot5_C12::76,2021_Ref_Plot5_C12,Field2,test,5,12,0.12781319224401294,12.253518354485077,0.0189002529483137
2021_Ref_Plot5_C12::80,2021_Ref_Plot5_C12,Field2,test,4,13,0.0840138178376207,7.55140119958332,0.006311731981255781
2021_Ref_Plot5_C12::85,2021_Ref_Plot5_C12,Field2,test,5,14,0.10203834927949107,9.175273905630977,0.03651118935919768
2021_Ref_Plot5_C17::8,2021_Ref_Plot5_C17,Field2,test,7,1,0.7371598102031011,28.036134408528742,0.23344871848555412
2021_Ref_Plot5_C17::16,2021_Ref_Plot5_C17,Field2,test,8,2,0.7983893207312788,30.727701267299086,0.3460157901897946
2021_Ref_Plot5_C17::22,2021_Ref_Plot5_C17,Field2,test,6,3,0.2600545585363069,16.33451780904536,0.061706783354848936
2021_Ref_Plot5_C17::27,2021_Ref_Plot5_C17,Field2,test,5,4,0.2743892667521784,16.779370080160053,0.07179348882615967
2021_Ref_Plot5_C17::35,2021_Ref_Plot5_C17,Field2,test,8,5,0.13754845499409182,12.645370837029336,0.025842592077385065
2021_Ref_Plot5_C17::44,2021_Ref_Plot5_C17,Field2,test,9,6,0.11519257298728036,9.985333613798856,0.03052719090678235
2021_Ref_Plot5_C17::50,2021_Ref_Plot5_C17,Field2,test,6,7,0.16939675981764302,9.308389655827309,0.09416817369774656
2021_Ref_Plot5_C17::57,2021_Ref_Plot5_C17,Field2,test,7,8,0.17719487146882515,11.828018107513824,0.05699547181999408
2021_Ref_Plot5_C17::65,2021_Ref_Plot5_C17,Field2,test,8,9,0.1177793218294103,11.568292225786067,0.04911814053470049
2021_Ref_Plot5_C17::69,2021_Ref_Plot5_C17,Field2,test,4,10,0.15852887009847863,12.354116315019315,0.064816881569076
2021_Ref_Plot5_C17::71,2021_Ref_Plot5_C17,Field2,test,2,11,0.10003049828884976,7.939778945637393,0.03247918787679784
2021_Ref_Plot5_C17::76,2021_Ref_Plot5_C17,Field2,test,5,12,0.1422270043094788,13.504841478278056,0.04895104594856035
2021_Ref_Plot5_C17::80,2021_Ref_Plot5_C17,Field2,test,4,13,0.092120805372852,7.602631883664319,0.03700567534209809
2021_Ref_Plot5_C17::85,2021_Ref_Plot5_C17,Field2,test,5,14,0.07709347938731699,9.24282296666046,0.038261369280461914
2021_Ref_Plot5_C18::8,2021_Ref_Plot5_C18,Field2,test,7,1,0.7350603899817916,28.146397057693477,0.22790057929186022
2021_Ref_Plot5_C18::16,2021_Ref_Plot5_C18,Field2,test,8,2,0.8038314735091889,30.789432455568697,0.34644193734551254
2021_Ref_Plot5_C18::22,2021_Ref_Plot5_C18,Field2,test,6,3,0.24805715518851837,16.065284477321658,0.06031989912294636
2021_Ref_Plot5_C18::27,2021_Ref_Plot5_C18,Field2,test,5,4,0.26828629984755825,16.830059252368986,0.06094723622137465
2021_Ref_Plot5_C18::35,2021_Ref_Plot5_C18,Field2,test,8,5,0.1439350382282916,12.880380265276157,0.03377695782210049
2021_Ref_Plot5_C18::44,2021_Ref_Plot5_C18,Field2,test,9,6,0.11665261588383792,10.021013037416227,0.03271096752958272
2021_Ref_Plot5_C18::50,2021_Ref_Plot5_C18,Field2,test,6,7,0.18766462501853295,9.868782086037408,0.12433095845995186
2021_Ref_Plot5_C18::57,2021_Ref_Plot5_C18,Field2,test,7,8,0.1677942717726144,11.582666476308992,0.044767258027415796
2021_Ref_Plot5_C18::65,2021_Ref_Plot5_C18,Field2,test,8,9,0.11557496568693404,11.716659138885724,0.03730242530439742
2021_Ref_Plot5_C18::69,2021_Ref_Plot5_C18,Field2,test,4,10,0.1682191904394694,12.727261148716584,0.08705962911689434
2021_Ref_Plot5_C18::71,2021_Ref_Plot5_C18,Field2,test,2,11,0.13222883708828517,8.238566579066616,0.07535565160013889
2021_Ref_Plot5_C18::76,2021_Ref_Plot5_C18,Field2,test,5,12,0.16967371733309125,14.115360728269104,0.059334166469811496
2021_Ref_Plot5_C18::80,2021_Ref_Plot5_C18,Field2,test,4,13,0.09021180132780354,6.748762687476415,0.023285206071414034
2021_Ref_Plot5_C18::85,2021_Ref_Plot5_C18,Field2,test,5,14,0.11390336176239531,9.429325613529846,0.06995806861354803
2021_Ref_Plot5_D10::8,2021_Ref_Plot5_D10,Field2,test,7,1,0.7668513279347163,27.8444481800592,0.23634916405924566
2021_Ref_Plot5_D10::16,2021_Ref_Plot5_D10,Field2,test,8,2,0.8162339547626546,30.876608110616857,0.369661279300054
2021_Ref_Plot5_D10::22,2021_Ref_Plot5_D10,Field2,test,6,3,0.2799898664208551,15.72923312282869,0.08863387906165279
2021_Ref_Plot5_D10::27,2021_Ref_Plot5_D10,Field2,test,5,4,0.2298138765328304,15.704323758557578,0.061267940765543434
2021_Ref_Plot5_D10::35,2021_Ref_Plot5_D10,Field2,test,8,5,0.08733005814202645,9.787592576598195,0.01169145533598256
2021_Ref_Plot5_D10::44,2021_Ref_Plot5_D10,Field2,test,9,6,0.11314239788224967,9.259790453210154,0.030483734300059285
2021_Ref_Plot5_D10::50,2021_Ref_Plot5_D10,Field2,test,6,7,0.13624411598125544,8.958047280240724,0.08360489993841372
2021_Ref_Plot5_D10::57,2021_Ref_Plot5_D10,Field2,test,7,8,0.10227062163964844,10.95063272383545,0.015843343419685824
2021_Ref_Plot5_D10::65,2021_Ref_Plot5_D10,Field2,test,8,9,0.1414018995149059,11.89107657203315,0.0721963857561747
2021_Ref_Plot5_D10::69,2021_Ref_Plot5_D10,Field2,test,4,10,0.16950822043972977,12.430796820333628,0.077252894464374
2021_Ref_Plot5_D10::71,2021_Ref_Plot5_D10,Field2,test,2,11,0.11045072880980893,8.809672553492488,0.04761072432783381
2021_Ref_Plot5_D10::76,2021_Ref_Plot5_D10,Field2,test,5,12,0.12644686622398413,12.585822043954877,0.029069112602814813
2021_Ref_Plot5_D10::80,2021_Ref_Plot5_D10,Field2,test,4,13,0.10215324883627408,9.356249760459306,0.02920647292771397
2021_Ref_Plot5_D10::85,2021_Ref_Plot5_D10,Field2,test,5,14,0.08015772822761869,8.686041421219029,0.0275955322221991
2021_Ref_Plot5_D11::8,2021_Ref_Plot5_D11,Field2,test,7,1,0.7605067544595444,28.14300876803099,0.23534561556803094
2021_Ref_Plot5_D11::16,2021_Ref_Plot5_D11,Field2,test,8,2,0.8116878247714113,30.949055062948613,0.3765521104632705
2021_Ref_Plot5_D11::22,2021_Ref_Plot5_D11,Field2,test,6,3,0.2702531764746609,16.25927144400018,0.08401342155261118
2021_Ref_Plot5_D11::27,2021_Ref_Plot5_D11,Field2,test,5,4,0.19930811183895406,14.894130386755887,0.04958948435284901
2021_Ref_Plot5_D11::35,2021_Ref_Plot5_D11,Field2,test,8,5,0.13463161867961612,12.692142078008734,0.037578407104352
2021_Ref_Plot5_D11::44,2021_Ref_Plot5_D11,Field2,test,9,6,0.1258954287797234,9.81303541988519,0.04949147237350455
2021_Ref_Plot5_D11::50,2021_Ref_Plot5_D11,Field2,test,6,7,0.114986649337161,9.1212476653503,0.060968970713788186
2021_Ref_Plot5_D11::57,2021_Ref_Plot5_D11,Field2,test,7,8,0.11036752301660663,11.677369042092243,0.041361420925140474
2021_Ref_Plot5_D11::65,2021_Ref_Plot5_D11,Field2,test,8,9,0.097300499994372,10.871882706219578,0.033659799728680724
2021_Ref_Plot5_D11::69,2021_Ref_Plot5_D11,Field2,test,4,10,0.16500400543807028,12.432721767025583,0.0839817426779994
2021_Ref_Plot5_D11::71,2021_Ref_Plot5_D11,Field2,test,2,11,0.12412128473251131,8.940799581292158,0.06911142158330852
2021_Ref_Plot5_D11::76,2021_Ref_Plot5_D11,Field2,test,5,12,0.14199336677077964,12.606265374661954,0.03667304949016201
2021_Ref_Plot5_D11::80,2021_Ref_Plot5_D11,Field2,test,4,13,0.07301130489635771,8.573551930846628,0.01948986396718518
2021_Ref_Plot5_D11::85,2021_Ref_Plot5_D11,Field2,test,5,14,0.07785596648513386,9.515805930971636,0.020650530073135942
2021_Ref_Plot5_D9::8,2021_Ref_Plot5_D9,Field2,test,7,1,0.7710014467425924,28.086917181663125,0.24654355301602152
2021_Ref_Plot5_D9::16,2021_Ref_Plot5_D9,Field2,test,8,2,0.8198414299643885,31.954616486562767,0.38449851745940405
2021_Ref_Plot5_D9::22,2021_Ref_Plot5_D9,Field2,test,6,3,0.25919382136070923,15.224082633069301,0.08250190510794889
2021_Ref_Plot5_D9::27,2021_Ref_Plot5_D9,Field2,test,5,4,0.1546304989013533,14.098665706204807,0.030267566881022803
2021_Ref_Plot5_D9::35,2021_Ref_Plot5_D9,Field2,test,8,5,0.10753906895106434,10.327120923338736,0.012211840699378012
2021_Ref_Plot5_D9::44,2021_Ref_Plot5_D9,Field2,test,9,6,0.10092083375457706,9.07626959415775,0.030600745502382877
2021_Ref_Plot5_D9::50,2021_Ref_Plot5_D9,Field2,test,6,7,0.1309514662406405,9.10916039037638,0.08418441371404953
2021_Ref_Plot5_D9::57,2021_Ref_Plot5_D9,Field2,test,7,8,0.12042002558720805,11.229297891077035,0.0375620854999639
2021_Ref_Plot5_D9::65,2021_Ref_Plot5_D9,Field2,test,8,9,0.10999776100004444,10.917513686793294,0.03841386470448061
2021_Ref_Plot5_D9::69,2021_Ref_Plot5_D9,Field2,test,4,10,0.12985686546610195,12.132134848148963,0.04956615914837857
2021_Ref_Plot5_D9::71,2021_Ref_Plot5_D9,Field2,test,2,11,0.10852518879600309,9.128624265860605,0.056652143148008004
2021_Ref_Plot5_D9::76,2021_Ref_Plot5_D9,Field2,test,5,12,0.13358421459867176,12.171582822785043,0.008228826870704186
2021_Ref_Plot5_D9::80,2021_Ref_Plot5_D9,Field2,test,4,13,0.08358485528338207,9.110080369719405,0.02236402294101391
2021_Ref_Plot5_D9::85,2021_Ref_Plot5_D9,Field2,test,5,14,0.09380749139742163,8.378721476819965,0.03087517136188391
2021_Ref_Plot5_E11::8,2021_Ref_Plot5_E11,Field2,test,7,1,0.7355261317713854,27.043125924469315,0.19559998243184623
2021_Ref_Plot5_E11::16,2021_Ref_Plot5_E11,Field2,test,8,2,0.7660261171895778,29.021406647923527,0.3328684552884604
2021_Ref_Plot5_E11::22,2021_Ref_Plot5_E11,Field2,test,6,3,0.2598047793180425,16.393090016077636,0.07690787022057163
2021_Ref_Plot5_E11::27,2021_Ref_Plot5_E11,Field2,test,5,4,0.18733923158600074,15.30270936742368,0.0443599209736115
2021_Ref_Plot5_E11::35,2021_Ref_Plot5_E11,Field2,test,8,5,0.12571723415909594,11.839147414081847,0.029497073955358916
2021_Ref_Plot5_E11::44,2021_Ref_Plot5_E11,Field2,test,9,6,0.0803709670436675,9.29097233523824,0.02442455847239391
2021_Ref_Plot5_E11::50,2021_Ref_Plot5_E11,Field2,test,6,7,0.10543804782048727,8.866290119127884,0.040228009833044365
2021_Ref_Plot5_E11::57,2021_Ref_Plot5_E11,Field2,test,7,8,0.13300678827290183,11.514696782428306,0.047904210066223765
2021_Ref_Plot5_E11::65,2021_Ref_Plot5_E11,Field2,test,8,9,0.09954566339021827,10.149972519962363,0.0331605864994904
2021_Ref_Plot5_E11::69,2021_Ref_Plot5_E11,Field2,test,4,10,0.1793561653578002,12.52312538704662,0.0954659177431308
2021_Ref_Plot5_E11::71,2021_Ref_Plot5_E11,Field2,test,2,11,0.11648085912813189,8.933319255969476,0.0640200759246334
2021_Ref_Plot5_E11::76,2021_Ref_Plot5_E11,Field2,test,5,12,0.10002429879309738,10.06375544117608,0.020926178311932348
2021_Ref_Plot5_E11::80,2021_Ref_Plot5_E11,Field2,test,4,13,0.06341094911868167,8.246211123798343,0.010490528083158831
2021_Ref_Plot5_E11::85,2021_Ref_Plot5_E11,Field2,test,5,14,0.08628274053822434,8.918178420911909,0.0320604637182757
2021_Ref_Plot5_E3::8,2021_Ref_Plot5_E3,Field2,test,7,1,0.7155811488894165,27.42021249971284,0.19135901657272356
2021_Ref_Plot5_E3::16,2021_Ref_Plot5_E3,Field2,test,8,2,0.7925402033220883,30.97511332725345,0.32307534943811983
2021_Ref_Plot5_E3::22,2021_Ref_Plot5_E3,Field2,test,6,3,0.2998336001622486,17.42338600537462,0.08517800795008547
2021_Ref_Plot5_E3::27,2021_Ref_Plot5_E3,Field2,test,5,4,0.2635710862818397,16.436292436741333,0.08920647938693105
2021_Ref_Plot5_E3::35,2021_Ref_Plot5_E3,Field2,test,8,5,0.1300531874151002,11.892278914696385,0.028677424224012947
2021_Ref_Plot5_E3::44,2021_Ref_Plot5_E3,Field2,test,9,6,0.08585551787125018,9.648145532582872,0.01893255754784667
2021_Ref_Plot5_E3::50,2021_Ref_Plot5_E3,Field2,test,6,7,0.15551192477791972,9.448933149503734,0.09040281608760334
2021_Ref_Plot5_E3::57,2021_Ref_Plot5_E3,Field2,test,7,8,0.10190756840219421,10.480369607376401,0.017966179390743863
2021_Ref_Plot5_E3::65,2021_Ref_Plot5_E3,Field2,test,8,9,0.07287746012538127,10.302106083893534,0.02534842642312066
2021_Ref_Plot5_E3::69,2021_Ref_Plot5_E3,Field2,test,4,10,0.16041860791784107,12.92583627353274,0.040815617374130655
2021_Ref_Plot5_E3::71,2021_Ref_Plot5_E3,Field2,test,2,11,0.12378018845916361,8.881596172419432,0.06846138141079017
2021_Ref_Plot5_E3::76,2021_Ref_Plot5_E3,Field2,test,5,12,0.1331491965310727,11.345146858513404,0.013708268649885556
2021_Ref_Plot5_E3::80,2021_Ref_Plot5_E3,Field2,test,4,13,0.06570546553957614,8.593983116967912,0.018629607543142256
2021_Ref_Plot5_E3::85,2021_Ref_Plot5_E3,Field2,test,5,14,0.057088097698837,8.749358623433352,0.018726402618010625
2021_Ref_Plot5_E7::8,2021_Ref_Plot5_E7,Field2,test,7,1,0.7360640001575022,27.733071909419046,0.1912489306177836
2021_Ref_Plot5_E7::16,2021_Ref_Plot5_E7,Field2,test,8,2,0.7953602577924741,30.723872599490456,0.3283263331194074
2021_Ref_Plot5_E7::22,2021_Ref_Plot5_E7,Field2,test,6,3,0.26114663339915684,14.116334138730872,0.06749450880070333
2021_Ref_Plot5_E7::27,2021_Ref_Plot5_E7,Field2,test,5,4,0.2485076364408221,15.893414930208767,0.059398785542739495
2021_Ref_Plot5_E7::35,2021_Ref_Plot5_E7,Field2,test,8,5,0.1602317911591747,12.98104575426894,0.04867674617118062
2021_Ref_Plot5_E7::44,2021_Ref_Plot5_E7,Field2,test,9,6,0.11388794268869207,9.420604435487165,0.046616128592724966
2021_Ref_Plot5_E7::50,2021_Ref_Plot5_E7,Field2,test,6,7,0.17484948428572608,9.892735690924816,0.11601371245698833
2021_Ref_Plot5_E7::57,2021_Ref_Plot5_E7,Field2,test,7,8,0.11486718010773654,11.71117836352267,0.03573238278434557
2021_Ref_Plot5_E7::65,2021_Ref_Plot5_E7,Field2,test,8,9,0.11029655728039826,10.854928324052441,0.04269822013610523
2021_Ref_Plot5_E7::69,2021_Ref_Plot5_E7,Field2,test,4,10,0.1668560701520371,13.114741100385118,0.07019049676360899
2021_Ref_Plot5_E7::71,2021_Ref_Plot5_E7,Field2,test,2,11,0.13116899503014523,9.252161722527042,0.07160647577278034
2021_Ref_Plot5_E7::76,2021_Ref_Plot5_E7,Field2,test,5,12,0.11898989279539667,11.210426337301126,0.013521444587283176
2021_Ref_Plot5_E7::80,2021_Ref_Plot5_E7,Field2,test,4,13,0.08102159677215418,9.916834206251298,0.026132374549831357
2021_Ref_Plot5_E7::85,2021_Ref_Plot5_E7,Field2,test,5,14,0.08570701876085036,10.182358425489944,0.04140972205421833
