pair_id,plant_id,field,split,gap_days,n_input_frames,ssim,psnr,structure_ssim
2020_Ref_Plot1_A10::22,2020_Ref_Plot1_A10,Field1,test,7,1,0.3433376896394131,19.29035698637997,0.0984554203656202
2020_Ref_Plot1_A10::28,2020_Ref_Plot1_A10,Field1,test,6,2,0.682813671159749,27.704561744577447,0.17575886929779022
2020_Ref_Plot1_A10::36,2020_Ref_Plot1_A10,Field1,test,8,3,0.17449122114384452,14.518274040483501,0.054105554922741016
2020_Ref_Plot1_A10::42,2020_Ref_Plot1_A10,Field1,test,6,4,0.28254719851358673,16.896036168564738,0.04884264742330271
2020_Ref_Plot1_A10::51,2020_Ref_Plot1_A10,Field1,test,9,5,0.16350974972844268,11.793403732598659,0.04225677475990359
2020_Ref_Plot1_A10::83,2020_Ref_Plot1_A10,Field1,test,32,6,0.17975667921627483,15.143945009076656,0.02809389079249524
2020_Ref_Plot1_A93::22,2020_Ref_Plot1_A93,Field1,test,7,1,0.3210458403315818,20.220304581131764,0.06986846954432124
2020_Ref_Plot1_A93::28,2020_Ref_Plot1_A93,Field1,test,6,2,0.7145000150789359,28.775475879632765,0.1908389625566719
2020_Ref_Plot1_A93::36,2020_Ref_Plot1_A93,Field1,test,8,3,0.181572383099204,15.110667362981241,0.045487633689359035
2020_Ref_Plot1_A93::42,2020_Ref_Plot1_A93,Field1,test,6,4,0.2913169327711181,17.009209168011754,0.04435979794941767
2020_Ref_Plot1_A93::51,2020_Ref_Plot1_A93,Field1,test,9,5,0.17922138659614542,11.263853510625408,0.04355549935662664
2020_Ref_Plot1_A94::22,2020_Ref_Plot1_A94,Field1,test,7,1,0.3544773343922106,20.72233774422962,0.0844963140295587
2020_Ref_Plot1_A94::28,2020_Ref_Plot1_A94,Field1,test,6,2,0.7111712592470355,28.538688409822246,0.20081289992336795
2020_Ref_Plot1_A94::36,2020_Ref_Plot1_A94,Field1,test,8,3,0.19926370836305432,15.717220478978478,0.05385164263573554
2020_Ref_Plot1_A94::42,2020_Ref_Plot1_A94,Field1,test,6,4,0.2507652505923916,16.314136953157295,0.038414823053177144
2020_Ref_Plot1_A94::51,2020_Ref_Plot1_A94,Field1,test,9,5,0.17781601832061442,10.756472918797549,0.041259133311731304
2020_Ref_Plot1_B1::22,2020_Ref_Plot1_B1,Field1,test,7,1,0.29122310507149535,19.058734130424007,0.08131332596706022
2020_Ref_Plot1_B1::28,2020_Ref_Plot1_B1,Field1,test,6,2,0.6834750681533027,28.218737603128115,0.1765192049370332
2020_Ref_Plot1_B1::36,2020_Ref_Plot1_B1,Field1,test,8,3,0.178701158975295,14.568450147372204,0.06099596352730836
2020_Ref_Plot1_B1::42,2020_Ref_Plot1_B1,Field1,test,6,4,0.28417778134624644,17.653664522180186,0.052871912249071305
2020_Ref_Plot1_B1::51,2020_Ref_Plot1_B1,Field1,test,9,5,0.17198804545039748,10.842999671058866,0.055380926885695125
2020_Ref_Plot1_B1::83,2020_Ref_Plot1_B1,Field1,test,32,6,0.2938842944794134,16.068439516651143,0.034358503391915304
2020_Ref_Plot1_B10::22,2020_Ref_Plot1_B10,Field1,test,7,1,0.34278597649397186,18.97732426673891,0.10804134171439615
2020_Ref_Plot1_B10::28,2020_Ref_Plot1_B10,Field1,test,6,2,0.6496148165419585,27.322677907813116,0.14576623276964096
2020_Ref_Plot1_B10::36,2020_Ref_Plot1_B10,Field1,test,8,3,0.1544503986433842,13.890164752519318,0.03784864118411783
2020_Ref_Plot1_B10::42,2020_Ref_Plot1_B10,Field1,test,6,4,0.2577042172972105,16.9471758120457,0.04827470846823701
2020_Ref_Plot1_B10::51,2020_Ref_Plot1_B10,Field1,test,9,5,0.17270477909416537,12.303334957037041,0.0424537458740481
2020_Ref_Plot1_B10::83,2020_Ref_Plot1_B10,Field1,test,32,6,0.25844013783826564,16.57455430442318,0.04257032763887735
2020_Ref_Plot1_B7::22,2020_Ref_Plot1_B7,Field1,test,7,1,0.3875510012635166,19.891669679293678,0.14696799959698786
2020_Ref_Plot1_B7::28,2020_Ref_Plot1_B7,Field1,test,6,2,0.6437759667141879,27.217042932272065,0.14694654481127672
2020_Ref_Plot1_B7::36,2020_Ref_Plot1_B7,Field1,test,8,3,0.15457957218530557,12.877709234983001,0.036736995416478097
2020_Ref_Plot1_B7::42,2020_Ref_Plot1_B7,Field1,test,6,4,0.26494881499707473,17.02843526716898,0.04845818216852089
2020_Ref_Plot1_B7::51,2020_Ref_Plot1_B7,Field1,test,9,5,0.16173204879167682,11.162923281738115,0.057689445625736496
2020_Ref_Plot1_B7::83,2020_Ref_Plot1_B7,Field1,test,32,6,0.2548613294889461,16.757539409701035,0.029167407222342536
2020_Ref_Plot1_B94::22,2020_Ref_Plot1_B94,Field1,test,7,1,0.29287127649461836,19.17104876292422,0.06589503000701841
2020_Ref_Plot1_B94::28,2020_Ref_Plot1_B94,Field1,test,6,2,0.7142223237820741,29.202833750739146,0.1986700828200324
2020_Ref_Plot1_B94::36,2020_Ref_Plot1_B94,Field1,test,8,3,0.18041016320382405,15.267625633941266,0.037997407983303796
2020_Ref_Plot1_B94::42,2020_Ref_Plot1_B94,Field1,test,6,4,0.2307915129333904,15.867710967947644,0.0411055039629801
2020_Ref_Plot1_B94::51,2020_Ref_Plot1_B94,Field1,test,9,5,0.16696719341885644,11.180448027428294,0.05916453641668706
2020_Ref_Plot1_C1::22,2020_Ref_Plot1_C1,Field1,test,7,1,0.31613381470778035,18.950208847133606,0.1021472377383337
2020_Ref_Plot1_C1::28,2020_Ref_Plot1_C1,Field1,test,6,2,0.711569876429142,28.765691545821582,0.18447949929756793
2020_Ref_Plot1_C1::36,2020_Ref_Plot1_C1,Field1,test,8,3,0.2111478339023931,15.224659319448012,0.06185380106332328
2020_Ref_Plot1_C1::42,2020_Ref_Plot1_C1,Field1,test,6,4,0.269279664640626,17.266672401667442,0.05378082211555344
2020_Ref_Plot1_C1::51,2020_Ref_Plot1_C1,Field1,test,9,5,0.17884940556380002,11.512850555288274,0.06891159885619445
2020_Ref_Plot1_C1::83,2020_Ref_Plot1_C1,Field1,test,32,6,0.310484950991234,16.855186504558553,0.04244808317503747
2020_Ref_Plot1_C92::22,2020_Ref_Plot1_C92,Field1,test,7,1,0.2701690203320598,19.02293423362992,0.059609077768253596
2020_Ref_Plot1_C92::28,2020_Ref_Plot1_C92,Field1,test,6,2,0.7223496952192209,29.463436232085414,0.19993354769990715
2020_Ref_Plot1_C92::36,2020_Ref_Plot1_C92,Field1,test,8,3,0.1665466333355402,14.855048457266868,0.026998868267345936
2020_Ref_Plot1_C92::42,2020_Ref_Plot1_C92,Field1,test,6,4,0.22536262844384983,16.240641275917568,0.02957868412961488
2020_Ref_Plot1_C92::51,2020_Ref_Plot1_C92,Field1,test,9,5,0.1673033077779218,11.385612878208518,0.04768054983292338
2020_Ref_Plot1_C98::22,2020_Ref_Plot1_C98,Field1,test,7,1,0.30939037451453294,19.260419097951456,0.09186440105567965
2020_Ref_Plot1_C98::28,2020_Ref_Plot1_C98,Field1,test,6,2,0.7018298524364933,28.325588346406533,0.17290407674132227
2020_Ref_Plot1_C98::36,2020_Ref_Plot1_C98,Field1,test,8,3,0.18361154973650307,15.26863471409869,0.049052484688506766
2020_Ref_Plot1_C98::42,2020_Ref_Plot1_C98,Field1,test,6,4,0.24244156771907402,16.647097784997513,0.0336596451946733
2020_Ref_Plot1_C98::51,2020_Ref_Plot1_C98,Field1,test,9,5,0.15981099723086156,11.330029223039336,0.04848061386416203
2020_Ref_Plot2_A2::22,2020_Ref_Plot2_A2,Field1,test,7,1,0.27130500690539017,19.801732199591015,0.04910551572192128
2020_Ref_Plot2_A2::28,2020_Ref_Plot2_A2,Field1,test,6,2,0.6895389645422004,27.9153367682223,0.1630590250502427
2020_Ref_Plot2_A2::36,2020_Ref_Plot2_A2,Field1,test,8,3,0.18667732874705822,14.702332797837288,0.06645304154877081
2020_Ref_Plot2_A2::42,2020_Ref_Plot2_A2,Field1,test,6,4,0.2829596475820749,17.565524439033847,0.04503046126134617
2020_Ref_Plot2_A2::51,2020_Ref_Plot2_A2,Field1,test,9,5,0.15472888679018498,11.24394316048135,0.06222696164205637
2020_Ref_Plot2_A2::83,2020_Ref_Plot2_A2,Field1,test,32,6,0.22239286104250067,15.583548663554973,0.02975924237207364
2020_Ref_Plot2_A4::22,2020_Ref_Plot2_A4,Field1,test,7,1,0.2557046877432438,19.530587922280333,0.0425419629967931
2020_Ref_Plot2_A4::28,2020_Ref_Plot2_A4,Field1,test,6,2,0.6996351304025966,28.254580632650438,0.19166069594232948
2020_Ref_Plot2_A4::36,2020_Ref_Plot2_A4,Field1,test,8,3,0.19099257785626014,14.838117177972649,0.0646161277865952
2020_Ref_Plot2_A4::42,2020_Ref_Plot2_A4,Field1,test,6,4,0.21961487172749328,15.313421277768668,0.036168106806159374
2020_Ref_Plot2_A4::51,2020_Ref_Plot2_A4,Field1,test,9,5,0.16167296384840227,11.289631771739861,0.04667635899559501
2020_Ref_Plot2_A4::83,2020_Ref_Plot2_A4,Field1,test,32,6,0.16563878155853273,13.10139610079985,0.025566487350355185
2020_Ref_Plot2_A91::22,2020_Ref_Plot2_A91,Field1,test,7,1,0.27886941760336353,19.654117836267332,0.060508366380360994
2020_Ref_Plot2_A91::28,2020_Ref_Plot2_A91,Field1,test,6,2,0.6885820852908063,28.19148915963595,0.15783424346163288
2020_Ref_Plot2_A91::36,2020_Ref_Plot2_A91,Field1,test,8,3,0.19586484635401277,15.576670123043627,0.06038221485993375
2020_Ref_Plot2_A91::42,2020_Ref_Plot2_A91,Field1,test,6,4,0.2909407046424866,17.933539155138668,0.048507258483367496
2020_Ref_Plot2_A91::51,2020_Ref_Plot2_A91,Field1,test,9,5,0.15584433837991596,11.004541901832354,0.05430399284315353
2020_Ref_Plot2_A91::83,2020_Ref_Plot2_A91,Field1,test,32,6,0.2648622170019636,16.295599049696925,0.03496381959320164
2020_Ref_Plot2_B1::22,2020_Ref_Plot2_B1,Field1,test,7,1,0.2666855810213375,19.86159026012514,0.06304529168935001
2020_Ref_Plot2_B1::28,2020_Ref_Plot2_B1,Field1,test,6,2,0.702709141051066,28.383949488666097,0.16800143488409186
2020_Ref_Plot2_B1::36,2020_Ref_Plot2_B1,Field1,test,8,3,0.1749651712668833,14.871668422723394,0.05394926871678663
2020_Ref_Plot2_B1::42,2020_Ref_Plot2_B1,Field1,test,6,4,0.3142542562483513,18.215794430314876,0.05763931948318636
2020_Ref_Plot2_B1::51,2020_Ref_Plot2_B1,Field1,test,9,5,0.13650114993285425,10.67648951528475,0.034454764000142246
2020_Ref_Plot2_B1::83,2020_Ref_Plot2_B1,Field1,test,32,6,0.21219980879883493,15.393668571664671,0.028576842608777974
2020_Ref_Plot2_B7::22,2020_Ref_Plot2_B7,Field1,test,7,1,0.306688545236561,19.910631707165148,0.06694906011048568
2020_Ref_Plot2_B7::28,2020_Ref_Plot2_B7,Field1,test,6,2,0.6644168607888066,27.887683193377157,0.15744200916546283
2020_Ref_Plot2_B7::36,2020_Ref_Plot2_B7,Field1,test,8,3,0.1745943543342743,14.528046967581778,0.04241251425723003
2020_Ref_Plot2_B7::42,2020_Ref_Plot2_B7,Field1,test,6,4,0.26354585035883166,17.002831460427956,0.050174806141671614
2020_Ref_Plot2_B7::51,2020_Ref_Plot2_B7,Field1,test,9,5,0.1692142091727177,10.383974533378769,0.06744435411759124
2020_Ref_Plot2_B7::83,2020_Ref_Plot2_B7,Field1,test,32,6,0.15896917562596588,14.085935056639398,0.02458782706469587
2020_Ref_Plot2_B91::22,2020_Ref_Plot2_B91,Field1,test,7,1,0.2794391448028563,19.15390833877064,0.08041831184750137
2020_Ref_Plot2_B91::28,2020_Ref_Plot2_B91,Field1,test,6,2,0.6944994844563808,28.465223059980723,0.17604494114592634
2020_Ref_Plot2_B91::36,2020_Ref_Plot2_B91,Field1,test,8,3,0.1743709135417598,15.048020775834715,0.04280218307647205
2020_Ref_Plot2_B91::42,2020_Ref_Plot2_B91,Field1,test,6,4,0.25183322341238856,17.001992789756613,0.022965434137192042
2020_Ref_Plot2_B91::51,2020_Ref_Plot2_B91,Field1,test,9,5,0.14142387526679442,10.767726689234877,0.047067315225712475
2020_Ref_Plot2_B99::22,2020_Ref_Plot2_B99,Field1,test,7,1,0.29772062022245105,19.463323078878208,0.06094317081066988
2020_Ref_Plot2_B99::28,2020_Ref_Plot2_B99,Field1,test,6,2,0.68613770457053,27.84207416077973,0.16794656342899822
2020_Ref_Plot2_B99::36,2020_Ref_Plot2_B99,Field1,test,8,3,0.14783693560277275,13.38665323225451,0.03048794984303139
2020_Ref_Plot2_B99::42,2020_Ref_Plot2_B99,Field1,test,6,4,0.26779503404718935,18.09593670747972,0.04412866485863317
2020_Ref_Plot2_B99::51,2020_Ref_Plot2_B99,Field1,test,9,5,0.12722829785979334,10.249154236643855,0.029666440417343308
2020_Ref_Plot2_B99::83,2020_Ref_Plot2_B99,Field1,test,32,6,0.22218716755713078,16.12989702776545,0.025860877538149536
2020_Ref_Plot2_C2::22,2020_Ref_Plot2_C2,Field1,test,7,1,0.28104456576437675,19.433242072570344,0.06732704043804627
2020_Ref_Plot2_C2::28,2020_Ref_Plot2_C2,Field1,test,6,2,0.7137972607682316,28.763398321610154,0.18834931647078923
2020_Ref_Plot2_C2::36,2020_Ref_Plot2_C2,Field1,test,8,3,0.20230087234617086,15.241101706794066,0.06117766767636566
2020_Ref_Plot2_C2::42,2020_Ref_Plot2_C2,Field1,test,6,4,0.29484811413291273,17.032371638531004,0.05242853628505088
2020_Ref_Plot2_C2::51,2020_Ref_Plot2_C2,Field1,test,9,5,0.16814307246495072,11.58769881148446,0.05927706011375118
2020_Ref_Plot2_C2::83,2020_Ref_Plot2_C2,Field1,test,32,6,0.20959449614330125,15.327648338381533,0.033927585263881184
2020_Ref_Plot2_C5::22,2020_Ref_Plot2_C5,Field1,test,7,1,0.2986953643742291,20.209780457330474,0.07425519504695378
2020_Ref_Plot2_C5::28,2020_Ref_Plot2_C5,Field1,test,6,2,0.7026496988294118,28.56974664795103,0.19064566044119985
2020_Ref_Plot2_C5::36,2020_Ref_Plot2_C5,Field1,test,8,3,0.20207905979667276,15.322447499714478,0.04898860946465261
2020_Ref_Plot2_C5::42,2020_Ref_Plot2_C5,Field1,test,6,4,0.2669452570208903,16.609907993171916,0.04030579129253981
2020_Ref_Plot2_C5::51,2020_Ref_Plot2_C5,Field1,test,9,5,0.16222413318532478,10.822752430229931,0.044313808100114226
2020_Ref_Plot2_C5::83,2020_Ref_Plot2_C5,Field1,test,32,6,0.17513545803638952,13.713808880650003,0.023376744525965717
2020_Ref_Plot2_C6::22,2020_Ref_Plot2_C6,Field1,test,7,1,0.2778425472368095,19.68907505495605,0.05989925467169706
2020_Ref_Plot2_C6::28,2020_Ref_Plot2_C6,Field1,test,6,2,0.6817434952839113,28.057160046310162,0.16846807590318127
2020_Ref_Plot2_C6::36,2020_Ref_Plot2_C6,Field1,test,8,3,0.20200954987060382,15.317155715445182,0.04606545074209115
2020_Ref_Plot2_C6::42,2020_Ref_Plot2_C6,Field1,test,6,4,0.24677917543785113,15.905363386805615,0.04449906453664471
2020_Ref_Plot2_C6::51,2020_Ref_Plot2_C6,Field1,test,9,5,0.1773005655633685,11.306076584928435,0.04676436583804402
2020_Ref_Plot2_C6::83,2020_Ref_Plot2_C6,Field1,test,32,6,0.1585161299177569,13.411429290025866,0.01612077717577965
2020_Ref_Plot3_A2::22,2020_Ref_Plot3_A2,Field1,test,7,1,0.24365367281781478,19.009127092124782,0.040751186571974955
2020_Ref_Plot3_A2::28,2020_Ref_Plot3_A2,Field1,test,6,2,0.6719591011800653,27.521112710708696,0.162150498724786
2020_Ref_Plot3_A2::36,2020_Ref_Plot3_A2,Field1,test,8,3,0.2012370051864023,14.887492687800965,0.04959044134478706
2020_Ref_Plot3_A2::42,2020_Ref_Plot3_A2,Field1,test,6,4,0.24514600932160135,16.053881582659773,0.037732962449452546
2020_Ref_Plot3_A2::51,2020_Ref_Plot3_A2,Field1,test,9,5,0.14840753915097998,10.844245361457745,0.06454019235069351
2020_Ref_Plot3_A2::83,2020_Ref_Plot3_A2,Field1,test,32,6,0.18366683046596968,14.498595712830216,0.021412760342326836
2020_Ref_Plot3_A9::22,2020_Ref_Plot3_A9,Field1,test,7,1,0.2589966518578135,20.01502696101056,0.0494643860970232
2020_Ref_Plot3_A9::28,2020_Ref_Plot3_A9,Field1,test,6,2,0.70542282990824,27.961238526088557,0.1738227354434849
2020_Ref_Plot3_A9::36,2020_Ref_Plot3_A9,Field1,test,8,3,0.1461209207958342,14.158786703786781,0.02831832675073739
2020_Ref_Plot3_A9::42,2020_Ref_Plot3_A9,Field1,test,6,4,0.3034047227891821,18.53769455197831,0.04556447103040612
2020_Ref_Plot3_A9::51,2020_Ref_Plot3_A9,Field1,test,9,5,0.15810316793330645,10.781601113355796,0.04868272656994122
2020_Ref_Plot3_A9::83,2020_Ref_Plot3_A9,Field1,test,32,6,0.24701032776449572,15.569779518445888,0.0507124762327883
2020_Ref_Plot3_A9::97,2020_Ref_Plot3_A9,Field1,test,14,7,0.298942234184294,18.168780387644762,0.04109376889570049
2020_Ref_Plot3_A91::22,2020_Ref_Plot3_A91,Field1,test,7,1,0.22266192850267377,19.46940327192348,0.02930433779200579
2020_Ref_Plot3_A91::28,2020_Ref_Plot3_A91,Field1,test,6,2,0.703027691680325,28.731821237630868,0.17579204918437255
2020_Ref_Plot3_A91::36,2020_Ref_Plot3_A91,Field1,test,8,3,0.18784393736668084,14.985500493634468,0.04984544153333693
2020_Ref_Plot3_A91::42,2020_Ref_Plot3_A91,Field1,test,6,4,0.26701197508579816,16.5448355775024,0.04183018848240653
2020_Ref_Plot3_A91::51,2020_Ref_Plot3_A91,Field1,test,9,5,0.12525287638130211,11.154686072392197,0.02818251091246515
2020_Ref_Plot3_A91::83,2020_Ref_Plot3_A91,Field1,test,32,6,0.23230005859769576,15.949474839186188,0.027802707716610683
2020_Ref_Plot3_A95::22,2020_Ref_Plot3_A95,Field1,test,7,1,0.297816907606364,19.964757063705964,0.06787148671495243
2020_Ref_Plot3_A95::28,2020_Ref_Plot3_A95,Field1,test,6,2,0.6684573776805017,27.05798675752027,0.16175644619961715
2020_Ref_Plot3_A95::36,2020_Ref_Plot3_A95,Field1,test,8,3,0.17186656137359424,13.89617067866367,0.04399035096786949
2020_Ref_Plot3_A95::42,2020_Ref_Plot3_A95,Field1,test,6,4,0.26149254308502345,16.78745025317939,0.04811664645196688
2020_Ref_Plot3_A95::51,2020_Ref_Plot3_A95,Field1,test,9,5,0.16768073861356203,11.492187265529083,0.061321931672152726
2020_Ref_Plot3_A95::83,2020_Ref_Plot3_A95,Field1,test,32,6,0.21890155717551654,15.526701196127906,0.03460658814611143
2020_Ref_Plot3_A99::22,2020_Ref_Plot3_A99,Field1,test,7,1,0.2817996964393292,19.497095573797086,0.0567394512520688
2020_Ref_Plot3_A99::28,2020_Ref_Plot3_A99,Field1,test,6,2,0.6980796130219344,27.888272239965186,0.19048967158873917
2020_Ref_Plot3_A99::36,2020_Ref_Plot3_A99,Field1,test,8,3,0.19616513569379868,14.205507349898818,0.04725129182190733
2020_Ref_Plot3_A99::42,2020_Ref_Plot3_A99,Field1,test,6,4,0.30542832359052335,18.2327781801099,0.06852242100753966
2020_Ref_Plot3_A99::51,2020_Ref_Plot3_A99,Field1,test,9,5,0.1756943548031414,11.561126637198765,0.05885131465203161
2020_Ref_Plot3_A99::83,2020_Ref_Plot3_A99,Field1,test,32,6,0.18551729794035224,14.933722008510097,0.021380049278919764
2020_Ref_Plot3_B97::22,2020_Ref_Plot3_B97,Field1,test,7,1,0.298194369724229,19.87519023781916,0.07506842587740437
2020_Ref_Plot3_B97::28,2020_Ref_Plot3_B97,Field1,test,6,2,0.7023735064713073,27.97836223250743,0.1969274786174443
2020_Ref_Plot3_B97::36,2020_Ref_Plot3_B97,Field1,test,8,3,0.19812949760620868,14.408885202371646,0.04561492912718243
2020_Ref_Plot3_B97::42,2020_Ref_Plot3_B97,Field1,test,6,4,0.275562856760707,16.77183385053338,0.04364923177724799
2020_Ref_Plot3_B97::51,2020_Ref_Plot3_B97,Field1,test,9,5,0.18089814065967305,10.666285601631042,0.05124819276797984
2020_Ref_Plot3_B97::83,2020_Ref_Plot3_B97,Field1,test,32,6,0.19163327254949827,14.58868012511716,0.02769310840578793
2020_Ref_Plot3_C10::22,2020_Ref_Plot3_C10,Field1,test,7,1,0.24757463136403204,19.1443067176344,0.04181689820015591
2020_Ref_Plot3_C10::28,2020_Ref_Plot3_C10,Field1,test,6,2,0.6797155974306109,26.88819545394614,0.16863721350519845
2020_Ref_Plot3_C10::36,2020_Ref_Plot3_C10,Field1,test,8,3,0.17425463277026984,14.554985474322528,0.03612114149558092
2020_Ref_Plot3_C10::42,2020_Ref_Plot3_C10,Field1,test,6,4,0.2683248257903014,16.726463218909565,0.04649654584846224
2020_Ref_Plot3_C10::51,2020_Ref_Plot3_C10,Field1,test,9,5,0.15127661573671064,11.223643701654566,0.04818114428005979
2020_Ref_Plot3_C10::83,2020_Ref_Plot3_C10,Field1,test,32,6,0.19978719192802438,14.857299826844123,0.02248500824959059
2020_Ref_Plot3_C10::97,2020_Ref_Plot3_C10,Field1,test,14,7,0.27165594646391333,17.574461230595755,0.038455358597361725
2020_Ref_Plot3_C2::22,2020_Ref_Plot3_C2,Field1,test,7,1,0.27880162434041156,19.7210721538794,0.05330182650116076
2020_Ref_Plot3_C2::28,2020_Ref_Plot3_C2,Field1,test,6,2,0.6657114959048361,26.62498860254641,0.1562067853329064
2020_Ref_Plot3_C2::36,2020_Ref_Plot3_C2,Field1,test,8,3,0.18091796080603004,14.711416051250431,0.03881325904405442
2020_Ref_Plot3_C2::42,2020_Ref_Plot3_C2,Field1,test,6,4,0.2946632644538016,16.56594946790745,0.055964725258766536
2020_Ref_Plot3_C2::51,2020_Ref_Plot3_C2,Field1,test,9,5,0.15552371316955338,10.714620922809052,0.04083662093443013
2020_Ref_Plot3_C2::83,2020_Ref_Plot3_C2,Field1,test,32,6,0.1604467526191334,14.02446152835401,0.021007321918873747
2020_Ref_Plot3_C7::22,2020_Ref_Plot3_C7,Field1,test,7,1,0.3043137068988189,19.904658502081773,0.07309913982514152
2020_Ref_Plot3_C7::28,2020_Ref_Plot3_C7,Field1,test,6,2,0.6627711413112893,26.61013760031092,0.16605488653140527
2020_Ref_Plot3_C7::36,2020_Ref_Plot3_C7,Field1,test,8,3,0.17922667436340153,14.34079557187257,0.05290078352294177
2020_Ref_Plot3_C7::42,2020_Ref_Plot3_C7,Field1,test,6,4,0.2804440830844234,17.573159737337637,0.05513698329488671
2020_Ref_Plot3_C7::51,2020_Ref_Plot3_C7,Field1,test,9,5,0.14572356365484726,11.432162370998798,0.045499079720439796
2020_Ref_Plot3_C7::83,2020_Ref_Plot3_C7,Field1,test,32,6,0.19672277070283276,15.550874656689768,0.033413610869048024
2020_Ref_Plot3_C7::97,2020_Ref_Plot3_C7,Field1,test,14,7,0.2328914803541645,16.110270727852654,0.017636758466313372
2020_Ref_Plot4_A8::22,2020_Ref_Plot4_A8,Field1,test,7,1,0.3326283243510485,21.50520792823476,0.07160578679130766
2020_Ref_Plot4_A8::28,2020_Ref_Plot4_A8,Field1,test,6,2,0.7269085899822513,27.283977397784376,0.20504375076144157
2020_Ref_Plot4_A8::36,2020_Ref_Plot4_A8,Field1,test,8,3,0.103838902561023,14.414968359530484,0.02625573863129278
2020_Ref_Plot4_A8::42,2020_Ref_Plot4_A8,Field1,test,6,4,0.3413554541883827,19.051174773136715,0.06129047272046537
2020_Ref_Plot4_A8::51,2020_Ref_Plot4_A8,Field1,test,9,5,0.13008328869312138,10.858104815205463,0.04367088509254093
2020_Ref_Plot4_A8::83,2020_Ref_Plot4_A8,Field1,test,32,6,0.18022370351079223,15.471461443409883,0.028586983254492267
2020_Ref_Plot4_A90::22,2020_Ref_Plot4_A90,Field1,test,7,1,0.260855591743566,20.05011208983555,0.03656086107558416
2020_Ref_Plot4_A90::28,2020_Ref_Plot4_A90,Field1,test,6,2,0.7506157632527105,29.358439802756333,0.23314828178879288
2020_Ref_Plot4_A90::36,2020_Ref_Plot4_A90,Field1,test,8,3,0.10503551523723047,14.602022220751698,0.018437430054356482
2020_Ref_Plot4_A90::42,2020_Ref_Plot4_A90,Field1,test,6,4,0.3277470518987265,18.38632122870433,0.05151727425183096
2020_Ref_Plot4_A90::51,2020_Ref_Plot4_A90,Field1,test,9,5,0.13616543208155887,10.948433497993758,0.05760628727255589
2020_Ref_Plot4_A92::22,2020_Ref_Plot4_A92,Field1,test,7,1,0.27535783421510734,20.59024718333967,0.03761020963696999
2020_Ref_Plot4_A92::28,2020_Ref_Plot4_A92,Field1,test,6,2,0.7433256340414092,29.31216933771642,0.19817994284374604
2020_Ref_Plot4_A92::36,2020_Ref_Plot4_A92,Field1,test,8,3,0.10078806710573167,14.88362199590528,0.022147867943164826
2020_Ref_Plot4_A92::42,2020_Ref_Plot4_A92,Field1,test,6,4,0.30229747666241863,17.942665399534647,0.049139618536088975
2020_Ref_Plot4_A92::51,2020_Ref_Plot4_A92,Field1,test,9,5,0.11456965940510046,11.123356443745202,0.026850969168906287
2020_Ref_Plot4_B2::22,2020_Ref_Plot4_B2,Field1,test,7,1,0.28853875711432736,20.98723327163619,0.044013579121806166
2020_Ref_Plot4_B2::28,2020_Ref_Plot4_B2,Field1,test,6,2,0.7608609081936416,29.699816164581677,0.2201641722546556
2020_Ref_Plot4_B2::36,2020_Ref_Plot4_B2,Field1,test,8,3,0.10673836452451539,15.299927266620632,0.018000947993099058
2020_Ref_Plot4_B2::42,2020_Ref_Plot4_B2,Field1,test,6,4,0.26849568635330306,16.89941941184044,0.03323381014360742
2020_Ref_Plot4_B2::51,2020_Ref_Plot4_B2,Field1,test,9,5,0.11673283548989295,11.262350511348885,0.031669251378744566
2020_Ref_Plot4_B2::83,2020_Ref_Plot4_B2,Field1,test,32,6,0.16619794301521248,13.531968519870288,0.015162099842150268
2020_Ref_Plot4_B6::22,2020_Ref_Plot4_B6,Field1,test,7,1,0.36895420750495117,22.211645283634923,0.06718697677130103
2020_Ref_Plot4_B6::28,2020_Ref_Plot4_B6,Field1,test,6,2,0.7850670292422836,28.709864329061105,0.2602335315806273
2020_Ref_Plot4_B6::36,2020_Ref_Plot4_B6,Field1,test,8,3,0.08081818099253167,14.108567769207589,0.02096903381787335
2020_Ref_Plot4_B6::42,2020_Ref_Plot4_B6,Field1,test,6,4,0.29887276487059505,18.510903039171865,0.058668069829528664
2020_Ref_Plot4_B6::51,2020_Ref_Plot4_B6,Field1,test,9,5,0.12858787838145405,10.99099234355885,0.04165341748759659
2020_Ref_Plot4_B6::83,2020_Ref_Plot4_B6,Field1,test,32,6,0.1768166049530279,15.207336300424837,0.02261589035580827
2020_Ref_Plot4_B95::22,2020_Ref_Plot4_B95,Field1,test,7,1,0.303033452644011,20.983038327670762,0.04472689428110186
2020_Ref_Plot4_B95::28,2020_Ref_Plot4_B95,Field1,test,6,2,0.7388717528007197,28.95601204427136,0.22760394632632688
2020_Ref_Plot4_B95::36,2020_Ref_Plot4_B95,Field1,test,8,3,0.08502012867263031,14.322386358867607,0.020774487391367967
2020_Ref_Plot4_B95::42,2020_Ref_Plot4_B95,Field1,test,6,4,0.3010682417583943,18.24262536709319,0.042737766241076273
2020_Ref_Plot4_B95::51,2020_Ref_Plot4_B95,Field1,test,9,5,0.11207207281764893,10.443521037500222,0.024817438317499992
2020_Ref_Plot4_B95::83,2020_Ref_Plot4_B95,Field1,test,32,6,0.29278460028234443,16.53763801199783,0.05927086450045405
2020_Ref_Plot4_B97::22,2020_Ref_Plot4_B97,Field1,test,7,1,0.29692964251215553,21.089497554666256,0.040268862676615086
2020_Ref_Plot4_B97::28,2020_Ref_Plot4_B97,Field1,test,6,2,0.7631219105455128,29.20769789276222,0.2496266751322975
2020_Ref_Plot4_B97::36,2020_Ref_Plot4_B97,Field1,test,8,3,0.10332748719738331,14.751535220950082,0.019429988705916307
2020_Ref_Plot4_B97::42,2020_Ref_Plot4_B97,Field1,test,6,4,0.3108068875558699,18.836212941454267,0.04359280457172394
2020_Ref_Plot4_B97::51,2020_Ref_Plot4_B97,Field1,test,9,5,0.14382621128650167,11.336037946040431,0.03462434006068316
2020_Ref_Plot4_C91::22,2020_Ref_Plot4_C91,Field1,test,7,1,0.26564447637834016,20.876963743058536,0.03445542120021955
2020_Ref_Plot4_C91::28,2020_Ref_Plot4_C91,Field1,test,6,2,0.7612434826512832,29.499874422462934,0.22420371624573235
2020_Ref_Plot4_C91::36,2020_Ref_Plot4_C91,Field1,test,8,3,0.09693517354174708,14.806332522835657,0.025178466556940213
2020_Ref_Plot4_C91::42,2020_Ref_Plot4_C91,Field1,test,6,4,0.29290803007730903,17.54940261805616,0.03604434780106783
2020_Ref_Plot4_C91::51,2020_Ref_Plot4_C91,Field1,test,9,5,0.12820324407238806,10.815095040049027,0.033997209652968444
2021_Ref_Plot1_A11::8,2021_Ref_Plot1_A11,Field2,test,7,1,0.7143615449844098,27.251195978910864,0.20287302369258045
2021_Ref_Plot1_A11::16,2021_Ref_Plot1_A11,Field2,test,8,2,0.8128868804227073,31.384073893800245,0.41081640175277406
2021_Ref_Plot1_A11::22,2021_Ref_Plot1_A11,Field2,test,6,3,0.34959037423876654,18.010234539010675,0.11013940158883163
2021_Ref_Plot1_A11::27,2021_Ref_Plot1_A11,Field2,test,5,4,0.35826868162349196,16.749853105463153,0.12361058468851442
2021_Ref_Plot1_A11::35,2021_Ref_Plot1_A11,Field2,test,8,5,0.12306586874909087,11.995632008404002,0.02821105047112521
2021_Ref_Plot1_A11::44,2021_Ref_Plot1_A11,Field2,test,9,6,0.14415978816218777,14.947701126418892,0.020414741521971157
2021_Ref_Plot1_A11::50,2021_Ref_Plot1_A11,Field2,test,6,7,0.12023857053935848,9.162474674801897,0.07251079148689968
2021_Ref_Plot1_A11::57,2021_Ref_Plot1_A11,Field2,test,7,8,0.10267055901081441,11.394508387578963,0.03640107323868984
2021_Ref_Plot1_A11::65,2021_Ref_Plot1_A11,Field2,test,8,9,0.10381850334825626,11.291634423682469,0.04436666389124894
2021_Ref_Plot1_A11::69,2021_Ref_Plot1_A11,Field2,test,4,10,0.21012500596209657,12.515043494183027,0.11800231318363667
2021_Ref_Plot1_A11::71,2021_Ref_Plot1_A11,Field2,test,2,11,0.15811984492002024,10.556194112019927,0.10639361914094236
2021_Ref_Plot1_A11::76,2021_Ref_Plot1_A11,Field2,test,5,12,0.11266552379344756,10.738888562466563,0.019689988077388684
2021_Ref_Plot1_A11::80,2021_Ref_Plot1_A11,Field2,test,4,13,0.05960660123657994,7.915423689640704,0.01324485484185098
2021_Ref_Plot1_A11::85,2021_Ref_Plot1_A11,Field2,test,5,14,0.0716554694495576,9.818026904540789,0.03379572906485475
2021_Ref_Plot1_A13::8,2021_Ref_Plot1_A13,Field2,test,7,1,0.7124465325982827,27.753337055154272,0.19052695191367955
2021_Ref_Plot1_A13::16,2021_Ref_Plot1_A13,Field2,test,8,2,0.8034646645824193,30.462887254363615,0.40797399608368845
2021_Ref_Plot1_A13::22,2021_Ref_Plot1_A13,Field2,test,6,3,0.31281214352782105,16.77111937558977,0.10612295672342134
2021_Ref_Plot1_A13::27,2021_Ref_Plot1_A13,Field2,test,5,4,0.3227762092730664,17.330459897070135,0.10443377359289607
2021_Ref_Plot1_A13::35,2021_Ref_Plot1_A13,Field2,test,8,5,0.11818266224122409,11.752357764369837,0.026059323988420296
2021_Ref_Plot1_A13::44,2021_Ref_Plot1_A13,Field2,test,9,6,0.1404178361113161,14.20573957163976,0.031071015605120402
2021_Ref_Plot1_A13::50,2021_Ref_Plot1_A13,Field2,test,6,7,0.09926417204791664,8.14501536006649,0.04760974952161611
2021_Ref_Plot1_A13::57,2021_Ref_Plot1_A13,Field2,test,7,8,0.11892529781861744,11.343658661179477,0.050641661975576055
2021_Ref_Plot1_A13::65,2021_Ref_Plot1_A13,Field2,test,8,9,0.12436619220181533,12.368994559207444,0.045064519280577454
2021_Ref_Plot1_A13::69,2021_Ref_Plot1_A13,Field2,test,4,10,0.18301539688509896,12.550522494881198,0.06988131147663779
2021_Ref_Plot1_A13::71,2021_Ref_Plot1_A13,Field2,test,2,11,0.11391269717338864,8.173175239266367,0.061848310959031164
2021_Ref_Plot1_A13::76,2021_Ref_Plot1_A13,Field2,test,5,12,0.1178632557824193,12.849722180660727,0.01594922762011995
2021_Ref_Plot1_A13::80,2021_Ref_Plot1_A13,Field2,test,4,13,0.05658803648166429,8.83776228975113,0.021115168600605094
2021_Ref_Plot1_A13::85,2021_Ref_Plot1_A13,Field2,test,5,14,0.05013180384739729,8.839396004086032,0.025867493190180068
2021_Ref_Plot1_A20::8,2021_Ref_Plot1_A20,Field2,test,7,1,0.6800196784910132,26.234033857930356,0.17671343152520524
2021_Ref_Plot1_A20::16,2021_Ref_Plot1_A20,Field2,test,8,2,0.8145176704325241,31.4707064719657,0.43433517857075576
2021_Ref_Plot1_A20::22,2021_Ref_Plot1_A20,Field2,test,6,3,0.3486267915361385,17.469232423926865,0.12161450515909054
2021_Ref_Plot1_A20::27,2021_Ref_Plot1_A20,Field2,test,5,4,0.3270630485635611,17.42732556749306,0.10524730667111855
2021_Ref_Plot1_A20::35,2021_Ref_Plot1_A20,Field2,test,8,5,0.14708181263674103,13.006683455036214,0.048181889403957005
2021_Ref_Plot1_A20::44,2021_Ref_Plot1_A20,Field2,test,9,6,0.1434236301615622,14.92911896126434,0.01953252977816994
2021_Ref_Plot1_A20::50,2021_Ref_Plot1_A20,Field2,test,6,7,0.11038366125413353,8.867737928748156,0.06415236589857823
2021_Ref_Plot1_A20::57,2021_Ref_Plot1_A20,Field2,test,7,8,0.08943648478194789,10.879995158529569,0.019059072945852608
2021_Ref_Plot1_A20::65,2021_Ref_Plot1_A20,Field2,test,8,9,0.07472768754616534,11.413147740784375,0.028526521479130776
2021_Ref_Plot1_A20::69,2021_Ref_Plot1_A20,Field2,test,4,10,0.14058256746929884,12.562425710102698,0.05025450254985606
2021_Ref_Plot1_A20::71,2021_Ref_Plot1_A20,Field2,test,2,11,0.10067081251976366,8.865524780685366,0.05831397916579477
2021_Ref_Plot1_A20::76,2021_Ref_Plot1_A20,Field2,test,5,12,0.12819997188102783,14.09065526524946,0.030911553361268027
2021_Ref_Plot1_A20::80,2021_Ref_Plot1_A20,Field2,test,4,13,0.08341768814722299,9.389872715783431,0.03399448647430693
2021_Ref_Plot1_A20::85,2021_Ref_Plot1_A20,Field2,test,5,14,0.07667128563506055,10.042301384164308,0.03271205478641598
2021_Ref_Plot1_A3::8,2021_Ref_Plot1_A3,Field2,test,7,1,0.7325904769343613,27.467016707389252,0.21331181716832184
2021_Ref_Plot1_A3::16,2021_Ref_Plot1_A3,Field2,test,8,2,0.7992050103692255,30.982849018705085,0.3822172796967551
2021_Ref_Plot1_A3::22,2021_Ref_Plot1_A3,Field2,test,6,3,0.28528423674857556,15.657218369713075,0.0810178588920252
2021_Ref_Plot1_A3::27,2021_Ref_Plot1_A3,Field2,test,5,4,0.31408151038791016,16.18301605876848,0.08134982004309835
2021_Ref_Plot1_A3::35,2021_Ref_Plot1_A3,Field2,test,8,5,0.1367545381253961,11.255710646179445,0.041491367857246116
2021_Ref_Plot1_A3::44,2021_Ref_Plot1_A3,Field2,test,9,6,0.13862614265352602,14.62795848303244,0.025086790192033345
2021_Ref_Plot1_A3::50,2021_Ref_Plot1_A3,Field2,test,6,7,0.13815591112182113,8.921643739014037,0.08142318014782379
2021_Ref_Plot1_A3::57,2021_Ref_Plot1_A3,Field2,test,7,8,0.11708948633844263,11.187554355753381,0.037762096619155215
2021_Ref_Plot1_A3::65,2021_Ref_Plot1_A3,Field2,test,8,9,0.1380280246107995,11.372012908135003,0.0548758760033008
2021_Ref_Plot1_A3::69,2021_Ref_Plot1_A3,Field2,test,4,10,0.21693109857573603,12.635777596437222,0.12524633140374675
2021_Ref_Plot1_A3::71,2021_Ref_Plot1_A3,Field2,test,2,11,0.13411094640669796,9.242731300277354,0.07340595538784116
2021_Ref_Plot1_A3::76,2021_Ref_Plot1_A3,Field2,test,5,12,0.17796646076943035,13.032982614372957,0.0401996357624542
2021_Ref_Plot1_A3::80,2021_Ref_Plot1_A3,Field2,test,4,13,0.09439028111938251,9.279504593290586,0.024140590095110263
2021_Ref_Plot1_A3::85,2021_Ref_Plot1_A3,Field2,test,5,14,0.08671412436474142,9.76050139980021,0.03391561574357638
2021_Ref_Plot1_B19::8,2021_Ref_Plot1_B19,Field2,test,7,1,0.7150790771739034,27.42234643926471,0.20147550119878563
2021_Ref_Plot1_B19::16,2021_Ref_Plot1_B19,Field2,test,8,2,0.8154867674217803,31.048489604761595,0.38569405608242424
2021_Ref_Plot1_B19::22,2021_Ref_Plot1_B19,Field2,test,6,3,0.36772331587004653,17.229383096125645,0.13993903390239076
2021_Ref_Plot1_B19::27,2021_Ref_Plot1_B19,Field2,test,5,4,0.3394134902382568,16.982865094747062,0.12581617963808633
2021_Ref_Plot1_B19::35,2021_Ref_Plot1_B19,Field2,test,8,5,0.1418754964058761,13.03050854669455,0.027464423681693842
2021_Ref_Plot1_B19::44,2021_Ref_Plot1_B19,Field2,test,9,6,0.12236216181991295,14.789823245032652,0.025730806360896266
2021_Ref_Plot1_B19::50,2021_Ref_Plot1_B19,Field2,test,6,7,0.08435791577935614,8.872061961774603,0.04292975897168319
2021_Ref_Plot1_B19::57,2021_Ref_Plot1_B19,Field2,test,7,8,0.09113316197733173,12.209607582250774,0.03291854640834268
2021_Ref_Plot1_B19::65,2021_Ref_Plot1_B19,Field2,test,8,9,0.0808609059182942,11.64370039298808,0.03524407780325507
2021_Ref_Plot1_B19::69,2021_Ref_Plot1_B19,Field2,test,4,10,0.17221445862182286,12.928725295242366,0.05340836056456743
2021_Ref_Plot1_B19::71,2021_Ref_Plot1_B19,Field2,test,2,11,0.15035265775194231,9.767510116888705,0.09238140261006265
2021_Ref_Plot1_B19::76,2021_Ref_Plot1_B19,Field2,test,5,12,0.14805934084211528,14.71831497034426,0.029890045192017115
2021_Ref_Plot1_B19::80,2021_Ref_Plot1_B19,Field2,test,4,13,0.07055897907951572,9.995255220026461,0.014345685343446197
2021_Ref_Plot1_B19::85,2021_Ref_Plot1_B19,Field2,test,5,14,0.06266659994777991,11.691606763281143,0.02386376896641461
2021_Ref_Plot1_B2::8,2021_Ref_Plot1_B2,Field2,test,7,1,0.7508339179759074,28.37892655777514,0.2222378619131014
2021_Ref_Plot1_B2::16,2021_Ref_Plot1_B2,Field2,test,8,2,0.8067180876149119,31.642196816977368,0.34628935709799674
2021_Ref_Plot1_B2::22,2021_Ref_Plot1_B2,Field2,test,6,3,0.35860598065960564,18.064693713217522,0.12173798794621436
2021_Ref_Plot1_B2::27,2021_Ref_Plot1_B2,Field2,test,5,4,0.4081497726012359,18.820036056910876,0.14543580445134946
2021_Ref_Plot1_B2::35,2021_Ref_Plot1_B2,Field2,test,8,5,0.19172163072277862,13.660632675171973,0.03636367995961376
2021_Ref_Plot1_B2::44,2021_Ref_Plot1_B2,Field2,test,9,6,0.15389901446662366,14.615067606064347,0.024352197956046446
2021_Ref_Plot1_B2::50,2021_Ref_Plot1_B2,Field2,test,6,7,0.16476359194990972,9.019573202345635,0.0885806683710317
2021_Ref_Plot1_B2::57,2021_Ref_Plot1_B2,Field2,test,7,8,0.14833337972824442,11.755575128299595,0.057259745250069945
2021_Ref_Plot1_B2::65,2021_Ref_Plot1_B2,Field2,test,8,9,0.10520469886456972,11.665820910086628,0.026390198174251256
2021_Ref_Plot1_B2::69,2021_Ref_Plot1_B2,Field2,test,4,10,0.1792060382385953,12.244196861429018,0.06924344080962963
2021_Ref_Plot1_B2::71,2021_Ref_Plot1_B2,Field2,test,2,11,0.16314145842471436,9.418319890878006,0.10881872533703951
2021_Ref_Plot1_B2::76,2021_Ref_Plot1_B2,Field2,test,5,12,0.18395729781228343,14.73373096010501,0.042122094920790734
2021_Ref_Plot1_B2::80,2021_Ref_Plot1_B2,Field2,test,4,13,0.12329320536591458,8.365645275787946,0.050035740962215774
2021_Ref_Plot1_B2::85,2021_Ref_Plot1_B2,Field2,test,5,14,0.07747635717728993,9.225409438881101,0.01659169902126019
2021_Ref_Plot1_B4::8,2021_Ref_Plot1_B4,Field2,test,7,1,0.7510469717034285,29.076405807049085,0.2260203304622683
2021_Ref_Plot1_B4::16,2021_Ref_Plot1_B4,Field2,test,8,2,0.8138941037897857,31.518472554901,0.36347814528339845
2021_Ref_Plot1_B4::22,2021_Ref_Plot1_B4,Field2,test,6,3,0.32631006025320586,17.573704598609766,0.10972570985176304
2021_Ref_Plot1_B4::27,2021_Ref_Plot1_B4,Field2,test,5,4,0.37358237356406737,17.567495649318325,0.12415060160822669
2021_Ref_Plot1_B4::35,2021_Ref_Plot1_B4,Field2,test,8,5,0.15739336061590883,12.574634902427356,0.050223951104285104
2021_Ref_Plot1_B4::44,2021_Ref_Plot1_B4,Field2,test,9,6,0.1494620186944388,15.10798065633756,0.019904135704721687
2021_Ref_Plot1_B4::50,2021_Ref_Plot1_B4,Field2,test,6,7,0.1116185870287922,8.391753645116303,0.04437176547267585
2021_Ref_Plot1_B4::57,2021_Ref_Plot1_B4,Field2,test,7,8,0.10502496857488704,10.842622627225886,0.00944380193631575
2021_Ref_Plot1_B4::65,2021_Ref_Plot1_B4,Field2,test,8,9,0.09916881290734914,10.943472515407812,0.039206207049717584
2021_Ref_Plot1_B4::69,2021_Ref_Plot1_B4,Field2,test,4,10,0.16792282897969268,13.052223872579757,0.061210583565837334
2021_Ref_Plot1_B4::71,2021_Ref_Plot1_B4,Field2,test,2,11,0.18810644904351204,9.698630931366866,0.10957280357973706
2021_Ref_Plot1_B4::76,2021_Ref_Plot1_B4,Field2,test,5,12,0.22817594429885157,14.060499374526131,0.030295220129486565
2021_Ref_Plot1_B4::80,2021_Ref_Plot1_B4,Field2,test,4,13,0.11027550706697821,7.556460046335069,0.025163342535842348
2021_Ref_Plot1_B4::85,2021_Ref_Plot1_B4,Field2,test,5,14,0.09763950271807374,9.82633738246222,0.028435228286962964
2021_Ref_Plot1_B7::8,2021_Ref_Plot1_B7,Field2,test,7,1,0.7320412858591862,27.74666618768392,0.21749790473148098
2021_Ref_Plot1_B7::16,2021_Ref_Plot1_B7,Field2,test,8,2,0.794906138740696,31.283119628158282,0.3472899007132351
2021_Ref_Plot1_B7::22,2021_Ref_Plot1_B7,Field2,test,6,3,0.3125599755399303,17.527478688842656,0.0932102184818199
2021_Ref_Plot1_B7::27,2021_Ref_Plot1_B7,Field2,test,5,4,0.3445295068759527,17.859023642808218,0.12155632630532992
2021_Ref_Plot1_B7::35,2021_Ref_Plot1_B7,Field2,test,8,5,0.15947953838850906,13.555272112386636,0.04311135172085558
2021_Ref_Plot1_B7::44,2021_Ref_Plot1_B7,Field2,test,9,6,0.15794239658822096,15.5117172006985,0.025848349157120837
2021_Ref_Plot1_B7::50,2021_Ref_Plot1_B7,Field2,test,6,7,0.14785763408912098,9.44068099140505,0.08486252458900571
2021_Ref_Plot1_B7::57,2021_Ref_Plot1_B7,Field2,test,7,8,0.12760994196392736,11.429729140201022,0.0437274093272507
2021_Ref_Plot1_B7::65,2021_Ref_Plot1_B7,Field2,test,8,9,0.11813572477027996,11.443490830923155,0.04082347350966402
2021_Ref_Plot1_B7::69,2021_Ref_Plot1_B7,Field2,test,4,10,0.16124683292033754,12.06941191091383,0.05559166559907977
2021_Ref_Plot1_B7::71,2021_Ref_Plot1_B7,Field2,test,2,11,0.17574089501051057,10.123428965423418,0.1143223552626682
2021_Ref_Plot1_B7::85,2021_Ref_Plot1_B7,Field2,test,5,13,0.08290161062257363,9.128661361099041,0.02302923694745432
2021_Ref_Plot1_C18::8,2021_Ref_Plot1_C18,Field2,test,7,1,0.7390531322888331,27.9271156200123,0.20845911547340445
2021_Ref_Plot1_C18::16,2021_Ref_Plot1_C18,Field2,test,8,2,0.8080419658627754,30.61510362264123,0.37741943401547834
2021_Ref_Plot1_C18::22,2021_Ref_Plot1_C18,Field2,test,6,3,0.33316294917119144,16.762081243428003,0.1196833209383372
2021_Ref_Plot1_C18::27,2021_Ref_Plot1_C18,Field2,test,5,4,0.2810258244336972,15.93816180539902,0.09499020308379262
2021_Ref_Plot1_C18::35,2021_Ref_Plot1_C18,Field2,test,8,5,0.14336479854982462,12.01226035735274,0.038475189558405176
2021_Ref_Plot1_C18::44,2021_Ref_Plot1_C18,Field2,test,9,6,0.138697932526784,15.18752710919358,0.02628167947050332
2021_Ref_Plot1_C18::50,2021_Ref_Plot1_C18,Field2,test,6,7,0.09182846176935594,8.507928223075696,0.054557749268895964
2021_Ref_Plot1_C18::57,2021_Ref_Plot1_C18,Field2,test,7,8,0.10319433697677066,11.336900575365554,0.03798013950378249
2021_Ref_Plot1_C18::65,2021_Ref_Plot1_C18,Field2,test,8,9,0.09017438442555635,10.536456476073512,0.03822384016696327
2021_Ref_Plot1_C18::69,2021_Ref_Plot1_C18,Field2,test,4,10,0.18381802335895392,13.135060304053674,0.06679233687131327
2021_Ref_Plot1_C18::71,2021_Ref_Plot1_C18,Field2,test,2,11,0.1651119083523723,9.95305022023233,0.11811057692912875
2021_Ref_Plot1_C18::76,2021_Ref_Plot1_C18,Field2,test,5,12,0.14550746663228403,14.60233459513683,0.020301151711523312
2021_Ref_Plot1_C18::80,2021_Ref_Plot1_C18,Field2,test,4,13,0.053833496042417994,10.324708183880368,0.014743813631374956
2021_Ref_Plot1_C18::85,2021_Ref_Plot1_C18,Field2,test,5,14,0.06570871230554237,10.863587699519579,0.024754167577638507
2021_Ref_Plot1_C6::8,2021_Ref_Plot1_C6,Field2,test,7,1,0.7377983818603062,28.307720837113802,0.2141313308987802
2021_Ref_Plot1_C6::16,2021_Ref_Plot1_C6,Field2,test,8,2,0.8244197702102137,31.955431214549307,0.39470011383337056
2021_Ref_Plot1_C6::22,2021_Ref_Plot1_C6,Field2,test,6,3,0.3314308050754317,17.31541200087239,0.10775983888840106
2021_Ref_Plot1_C6::27,2021_Ref_Plot1_C6,Field2,test,5,4,0.3726088248246231,17.8103773152201,0.11416654246458424
2021_Ref_Plot1_C6::35,2021_Ref_Plot1_C6,Field2,test,8,5,0.1660317585777368,13.44584175187623,0.033613693226744186
2021_Ref_Plot1_C6::44,2021_Ref_Plot1_C6,Field2,test,9,6,0.1422016279308587,15.225850988397909,0.02012598621683592
2021_Ref_Plot1_C6::50,2021_Ref_Plot1_C6,Field2,test,6,7,0.12308271678439477,8.88856770649258,0.06600471099269392
2021_Ref_Plot1_C6::57,2021_Ref_Plot1_C6,Field2,test,7,8,0.14348025906223552,10.964998079793212,0.04474788659880385
2021_Ref_Plot1_C6::65,2021_Ref_Plot1_C6,Field2,test,8,9,0.13462219963375135,11.056343295537022,0.07641954570880821
2021_Ref_Plot1_C6::69,2021_Ref_Plot1_C6,Field2,test,4,10,0.1919069379440721,12.427213265228243,0.096058264544438
2021_Ref_Plot1_C6::71,2021_Ref_Plot1_C6,Field2,test,2,11,0.16681466085224664,9.839709052931461,0.10670587793872395
2021_Ref_Plot1_C6::76,2021_Ref_Plot1_C6,Field2,test,5,12,0.22863675099317346,14.986492683344938,0.06522182029429954
2021_Ref_Plot1_C6::80,2021_Ref_Plot1_C6,Field2,test,4,13,0.16440257477212097,8.444913652210834,0.06320495214050738
2021_Ref_Plot1_C6::85,2021_Ref_Plot1_C6,Field2,test,5,14,0.14765853414059724,9.582190893618218,0.06126661219515649
2021_Ref_Plot1_D18::8,2021_Ref_Plot1_D18,Field2,test,7,1,0.7361438464727553,28.567581677797858,0.19795026746828578
2021_Ref_Plot1_D18::16,2021_Ref_Plot1_D18,Field2,test,8,2,0.7998811311444239,30.5024838902826,0.37878209553626646
2021_Ref_Plot1_D18::22,2021_Ref_Plot1_D18,Field2,test,6,3,0.3210847976166751,17.015237787536375,0.10691737424491558
2021_Ref_Plot1_D18::27,2021_Ref_Plot1_D18,Field2,test,5,4,0.33208706581776243,16.44489562074195,0.13943563434571332
2021_Ref_Plot1_D18::35,2021_Ref_Plot1_D18,Field2,test,8,5,0.1174373904167666,11.844124393214708,0.016387695660866577
2021_Ref_Plot1_D18::44,2021_Ref_Plot1_D18,Field2,test,9,6,0.14523251934070305,15.68734339316373,0.015739407259403326
2021_Ref_Plot1_D18::50,2021_Ref_Plot1_D18,Field2,test,6,7,0.11869604464788192,9.188985315084205,0.062397437911898966
2021_Ref_Plot1_D18::57,2021_Ref_Plot1_D18,Field2,test,7,8,0.13240573704044403,11.831670354884242,0.04303266914190467
2021_Ref_Plot1_D18::65,2021_Ref_Plot1_D18,Field2,test,8,9,0.10068879379111502,10.998455724900555,0.036809877488848855
2021_Ref_Plot1_D18::69,2021_Ref_Plot1_D18,Field2,test,4,10,0.15838556543132634,12.027549491539096,0.057332847463310306
2021_Ref_Plot1_D18::71,2021_Ref_Plot1_D18,Field2,test,2,11,0.17528319459925212,10.148554275811914,0.11399163982701178
2021_Ref_Plot1_D18::76,2021_Ref_Plot1_D18,Field2,test,5,12,0.16701405614298812,15.007796186515192,0.03929403065518701
2021_Ref_Plot1_D18::80,2021_Ref_Plot1_D18,Field2,test,4,13,0.12189201638806713,10.226282734562616,0.05464363658533515
2021_Ref_Plot1_D18::85,2021_Ref_Plot1_D18,Field2,test,5,14,0.06462422130599146,9.506855090327596,0.03093118308479579
2021_Ref_Plot1_D4::8,2021_Ref_Plot1_D4,Field2,test,7,1,0.7324555242633913,27.604074170597393,0.17595726967085795
2021_Ref_Plot1_D4::16,2021_Ref_Plot1_D4,Field2,test,8,2,0.7854959913606964,30.630161931847972,0.34995099545701425
2021_Ref_Plot1_D4::22,2021_Ref_Plot1_D4,Field2,test,6,3,0.31804472024667924,17.209856384781197,0.10967432345863545
2021_Ref_Plot1_D4::27,2021_Ref_Plot1_D4,Field2,test,5,4,0.34216687859527745,16.98725710896316,0.13245931332696764
2021_Ref_Plot1_D4::35,2021_Ref_Plot1_D4,Field2,test,8,5,0.15166949075959021,12.373896673630679,0.030390440687445043
2021_Ref_Plot1_D4::44,2021_Ref_Plot1_D4,Field2,test,9,6,0.1494843142736958,14.742854665289332,0.019079319521994514
2021_Ref_Plot1_D4::50,2021_Ref_Plot1_D4,Field2,test,6,7,0.10523781999362565,8.33424855333022,0.044661039976743394
2021_Ref_Plot1_D4::57,2021_Ref_Plot1_D4,Field2,test,7,8,0.12140682137218668,12.290602367459664,0.03473813690591656
2021_Ref_Plot1_D4::65,2021_Ref_Plot1_D4,Field2,test,8,9,0.09909475805899036,11.377284533960264,0.026725872959037732
2021_Ref_Plot1_D4::69,2021_Ref_Plot1_D4,Field2,test,4,10,0.19583223124706714,13.169869982458327,0.0974123856069768
2021_Ref_Plot1_D4::71,2021_Ref_Plot1_D4,Field2,test,2,11,0.20117345449043847,10.09219685129671,0.11801941168141353
2021_Ref_Plot1_D4::76,2021_Ref_Plot1_D4,Field2,test,5,12,0.14577844026427808,10.707748848259316,0.02011743284057181
2021_Ref_Plot1_D4::80,2021_Ref_Plot1_D4,Field2,test,4,13,0.09217246193552979,7.53095468414354,0.03856653089686538
2021_Ref_Plot1_D4::85,2021_Ref_Plot1_D4,Field2,test,5,14,0.12619811161512143,10.190498967604018,0.05003446128293478
2021_Ref_Plot1_D6::8,2021_Ref_Plot1_D6,Field2,test,7,1,0.7113310582126893,27.748763046602406,0.17224599623426398
2021_Ref_Plot1_D6::16,2021_Ref_Plot1_D6,Field2,test,8,2,0.7919349324421044,30.55756306099067,0.3641834737795114
2021_Ref_Plot1_D6::22,2021_Ref_Plot1_D6,Field2,test,6,3,0.3358485116597168,17.393605751818036,0.12798053758859684
2021_Ref_Plot1_D6::27,2021_Ref_Plot1_D6,Field2,test,5,4,0.38205419957038916,17.567441982997515,0.14477121367094065
2021_Ref_Plot1_D6::35,2021_Ref_Plot1_D6,Field2,test,8,5,0.16936897412385946,13.30483985446797,0.0372751959010666
2021_Ref_Plot1_D6::44,2021_Ref_Plot1_D6,Field2,test,9,6,0.1498318367510936,15.324075004616326,0.028366692163203745
2021_Ref_Plot1_D6::50,2021_Ref_Plot1_D6,Field2,test,6,7,0.11873268993409299,8.699895223413835,0.05852685357492987
2021_Ref_Plot1_D6::57,2021_Ref_Plot1_D6,Field2,test,7,8,0.12936225307143112,11.637623498291287,0.041163434996469274
2021_Ref_Plot1_D6::65,2021_Ref_Plot1_D6,Field2,test,8,9,0.11489554512360489,11.249543012940284,0.045912372916590824
2021_Ref_Plot1_D6::69,2021_Ref_Plot1_D6,Field2,test,4,10,0.18477818838311788,12.91306564448718,0.08353808497403806
2021_Ref_Plot1_D6::71,2021_Ref_Plot1_D6,Field2,test,2,11,0.17298707557190088,9.83387613214284,0.11690185375637431
2021_Ref_Plot1_D6::76,2021_Ref_Plot1_D6,Field2,test,5,12,0.2381280051718043,15.994115915998524,0.0365918642142833
2021_Ref_Plot1_D6::80,2021_Ref_Plot1_D6,Field2,test,4,13,0.2163880996373453,9.357871544945732,0.08690689585027607
2021_Ref_Plot1_D6::85,2021_Ref_Plot1_D6,Field2,test,5,14,0.11759626795766887,10.362174763043035,0.052199981169630295
2021_Ref_Plot1_E2::8,2021_Ref_Plot1_E2,Field2,test,7,1,0.7308862437036142,28.332812077391367,0.18608821227907188
2021_Ref_Plot1_E2::16,2021_Ref_Plot1_E2,Field2,test,8,2,0.7824363438166816,30.40085733855384,0.32215270216374275
2021_Ref_Plot1_E2::22,2021_Ref_Plot1_E2,Field2,test,6,3,0.2976533230970999,15.951963685401187,0.08189678148361638
2021_Ref_Plot1_E2::27,2021_Ref_Plot1_E2,Field2,test,5,4,0.31731013662230284,15.416542069558204,0.11660314666178646
2021_Ref_Plot1_E2::35,2021_Ref_Plot1_E2,Field2,test,8,5,0.1256577271634716,11.16243855381848,0.018972756166221273
2021_Ref_Plot1_E2::44,2021_Ref_Plot1_E2,Field2,test,9,6,0.14144437732458529,14.814283187362317,0.02435762708039103
2021_Ref_Plot1_E2::50,2021_Ref_Plot1_E2,Field2,test,6,7,0.1277649239394266,9.121502730016491,0.06840289696403717
2021_Ref_Plot1_E2::57,2021_Ref_Plot1_E2,Field2,test,7,8,0.12825679043734514,11.639154030558762,0.04748945407152157
2021_Ref_Plot1_E2::65,2021_Ref_Plot1_E2,Field2,test,8,9,0.09967728266084717,11.109465301907683,0.02672110246974153
2021_Ref_Plot1_E2::69,2021_Ref_Plot1_E2,Field2,test,4,10,0.2045791781283676,12.775013435563496,0.07490114809512853
2021_Ref_Plot1_E2::71,2021_Ref_Plot1_E2,Field2,test,2,11,0.1700441474276595,9.59123775815182,0.11261110465313066
2021_Ref_Plot1_E2::76,2021_Ref_Plot1_E2,Field2,test,5,12,0.13284067500854535,12.743253512676418,0.015683247942196162
2021_Ref_Plot1_E2::80,2021_Ref_Plot1_E2,Field2,test,4,13,0.09213437044861013,8.283487188914634,0.01829018130352119
2021_Ref_Plot1_E2::85,2021_Ref_Plot1_E2,Field2,test,5,14,0.10539340152892597,9.123260949824948,0.036945793201580826
2021_Ref_Plot1_E8::8,2021_Ref_Plot1_E8,Field2,test,7,1,0.6993005794769996,28.038057099389945,0.16622508581547132
2021_Ref_Plot1_E8::16,2021_Ref_Plot1_E8,Field2,test,8,2,0.7646270995439785,30.03315931262093,0.2994155829976367
2021_Ref_Plot1_E8::22,2021_Ref_Plot1_E8,Field2,test,6,3,0.3232732140244477,15.827646704565177,0.12534260121077506
2021_Ref_Plot1_E8::27,2021_Ref_Plot1_E8,Field2,test,5,4,0.29720397861123443,16.63490153599468,0.11066630957301654
2021_Ref_Plot1_E8::35,2021_Ref_Plot1_E8,Field2,test,8,5,0.16043649937220794,12.313985932809285,0.03670622889954792
2021_Ref_Plot1_E8::44,2021_Ref_Plot1_E8,Field2,test,9,6,0.14548556496792323,15.183671573235653,0.02288974489561789
2021_Ref_Plot1_E8::50,2021_Ref_Plot1_E8,Field2,test,6,7,0.114759261231059,9.312332158011507,0.07495869716353686
2021_Ref_Plot1_E8::57,2021_Ref_Plot1_E8,Field2,test,7,8,0.09549272911133884,10.858475104567827,0.02422436358835591
2021_Ref_Plot1_E8::65,2021_Ref_Plot1_E8,Field2,test,8,9,0.10977155065941281,11.18029760559833,0.0376281091952139
2021_Ref_Plot1_E8::69,2021_Ref_Plot1_E8,Field2,test,4,10,0.17811125012480303,12.93674011329646,0.06838467188093546
2021_Ref_Plot1_E8::71,2021_Ref_Plot1_E8,Field2,test,2,11,0.18472593199285495,9.875099080041089,0.1296072244878392
2021_Ref_Plot1_E8::76,2021_Ref_Plot1_E8,Field2,test,5,12,0.19052851505833224,14.392064458014406,0.02386967521432464
2021_Ref_Plot1_E8::80,2021_Ref_Plot1_E8,Field2,test,4,13,0.0943612376339837,8.421444387135871,0.02712269247243415
2021_Ref_Plot1_E8::85,2021_Ref_Plot1_E8,Field2,test,5,14,0.07029947524424117,8.855133277415296,0.023075379027688057
2021_Ref_Plot2_A1::8,2021_Ref_Plot2_A1,Field2,test,7,1,0.6174365709736781,25.57379006303501,0.13894602068987644
2021_Ref_Plot2_A1::16,2021_Ref_Plot2_A1,Field2,test,8,2,0.7603680356610054,29.74684370294633,0.32844905924188095
2021_Ref_Plot2_A1::22,2021_Ref_Plot2_A1,Field2,test,6,3,0.3389631607480605,18.110307531229054,0.10520221758475584
2021_Ref_Plot2_A1::27,2021_Ref_Plot2_A1,Field2,test,5,4,0.42500425691843313,17.624402917705282,0.1542090844047364
2021_Ref_Plot2_A1::35,2021_Ref_Plot2_A1,Field2,test,8,5,0.14931647849960494,13.718933539509216,0.021286805065436114
2021_Ref_Plot2_A1::44,2021_Ref_Plot2_A1,Field2,test,9,6,0.10837895516234312,12.341685401276603,0.018624067029668963
2021_Ref_Plot2_A1::50,2021_Ref_Plot2_A1,Field2,test,6,7,0.15300504972522708,10.325603677263565,0.07089370726507066
2021_Ref_Plot2_A1::57,2021_Ref_Plot2_A1,Field2,test,7,8,0.16787715566408834,11.5622463213662,0.05421873593701763
2021_Ref_Plot2_A1::65,2021_Ref_Plot2_A1,Field2,test,8,9,0.13623629223975842,11.342424941232498,0.06543716599086553
2021_Ref_Plot2_A1::69,2021_Ref_Plot2_A1,Field2,test,4,10,0.19055781563230392,11.628458652695851,0.08340046103619518
2021_Ref_Plot2_A1::71,2021_Ref_Plot2_A1,Field2,test,2,11,0.11990071257405499,8.595497047729557,0.07322692651333967
2021_Ref_Plot2_A1::76,2021_Ref_Plot2_A1,Field2,test,5,12,0.1845453300792009,11.489324892148684,0.01621828922385839
2021_Ref_Plot2_A1::80,2021_Ref_Plot2_A1,Field2,test,4,13,0.09596993319957899,8.593315515363063,0.010933851446957141
2021_Ref_Plot2_A1::85,2021_Ref_Plot2_A1,Field2,test,5,14,0.1204448094325458,10.171630119900115,0.056973560518092804
2021_Ref_Plot2_A13::8,2021_Ref_Plot2_A13,Field2,test,7,1,0.6502748176493113,26.153250919613875,0.17918216823780828
2021_Ref_Plot2_A13::16,2021_Ref_Plot2_A13,Field2,test,8,2,0.8176388300480282,31.942814494931234,0.39715373178185287
2021_Ref_Plot2_A13::22,2021_Ref_Plot2_A13,Field2,test,6,3,0.36605174137131585,19.44637523455363,0.11016508770944158
2021_Ref_Plot2_A13::27,2021_Ref_Plot2_A13,Field2,test,5,4,0.41842005971883456,18.801289133736095,0.12284833272084075
2021_Ref_Plot2_A13::35,2021_Ref_Plot2_A13,Field2,test,8,5,0.14975619948827848,12.790216651866862,0.020712889755415565
2021_Ref_Plot2_A13::44,2021_Ref_Plot2_A13,Field2,test,9,6,0.09786989002394549,11.292480271793838,0.019843163099825863
2021_Ref_Plot2_A13::50,2021_Ref_Plot2_A13,Field2,test,6,7,0.14029921441503154,8.951155842747262,0.07783183245583011
2021_Ref_Plot2_A13::57,2021_Ref_Plot2_A13,Field2,test,7,8,0.1255231799176273,10.665093472413314,0.040603764931021274
2021_Ref_Plot2_A13::65,2021_Ref_Plot2_A13,Field2,test,8,9,0.13470843117385115,11.491455309518695,0.05712355437485421
2021_Ref_Plot2_A13::69,2021_Ref_Plot2_A13,Field2,test,4,10,0.14486444033582183,11.467565949164731,0.06320309054371627
2021_Ref_Plot2_A13::71,2021_Ref_Plot2_A13,Field2,test,2,11,0.1642260375667936,9.934290277564465,0.09738414410229018
2021_Ref_Plot2_A13::76,2021_Ref_Plot2_A13,Field2,test,5,12,0.11635344660466955,12.59198533097919,0.028511467931902734
2021_Ref_Plot2_A13::80,2021_Ref_Plot2_A13,Field2,test,4,13,0.14486603507986087,8.740730461488571,0.05453151971204132
2021_Ref_Plot2_A13::85,2021_Ref_Plot2_A13,Field2,test,5,14,0.08425574648648382,9.09788665625918,0.02650151697262958
2021_Ref_Plot2_A15::8,2021_Ref_Plot2_A15,Field2,test,7,1,0.6662933926464658,27.45722430476821,0.18096728931569897
2021_Ref_Plot2_A15::16,2021_Ref_Plot2_A15,Field2,test,8,2,0.7725050252419837,30.182892816097812,0.3280766573256885
2021_Ref_Plot2_A15::22,2021_Ref_Plot2_A15,Field2,test,6,3,0.3619577406073586,18.520738586025995,0.10146668285732988
2021_Ref_Plot2_A15::27,2021_Ref_Plot2_A15,Field2,test,5,4,0.4009576998323096,18.06739625801223,0.11512520122709492
2021_Ref_Plot2_A15::35,2021_Ref_Plot2_A15,Field2,test,8,5,0.15609413977399397,12.252521645482936,0.04039862891946051
2021_Ref_Plot2_A15::44,2021_Ref_Plot2_A15,Field2,test,9,6,0.0895254278366886,10.648814877271139,0.014860028891327754
2021_Ref_Plot2_A15::50,2021_Ref_Plot2_A15,Field2,test,6,7,0.148656804230644,9.652747117631185,0.09147905103820426
2021_Ref_Plot2_A15::57,2021_Ref_Plot2_A15,Field2,test,7,8,0.13662646093816314,10.579376017452777,0.052105087795423416
2021_Ref_Plot2_A15::65,2021_Ref_Plot2_A15,Field2,test,8,9,0.1247232880807309,11.203493249264664,0.03994282492008583
2021_Ref_Plot2_A15::69,2021_Ref_Plot2_A15,Field2,test,4,10,0.17536041650814485,12.041340380006453,0.08990077003245563
2021_Ref_Plot2_A15::71,2021_Ref_Plot2_A15,Field2,test,2,11,0.13689622932700793,9.238547698576308,0.09532870694086762
2021_Ref_Plot2_A15::76,2021_Ref_Plot2_A15,Field2,test,5,12,0.1077944691908821,11.94284517012437,0.022415967173878434
2021_Ref_Plot2_A15::80,2021_Ref_Plot2_A15,Field2,test,4,13,0.11217081240375192,8.415791361960999,0.027667827433266266
2021_Ref_Plot2_A15::85,2021_Ref_Plot2_A15,Field2,test,5,14,0.1275959042582078,9.231166047331799,0.05729767923130252
2021_Ref_Plot2_B17::8,2021_Ref_Plot2_B17,Field2,test,7,1,0.69625923655425,27.61231276769211,0.22007977449902655
2021_Ref_Plot2_B17::16,2021_Ref_Plot2_B17,Field2,test,8,2,0.7766775816338267,30.100763759188077,0.30732869910216865
2021_Ref_Plot2_B17::22,2021_Ref_Plot2_B17,Field2,test,6,3,0.35473590605640565,17.832343668162697,0.10046426318441333
2021_Ref_Plot2_B17::27,2021_Ref_Plot2_B17,Field2,test,5,4,0.3650600613577411,18.368855692621402,0.10946410141148256
2021_Ref_Plot2_B17::35,2021_Ref_Plot2_B17,Field2,test,8,5,0.18374014560978058,13.480727700065804,0.05771507691340043
2021_Ref_Plot2_B17::44,2021_Ref_Plot2_B17,Field2,test,9,6,0.10048191175545691,10.909238023100512,0.02669931164636069
2021_Ref_Plot2_B17::50,2021_Ref_Plot2_B17,Field2,test,6,7,0.14760649792880529,9.09581443907697,0.09020081932990831
2021_Ref_Plot2_B17::57,2021_Ref_Plot2_B17,Field2,test,7,8,0.13115753223249624,11.270700144771592,0.046775709461343185
2021_Ref_Plot2_B17::65,2021_Ref_Plot2_B17,Field2,test,8,9,0.10244068799935191,10.081687859813757,0.04936217968505883
2021_Ref_Plot2_B17::69,2021_Ref_Plot2_B17,Field2,test,4,10,0.1695215571573806,12.197627832793899,0.0743095986414555
2021_Ref_Plot2_B17::71,2021_Ref_Plot2_B17,Field2,test,2,11,0.20139452139630762,9.781067991681807,0.13686296823590643
2021_Ref_Plot2_B17::76,2021_Ref_Plot2_B17,Field2,test,5,12,0.1260404844240883,10.653430991346433,0.024573206683448708
2021_Ref_Plot2_B17::80,2021_Ref_Plot2_B17,Field2,test,4,13,0.1569323975243261,10.046720930217816,0.05588611337751985
2021_Ref_Plot2_B17::85,2021_Ref_Plot2_B17,Field2,test,5,14,0.17846499134896474,11.270788047919408,0.0921298216568301
2021_Ref_Plot2_B4::8,2021_Ref_Plot2_B4,Field2,test,7,1,0.6798773721579731,27.13837045808283,0.1595750476673629
2021_Ref_Plot2_B4::16,2021_Ref_Plot2_B4,Field2,test,8,2,0.7688050600659536,30.46930820051143,0.2995609224556854
2021_Ref_Plot2_B4::22,2021_Ref_Plot2_B4,Field2,test,6,3,0.34007020376554037,19.319578047752948,0.08455259885043642
2021_Ref_Plot2_B4::27,2021_Ref_Plot2_B4,Field2,test,5,4,0.4513985364997863,19.531697361712336,0.15674798864321207
2021_Ref_Plot2_B4::35,2021_Ref_Plot2_B4,Field2,test,8,5,0.15519922718782847,13.415205021105836,0.03856296303394963
2021_Ref_Plot2_B4::44,2021_Ref_Plot2_B4,Field2,test,9,6,0.11161725712253118,13.186773354547539,0.02351170028163367
2021_Ref_Plot2_B4::50,2021_Ref_Plot2_B4,Field2,test,6,7,0.1648792155511396,9.576495207844557,0.094271323748558
2021_Ref_Plot2_B4::57,2021_Ref_Plot2_B4,Field2,test,7,8,0.150442033420798,11.23239147990079,0.060273530940112424
2021_Ref_Plot2_B4::65,2021_Ref_Plot2_B4,Field2,test,8,9,0.12537976000471904,10.0927214101005,0.05964333933264374
2021_Ref_Plot2_B4::69,2021_Ref_Plot2_B4,Field2,test,4,10,0.17669322578569155,12.02743898807345,0.08866818418270599
2021_Ref_Plot2_B4::71,2021_Ref_Plot2_B4,Field2,test,2,11,0.18019239331758632,10.364843571301863,0.10968743333463915
2021_Ref_Plot2_B4::76,2021_Ref_Plot2_B4,Field2,test,5,12,0.2096167198050736,14.292508652294353,0.039166031784542206
2021_Ref_Plot2_B4::80,2021_Ref_Plot2_B4,Field2,test,4,13,0.09983094830410405,8.44753373854726,0.015812314384614765
2021_Ref_Plot2_B4::85,2021_Ref_Plot2_B4,Field2,test,5,14,0.12508328063022778,8.900349720510782,0.05062086243666492
2021_Ref_Plot2_C1::8,2021_Ref_Plot2_C1,Field2,test,7,1,0.6533058489956549,24.73403706935874,0.11952748814091287
2021_Ref_Plot2_C1::16,2021_Ref_Plot2_C1,Field2,test,8,2,0.7453784378909637,28.7562251218659,0.2955386801771753
2021_Ref_Plot2_C1::22,2021_Ref_Plot2_C1,Field2,test,6,3,0.3049597515146178,17.135695231990983,0.07404477000055014
2021_Ref_Plot2_C1::27,2021_Ref_Plot2_C1,Field2,test,5,4,0.3785590022410948,17.518047553889197,0.14610340925199186
2021_Ref_Plot2_C1::35,2021_Ref_Plot2_C1,Field2,test,8,5,0.1484034175083018,12.965886124543882,0.0341265216497823
2021_Ref_Plot2_C1::44,2021_Ref_Plot2_C1,Field2,test,9,6,0.10194672869832438,12.607067416020993,0.012336909967003281
2021_Ref_Plot2_C1::50,2021_Ref_Plot2_C1,Field2,test,6,7,0.16441053198360042,9.598933699423869,0.0993788764187082
2021_Ref_Plot2_C1::57,2021_Ref_Plot2_C1,Field2,test,7,8,0.1223961289538922,10.888383318173663,0.03750463672941681
2021_Ref_Plot2_C1::65,2021_Ref_Plot2_C1,Field2,test,8,9,0.0807234199403099,9.259126462440605,0.026536913788094238
2021_Ref_Plot2_C1::69,2021_Ref_Plot2_C1,Field2,test,4,10,0.18469031549968926,12.759356920139224,0.09503044929254312
2021_Ref_Plot2_C1::71,2021_Ref_Plot2_C1,Field2,test,2,11,0.15504922172210522,8.409584821211736,0.09178319123759329
2021_Ref_Plot2_C1::76,2021_Ref_Plot2_C1,Field2,test,5,12,0.19385004185781338,14.273892269685536,0.024116787512717768
2021_Ref_Plot2_C1::80,2021_Ref_Plot2_C1,Field2,test,4,13,0.10934479148186217,9.364368889474164,0.031740316619030345
2021_Ref_Plot2_C1::85,2021_Ref_Plot2_C1,Field2,test,5,14,0.1003047883218522,9.551354636401001,0.04442755681576372
2021_Ref_Plot2_C10::8,2021_Ref_Plot2_C10,Field2,test,7,1,0.7003189128965843,27.129148919879214,0.20712616434131642
2021_Ref_Plot2_C10::16,2021_Ref_Plot2_C10,Field2,test,8,2,0.7715133020724082,29.64047717405009,0.3091447654372642
2021_Ref_Plot2_C10::22,2021_Ref_Plot2_C10,Field2,test,6,3,0.33520551712340385,16.941342073598683,0.11112647914582946
2021_Ref_Plot2_C10::27,2021_Ref_Plot2_C10,Field2,test,5,4,0.3392696106300637,16.74329524973679,0.10337373064203292
2021_Ref_Plot2_C10::35,2021_Ref_Plot2_C10,Field2,test,8,5,0.16438749672107153,12.526712515108002,0.04757747111916888
2021_Ref_Plot2_C10::44,2021_Ref_Plot2_C10,Field2,test,9,6,0.11042637495807668,12.210440591447,0.030421086777243696
2021_Ref_Plot2_C10::50,2021_Ref_Plot2_C10,Field2,test,6,7,0.11699564697178384,8.783658998774797,0.06678109471760996
2021_Ref_Plot2_C10::57,2021_Ref_Plot2_C10,Field2,test,7,8,0.10389253968659035,10.189377710170183,0.020867503230750633
2021_Ref_Plot2_C10::65,2021_Ref_Plot2_C10,Field2,test,8,9,0.1236506997769224,9.614056823567457,0.0673600894157882
2021_Ref_Plot2_C10::69,2021_Ref_Plot2_C10,Field2,test,4,10,0.18621951445579954,12.326797162708312,0.10211762078135958
2021_Ref_Plot2_C10::71,2021_Ref_Plot2_C10,Field2,test,2,11,0.10806585930585917,8.745566802380395,0.06866296408364944
2021_Ref_Plot2_C10::76,2021_Ref_Plot2_C10,Field2,test,5,12,0.12361048727578995,12.577612914502156,0.01994548080093296
2021_Ref_Plot2_C10::80,2021_Ref_Plot2_C10,Field2,test,4,13,0.09331509098603956,7.764293062610066,0.025566076204326944
2021_Ref_Plot2_C10::85,2021_Ref_Plot2_C10,Field2,test,5,14,0.13678357465703359,9.952829113063233,0.06444134462890101
2021_Ref_Plot2_C16::8,2021_Ref_Plot2_C16,Field2,test,7,1,0.6904549132344311,27.064673520779756,0.19537483491734758
2021_Ref_Plot2_C16::16,2021_Ref_Plot2_C16,Field2,test,8,2,0.7816120902283767,30.08982009055373,0.31006992724490123
2021_Ref_Plot2_C16::22,2021_Ref_Plot2_C16,Field2,test,6,3,0.3645884671227179,17.054078758625643,0.10759190420536824
2021_Ref_Plot2_C16::27,2021_Ref_Plot2_C16,Field2,test,5,4,0.3472157484441299,17.58399711118701,0.11117261328925468
2021_Ref_Plot2_C16::35,2021_Ref_Plot2_C16,Field2,test,8,5,0.16650776444585325,12.956922924273595,0.04021787696554717
2021_Ref_Plot2_C16::44,2021_Ref_Plot2_C16,Field2,test,9,6,0.10611307826364165,11.731001273898936,0.03516822442997555
2021_Ref_Plot2_C16::50,2021_Ref_Plot2_C16,Field2,test,6,7,0.12568228407378668,9.100875365088651,0.06298578815737114
2021_Ref_Plot2_C16::57,2021_Ref_Plot2_C16,Field2,test,7,8,0.10071959887343203,11.065647588488767,0.03380390862775363
2021_Ref_Plot2_C16::65,2021_Ref_Plot2_C16,Field2,test,8,9,0.09705782409725904,10.233245143230533,0.053804117601103214
2021_Ref_Plot2_C16::69,2021_Ref_Plot2_C16,Field2,test,4,10,0.16213673288201452,12.44540014190277,0.06180178204019565
2021_Ref_Plot2_C16::71,2021_Ref_Plot2_C16,Field2,test,2,11,0.12281248588403416,8.065074016518643,0.0667282163063097
2021_Ref_Plot2_C16::76,2021_Ref_Plot2_C16,Field2,test,5,12,0.15976080252736527,11.749913138648218,0.019197847640281155
2021_Ref_Plot2_C16::80,2021_Ref_Plot2_C16,Field2,test,4,13,0.11717144814740214,9.266557452871394,0.04278698008663618
2021_Ref_Plot2_C16::85,2021_Ref_Plot2_C16,Field2,test,5,14,0.16554630251308597,11.166802400711386,0.09588686570475331
2021_Ref_Plot2_C18::8,2021_Ref_Plot2_C18,Field2,test,7,1,0.6928509329156273,26.799854643740755,0.15438749722305395
2021_Ref_Plot2_C18::16,2021_Ref_Plot2_C18,Field2,test,8,2,0.7769188019601329,30.25815469862982,0.3055542664508244
2021_Ref_Plot2_C18::22,2021_Ref_Plot2_C18,Field2,test,6,3,0.3513147670822681,16.70780340402668,0.09019719186647958
2021_Ref_Plot2_C18::27,2021_Ref_Plot2_C18,Field2,test,5,4,0.3287765049915389,17.449144083214495,0.09351656894752447
2021_Ref_Plot2_C18::35,2021_Ref_Plot2_C18,Field2,test,8,5,0.1739477510807105,12.844349091612079,0.045743933091112805
2021_Ref_Plot2_C18::44,2021_Ref_Plot2_C18,Field2,test,9,6,0.09215627220035277,10.228028698223156,0.02672016813629516
2021_Ref_Plot2_C18::50,2021_Ref_Plot2_C18,Field2,test,6,7,0.1184018787394328,9.017069593675512,0.06815285148842472
2021_Ref_Plot2_C18::57,2021_Ref_Plot2_C18,Field2,test,7,8,0.11458192327094896,11.318162077668767,0.03790624133065734
2021_Ref_Plot2_C18::65,2021_Ref_Plot2_C18,Field2,test,8,9,0.09234369054232593,9.848006030332145,0.03603944066956911
2021_Ref_Plot2_C18::69,2021_Ref_Plot2_C18,Field2,test,4,10,0.17689870598650262,12.340133439072847,0.08112181541029978
2021_Ref_Plot2_C18::71,2021_Ref_Plot2_C18,Field2,test,2,11,0.10978493296254872,8.361188466233036,0.05343417277993042
2021_Ref_Plot2_C18::76,2021_Ref_Plot2_C18,Field2,test,5,12,0.15207050344872938,12.927041277016503,0.019857677507654894
2021_Ref_Plot2_C18::80,2021_Ref_Plot2_C18,Field2,test,4,13,0.09270846580422676,8.605424556674675,0.014011337559792083
2021_Ref_Plot2_C18::85,2021_Ref_Plot2_C18,Field2,test,5,14,0.10016672006820006,9.323056211488232,0.05451296642458944
2021_Ref_Plot2_C2::8,2021_Ref_Plot2_C2,Field2,test,7,1,0.6832279444409438,25.81102186018405,0.16107678049934057
2021_Ref_Plot2_C2::16,2021_Ref_Plot2_C2,Field2,test,8,2,0.7533212619640993,29.973746279554998,0.29272672449129705
2021_Ref_Plot2_C2::22,2021_Ref_Plot2_C2,Field2,test,6,3,0.33593837006228155,18.21094967191837,0.08196513449096962
2021_Ref_Plot2_C2::27,2021_Ref_Plot2_C2,Field2,test,5,4,0.4369711281345751,19.07240238177894,0.1622206543887426
2021_Ref_Plot2_C2::35,2021_Ref_Plot2_C2,Field2,test,8,5,0.1551616654935397,13.392227640576202,0.025111166035858737
2021_Ref_Plot2_C2::44,2021_Ref_Plot2_C2,Field2,test,9,6,0.0956508918833856,11.997256890053599,0.010825639945859781
2021_Ref_Plot2_C2::50,2021_Ref_Plot2_C2,Field2,test,6,7,0.1547122665298946,9.935514895265106,0.08212085930224199
2021_Ref_Plot2_C2::57,2021_Ref_Plot2_C2,Field2,test,7,8,0.12169358443229188,11.160696633191321,0.039429942027951165
2021_Ref_Plot2_C2::65,2021_Ref_Plot2_C2,Field2,test,8,9,0.11383039512313613,9.677711140015496,0.0457331472816427
2021_Ref_Plot2_C2::69,2021_Ref_Plot2_C2,Field2,test,4,10,0.16877464649897975,11.802923912559953,0.07076474420897833
2021_Ref_Plot2_C2::71,2021_Ref_Plot2_C2,Field2,test,2,11,0.10506435472364233,7.459088709625103,0.039670178002529824
2021_Ref_Plot2_C2::76,2021_Ref_Plot2_C2,Field2,test,5,12,0.1834552969962339,14.169214853163911,0.010132548259242683
2021_Ref_Plot2_C2::80,2021_Ref_Plot2_C2,Field2,test,4,13,0.10285823738102277,8.228571890977298,0.02739637942434506
2021_Ref_Plot2_C2::85,2021_Ref_Plot2_C2,Field2,test,5,14,0.08712348435326615,9.293824601668675,0.02569380997808314
2021_Ref_Plot2_C3::8,2021_Ref_Plot2_C3,Field2,test,7,1,0.6853630011887156,26.540268990611885,0.17330120854438497
2021_Ref_Plot2_C3::16,2021_Ref_Plot2_C3,Field2,test,8,2,0.7721656578342021,30.71154232818691,0.3017535121602049
2021_Ref_Plot2_C3::22,2021_Ref_Plot2_C3,Field2,test,6,3,0.330694671755577,18.189571029504062,0.09050784916746346
2021_Ref_Plot2_C3::27,2021_Ref_Plot2_C3,Field2,test,5,4,0.4251725780092251,19.323101618141074,0.13737957020746305
2021_Ref_Plot2_C3::35,2021_Ref_Plot2_C3,Field2,test,8,5,0.15158799936346296,13.906179792945824,0.02591742906950208
2021_Ref_Plot2_C3::44,2021_Ref_Plot2_C3,Field2,test,9,6,0.12076653425292878,11.759885202722147,0.027178708317786064
2021_Ref_Plot2_C3::50,2021_Ref_Plot2_C3,Field2,test,6,7,0.1507905208013947,9.564393553962645,0.0993315592066931
2021_Ref_Plot2_C3::57,2021_Ref_Plot2_C3,Field2,test,7,8,0.11329800240608813,11.004278437126489,0.03001850165697542
2021_Ref_Plot2_C3::65,2021_Ref_Plot2_C3,Field2,test,8,9,0.12185436541647328,10.117598652176127,0.05762652342299458
2021_Ref_Plot2_C3::69,2021_Ref_Plot2_C3,Field2,test,4,10,0.160621718610627,11.956280612636238,0.0773923798182184
2021_Ref_Plot2_C3::71,2021_Ref_Plot2_C3,Field2,test,2,11,0.12063463438681299,9.055781873275048,0.0747526405979974
2021_Ref_Plot2_C3::76,2021_Ref_Plot2_C3,Field2,test,5,12,0.20653902412766736,15.132918857236234,0.052631984895610585
2021_Ref_Plot2_C3::80,2021_Ref_Plot2_C3,Field2,test,4,13,0.06924047004003475,8.280815453466012,0.010131360475303686
2021_Ref_Plot2_C3::85,2021_Ref_Plot2_C3,Field2,test,5,14,0.06753822882980302,8.382015295439416,0.021760741877556385
2021_Ref_Plot2_D12::8,2021_Ref_Plot2_D12,Field2,test,7,1,0.7207650495833016,27.29530532153764,0.2253325574707197
2021_Ref_Plot2_D12::16,2021_Ref_Plot2_D12,Field2,test,8,2,0.7662405393288504,30.18457402153007,0.3190667364069242
2021_Ref_Plot2_D12::22,2021_Ref_Plot2_D12,Field2,test,6,3,0.27530519185412883,16.790064173384366,0.0940921364591423
2021_Ref_Plot2_D12::27,2021_Ref_Plot2_D12,Field2,test,5,4,0.2712800653114656,16.075478033903106,0.08684764407505441
2021_Ref_Plot2_D12::35,2021_Ref_Plot2_D12,Field2,test,8,5,0.12359758397431704,11.961699178047745,0.029202533243973122
2021_Ref_Plot2_D12::44,2021_Ref_Plot2_D12,Field2,test,9,6,0.09072179476829094,11.74820006945495,0.027496754304083392
2021_Ref_Plot2_D12::50,2021_Ref_Plot2_D12,Field2,test,6,7,0.10500150952877176,8.997097628443695,0.0695790101784922
2021_Ref_Plot2_D12::57,2021_Ref_Plot2_D12,Field2,test,7,8,0.0870451342753998,11.192600278146825,0.033429883988693336
2021_Ref_Plot2_D12::65,2021_Ref_Plot2_D12,Field2,test,8,9,0.07769270639751598,9.634985834516797,0.04258010290524083
2021_Ref_Plot2_D12::69,2021_Ref_Plot2_D12,Field2,test,4,10,0.13569292009834918,12.421110462227148,0.0580426112019134
2021_Ref_Plot2_D12::71,2021_Ref_Plot2_D12,Field2,test,2,11,0.0826183575859223,8.193599422840732,0.03347209158259759
2021_Ref_Plot2_D12::76,2021_Ref_Plot2_D12,Field2,test,5,12,0.11614947287903023,11.67929620129902,0.012399266458148116
2021_Ref_Plot2_D12::80,2021_Ref_Plot2_D12,Field2,test,4,13,0.06627108213169641,9.423279652151479,0.03323708532602657
2021_Ref_Plot2_D12::85,2021_Ref_Plot2_D12,Field2,test,5,14,0.05565305980285216,10.912006542094407,0.025433584108273097
2021_Ref_Plot2_D5::8,2021_Ref_Plot2_D5,Field2,test,7,1,0.7216785282064405,27.95491383733275,0.20353231942837274
2021_Ref_Plot2_D5::16,2021_Ref_Plot2_D5,Field2,test,8,2,0.7842693400750478,31.400066394625583,0.32641018570308183
2021_Ref_Plot2_D5::22,2021_Ref_Plot2_D5,Field2,test,6,3,0.309063580118304,17.371611714146223,0.12435545978483803
2021_Ref_Plot2_D5::27,2021_Ref_Plot2_D5,Field2,test,5,4,0.32646973620747705,16.885379987372417,0.13103670727310843
2021_Ref_Plot2_D5::35,2021_Ref_Plot2_D5,Field2,test,8,5,0.1336921202229033,12.442282246830203,0.03470493366581979
2021_Ref_Plot2_D5::44,2021_Ref_Plot2_D5,Field2,test,9,6,0.1016529137836496,13.008500915299802,0.02438832027107005
2021_Ref_Plot2_D5::50,2021_Ref_Plot2_D5,Field2,test,6,7,0.0969155898794322,9.212609218591513,0.04085944727430647
2021_Ref_Plot2_D5::57,2021_Ref_Plot2_D5,Field2,test,7,8,0.09272984017821495,11.178028206607983,0.017538411365134267
2021_Ref_Plot2_D5::65,2021_Ref_Plot2_D5,Field2,test,8,9,0.08083380546915855,9.36485610870777,0.03666410175707425
2021_Ref_Plot2_D5::69,2021_Ref_Plot2_D5,Field2,test,4,10,0.16106899177341485,12.571794075019774,0.06836839851003138
2021_Ref_Plot2_D5::71,2021_Ref_Plot2_D5,Field2,test,2,11,0.17819543152574505,10.12127679599766,0.12582893511039286
2021_Ref_Plot2_D5::76,2021_Ref_Plot2_D5,Field2,test,5,12,0.16510275273397215,13.274833275659518,0.02461653787686751
2021_Ref_Plot2_D5::80,2021_Ref_Plot2_D5,Field2,test,4,13,0.07509671015696616,9.840860848072822,0.032557035023869245
2021_Ref_Plot2_D5::85,2021_Ref_Plot2_D5,Field2,test,5,14,0.08469757529109882,10.683540610513955,0.043137965107614674
2021_Ref_Plot2_E1::8,2021_Ref_Plot2_E1,Field2,test,7,1,0.6633173076781915,26.18229910915872,0.17619302204778783
2021_Ref_Plot2_E1::16,2021_Ref_Plot2_E1,Field2,test,8,2,0.7291285517616882,29.767693766145765,0.29775848644050723
2021_Ref_Plot2_E1::22,2021_Ref_Plot2_E1,Field2,test,6,3,0.27340083291452927,16.403843035993468,0.07794916925173276
2021_Ref_Plot2_E1::27,2021_Ref_Plot2_E1,Field2,test,5,4,0.23101272095192413,16.32465945236158,0.06553314993286968
2021_Ref_Plot2_E1::35,2021_Ref_Plot2_E1,Field2,test,8,5,0.10873808472527553,11.731441852733514,0.019224847724247665
2021_Ref_Plot2_E1::44,2021_Ref_Plot2_E1,Field2,test,9,6,0.13078528878449966,14.43951125041206,0.020133436059499996
2021_Ref_Plot2_E1::50,2021_Ref_Plot2_E1,Field2,test,6,7,0.073514057073419,9.375745778796906,0.04325375583112595
2021_Ref_Plot2_E1::57,2021_Ref_Plot2_E1,Field2,test,7,8,0.09914706618083569,11.933809533339847,0.035863205030735264
2021_Ref_Plot2_E1::65,2021_Ref_Plot2_E1,Field2,test,8,9,0.06542144741158475,9.927913337533788,0.03549976459230265
2021_Ref_Plot2_E1::69,2021_Ref_Plot2_E1,Field2,test,4,10,0.1187846257651054,12.147157242449174,0.05571089235200573
2021_Ref_Plot2_E1::71,2021_Ref_Plot2_E1,Field2,test,2,11,0.0966459558453769,9.000466145159361,0.042981983116212555
2021_Ref_Plot2_E1::76,2021_Ref_Plot2_E1,Field2,test,5,12,0.1524037578902505,15.062638027897972,0.02310297457286615
2021_Ref_Plot2_E1::80,2021_Ref_Plot2_E1,Field2,test,4,13,0.0539357364591323,10.15554715116133,0.01997282522925487
2021_Ref_Plot2_E1::85,2021_Ref_Plot2_E1,Field2,test,5,14,0.038934332077685645,10.64965995105683,0.00818260862770503
2021_Ref_Plot2_E18::8,2021_Ref_Plot2_E18,Field2,test,7,1,0.6618252887121372,27.14802768669262,0.16122536436750365
2021_Ref_Plot2_E18::16,2021_Ref_Plot2_E18,Field2,test,8,2,0.7484405088102314,29.766715281721968,0.27480805651324247
2021_Ref_Plot2_E18::22,2021_Ref_Plot2_E18,Field2,test,6,3,0.30564963117195293,16.6810966165837,0.08742708342644374
2021_Ref_Plot2_E18::27,2021_Ref_Plot2_E18,Field2,test,5,4,0.258385118707019,16.366020405085333,0.06467238937113363
2021_Ref_Plot2_E18::35,2021_Ref_Plot2_E18,Field2,test,8,5,0.09248680945398395,11.646165968938947,-0.0005922776791321694
2021_Ref_Plot2_E18::44,2021_Ref_Plot2_E18,Field2,test,9,6,0.08656461639883674,13.191610567674486,0.02170558259683159
2021_Ref_Plot2_E18::50,2021_Ref_Plot2_E18,Field2,test,6,7,0.08358589533827603,10.11438336115277,0.05079432365259651
2021_Ref_Plot2_E18::57,2021_Ref_Plot2_E18,Field2,test,7,8,0.07487972278961856,11.923413207217244,0.02360795705674936
2021_Ref_Plot2_E18::65,2021_Ref_Plot2_E18,Field2,test,8,9,0.08278166270001096,10.571714738011973,0.03390731975138254
2021_Ref_Plot2_E18::69,2021_Ref_Plot2_E18,Field2,test,4,10,0.1354797128889217,12.338025306161185,0.04739350506722573
2021_Ref_Plot2_E18::71,2021_Ref_Plot2_E18,Field2,test,2,11,0.11652372592717848,9.64743311096983,0.07264554920238812
2021_Ref_Plot2_E18::76,2021_Ref_Plot2_E18,Field2,test,5,12,0.10203702921443636,11.848431233694825,0.014669370114106134
2021_Ref_Plot2_E18::80,2021_Ref_Plot2_E18,Field2,test,4,13,0.05012060343672007,9.558462778543346,0.021487995144337982
2021_Ref_Plot2_E18::85,2021_Ref_Plot2_E18,Field2,test,5,14,0.048215290061145284,10.73498211910721,0.01419882731141524
2021_Ref_Plot2_E7::8,2021_Ref_Plot2_E7,Field2,test,7,1,0.6351223620182459,26.263841832568374,0.12165497578978507
2021_Ref_Plot2_E7::16,2021_Ref_Plot2_E7,Field2,test,8,2,0.6760032117330249,27.696716077216884,0.17817566285216224
2021_Ref_Plot2_E7::22,2021_Ref_Plot2_E7,Field2,test,6,3,0.22336751817699396,14.330122265589067,0.05658127132644196
2021_Ref_Plot2_E7::27,2021_Ref_Plot2_E7,Field2,test,5,4,0.22057163511761724,15.920272955560932,0.0708771600517201
2021_Ref_Plot2_E7::35,2021_Ref_Plot2_E7,Field2,test,8,5,0.08726951311883657,11.952065698063642,0.004968019339871254
2021_Ref_Plot2_E7::44,2021_Ref_Plot2_E7,Field2,test,9,6,0.10974837867933991,14.569583399749318,0.022041522090434192
2021_Ref_Plot2_E7::50,2021_Ref_Plot2_E7,Field2,test,6,7,0.06305082587409301,10.148929831430715,0.031560677982002745
2021_Ref_Plot2_E7::57,2021_Ref_Plot2_E7,Field2,test,7,8,0.08098374002029998,12.254605151685352,0.014283932187865573
2021_Ref_Plot2_E7::65,2021_Ref_Plot2_E7,Field2,test,8,9,0.05753753274396336,10.170180551508338,0.017739707694259265
2021_Ref_Plot2_E7::69,2021_Ref_Plot2_E7,Field2,test,4,10,0.13083270638875538,12.837881150246567,0.046410888462158864
2021_Ref_Plot2_E7::71,2021_Ref_Plot2_E7,Field2,test,2,11,0.10805495811354714,9.75905015719654,0.05879508912736167
2021_Ref_Plot2_E7::76,2021_Ref_Plot2_E7,Field2,test,5,12,0.13402633418523008,14.347352899751192,0.023438586992711105
2021_Ref_Plot2_E7::80,2021_Ref_Plot2_E7,Field2,test,4,13,0.056252289356878565,10.792607835857769,0.027900685865467515
2021_Ref_Plot2_E7::85,2021_Ref_Plot2_E7,Field2,test,5,14,0.05838469142565058,11.041538487457354,0.028078086611815857
2021_Ref_Plot3_A6::8,2021_Ref_Plot3_A6,Field2,test,7,1,0.7346400561540755,28.131502351332184,0.22658011674125422
2021_Ref_Plot3_A6::16,2021_Ref_Plot3_A6,Field2,test,8,2,0.7975471651814724,31.169227151700806,0.3608119478606076
2021_Ref_Plot3_A6::22,2021_Ref_Plot3_A6,Field2,test,6,3,0.3136257362661468,16.61443045177833,0.0874938035623038
2021_Ref_Plot3_A6::27,2021_Ref_Plot3_A6,Field2,test,5,4,0.28734438800466133,16.71208587545325,0.09758005046521832
2021_Ref_Plot3_A6::35,2021_Ref_Plot3_A6,Field2,test,8,5,0.16369169010834464,12.980719874615934,0.03034471073206235
2021_Ref_Plot3_A6::44,2021_Ref_Plot3_A6,Field2,test,9,6,0.10372081561856998,9.753811197807464,0.035956109959418385
2021_Ref_Plot3_A6::50,2021_Ref_Plot3_A6,Field2,test,6,7,0.11929966619849956,8.865107275558941,0.067043078622083
2021_Ref_Plot3_A6::57,2021_Ref_Plot3_A6,Field2,test,7,8,0.12351543018422344,9.910535692613431,0.04708986611611351
2021_Ref_Plot3_A6::65,2021_Ref_Plot3_A6,Field2,test,8,9,0.13144996087116978,11.30706922195598,0.03413447643260533
2021_Ref_Plot3_A6::69,2021_Ref_Plot3_A6,Field2,test,4,10,0.22358957540424762,12.232828035369856,0.10148791905766431
2021_Ref_Plot3_A6::71,2021_Ref_Plot3_A6,Field2,test,2,11,0.16648440665304923,9.514768540942333,0.10207354911656374
2021_Ref_Plot3_A6::76,2021_Ref_Plot3_A6,Field2,test,5,12,0.16567234307076817,13.256698894418669,0.014032433089487078
2021_Ref_Plot3_A6::80,2021_Ref_Plot3_A6,Field2,test,4,13,0.10442688384490195,8.305489100800136,0.02483106054790804
2021_Ref_Plot3_A6::85,2021_Ref_Plot3_A6,Field2,test,5,14,0.10366053839396798,9.15546718740396,0.04405162529291796
2021_Ref_Plot3_A7::8,2021_Ref_Plot3_A7,Field2,test,7,1,0.7302876252803762,27.268765960192848,0.22129476416754695
2021_Ref_Plot3_A7::16,2021_Ref_Plot3_A7,Field2,test,8,2,0.8116990888711851,31.419223639634044,0.394808031416009
2021_Ref_Plot3_A7::22,2021_Ref_Plot3_A7,Field2,test,6,3,0.35731774361221963,17.587937144959426,0.1165809635333572
2021_Ref_Plot3_A7::27,2021_Ref_Plot3_A7,Field2,test,5,4,0.3515097272953563,17.651372569403296,0.10841090015074548
2021_Ref_Plot3_A7::35,2021_Ref_Plot3_A7,Field2,test,8,5,0.16010831860480332,12.563097646479779,0.032047974160517724
2021_Ref_Plot3_A7::44,2021_Ref_Plot3_A7,Field2,test,9,6,0.10717922120617453,9.558861701432331,0.0303702082879212
2021_Ref_Plot3_A7::50,2021_Ref_Plot3_A7,Field2,test,6,7,0.1332638714824362,9.247435811877624,0.057514905084646156
2021_Ref_Plot3_A7::57,2021_Ref_Plot3_A7,Field2,test,7,8,0.12718696096044332,10.311755096955268,0.051131342484139114
2021_Ref_Plot3_A7::65,2021_Ref_Plot3_A7,Field2,test,8,9,0.09392934082894039,11.11623519712615,0.02531816132513827
2021_Ref_Plot3_A7::69,2021_Ref_Plot3_A7,Field2,test,4,10,0.20446977604622152,12.37322883151139,0.10981644736697413
2021_Ref_Plot3_A7::71,2021_Ref_Plot3_A7,Field2,test,2,11,0.17510112840235312,9.574131688753306,0.10880189027714325
2021_Ref_Plot3_A7::76,2021_Ref_Plot3_A7,Field2,test,5,12,0.14326505661622074,12.685584772819,0.023365158433636977
2021_Ref_Plot3_A7::80,2021_Ref_Plot3_A7,Field2,test,4,13,0.07826869563957005,8.200693819589425,0.025982168274355632
2021_Ref_Plot3_A7::85,2021_Ref_Plot3_A7,Field2,test,5,14,0.08878171264750988,9.4580857277363,0.06023288844734821
2021_Ref_Plot3_B1::8,2021_Ref_Plot3_B1,Field2,test,7,1,0.7051838506821483,26.877804146788588,0.2088684413360888
2021_Ref_Plot3_B1::16,2021_Ref_Plot3_B1,Field2,test,8,2,0.8031408930284988,31.256686024677162,0.3386635147591319
2021_Ref_Plot3_B1::22,2021_Ref_Plot3_B1,Field2,test,6,3,0.35755447226084347,17.6269876546954,0.11628808683596824
2021_Ref_Plot3_B1::27,2021_Ref_Plot3_B1,Field2,test,5,4,0.35035771357224604,17.991657686718696,0.1141359259688313
2021_Ref_Plot3_B1::35,2021_Ref_Plot3_B1,Field2,test,8,5,0.18410077246431458,13.004169860074118,0.04436539120486327
2021_Ref_Plot3_B1::44,2021_Ref_Plot3_B1,Field2,test,9,6,0.13847608791304147,10.232601653216753,0.04940456647856909
2021_Ref_Plot3_B1::50,2021_Ref_Plot3_B1,Field2,test,6,7,0.15893782226816425,9.59125076273568,0.08304401032118758
2021_Ref_Plot3_B1::57,2021_Ref_Plot3_B1,Field2,test,7,8,0.13649132117918988,10.76243500927428,0.04925637263287674
2021_Ref_Plot3_B1::65,2021_Ref_Plot3_B1,Field2,test,8,9,0.12469129434183086,10.51453195810437,0.05019343762737776
2021_Ref_Plot3_B1::69,2021_Ref_Plot3_B1,Field2,test,4,10,0.1871475938636051,11.836746642362602,0.08478605173351861
2021_Ref_Plot3_B1::71,2021_Ref_Plot3_B1,Field2,test,2,11,0.18714017571740085,10.407978529602406,0.14636055762972394
2021_Ref_Plot3_B1::76,2021_Ref_Plot3_B1,Field2,test,5,12,0.1313648658124272,11.507440637395774,0.023448697341068483
2021_Ref_Plot3_B1::80,2021_Ref_Plot3_B1,Field2,test,4,13,0.09472306419845651,7.566343876275901,0.009705761974391396
2021_Ref_Plot3_B1::85,2021_Ref_Plot3_B1,Field2,test,5,14,0.0773498698478285,8.925964958278744,0.03410465996990207
2021_Ref_Plot3_B10::8,2021_Ref_Plot3_B10,Field2,test,7,1,0.7456617290346396,27.615307453363847,0.23308573073068753
2021_Ref_Plot3_B10::16,2021_Ref_Plot3_B10,Field2,test,8,2,0.8179161294671786,31.363402498176477,0.3831520235973379
2021_Ref_Plot3_B10::22,2021_Ref_Plot3_B10,Field2,test,6,3,0.3457911990094069,18.442295475485338,0.11850939476889731
2021_Ref_Plot3_B10::27,2021_Ref_Plot3_B10,Field2,test,5,4,0.3865341962906912,18.410658857197394,0.13712968266604555
2021_Ref_Plot3_B10::35,2021_Ref_Plot3_B10,Field2,test,8,5,0.18723939688887534,13.427283687591293,0.02600921156336656
2021_Ref_Plot3_B10::44,2021_Ref_Plot3_B10,Field2,test,9,6,0.18205315348130346,10.690552864848236,0.08060205621113421
2021_Ref_Plot3_B10::50,2021_Ref_Plot3_B10,Field2,test,6,7,0.1306200945906484,9.287955051859186,0.07174077165824619
2021_Ref_Plot3_B10::57,2021_Ref_Plot3_B10,Field2,test,7,8,0.10888318559412835,10.008727628425504,0.03557013275980134
2021_Ref_Plot3_B10::65,2021_Ref_Plot3_B10,Field2,test,8,9,0.11310891731405148,10.582857445741933,0.03740024810592178
2021_Ref_Plot3_B10::69,2021_Ref_Plot3_B10,Field2,test,4,10,0.16627616211497476,11.978922417784801,0.08382763264557994
2021_Ref_Plot3_B10::71,2021_Ref_Plot3_B10,Field2,test,2,11,0.19096950737745133,9.73059536517728,0.1106943034072195
2021_Ref_Plot3_B10::76,2021_Ref_Plot3_B10,Field2,test,5,12,0.12935004491906135,12.953457597176714,0.036644186897547205
2021_Ref_Plot3_B10::80,2021_Ref_Plot3_B10,Field2,test,4,13,0.08539740151571723,8.103200697179535,0.019721629175914152
2021_Ref_Plot3_B10::85,2021_Ref_Plot3_B10,Field2,test,5,14,0.1188272916394113,9.900577757906387,0.06352049222208264
2021_Ref_Plot3_B12::8,2021_Ref_Plot3_B12,Field2,test,7,1,0.7390403959183302,27.710076151885783,0.2117317679748576
2021_Ref_Plot3_B12::16,2021_Ref_Plot3_B12,Field2,test,8,2,0.825816953479502,32.02093116922759,0.3749313594983583
2021_Ref_Plot3_B12::22,2021_Ref_Plot3_B12,Field2,test,6,3,0.3666525756416645,17.703795179090488,0.12848544690942726
2021_Ref_Plot3_B12::27,2021_Ref_Plot3_B12,Field2,test,5,4,0.3508896616981971,17.393965570445303,0.12185619557159419
2021_Ref_Plot3_B12::35,2021_Ref_Plot3_B12,Field2,test,8,5,0.17672839623108597,12.879435327146913,0.04278186301647683
2021_Ref_Plot3_B12::44,2021_Ref_Plot3_B12,Field2,test,9,6,0.14125025927225934,10.405184167280987,0.04557661460478134
2021_Ref_Plot3_B12::50,2021_Ref_Plot3_B12,Field2,test,6,7,0.1372260552684462,9.426460700881622,0.0752070057196458
2021_Ref_Plot3_B12::57,2021_Ref_Plot3_B12,Field2,test,7,8,0.10364207143984144,10.25443922776921,0.039771424441239614
2021_Ref_Plot3_B12::65,2021_Ref_Plot3_B12,Field2,test,8,9,0.09751591249410309,10.471931511153432,0.0353806876478375
2021_Ref_Plot3_B12::69,2021_Ref_Plot3_B12,Field2,test,4,10,0.1633690377627057,11.706900113550358,0.06824441737289975
2021_Ref_Plot3_B12::71,2021_Ref_Plot3_B12,Field2,test,2,11,0.1523332323026059,9.534307753937437,0.10650710926019082
2021_Ref_Plot3_B12::76,2021_Ref_Plot3_B12,Field2,test,5,12,0.11930730721724796,12.513668314488264,0.01270898736256515
2021_Ref_Plot3_B12::80,2021_Ref_Plot3_B12,Field2,test,4,13,0.06238170480585522,8.415880195750846,0.01694569262746061
2021_Ref_Plot3_B12::85,2021_Ref_Plot3_B12,Field2,test,5,14,0.08762806594297007,9.358012033281206,0.02773606087319695
2021_Ref_Plot3_B17::8,2021_Ref_Plot3_B17,Field2,test,7,1,0.7406418202990298,28.64618104783984,0.22757229992652778
2021_Ref_Plot3_B17::16,2021_Ref_Plot3_B17,Field2,test,8,2,0.8192134707590862,31.706954098631233,0.3657976253493747
2021_Ref_Plot3_B17::22,2021_Ref_Plot3_B17,Field2,test,6,3,0.3751818338978307,17.982681781503725,0.13718979340218646
2021_Ref_Plot3_B17::27,2021_Ref_Plot3_B17,Field2,test,5,4,0.2856239493065213,16.86863882382503,0.08303968212470675
2021_Ref_Plot3_B17::35,2021_Ref_Plot3_B17,Field2,test,8,5,0.13899899108541156,12.695232010784004,0.02748396536691848
2021_Ref_Plot3_B17::44,2021_Ref_Plot3_B17,Field2,test,9,6,0.14364329339740203,9.886992566073243,0.07510276640078062
2021_Ref_Plot3_B17::50,2021_Ref_Plot3_B17,Field2,test,6,7,0.1320070585050358,9.168896942937035,0.07689705503069444
2021_Ref_Plot3_B17::57,2021_Ref_Plot3_B17,Field2,test,7,8,0.09700246078592285,9.785125798951396,0.035235350082849
2021_Ref_Plot3_B17::65,2021_Ref_Plot3_B17,Field2,test,8,9,0.1220535211112596,10.458312605096445,0.04334456825463979
2021_Ref_Plot3_B17::69,2021_Ref_Plot3_B17,Field2,test,4,10,0.192202509906347,11.772204407996504,0.10842343903124635
2021_Ref_Plot3_B17::71,2021_Ref_Plot3_B17,Field2,test,2,11,0.18179650970102465,9.242498222301514,0.11510487773002413
2021_Ref_Plot3_B17::76,2021_Ref_Plot3_B17,Field2,test,5,12,0.12684379103479396,11.341574788395793,0.023230759344968814
2021_Ref_Plot3_B17::80,2021_Ref_Plot3_B17,Field2,test,4,13,0.07420612510776271,8.032613370424313,0.026494393425643824
2021_Ref_Plot3_B17::85,2021_Ref_Plot3_B17,Field2,test,5,14,0.09753019796509683,9.175863894462996,0.04752984129343176
2021_Ref_Plot3_B3::8,2021_Ref_Plot3_B3,Field2,test,7,1,0.7242447484091642,27.794938700186876,0.2244278300909356
2021_Ref_Plot3_B3::16,2021_Ref_Plot3_B3,Field2,test,8,2,0.8197193892974058,31.191915369471683,0.37233106635598545
2021_Ref_Plot3_B3::22,2021_Ref_Plot3_B3,Field2,test,6,3,0.3300945233747714,17.342615664977497,0.10350140825216068
2021_Ref_Plot3_B3::27,2021_Ref_Plot3_B3,Field2,test,5,4,0.3447618669170625,17.670858238489114,0.10319958280590948
2021_Ref_Plot3_B3::35,2021_Ref_Plot3_B3,Field2,test,8,5,0.191578620705854,13.644633847107793,0.034870537691403414
2021_Ref_Plot3_B3::44,2021_Ref_Plot3_B3,Field2,test,9,6,0.12354769551888618,9.911249243409273,0.039764432185703004
2021_Ref_Plot3_B3::50,2021_Ref_Plot3_B3,Field2,test,6,7,0.1588065459764826,9.592231212094665,0.08822275090483347
2021_Ref_Plot3_B3::57,2021_Ref_Plot3_B3,Field2,test,7,8,0.1424215470524017,11.010170166831996,0.06018501727561738
2021_Ref_Plot3_B3::65,2021_Ref_Plot3_B3,Field2,test,8,9,0.11866038372628014,10.974314747460532,0.05570450366898747
2021_Ref_Plot3_B3::69,2021_Ref_Plot3_B3,Field2,test,4,10,0.219766445828114,12.402028034405282,0.10746620738513182
2021_Ref_Plot3_B3::71,2021_Ref_Plot3_B3,Field2,test,2,11,0.11589839847264753,8.054213827081737,0.05862437089288425
2021_Ref_Plot3_B3::76,2021_Ref_Plot3_B3,Field2,test,5,12,0.1736665321778478,12.552965016898522,0.02081936219212798
2021_Ref_Plot3_B3::80,2021_Ref_Plot3_B3,Field2,test,4,13,0.10510597462425945,8.915392696068118,0.02827368082948777
2021_Ref_Plot3_B3::85,2021_Ref_Plot3_B3,Field2,test,5,14,0.0840512359104224,8.563076313358533,0.04409905254267257
2021_Ref_Plot3_B6::8,2021_Ref_Plot3_B6,Field2,test,7,1,0.7328674983913697,26.748282864317908,0.23177710516751512
2021_Ref_Plot3_B6::16,2021_Ref_Plot3_B6,Field2,test,8,2,0.8116006189159962,31.05254932785604,0.3526776024634588
2021_Ref_Plot3_B6::22,2021_Ref_Plot3_B6,Field2,test,6,3,0.36395277600104015,17.649607942296235,0.13294119430447002
2021_Ref_Plot3_B6::27,2021_Ref_Plot3_B6,Field2,test,5,4,0.3592949351221833,17.652113417016277,0.1314737549100573
2021_Ref_Plot3_B6::35,2021_Ref_Plot3_B6,Field2,test,8,5,0.20840902261557584,14.229682061349694,0.054542736871892476
2021_Ref_Plot3_B6::44,2021_Ref_Plot3_B6,Field2,test,9,6,0.13704860465813376,9.979515692584307,0.06135404760086038
2021_Ref_Plot3_B6::50,2021_Ref_Plot3_B6,Field2,test,6,7,0.1903233455398762,10.079978491466854,0.13311790120022624
2021_Ref_Plot3_B6::57,2021_Ref_Plot3_B6,Field2,test,7,8,0.12021690860704438,10.290965806469114,0.036797231789881646
2021_Ref_Plot3_B6::65,2021_Ref_Plot3_B6,Field2,test,8,9,0.13013978027363274,10.853796392557136,0.06848414780038037
2021_Ref_Plot3_B6::69,2021_Ref_Plot3_B6,Field2,test,4,10,0.26134192138310114,12.967687819309647,0.12903530406433839
2021_Ref_Plot3_B6::71,2021_Ref_Plot3_B6,Field2,test,2,11,0.1698365282784767,9.488610231112988,0.09342919602212657
2021_Ref_Plot3_B6::76,2021_Ref_Plot3_B6,Field2,test,5,12,0.19284944120305222,13.427150365311265,0.027236458421759972
2021_Ref_Plot3_B6::80,2021_Ref_Plot3_B6,Field2,test,4,13,0.08779484988166932,8.691871193764571,0.008278344578322485
2021_Ref_Plot3_B6::85,2021_Ref_Plot3_B6,Field2,test,5,14,0.11615780086291055,8.568181169481164,0.05107391339847611
2021_Ref_Plot3_B7::8,2021_Ref_Plot3_B7,Field2,test,7,1,0.7419392801237863,26.6847106505503,0.23641700461878115
2021_Ref_Plot3_B7::16,2021_Ref_Plot3_B7,Field2,test,8,2,0.7959064188381774,30.19468311563722,0.3433137829982863
2021_Ref_Plot3_B7::22,2021_Ref_Plot3_B7,Field2,test,6,3,0.33022898979449317,17.64228375038642,0.10001560851326907
2021_Ref_Plot3_B7::27,2021_Ref_Plot3_B7,Field2,test,5,4,0.34189541995243805,17.820850963347215,0.11408680613962792
2021_Ref_Plot3_B7::35,2021_Ref_Plot3_B7,Field2,test,8,5,0.17056553772049465,12.995033605029755,0.02139788657372129
2021_Ref_Plot3_B7::44,2021_Ref_Plot3_B7,Field2,test,9,6,0.125709636618746,9.91619950459551,0.05277731970320895
2021_Ref_Plot3_B7::50,2021_Ref_Plot3_B7,Field2,test,6,7,0.16998712072807512,10.277501246276488,0.11021724506826194
2021_Ref_Plot3_B7::57,2021_Ref_Plot3_B7,Field2,test,7,8,0.10319112385433266,10.356986827729669,0.03140763175785597
2021_Ref_Plot3_B7::65,2021_Ref_Plot3_B7,Field2,test,8,9,0.12443621847058824,10.5368877903165,0.05603304998979014
2021_Ref_Plot3_B7::69,2021_Ref_Plot3_B7,Field2,test,4,10,0.23947280902919466,13.15871964203296,0.10075879266248358
2021_Ref_Plot3_B7::71,2021_Ref_Plot3_B7,Field2,test,2,11,0.1796364896245957,10.277036927839301,0.12626235036324693
2021_Ref_Plot3_B7::76,2021_Ref_Plot3_B7,Field2,test,5,12,0.14262711890449264,12.955556359144836,0.012376068804539802
2021_Ref_Plot3_B7::80,2021_Ref_Plot3_B7,Field2,test,4,13,0.07431342583040988,8.433729331714016,0.012759600295231377
2021_Ref_Plot3_B7::85,2021_Ref_Plot3_B7,Field2,test,5,14,0.10683079452386106,9.80119879590021,0.06246979323245826
2021_Ref_Plot3_B8::8,2021_Ref_Plot3_B8,Field2,test,7,1,0.7359256499929566,26.91116124116439,0.2083805149227785
2021_Ref_Plot3_B8::16,2021_Ref_Plot3_B8,Field2,test,8,2,0.8113571111202232,30.909597502107843,0.3531365742770836
2021_Ref_Plot3_B8::22,2021_Ref_Plot3_B8,Field2,test,6,3,0.3353572415461637,17.71892534552959,0.10473974577852271
2021_Ref_Plot3_B8::27,2021_Ref_Plot3_B8,Field2,test,5,4,0.29147025600454857,16.88725677886015,0.08515727397005703
2021_Ref_Plot3_B8::35,2021_Ref_Plot3_B8,Field2,test,8,5,0.18025719946789542,13.4847246879748,0.037199541410048206
2021_Ref_Plot3_B8::44,2021_Ref_Plot3_B8,Field2,test,9,6,0.12016389538915816,9.606073803491187,0.034451919202753034
2021_Ref_Plot3_B8::50,2021_Ref_Plot3_B8,Field2,test,6,7,0.15780790345811146,9.39710745322394,0.08090419173250289
2021_Ref_Plot3_B8::57,2021_Ref_Plot3_B8,Field2,test,7,8,0.10006179232856027,10.682088377643895,0.02626734958475215
2021_Ref_Plot3_B8::65,2021_Ref_Plot3_B8,Field2,test,8,9,0.1084808725897446,10.191656635480602,0.041019664682395374
2021_Ref_Plot3_B8::69,2021_Ref_Plot3_B8,Field2,test,4,10,0.18146138513940302,11.967897948615626,0.07820262915727533
2021_Ref_Plot3_B8::71,2021_Ref_Plot3_B8,Field2,test,2,11,0.17295856362913584,9.343717015409172,0.12127353911594664
2021_Ref_Plot3_B8::76,2021_Ref_Plot3_B8,Field2,test,5,12,0.12229087949052304,11.432007305213233,0.01645768350665847
2021_Ref_Plot3_B8::80,2021_Ref_Plot3_B8,Field2,test,4,13,0.10517298211849968,8.97064649823861,0.03518322521004913
2021_Ref_Plot3_B8::85,2021_Ref_Plot3_B8,Field2,test,5,14,0.12028073323622675,9.107827031949288,0.0642642726320759
2021_Ref_Plot3_C15::8,2021_Ref_Plot3_C15,Field2,test,7,1,0.7423078732657821,27.321157338608852,0.24961562654538247
2021_Ref_Plot3_C15::16,2021_Ref_Plot3_C15,Field2,test,8,2,0.8010099777114026,31.23965479697678,0.37021812081183886
2021_Ref_Plot3_C15::22,2021_Ref_Plot3_C15,Field2,test,6,3,0.3535847140452857,16.664194813278495,0.12149919681683416
2021_Ref_Plot3_C15::27,2021_Ref_Plot3_C15,Field2,test,5,4,0.2936112486216616,16.581541955946427,0.09068596787514635
2021_Ref_Plot3_C15::35,2021_Ref_Plot3_C15,Field2,test,8,5,0.17292460168577384,12.523682538787845,0.05993416894883489
2021_Ref_Plot3_C15::44,2021_Ref_Plot3_C15,Field2,test,9,6,0.09519236674846127,9.185828593211316,0.044811654497804596
2021_Ref_Plot3_C15::50,2021_Ref_Plot3_C15,Field2,test,6,7,0.17053478716918838,8.80302387251691,0.10259000811550881
2021_Ref_Plot3_C15::57,2021_Ref_Plot3_C15,Field2,test,7,8,0.09542186977154377,9.98391916624795,0.03070438963610303
2021_Ref_Plot3_C15::65,2021_Ref_Plot3_C15,Field2,test,8,9,0.09739373279274537,9.432843051164928,0.050013804669639866
2021_Ref_Plot3_C15::69,2021_Ref_Plot3_C15,Field2,test,4,10,0.14328504224814312,11.428028716023457,0.07355878420400783
2021_Ref_Plot3_C15::71,2021_Ref_Plot3_C15,Field2,test,2,11,0.13666936336402327,9.303895516870044,0.09328207425252069
2021_Ref_Plot3_C15::76,2021_Ref_Plot3_C15,Field2,test,5,12,0.11907371008860408,12.586148639265327,0.024009230184003142
2021_Ref_Plot3_C15::80,2021_Ref_Plot3_C15,Field2,test,4,13,0.1047501205577801,9.276966974189218,0.05123671791934809
2021_Ref_Plot3_C15::85,2021_Ref_Plot3_C15,Field2,test,5,14,0.13362287741032697,10.400210250379194,0.0651475411535556
2021_Ref_Plot3_C2::8,2021_Ref_Plot3_C2,Field2,test,7,1,0.7078091776446037,27.575190102720356,0.19699528847936773
2021_Ref_Plot3_C2::16,2021_Ref_Plot3_C2,Field2,test,8,2,0.8200929869564296,31.720122387517744,0.3960777201731826
2021_Ref_Plot3_C2::22,2021_Ref_Plot3_C2,Field2,test,6,3,0.32271474205260553,17.217112807037186,0.10696543973059534
2021_Ref_Plot3_C2::27,2021_Ref_Plot3_C2,Field2,test,5,4,0.3031262536092531,17.02697629236273,0.10349528015832112
2021_Ref_Plot3_C2::35,2021_Ref_Plot3_C2,Field2,test,8,5,0.20439966073711568,13.297228924889396,0.05505583250626806
2021_Ref_Plot3_C2::44,2021_Ref_Plot3_C2,Field2,test,9,6,0.1047710167948308,9.999771873267976,0.027178801801517438
2021_Ref_Plot3_C2::50,2021_Ref_Plot3_C2,Field2,test,6,7,0.1482287730313018,9.231150961251336,0.09431811910746529
2021_Ref_Plot3_C2::57,2021_Ref_Plot3_C2,Field2,test,7,8,0.1363410491279947,10.9349820827675,0.055047822395014274
2021_Ref_Plot3_C2::65,2021_Ref_Plot3_C2,Field2,test,8,9,0.12058772961705523,9.388043883916271,0.05941779035766618
2021_Ref_Plot3_C2::69,2021_Ref_Plot3_C2,Field2,test,4,10,0.18373491208359818,11.605107156033744,0.07693089632525861
2021_Ref_Plot3_C2::71,2021_Ref_Plot3_C2,Field2,test,2,11,0.15507346188517734,9.924197540057687,0.11401872017736177
2021_Ref_Plot3_C2::76,2021_Ref_Plot3_C2,Field2,test,5,12,0.1879798255264701,14.061418174367173,0.022009912438473198
2021_Ref_Plot3_C2::80,2021_Ref_Plot3_C2,Field2,test,4,13,0.07728873379034024,8.240189672191878,0.016598821467034126
2021_Ref_Plot3_C2::85,2021_Ref_Plot3_C2,Field2,test,5,14,0.14047886365413736,10.138174677152726,0.07294335911291258
2021_Ref_Plot3_C3::8,2021_Ref_Plot3_C3,Field2,test,7,1,0.7106046174190022,27.01886524559702,0.20126626383889445
2021_Ref_Plot3_C3::16,2021_Ref_Plot3_C3,Field2,test,8,2,0.793450824190332,30.48762279067651,0.3731536959227151
2021_Ref_Plot3_C3::22,2021_Ref_Plot3_C3,Field2,test,6,3,0.3457385730512483,17.33951269089071,0.11825628190226405
2021_Ref_Plot3_C3::27,2021_Ref_Plot3_C3,Field2,test,5,4,0.3097979064346735,16.388841235841014,0.10027260064034486
2021_Ref_Plot3_C3::35,2021_Ref_Plot3_C3,Field2,test,8,5,0.16412137866976503,12.334521151091213,0.028343191869205253
2021_Ref_Plot3_C3::44,2021_Ref_Plot3_C3,Field2,test,9,6,0.096851934661562,9.934944405031633,0.03233843234335772
2021_Ref_Plot3_C3::50,2021_Ref_Plot3_C3,Field2,test,6,7,0.14706484587978752,9.452342930637478,0.08821167653188633
2021_Ref_Plot3_C3::57,2021_Ref_Plot3_C3,Field2,test,7,8,0.10277030785896513,10.425779087171803,0.030774783658796982
2021_Ref_Plot3_C3::65,2021_Ref_Plot3_C3,Field2,test,8,9,0.08950400623563969,9.934258838238321,0.04253167150840096
2021_Ref_Plot3_C3::69,2021_Ref_Plot3_C3,Field2,test,4,10,0.1868491100750345,12.030868040036545,0.08007843574924374
2021_Ref_Plot3_C3::71,2021_Ref_Plot3_C3,Field2,test,2,11,0.12075881079049418,9.108415475543437,0.07390898715609137
2021_Ref_Plot3_C3::76,2021_Ref_Plot3_C3,Field2,test,5,12,0.19082550189214356,12.989915209391965,0.016409564857915254
2021_Ref_Plot3_C3::80,2021_Ref_Plot3_C3,Field2,test,4,13,0.09650057019981327,9.553374889794314,0.0296556025380638
2021_Ref_Plot3_C3::85,2021_Ref_Plot3_C3,Field2,test,5,14,0.1203491183442716,10.05760519604631,0.06317823382085996
2021_Ref_Plot3_C4::8,2021_Ref_Plot3_C4,Field2,test,7,1,0.7151291439973573,27.374975382309618,0.22770674278157316
2021_Ref_Plot3_C4::16,2021_Ref_Plot3_C4,Field2,test,8,2,0.7791796928745941,29.719895852214734,0.3611012917274653
2021_Ref_Plot3_C4::22,2021_Ref_Plot3_C4,Field2,test,6,3,0.36817604977474533,17.062731824141796,0.13543279512481587
2021_Ref_Plot3_C4::27,2021_Ref_Plot3_C4,Field2,test,5,4,0.29917416259803253,15.995115959832638,0.09082189723508055
2021_Ref_Plot3_C4::35,2021_Ref_Plot3_C4,Field2,test,8,5,0.15721503691866276,11.807246267332145,0.04505786805391424
2021_Ref_Plot3_C4::44,2021_Ref_Plot3_C4,Field2,test,9,6,0.1203863945472728,9.526360337051997,0.05393480623168125
2021_Ref_Plot3_C4::50,2021_Ref_Plot3_C4,Field2,test,6,7,0.15370971951230242,9.344040319194567,0.08680401425719358
2021_Ref_Plot3_C4::57,2021_Ref_Plot3_C4,Field2,test,7,8,0.12577587637824872,11.180910764810196,0.05265888934213962
2021_Ref_Plot3_C4::65,2021_Ref_Plot3_C4,Field2,test,8,9,0.09153251850512108,9.49277414312522,0.036446603879644435
2021_Ref_Plot3_C4::69,2021_Ref_Plot3_C4,Field2,test,4,10,0.2135194702313478,11.71710729967348,0.09933536836504232
2021_Ref_Plot3_C4::71,2021_Ref_Plot3_C4,Field2,test,2,11,0.12789187174128955,8.4705561193789,0.045405244383050256
2021_Ref_Plot3_C4::76,2021_Ref_Plot3_C4,Field2,test,5,12,0.18265025921944508,13.534858776157337,0.020581212832895098
2021_Ref_Plot3_C4::80,2021_Ref_Plot3_C4,Field2,test,4,13,0.11016811299304312,10.1179106088512,0.038084445051690556
2021_Ref_Plot3_C4::85,2021_Ref_Plot3_C4,Field2,test,5,14,0.11691366572828527,10.246328307461035,0.05893210197704469
2021_Ref_Plot3_D1::8,2021_Ref_Plot3_D1,Field2,test,7,1,0.7059711736605636,26.908941917160348,0.18282964644280603
2021_Ref_Plot3_D1::16,2021_Ref_Plot3_D1,Field2,test,8,2,0.7878089152000394,30.888720983051634,0.36295728316737186
2021_Ref_Plot3_D1::22,2021_Ref_Plot3_D1,Field2,test,6,3,0.31059252152899647,17.089417030830226,0.09797997408189728
2021_Ref_Plot3_D1::27,2021_Ref_Plot3_D1,Field2,test,5,4,0.3182756455450244,17.37898216430972,0.10742672698822264
2021_Ref_Plot3_D1::35,2021_Ref_Plot3_D1,Field2,test,8,5,0.15238558495161533,12.975291510466763,0.02124929730036393
2021_Ref_Plot3_D1::44,2021_Ref_Plot3_D1,Field2,test,9,6,0.12103221679379961,10.598578084918717,0.03214106967843107
2021_Ref_Plot3_D1::50,2021_Ref_Plot3_D1,Field2,test,6,7,0.1418212991266396,9.180949448561499,0.07869423932279207
2021_Ref_Plot3_D1::57,2021_Ref_Plot3_D1,Field2,test,7,8,0.13456717313235525,11.332873845109537,0.04004787630634689
2021_Ref_Plot3_D1::65,2021_Ref_Plot3_D1,Field2,test,8,9,0.09453918659865258,8.957897075838266,0.03298346152343365
2021_Ref_Plot3_D1::69,2021_Ref_Plot3_D1,Field2,test,4,10,0.18807009450778586,12.402125044247281,0.07901788002922716
2021_Ref_Plot3_D1::71,2021_Ref_Plot3_D1,Field2,test,2,11,0.1625313778591915,8.694404717461346,0.11391278788158563
2021_Ref_Plot3_D1::76,2021_Ref_Plot3_D1,Field2,test,5,12,0.161778896692342,14.993437886860061,0.04511033885199642
2021_Ref_Plot3_D1::80,2021_Ref_Plot3_D1,Field2,test,4,13,0.07605977060013426,7.960465957119728,0.03226067471048564
2021_Ref_Plot3_D1::85,2021_Ref_Plot3_D1,Field2,test,5,14,0.1022295407486354,8.750091402169746,0.0378596564174215
2021_Ref_Plot3_D15::8,2021_Ref_Plot3_D15,Field2,test,7,1,0.7141471782962096,27.776446168621316,0.19721095995344218
2021_Ref_Plot3_D15::16,2021_Ref_Plot3_D15,Field2,test,8,2,0.781836846088762,30.87238473436837,0.3502382858111702
2021_Ref_Plot3_D15::22,2021_Ref_Plot3_D15,Field2,test,6,3,0.3265423447265736,16.981419481455827,0.10790773956284296
2021_Ref_Plot3_D15::27,2021_Ref_Plot3_D15,Field2,test,5,4,0.326564945531057,17.51612496200671,0.12808683410192856
2021_Ref_Plot3_D15::35,2021_Ref_Plot3_D15,Field2,test,8,5,0.16565517898901588,12.763333494997994,0.028797395357274467
2021_Ref_Plot3_D15::44,2021_Ref_Plot3_D15,Field2,test,9,6,0.09245169380997502,9.786827769201201,0.025488019747484197
2021_Ref_Plot3_D15::50,2021_Ref_Plot3_D15,Field2,test,6,7,0.14549810468812288,8.832727467548867,0.08299418375763717
2021_Ref_Plot3_D15::57,2021_Ref_Plot3_D15,Field2,test,7,8,0.10716489660158757,11.064339260794632,0.0405917511292535
2021_Ref_Plot3_D15::65,2021_Ref_Plot3_D15,Field2,test,8,9,0.08801467136684359,8.829665953865858,0.05315475423633536
2021_Ref_Plot3_D15::69,2021_Ref_Plot3_D15,Field2,test,4,10,0.14854670805826717,11.738642697375859,0.06640967603569188
2021_Ref_Plot3_D15::71,2021_Ref_Plot3_D15,Field2,test,2,11,0.12945475574352075,9.755362936894791,0.08480534784808079
2021_Ref_Plot3_D15::76,2021_Ref_Plot3_D15,Field2,test,5,12,0.13566291517443468,12.937531451999964,0.01807443673633386
2021_Ref_Plot3_D15::80,2021_Ref_Plot3_D15,Field2,test,4,13,0.06794809619202621,8.7718919230986,0.003168027712540936
2021_Ref_Plot3_D15::85,2021_Ref_Plot3_D15,Field2,test,5,14,0.14734295766527392,10.59507999668066,0.06546087845487814
2021_Ref_Plot3_D19::8,2021_Ref_Plot3_D19,Field2,test,7,1,0.6947232451977124,26.202141149319267,0.21611592480062253
2021_Ref_Plot3_D19::16,2021_Ref_Plot3_D19,Field2,test,8,2,0.7798338077287564,30.57953622107175,0.38451567365033906
2021_Ref_Plot3_D19::22,2021_Ref_Plot3_D19,Field2,test,6,3,0.3257898858508958,17.071594234210462,0.12019758712997757
2021_Ref_Plot3_D19::27,2021_Ref_Plot3_D19,Field2,test,5,4,0.2589358982904816,16.804748255239275,0.07952031637532489
2021_Ref_Plot3_D19::35,2021_Ref_Plot3_D19,Field2,test,8,5,0.1714792243493469,12.92842795985761,0.04792193304502912
2021_Ref_Plot3_D19::44,2021_Ref_Plot3_D19,Field2,test,9,6,0.10868626923004043,9.694701993773853,0.03138434783885692
2021_Ref_Plot3_D19::50,2021_Ref_Plot3_D19,Field2,test,6,7,0.13428648588016964,8.64782728053318,0.06386801387041567
2021_Ref_Plot3_D19::57,2021_Ref_Plot3_D19,Field2,test,7,8,0.08956414344780468,10.307496701762526,0.015707642111471118
2021_Ref_Plot3_D19::65,2021_Ref_Plot3_D19,Field2,test,8,9,0.11518358910987025,9.329186568236121,0.06464531879351415
2021_Ref_Plot3_D19::69,2021_Ref_Plot3_D19,Field2,test,4,10,0.20056017792339784,12.378527287163031,0.10259628805056716
2021_Ref_Plot3_D19::71,2021_Ref_Plot3_D19,Field2,test,2,11,0.12407443254005024,8.80916647909877,0.07470337666362549
2021_Ref_Plot3_D19::76,2021_Ref_Plot3_D19,Field2,test,5,12,0.0927087894537731,10.90143033192398,0.015588598478579558
2021_Ref_Plot3_D19::80,2021_Ref_Plot3_D19,Field2,test,4,13,0.07004093720031183,9.270318665664593,0.015709876407060612
2021_Ref_Plot3_D19::85,2021_Ref_Plot3_D19,Field2,test,5,14,0.11251700122721496,9.84695339330371,0.0625231894211596
2021_Ref_Plot3_D20::8,2021_Ref_Plot3_D20,Field2,test,7,1,0.7207115036162571,26.398526138805885,0.22250972224083246
2021_Ref_Plot3_D20::16,2021_Ref_Plot3_D20,Field2,test,8,2,0.799238152733384,30.667892129190143,0.4059440102743663
2021_Ref_Plot3_D20::22,2021_Ref_Plot3_D20,Field2,test,6,3,0.31081120879983876,16.726779999819968,0.11634486977607501
2021_Ref_Plot3_D20::27,2021_Ref_Plot3_D20,Field2,test,5,4,0.2505771521102186,16.82339980223703,0.07662213136279081
2021_Ref_Plot3_D20::35,2021_Ref_Plot3_D20,Field2,test,8,5,0.157078631553073,12.824922780285917,0.02848066555004633
2021_Ref_Plot3_D20::44,2021_Ref_Plot3_D20,Field2,test,9,6,0.10147879269616378,9.74866324059646,0.01697847935579199
2021_Ref_Plot3_D20::50,2021_Ref_Plot3_D20,Field2,test,6,7,0.12984922463516338,8.646815417137775,0.07054427918140141
2021_Ref_Plot3_D20::57,2021_Ref_Plot3_D20,Field2,test,7,8,0.0889263544573196,10.737546926339952,0.019799381375681695
2021_Ref_Plot3_D20::65,2021_Ref_Plot3_D20,Field2,test,8,9,0.1132617010694187,9.144030536313855,0.06132636145427497
2021_Ref_Plot3_D20::69,2021_Ref_Plot3_D20,Field2,test,4,10,0.19124315152450425,12.626775008466867,0.08464443369503313
2021_Ref_Plot3_D20::71,2021_Ref_Plot3_D20,Field2,test,2,11,0.1245015293008636,8.778207707185828,0.09643765307178137
2021_Ref_Plot3_D20::76,2021_Ref_Plot3_D20,Field2,test,5,12,0.13505635910180994,12.703157066852167,0.036625616878162626
2021_Ref_Plot3_D20::80,2021_Ref_Plot3_D20,Field2,test,4,13,0.06232984118050942,8.055449701715405,0.007875732399226737
2021_Ref_Plot3_D20::85,2021_Ref_Plot3_D20,Field2,test,5,14,0.11001989761655258,9.689322468646951,0.05984400616710269
2021_Ref_Plot3_E11::8,2021_Ref_Plot3_E11,Field2,test,7,1,0.6634373277312354,27.38227448279602,0.15558753198690004
2021_Ref_Plot3_E11::16,2021_Ref_Plot3_E11,Field2,test,8,2,0.733802588958568,29.653867040341602,0.29665044156664655
2021_Ref_Plot3_E11::22,2021_Ref_Plot3_E11,Field2,test,6,3,0.31012134596048063,16.867003088511662,0.09843572562080921
2021_Ref_Plot3_E11::27,2021_Ref_Plot3_E11,Field2,test,5,4,0.25796595825072705,16.613951868820788,0.07797352415245072
2021_Ref_Plot3_E11::35,2021_Ref_Plot3_E11,Field2,test,8,5,0.16716487073892503,12.594918377090172,0.05846676118570154
2021_Ref_Plot3_E11::44,2021_Ref_Plot3_E11,Field2,test,9,6,0.09431949999936846,10.609112984375615,0.030825996705645498
2021_Ref_Plot3_E11::50,2021_Ref_Plot3_E11,Field2,test,6,7,0.13917202970118517,9.363289436659068,0.08724131564638982
2021_Ref_Plot3_E11::57,2021_Ref_Plot3_E11,Field2,test,7,8,0.10318686571363324,11.273673193414343,0.027337442782623983
2021_Ref_Plot3_E11::65,2021_Ref_Plot3_E11,Field2,test,8,9,0.09181993849509708,9.180261576143245,0.04142873686009227
2021_Ref_Plot3_E11::69,2021_Ref_Plot3_E11,Field2,test,4,10,0.16960605962344433,12.6015581987294,0.07702684585971882
2021_Ref_Plot3_E11::71,2021_Ref_Plot3_E11,Field2,test,2,11,0.10702918851111294,7.207278889595608,0.030518818474209824
2021_Ref_Plot3_E11::76,2021_Ref_Plot3_E11,Field2,test,5,12,0.12285821807580999,11.68950785728028,0.01572436896948124
2021_Ref_Plot3_E11::80,2021_Ref_Plot3_E11,Field2,test,4,13,0.06002718705046075,9.3627464491228,0.011833190643498406
2021_Ref_Plot3_E11::85,2021_Ref_Plot3_E11,Field2,test,5,14,0.0886601700487732,10.225418291868152,0.04483873492861107
2021_Ref_Plot4_A7::8,2021_Ref_Plot4_A7,Field2,test,7,1,0.74036182252792,27.109643067437208,0.22781520088813453
2021_Ref_Plot4_A7::16,2021_Ref_Plot4_A7,Field2,test,8,2,0.8007298991152577,30.397463213762688,0.3726992969319061
2021_Ref_Plot4_A7::22,2021_Ref_Plot4_A7,Field2,test,6,3,0.3248422892534144,17.322603526338657,0.10793252478487012
2021_Ref_Plot4_A7::27,2021_Ref_Plot4_A7,Field2,test,5,4,0.45415448345505155,19.47085763867801,0.16741897853255266
2021_Ref_Plot4_A7::35,2021_Ref_Plot4_A7,Field2,test,8,5,0.19831616656164272,15.336811146829461,0.02939155167646091
2021_Ref_Plot4_A7::44,2021_Ref_Plot4_A7,Field2,test,9,6,0.1518194658195248,9.51644619832127,0.02590615143109108
2021_Ref_Plot4_A7::50,2021_Ref_Plot4_A7,Field2,test,6,7,0.1418395441884285,9.167356448285993,0.0805207846822677
2021_Ref_Plot4_A7::57,2021_Ref_Plot4_A7,Field2,test,7,8,0.12221502312069228,8.535510128232202,0.05823370497576138
2021_Ref_Plot4_A7::65,2021_Ref_Plot4_A7,Field2,test,8,9,0.14364717428149823,11.353332510399301,0.05161444631621812
2021_Ref_Plot4_A7::69,2021_Ref_Plot4_A7,Field2,test,4,10,0.18060090943247822,12.219018981181494,0.10565608391415005
2021_Ref_Plot4_A7::71,2021_Ref_Plot4_A7,Field2,test,2,11,0.1609611737895719,8.891071547192578,0.09703334733881534
2021_Ref_Plot4_A7::76,2021_Ref_Plot4_A7,Field2,test,5,12,0.1293030739085302,12.277512436395597,0.009077866628149371
2021_Ref_Plot4_A7::80,2021_Ref_Plot4_A7,Field2,test,4,13,0.11566413298694123,8.852522718675019,0.03404424042478216
2021_Ref_Plot4_A7::85,2021_Ref_Plot4_A7,Field2,test,5,14,0.107606012104431,9.394415880653048,0.05500387859761623
2021_Ref_Plot4_B11::8,2021_Ref_Plot4_B11,Field2,test,7,1,0.7514709326186487,27.447828583672703,0.2129943701478539
2021_Ref_Plot4_B11::16,2021_Ref_Plot4_B11,Field2,test,8,2,0.8504486601901246,32.407472813501315,0.42199240343899247
2021_Ref_Plot4_B11::22,2021_Ref_Plot4_B11,Field2,test,6,3,0.36662058416832793,17.753353012604038,0.14243982129770152
2021_Ref_Plot4_B11::27,2021_Ref_Plot4_B11,Field2,test,5,4,0.40124689777196515,18.602481932694637,0.1444612778437669
2021_Ref_Plot4_B11::35,2021_Ref_Plot4_B11,Field2,test,8,5,0.21282339348949306,15.606763029037245,0.030253275774699637
2021_Ref_Plot4_B11::44,2021_Ref_Plot4_B11,Field2,test,9,6,0.17118785178922266,10.900971544442879,0.05891831340556235
2021_Ref_Plot4_B11::50,2021_Ref_Plot4_B11,Field2,test,6,7,0.15597719439448185,9.356619024729296,0.0758152103037289
2021_Ref_Plot4_B11::57,2021_Ref_Plot4_B11,Field2,test,7,8,0.1276013802296928,9.410353853118577,0.05498121798190001
2021_Ref_Plot4_B11::65,2021_Ref_Plot4_B11,Field2,test,8,9,0.14091670709670023,11.61848283333545,0.047647559983561315
2021_Ref_Plot4_B11::69,2021_Ref_Plot4_B11,Field2,test,4,10,0.23178554187268707,12.606562296016609,0.09769128485797293
2021_Ref_Plot4_B11::71,2021_Ref_Plot4_B11,Field2,test,2,11,0.15275211831433735,8.862424784731722,0.08086116352474201
2021_Ref_Plot4_B11::76,2021_Ref_Plot4_B11,Field2,test,5,12,0.12599570576652322,13.352973818378127,0.023284345877784638
2021_Ref_Plot4_B11::80,2021_Ref_Plot4_B11,Field2,test,4,13,0.0690666478713263,8.346111834071733,0.015386966707345764
2021_Ref_Plot4_B11::85,2021_Ref_Plot4_B11,Field2,test,5,14,0.10372758730672,8.379605460542628,0.03903179883954535
2021_Ref_Plot4_B12::8,2021_Ref_Plot4_B12,Field2,test,7,1,0.737299353465643,27.225078018915603,0.2244167055080418
2021_Ref_Plot4_B12::16,2021_Ref_Plot4_B12,Field2,test,8,2,0.82384964893446,31.259205712884075,0.39323809663991444
2021_Ref_Plot4_B12::22,2021_Ref_Plot4_B12,Field2,test,6,3,0.3497825384981472,17.703163327321782,0.1305569015929536
2021_Ref_Plot4_B12::27,2021_Ref_Plot4_B12,Field2,test,5,4,0.4094623288040092,18.49709470974043,0.16106896785117628
2021_Ref_Plot4_B12::35,2021_Ref_Plot4_B12,Field2,test,8,5,0.19824244835657534,15.439859444070228,0.025729629871545687
2021_Ref_Plot4_B12::44,2021_Ref_Plot4_B12,Field2,test,9,6,0.16768356984104282,10.65317319328761,0.04719134800537828
2021_Ref_Plot4_B12::50,2021_Ref_Plot4_B12,Field2,test,6,7,0.18823219029358837,10.06107510805747,0.09757718901573385
2021_Ref_Plot4_B12::57,2021_Ref_Plot4_B12,Field2,test,7,8,0.1481159075584354,10.08970452294649,0.057866924966533284
2021_Ref_Plot4_B12::65,2021_Ref_Plot4_B12,Field2,test,8,9,0.10007016384110974,11.037937542391518,0.024486108047598272
2021_Ref_Plot4_B12::69,2021_Ref_Plot4_B12,Field2,test,4,10,0.2211884386240597,12.583796394177984,0.0756718977350993
2021_Ref_Plot4_B12::71,2021_Ref_Plot4_B12,Field2,test,2,11,0.17532579367974707,9.789882317930605,0.1027977921349598
2021_Ref_Plot4_B12::76,2021_Ref_Plot4_B12,Field2,test,5,12,0.13280662062732174,13.246173458282781,0.03477780379280965
2021_Ref_Plot4_B12::80,2021_Ref_Plot4_B12,Field2,test,4,13,0.11644377586401866,8.726982116687513,0.028620875022069038
2021_Ref_Plot4_B12::85,2021_Ref_Plot4_B12,Field2,test,5,14,0.10340711119262802,7.220668885217886,0.03085749434090944
2021_Ref_Plot4_B13::8,2021_Ref_Plot4_B13,Field2,test,7,1,0.7368922249483418,27.25819856788384,0.23284584490523766
2021_Ref_Plot4_B13::16,2021_Ref_Plot4_B13,Field2,test,8,2,0.8173363193688741,31.07898710211808,0.37275906878170295
2021_Ref_Plot4_B13::22,2021_Ref_Plot4_B13,Field2,test,6,3,0.32754183267955433,17.5603854609844,0.11007821197226104
2021_Ref_Plot4_B13::27,2021_Ref_Plot4_B13,Field2,test,5,4,0.38647735162991,17.922110735687795,0.14731568602441034
2021_Ref_Plot4_B13::35,2021_Ref_Plot4_B13,Field2,test,8,5,0.1787531787834803,14.408593186235345,0.02516333753494954
2021_Ref_Plot4_B13::44,2021_Ref_Plot4_B13,Field2,test,9,6,0.1265319487788796,9.648194246174086,0.03704161897143476
2021_Ref_Plot4_B13::50,2021_Ref_Plot4_B13,Field2,test,6,7,0.1451711309199901,9.410179288164601,0.07585973711492347
2021_Ref_Plot4_B13::57,2021_Ref_Plot4_B13,Field2,test,7,8,0.12033431427852155,9.429179653826665,0.04340553422948373
2021_Ref_Plot4_B13::65,2021_Ref_Plot4_B13,Field2,test,8,9,0.08780436022333526,10.541827844581258,0.026493007702234353
2021_Ref_Plot4_B13::69,2021_Ref_Plot4_B13,Field2,test,4,10,0.1961459412124751,11.85126341118549,0.07948633164042244
2021_Ref_Plot4_B13::71,2021_Ref_Plot4_B13,Field2,test,2,11,0.1594442598951862,10.292730575497487,0.10353210884899854
2021_Ref_Plot4_B13::76,2021_Ref_Plot4_B13,Field2,test,5,12,0.11246386205530357,11.955793617795283,0.01748533836154544
2021_Ref_Plot4_B13::80,2021_Ref_Plot4_B13,Field2,test,4,13,0.07670535250195532,8.110308549151194,0.015862227005005423
2021_Ref_Plot4_B13::85,2021_Ref_Plot4_B13,Field2,test,5,14,0.10268385976996809,8.408458906416556,0.039981346252346006
2021_Ref_Plot4_B15::8,2021_Ref_Plot4_B15,Field2,test,7,1,0.77055165055521,27.974836956086264,0.2350216477366228
2021_Ref_Plot4_B15::16,2021_Ref_Plot4_B15,Field2,test,8,2,0.8315081862639792,31.19979349401488,0.38546034184752287
2021_Ref_Plot4_B15::22,2021_Ref_Plot4_B15,Field2,test,6,3,0.363423144519686,17.83008673136077,0.1417658438363032
2021_Ref_Plot4_B15::27,2021_Ref_Plot4_B15,Field2,test,5,4,0.3498230579878441,17.26192477488081,0.1209190700499028
2021_Ref_Plot4_B15::35,2021_Ref_Plot4_B15,Field2,test,8,5,0.17962424612148986,14.029387966718703,0.027624310509594237
2021_Ref_Plot4_B15::44,2021_Ref_Plot4_B15,Field2,test,9,6,0.12127355169627395,8.763923143795415,0.0314870609701604
2021_Ref_Plot4_B15::50,2021_Ref_Plot4_B15,Field2,test,6,7,0.1361878888438017,8.86800961955524,0.07430320482091213
2021_Ref_Plot4_B15::57,2021_Ref_Plot4_B15,Field2,test,7,8,0.13406033047225366,9.898143111136598,0.05532129773215001
2021_Ref_Plot4_B15::65,2021_Ref_Plot4_B15,Field2,test,8,9,0.12474870016418678,11.151476205509693,0.04853464920320737
2021_Ref_Plot4_B15::69,2021_Ref_Plot4_B15,Field2,test,4,10,0.23000042549064004,12.999116684473195,0.11861439676109291
2021_Ref_Plot4_B15::71,2021_Ref_Plot4_B15,Field2,test,2,11,0.18021241329822693,10.178792912074998,0.11110106314959246
2021_Ref_Plot4_B15::76,2021_Ref_Plot4_B15,Field2,test,5,12,0.1181260755585179,12.022231734454534,0.017847217067172502
2021_Ref_Plot4_B15::80,2021_Ref_Plot4_B15,Field2,test,4,13,0.0899897520830361,8.679310858412958,0.012586639406654044
2021_Ref_Plot4_B15::85,2021_Ref_Plot4_B15,Field2,test,5,14,0.10539313380891713,9.218735624220361,0.0340094181186942
2021_Ref_Plot4_B16::8,2021_Ref_Plot4_B16,Field2,test,7,1,0.7595030638579475,27.411903041239725,0.22835328431598587
2021_Ref_Plot4_B16::16,2021_Ref_Plot4_B16,Field2,test,8,2,0.8500000089038459,32.407203162891676,0.4181296128734903
2021_Ref_Plot4_B16::22,2021_Ref_Plot4_B16,Field2,test,6,3,0.36283808610492035,18.088835539433475,0.13023950728536746
2021_Ref_Plot4_B16::27,2021_Ref_Plot4_B16,Field2,test,5,4,0.38324437059088545,18.094192607421743,0.1339460970835252
2021_Ref_Plot4_B16::35,2021_Ref_Plot4_B16,Field2,test,8,5,0.20189601237065857,14.19957191123518,0.03925052217887632
2021_Ref_Plot4_B16::44,2021_Ref_Plot4_B16,Field2,test,9,6,0.12220292308174623,9.326231484184438,0.031009633461088232
2021_Ref_Plot4_B16::50,2021_Ref_Plot4_B16,Field2,test,6,7,0.1031852285028137,8.56189061322545,0.053724153407172
2021_Ref_Plot4_B16::57,2021_Ref_Plot4_B16,Field2,test,7,8,0.10612557290583106,9.308298912560764,0.045132043200423494
2021_Ref_Plot4_B16::65,2021_Ref_Plot4_B16,Field2,test,8,9,0.10596310562121995,10.789541748281499,0.024223464012069665
2021_Ref_Plot4_B16::69,2021_Ref_Plot4_B16,Field2,test,4,10,0.19104695911776634,12.578581087709688,0.07922376727182204
2021_Ref_Plot4_B16::71,2021_Ref_Plot4_B16,Field2,test,2,11,0.14522252299351157,9.486846758310763,0.08712742129764046
2021_Ref_Plot4_B16::76,2021_Ref_Plot4_B16,Field2,test,5,12,0.13589185266245324,14.235812497953525,0.02031809074484834
2021_Ref_Plot4_B16::80,2021_Ref_Plot4_B16,Field2,test,4,13,0.09610995051378028,8.097168471646318,0.03831149973839992
2021_Ref_Plot4_B16::85,2021_Ref_Plot4_B16,Field2,test,5,14,0.09080603780073036,9.09185250539579,0.03789407119786057
2021_Ref_Plot4_B17::8,2021_Ref_Plot4_B17,Field2,test,7,1,0.7417951475281779,26.63566071773051,0.21810894590635224
2021_Ref_Plot4_B17::16,2021_Ref_Plot4_B17,Field2,test,8,2,0.8443309555640518,31.830989824274553,0.41683839150504026
2021_Ref_Plot4_B17::22,2021_Ref_Plot4_B17,Field2,test,6,3,0.3520768544242571,18.09997352691813,0.12748299109036182
2021_Ref_Plot4_B17::27,2021_Ref_Plot4_B17,Field2,test,5,4,0.3659046156582198,18.005857678783414,0.12859675272536142
2021_Ref_Plot4_B17::35,2021_Ref_Plot4_B17,Field2,test,8,5,0.17654698151020973,13.648692089108112,0.03312547579238326
2021_Ref_Plot4_B17::44,2021_Ref_Plot4_B17,Field2,test,9,6,0.1356319556710091,9.243846440616247,0.044317924260219306
2021_Ref_Plot4_B17::50,2021_Ref_Plot4_B17,Field2,test,6,7,0.1386827995104173,9.45467121482616,0.0766711868332941
2021_Ref_Plot4_B17::57,2021_Ref_Plot4_B17,Field2,test,7,8,0.10458623515253647,9.470069559691701,0.03663513950810335
2021_Ref_Plot4_B17::65,2021_Ref_Plot4_B17,Field2,test,8,9,0.09078392256523649,10.499230280026126,0.010338819945591176
2021_Ref_Plot4_B17::69,2021_Ref_Plot4_B17,Field2,test,4,10,0.15212305148698635,11.867310612325605,0.05423594835616785
2021_Ref_Plot4_B17::71,2021_Ref_Plot4_B17,Field2,test,2,11,0.17371008315693745,9.758740542561442,0.11531848102461252
2021_Ref_Plot4_B17::76,2021_Ref_Plot4_B17,Field2,test,5,12,0.1382951419596825,13.834251535093031,0.022287271145144897
2021_Ref_Plot4_B17::80,2021_Ref_Plot4_B17,Field2,test,4,13,0.07156194876194129,7.947640221450145,0.01801357070292557
2021_Ref_Plot4_B17::85,2021_Ref_Plot4_B17,Field2,test,5,14,0.09565407034305429,9.452592231242035,0.048009138007243796
2021_Ref_Plot4_C4::8,2021_Ref_Plot4_C4,Field2,test,7,1,0.7479883383161744,26.787898955023937,0.23505155012703174
2021_Ref_Plot4_C4::16,2021_Ref_Plot4_C4,Field2,test,8,2,0.81815798306339,31.011759066360455,0.3974270818168464
2021_Ref_Plot4_C4::22,2021_Ref_Plot4_C4,Field2,test,6,3,0.3358229248496443,17.55011896738828,0.1193239169563399
2021_Ref_Plot4_C4::27,2021_Ref_Plot4_C4,Field2,test,5,4,0.3659887661614283,17.24637558391865,0.14243329661277443
2021_Ref_Plot4_C4::35,2021_Ref_Plot4_C4,Field2,test,8,5,0.22993956142907498,15.48484261171631,0.049905751690315664
2021_Ref_Plot4_C4::44,2021_Ref_Plot4_C4,Field2,test,9,6,0.13087342577263786,9.740896200842425,0.05369285349949
2021_Ref_Plot4_C4::50,2021_Ref_Plot4_C4,Field2,test,6,7,0.16491752626095357,9.89690504994834,0.10956869937804117
2021_Ref_Plot4_C4::57,2021_Ref_Plot4_C4,Field2,test,7,8,0.1458894637607383,10.054954157795049,0.06669674991093982
2021_Ref_Plot4_C4::65,2021_Ref_Plot4_C4,Field2,test,8,9,0.14728842071173312,11.308103120626287,0.04733823715150973
2021_Ref_Plot4_C4::69,2021_Ref_Plot4_C4,Field2,test,4,10,0.20293309777128524,12.785608083468551,0.1024219508025338
2021_Ref_Plot4_C4::71,2021_Ref_Plot4_C4,Field2,test,2,11,0.1250900199700053,8.73422676746996,0.06602433641899604
2021_Ref_Plot4_C4::76,2021_Ref_Plot4_C4,Field2,test,5,12,0.14098509828222777,13.47100112060577,0.014978367544298125
2021_Ref_Plot4_C4::80,2021_Ref_Plot4_C4,Field2,test,4,13,0.07845625356850956,8.43751462288026,0.015004215699881751
2021_Ref_Plot4_C4::85,2021_Ref_Plot4_C4,Field2,test,5,14,0.0792826329184776,9.956232598117396,0.028844590510130705
2021_Ref_Plot4_D11::8,2021_Ref_Plot4_D11,Field2,test,7,1,0.7306056321111777,28.051948695178325,0.2330125106932625
2021_Ref_Plot4_D11::16,2021_Ref_Plot4_D11,Field2,test,8,2,0.8227660289445037,31.72746224751842,0.42468992909970854
2021_Ref_Plot4_D11::22,2021_Ref_Plot4_D11,Field2,test,6,3,0.33038601849489607,17.684502966804942,0.12564511879017676
2021_Ref_Plot4_D11::27,2021_Ref_Plot4_D11,Field2,test,5,4,0.3666068550372992,17.73913511169564,0.15697986330741354
2021_Ref_Plot4_D11::35,2021_Ref_Plot4_D11,Field2,test,8,5,0.20492951791122146,15.187517575220417,0.04442085211115838
2021_Ref_Plot4_D11::44,2021_Ref_Plot4_D11,Field2,test,9,6,0.13222911513363142,9.72032308276517,0.043316290138174285
2021_Ref_Plot4_D11::50,2021_Ref_Plot4_D11,Field2,test,6,7,0.13858321203232793,9.797535922608304,0.08128844160715429
2021_Ref_Plot4_D11::57,2021_Ref_Plot4_D11,Field2,test,7,8,0.10599623782865779,10.291510940281892,0.01977987718754824
2021_Ref_Plot4_D11::65,2021_Ref_Plot4_D11,Field2,test,8,9,0.07162443188575525,8.95916061591972,0.031556264124649666
2021_Ref_Plot4_D11::69,2021_Ref_Plot4_D11,Field2,test,4,10,0.2187569692695368,13.315709991949923,0.07629193009977553
2021_Ref_Plot4_D11::71,2021_Ref_Plot4_D11,Field2,test,2,11,0.1304322363763769,8.895175685097227,0.0811527966189515
2021_Ref_Plot4_D11::76,2021_Ref_Plot4_D11,Field2,test,5,12,0.1923482480885427,14.018617302450746,0.05221339698163261
2021_Ref_Plot4_D11::80,2021_Ref_Plot4_D11,Field2,test,4,13,0.11392821314910245,8.603950124609575,0.05237196037019884
2021_Ref_Plot4_D11::85,2021_Ref_Plot4_D11,Field2,test,5,14,0.17009694367030628,10.699897214279716,0.07177363739233622
2021_Ref_Plot4_D6::8,2021_Ref_Plot4_D6,Field2,test,7,1,0.7119468754423685,27.729835415609703,0.22562468266873653
2021_Ref_Plot4_D6::16,2021_Ref_Plot4_D6,Field2,test,8,2,0.7836014123910241,30.301286983418308,0.373537438362628
2021_Ref_Plot4_D6::22,2021_Ref_Plot4_D6,Field2,test,6,3,0.2926390869576303,16.940109300281467,0.10944292116455895
2021_Ref_Plot4_D6::27,2021_Ref_Plot4_D6,Field2,test,5,4,0.3822095680699187,17.108662555517625,0.17455035132849084
2021_Ref_Plot4_D6::35,2021_Ref_Plot4_D6,Field2,test,8,5,0.1902767342793669,15.444137989803338,0.019938225734446514
2021_Ref_Plot4_D6::44,2021_Ref_Plot4_D6,Field2,test,9,6,0.09943051783166108,9.137922438510932,0.03719073600493796
2021_Ref_Plot4_D6::50,2021_Ref_Plot4_D6,Field2,test,6,7,0.13668927275008924,9.389094092220336,0.08175998762088642
2021_Ref_Plot4_D6::57,2021_Ref_Plot4_D6,Field2,test,7,8,0.15377725529563466,11.16122996213787,0.03518576820504946
2021_Ref_Plot4_D6::65,2021_Ref_Plot4_D6,Field2,test,8,9,0.0834636719331359,9.957340361464567,0.03267788080421573
2021_Ref_Plot4_D6::69,2021_Ref_Plot4_D6,Field2,test,4,10,0.16822724648648194,12.698686362757055,0.07417971248703108
2021_Ref_Plot4_D6::71,2021_Ref_Plot4_D6,Field2,test,2,11,0.1285784485284449,9.170701247528019,0.07495333426501134
2021_Ref_Plot4_D6::76,2021_Ref_Plot4_D6,Field2,test,5,12,0.1881627111537676,14.782254528590983,0.05309070982145316
2021_Ref_Plot4_D6::80,2021_Ref_Plot4_D6,Field2,test,4,13,0.08141681519717207,8.399448449129384,0.02148756862238947
2021_Ref_Plot4_D6::85,2021_Ref_Plot4_D6,Field2,test,5,14,0.08379781420563409,9.383217959478223,0.037730041587917956
2021_Ref_Plot5_A17::8,2021_Ref_Plot5_A17,Field2,test,7,1,0.7293177958281389,27.872324568654566,0.2055643468915753
2021_Ref_Plot5_A17::16,2021_Ref_Plot5_A17,Field2,test,8,2,0.7939281910246855,31.02063061858148,0.3442697657145041
2021_Ref_Plot5_A17::22,2021_Ref_Plot5_A17,Field2,test,6,3,0.3280917001850099,18.691745688318672,0.10784066957732695
2021_Ref_Plot5_A17::27,2021_Ref_Plot5_A17,Field2,test,5,4,0.33030055433918587,18.221857633092753,0.11593784314498996
2021_Ref_Plot5_A17::35,2021_Ref_Plot5_A17,Field2,test,8,5,0.12400940887725258,12.488033049083205,0.01792516289188196
2021_Ref_Plot5_A17::44,2021_Ref_Plot5_A17,Field2,test,9,6,0.10188843942789476,10.250674230185853,0.029162302294236286
2021_Ref_Plot5_A17::50,2021_Ref_Plot5_A17,Field2,test,6,7,0.13312892547315644,8.640808742981548,0.05917310841276771
2021_Ref_Plot5_A17::69,2021_Ref_Plot5_A17,Field2,test,4,9,0.16024877986072653,12.371956848188319,0.0697155216346018
2021_Ref_Plot5_A17::71,2021_Ref_Plot5_A17,Field2,test,2,10,0.15870400423375677,9.071121164492574,0.10998684474484668
2021_Ref_Plot5_A17::76,2021_Ref_Plot5_A17,Field2,test,5,11,0.15798552504087868,14.182745850333243,0.02802658674099789
2021_Ref_Plot5_A17::80,2021_Ref_Plot5_A17,Field2,test,4,12,0.1435261897407856,8.785626828035042,0.048736264356401895
2021_Ref_Plot5_A17::85,2021_Ref_Plot5_A17,Field2,test,5,13,0.08704118435041587,8.301568621280566,0.03772158647602833
2021_Ref_Plot5_A19::8,2021_Ref_Plot5_A19,Field2,test,7,1,0.7301929998703053,28.086937080920563,0.19905727314270247
2021_Ref_Plot5_A19::16,2021_Ref_Plot5_A19,Field2,test,8,2,0.8194347480773939,31.272338812328826,0.3585931363991969
2021_Ref_Plot5_A19::22,2021_Ref_Plot5_A19,Field2,test,6,3,0.35569549801674477,19.040374968426978,0.10863580962033273
2021_Ref_Plot5_A19::27,2021_Ref_Plot5_A19,Field2,test,5,4,0.33513352599564294,18.634803872980235,0.07767143131653508
2021_Ref_Plot5_A19::35,2021_Ref_Plot5_A19,Field2,test,8,5,0.14181609719195057,13.271942533433531,0.033895977186369886
2021_Ref_Plot5_A19::44,2021_Ref_Plot5_A19,Field2,test,9,6,0.12482370135987116,10.576213441947257,0.034600201402551066
2021_Ref_Plot5_A19::50,2021_Ref_Plot5_A19,Field2,test,6,7,0.20639739679196545,9.073007004297425,0.1222779845095495
2021_Ref_Plot5_A19::57,2021_Ref_Plot5_A19,Field2,test,7,8,0.17216312532261235,10.339204911027194,0.05346288035501937
2021_Ref_Plot5_A19::65,2021_Ref_Plot5_A19,Field2,test,8,9,0.13073952665696162,11.72121021552725,0.040530212973481396
2021_Ref_Plot5_A19::69,2021_Ref_Plot5_A19,Field2,test,4,10,0.18656554953836935,12.410413032313595,0.06564302715912694
2021_Ref_Plot5_A19::71,2021_Ref_Plot5_A19,Field2,test,2,11,0.23863437714216873,10.752904629746114,0.15083224561775993
2021_Ref_Plot5_A19::76,2021_Ref_Plot5_A19,Field2,test,5,12,0.16220954184137457,13.793759057915365,0.04563770495011033
2021_Ref_Plot5_A19::80,2021_Ref_Plot5_A19,Field2,test,4,13,0.08927659152515306,7.719910034574113,0.03080755546052107
2021_Ref_Plot5_A19::85,2021_Ref_Plot5_A19,Field2,test,5,14,0.07642930790277679,9.054338626551123,0.026725079802630548
2021_Ref_Plot5_B12::8,2021_Ref_Plot5_B12,Field2,test,7,1,0.7478240857309725,27.557564595961903,0.27231679818744575
2021_Ref_Plot5_B12::16,2021_Ref_Plot5_B12,Field2,test,8,2,0.8073574835507196,30.77604277507195,0.37330295646553197
2021_Ref_Plot5_B12::22,2021_Ref_Plot5_B12,Field2,test,6,3,0.3591566053089241,18.427754186051118,0.1322812810575932
2021_Ref_Plot5_B12::27,2021_Ref_Plot5_B12,Field2,test,5,4,0.3082797449402275,17.09560817685395,0.07914390079458322
2021_Ref_Plot5_B12::35,2021_Ref_Plot5_B12,Field2,test,8,5,0.162419225083397,12.864834901359663,0.03917384217914282
2021_Ref_Plot5_B12::44,2021_Ref_Plot5_B12,Field2,test,9,6,0.1260078578769121,9.805121952228188,0.035262736452672326
2021_Ref_Plot5_B12::50,2021_Ref_Plot5_B12,Field2,test,6,7,0.11915217050021719,8.463843787833884,0.05797393483813383
2021_Ref_Plot5_B12::57,2021_Ref_Plot5_B12,Field2,test,7,8,0.10025183730629693,9.982652335904794,0.011357318475635078
2021_Ref_Plot5_B12::65,2021_Ref_Plot5_B12,Field2,test,8,9,0.12576860425642208,11.342013674239961,0.04713728446477066
2021_Ref_Plot5_B12::69,2021_Ref_Plot5_B12,Field2,test,4,10,0.18618552636992905,12.809020468084167,0.09235775484478466
2021_Ref_Plot5_B12::71,2021_Ref_Plot5_B12,Field2,test,2,11,0.12593682112882398,8.648022098614772,0.06940921829425332
2021_Ref_Plot5_B12::76,2021_Ref_Plot5_B12,Field2,test,5,12,0.15060819637048226,13.959901050720658,0.04589269335763766
2021_Ref_Plot5_B12::80,2021_Ref_Plot5_B12,Field2,test,4,13,0.05092550460371464,7.255128320904362,-0.0038412400427899973
2021_Ref_Plot5_B12::85,2021_Ref_Plot5_B12,Field2,test,5,14,0.11723522194532093,9.427369542824959,0.04220308764646541
2021_Ref_Plot5_B14::8,2021_Ref_Plot5_B14,Field2,test,7,1,0.7253108484634542,27.469160876484384,0.23450189540562347
2021_Ref_Plot5_B14::16,2021_Ref_Plot5_B14,Field2,test,8,2,0.8155102337359175,31.77861593337613,0.3747504305402664
2021_Ref_Plot5_B14::22,2021_Ref_Plot5_B14,Field2,test,6,3,0.3024206631516003,17.848397346636165,0.1061912502877988
2021_Ref_Plot5_B14::27,2021_Ref_Plot5_B14,Field2,test,5,4,0.3353816800485172,18.317975402721558,0.10925237050696437
2021_Ref_Plot5_B14::35,2021_Ref_Plot5_B14,Field2,test,8,5,0.1483885219693954,13.017479594766057,0.03769394667801969
2021_Ref_Plot5_B14::44,2021_Ref_Plot5_B14,Field2,test,9,6,0.12325470495567382,10.834480362266024,0.02956253345466081
2021_Ref_Plot5_B14::50,2021_Ref_Plot5_B14,Field2,test,6,7,0.14758052194536972,9.194995565412636,0.07850071219772088
2021_Ref_Plot5_B14::57,2021_Ref_Plot5_B14,Field2,test,7,8,0.1456106019134559,10.64914785120465,0.050001883859581285
2021_Ref_Plot5_B14::65,2021_Ref_Plot5_B14,Field2,test,8,9,0.134804565323429,11.708194445611525,0.044939912226364946
2021_Ref_Plot5_B14::69,2021_Ref_Plot5_B14,Field2,test,4,10,0.17068402877411534,12.64192441206471,0.0561228229258512
2021_Ref_Plot5_B14::71,2021_Ref_Plot5_B14,Field2,test,2,11,0.1760683021075913,10.090690102199664,0.10237291438328351
2021_Ref_Plot5_B14::76,2021_Ref_Plot5_B14,Field2,test,5,12,0.15544582708619434,13.981547880129408,0.026884941805721974
2021_Ref_Plot5_B14::80,2021_Ref_Plot5_B14,Field2,test,4,13,0.1123724070135832,6.730205870029825,0.030673045356227682
2021_Ref_Plot5_B14::85,2021_Ref_Plot5_B14,Field2,test,5,14,0.07739025071133143,9.090235908262965,0.035886108139535265
2021_Ref_Plot5_C12::8,2021_Ref_Plot5_C12,Field2,test,7,1,0.7376254322286725,26.836543823165286,0.22206904099684827
2021_Ref_Plot5_C12::16,2021_Ref_Plot5_C12,Field2,test,8,2,0.8069381659529121,30.28907774381006,0.353516970604735
2021_Ref_Plot5_C12::22,2021_Ref_Plot5_C12,Field2,test,6,3,0.2500565752249691,15.674938154500882,0.07731384613252844
2021_Ref_Plot5_C12::27,2021_Ref_Plot5_C12,Field2,test,5,4,0.2621330351908226,16.32232536437468,0.07393250272442
2021_Ref_Plot5_C12::35,2021_Ref_Plot5_C12,Field2,test,8,5,0.13702408766454702,12.08313237515238,0.03393154953939193
2021_Ref_Plot5_C12::44,2021_Ref_Plot5_C12,Field2,test,9,6,0.10595692049302591,8.928122409282837,0.02413717564073045
2021_Ref_Plot5_C12::50,2021_Ref_Plot5_C12,Field2,test,6,7,0.14263529366525932,8.704750548613196,0.07923150467027786
2021_Ref_Plot5_C12::57,2021_Ref_Plot5_C12,Field2,test,7,8,0.10707155431252435,9.806590435797544,0.0307935822498824
2021_Ref_Plot5_C12::65,2021_Ref_Plot5_C12,Field2,test,8,9,0.10921346386859865,11.529257409238053,0.027916612823272575
2021_Ref_Plot5_C12::69,2021_Ref_Plot5_C12,Field2,test,4,10,0.19395949831709935,13.396035171293537,0.08539497552024425
2021_Ref_Plot5_C12::71,2021_Ref_Plot5_C12,Field2,test,2,11,0.145452924452329,8.686059617637534,0.08960729422024749
2021_Ref_Plot5_C12::76,2021_Ref_Plot5_C12,Field2,test,5,12,0.1269077284834129,13.082125705146009,0.01639293308129462
2021_Ref_Plot5_C12::80,2021_Ref_Plot5_C12,Field2,test,4,13,0.10294308337412562,8.661189163737093,0.03282479265801225
2021_Ref_Plot5_C12::85,2021_Ref_Plot5_C12,Field2,test,5,14,0.09216533940496556,9.119268090958606,0.029922187072091155
2021_Ref_Plot5_C17::8,2021_Ref_Plot5_C17,Field2,test,7,1,0.7384721822249408,28.118149176266613,0.24701108835343505
2021_Ref_Plot5_C17::16,2021_Ref_Plot5_C17,Field2,test,8,2,0.8036644801609972,31.058058063429733,0.35998273640612166
2021_Ref_Plot5_C17::22,2021_Ref_Plot5_C17,Field2,test,6,3,0.2748753810604137,16.360486957630314,0.07814443102959948
2021_Ref_Plot5_C17::27,2021_Ref_Plot5_C17,Field2,test,5,4,0.2993146538822025,17.039878818625663,0.09936636387553002
2021_Ref_Plot5_C17::35,2021_Ref_Plot5_C17,Field2,test,8,5,0.13673473609373685,12.597273566598709,0.02379616015904934
2021_Ref_Plot5_C17::44,2021_Ref_Plot5_C17,Field2,test,9,6,0.12802548024465576,9.997222554737618,0.04557905635129021
2021_Ref_Plot5_C17::50,2021_Ref_Plot5_C17,Field2,test,6,7,0.15335827114308426,9.33485824272878,0.08508479630717307
2021_Ref_Plot5_C17::57,2021_Ref_Plot5_C17,Field2,test,7,8,0.16649691716553341,11.600012225075528,0.05403884882229859
2021_Ref_Plot5_C17::65,2021_Ref_Plot5_C17,Field2,test,8,9,0.11245949938122579,11.276655111052097,0.03764303734299632
2021_Ref_Plot5_C17::69,2021_Ref_Plot5_C17,Field2,test,4,10,0.16068700266290903,12.286285712194653,0.060112868107358455
2021_Ref_Plot5_C17::71,2021_Ref_Plot5_C17,Field2,test,2,11,0.09256179163271876,8.025256309671619,0.03388677931208507
2021_Ref_Plot5_C17::76,2021_Ref_Plot5_C17,Field2,test,5,12,0.142801616629492,13.78610850022105,0.043075070578774174
2021_Ref_Plot5_C17::80,2021_Ref_Plot5_C17,Field2,test,4,13,0.0922225329793429,8.580366913798542,0.03204549731241822
2021_Ref_Plot5_C17::85,2021_Ref_Plot5_C17,Field2,test,5,14,0.07650962273916462,9.543767390151304,0.03407541943119898
2021_Ref_Plot5_C18::8,2021_Ref_Plot5_C18,Field2,test,7,1,0.7353066914947116,28.019921631299496,0.23307865357684493
2021_Ref_Plot5_C18::16,2021_Ref_Plot5_C18,Field2,test,8,2,0.8108234009973255,31.098349572954266,0.361154157674044
2021_Ref_Plot5_C18::22,2021_Ref_Plot5_C18,Field2,test,6,3,0.2736749975221764,16.10097605475604,0.08164183571246876
2021_Ref_Plot5_C18::27,2021_Ref_Plot5_C18,Field2,test,5,4,0.2963898863023157,17.032159821376926,0.09324543579695478
2021_Ref_Plot5_C18::35,2021_Ref_Plot5_C18,Field2,test,8,5,0.14832305299473977,13.37674790019701,0.03663420653553844
2021_Ref_Plot5_C18::44,2021_Ref_Plot5_C18,Field2,test,9,6,0.12484869521119984,9.897528480671259,0.04518853526399356
2021_Ref_Plot5_C18::50,2021_Ref_Plot5_C18,Field2,test,6,7,0.17650388044827406,9.965831142248447,0.11541508164228542
2021_Ref_Plot5_C18::57,2021_Ref_Plot5_C18,Field2,test,7,8,0.17210751204777755,11.619532054284164,0.06758119841259405
2021_Ref_Plot5_C18::65,2021_Ref_Plot5_C18,Field2,test,8,9,0.10937067920028916,11.334795542455945,0.02715955336621597
2021_Ref_Plot5_C18::69,2021_Ref_Plot5_C18,Field2,test,4,10,0.16286617548188043,12.660545450000313,0.07788182159582231
2021_Ref_Plot5_C18::71,2021_Ref_Plot5_C18,Field2,test,2,11,0.14012109825573857,8.480902566068513,0.08875457592265228
2021_Ref_Plot5_C18::76,2021_Ref_Plot5_C18,Field2,test,5,12,0.1580073675545093,14.49148932394525,0.054325489571148584
2021_Ref_Plot5_C18::80,2021_Ref_Plot5_C18,Field2,test,4,13,0.11168511817269507,8.005079900509024,0.05084827700023894
2021_Ref_Plot5_C18::85,2021_Ref_Plot5_C18,Field2,test,5,14,0.10600233540546923,9.608135586015717,0.05654506569732434
2021_Ref_Plot5_D10::8,2021_Ref_Plot5_D10,Field2,test,7,1,0.7652948184824435,27.906682979356063,0.2284291291483226
2021_Ref_Plot5_D10::16,2021_Ref_Plot5_D10,Field2,test,8,2,0.8190275164975417,31.116877383676712,0.3826849774173219
2021_Ref_Plot5_D10::22,2021_Ref_Plot5_D10,Field2,test,6,3,0.29552310237134943,15.621031174816709,0.09826272802073252
2021_Ref_Plot5_D10::27,2021_Ref_Plot5_D10,Field2,test,5,4,0.25450647879147237,16.076545111768144,0.08464321870463999
2021_Ref_Plot5_D10::35,2021_Ref_Plot5_D10,Field2,test,8,5,0.12185240148588276,12.230000601726804,0.032407297755573695
2021_Ref_Plot5_D10::44,2021_Ref_Plot5_D10,Field2,test,9,6,0.10485262123973593,9.451500461108072,0.02918797300070382
2021_Ref_Plot5_D10::50,2021_Ref_Plot5_D10,Field2,test,6,7,0.11871711450285803,8.525511172423595,0.06016999879580608
2021_Ref_Plot5_D10::57,2021_Ref_Plot5_D10,Field2,test,7,8,0.08712974334034952,10.652937863752136,0.025808254118718774
2021_Ref_Plot5_D10::65,2021_Ref_Plot5_D10,Field2,test,8,9,0.12125490156591147,11.201642321358637,0.04655707492234237
2021_Ref_Plot5_D10::69,2021_Ref_Plot5_D10,Field2,test,4,10,0.17300132244278946,12.413581062793762,0.07783695576795302
2021_Ref_Plot5_D10::71,2021_Ref_Plot5_D10,Field2,test,2,11,0.11905059309303839,8.92089427543591,0.05140550315975066
2021_Ref_Plot5_D10::76,2021_Ref_Plot5_D10,Field2,test,5,12,0.129554391577262,12.246799226373202,0.024111268711201235
2021_Ref_Plot5_D10::80,2021_Ref_Plot5_D10,Field2,test,4,13,0.11386213921284134,8.96708066015254,0.03421649448018789
2021_Ref_Plot5_D10::85,2021_Ref_Plot5_D10,Field2,test,5,14,0.1084043699706756,8.908910217533423,0.044706378015346604
2021_Ref_Plot5_D11::8,2021_Ref_Plot5_D11,Field2,test,7,1,0.7624776882592791,28.02338888997106,0.25349465166745483
2021_Ref_Plot5_D11::16,2021_Ref_Plot5_D11,Field2,test,8,2,0.8146262209898328,31.390518666690653,0.3875927593493884
2021_Ref_Plot5_D11::22,2021_Ref_Plot5_D11,Field2,test,6,3,0.2715936362254128,15.91331145382847,0.0813310983329418
2021_Ref_Plot5_D11::27,2021_Ref_Plot5_D11,Field2,test,5,4,0.22434162569629748,15.732077502836033,0.06459575410818383
2021_Ref_Plot5_D11::35,2021_Ref_Plot5_D11,Field2,test,8,5,0.12230289260038889,11.945406949228643,0.028575625825549626
2021_Ref_Plot5_D11::44,2021_Ref_Plot5_D11,Field2,test,9,6,0.11878206096003628,9.321515919197283,0.046581584023250876
2021_Ref_Plot5_D11::50,2021_Ref_Plot5_D11,Field2,test,6,7,0.1046426583163273,8.78422534346589,0.042536718924955697
2021_Ref_Plot5_D11::57,2021_Ref_Plot5_D11,Field2,test,7,8,0.10676685738897272,11.697285797123651,0.035365812737987744
2021_Ref_Plot5_D11::65,2021_Ref_Plot5_D11,Field2,test,8,9,0.09000745678422484,10.74200115435496,0.03094410721327505
2021_Ref_Plot5_D11::69,2021_Ref_Plot5_D11,Field2,test,4,10,0.17124089217625774,12.389863903927402,0.08160373251697085
2021_Ref_Plot5_D11::71,2021_Ref_Plot5_D11,Field2,test,2,11,0.1305703273127841,9.088345468189885,0.07783740077005612
2021_Ref_Plot5_D11::76,2021_Ref_Plot5_D11,Field2,test,5,12,0.16382009271955691,12.967497642691242,0.046423187611823395
2021_Ref_Plot5_D11::80,2021_Ref_Plot5_D11,Field2,test,4,13,0.09749408326213697,9.444922901659792,0.04599616682197226
2021_Ref_Plot5_D11::85,2021_Ref_Plot5_D11,Field2,test,5,14,0.0712111920192212,8.364475920625946,0.01602298034665845
2021_Ref_Plot5_D9::8,2021_Ref_Plot5_D9,Field2,test,7,1,0.7709729570864657,28.159799033309504,0.24822150552474231
2021_Ref_Plot5_D9::16,2021_Ref_Plot5_D9,Field2,test,8,2,0.8219188795781635,32.11852997245871,0.3988173486746003
2021_Ref_Plot5_D9::22,2021_Ref_Plot5_D9,Field2,test,6,3,0.26212318155429476,15.054043939755825,0.08360144900961551
2021_Ref_Plot5_D9::27,2021_Ref_Plot5_D9,Field2,test,5,4,0.17517535100577808,14.338792327285862,0.043154285204640534
2021_Ref_Plot5_D9::35,2021_Ref_Plot5_D9,Field2,test,8,5,0.13220532095479903,11.520383847190839,0.03965111192689816
2021_Ref_Plot5_D9::44,2021_Ref_Plot5_D9,Field2,test,9,6,0.10982396661915335,9.562946762799678,0.040981482236220154
2021_Ref_Plot5_D9::50,2021_Ref_Plot5_D9,Field2,test,6,7,0.13338853554724447,9.079296260187323,0.06999703312938949
2021_Ref_Plot5_D9::57,2021_Ref_Plot5_D9,Field2,test,7,8,0.1075893198860985,10.933364051203341,0.03609771420382138
2021_Ref_Plot5_D9::65,2021_Ref_Plot5_D9,Field2,test,8,9,0.11164987630398927,11.12228134894882,0.034931780535165574
2021_Ref_Plot5_D9::69,2021_Ref_Plot5_D9,Field2,test,4,10,0.13657236233789488,12.044888949405097,0.053321086889382995
2021_Ref_Plot5_D9::71,2021_Ref_Plot5_D9,Field2,test,2,11,0.12895194848867242,9.283275712784162,0.07476145690421304
2021_Ref_Plot5_D9::76,2021_Ref_Plot5_D9,Field2,test,5,12,0.12809071925275187,12.232535954551462,0.02370158696841339
2021_Ref_Plot5_D9::80,2021_Ref_Plot5_D9,Field2,test,4,13,0.09896707374723744,8.95605651705836,0.039572910383062196
2021_Ref_Plot5_D9::85,2021_Ref_Plot5_D9,Field2,test,5,14,0.08154066066989114,7.887936970752961,0.022910212940412282
2021_Ref_Plot5_E11::8,2021_Ref_Plot5_E11,Field2,test,7,1,0.7362890912932119,27.124836165126062,0.19640215635523475
2021_Ref_Plot5_E11::16,2021_Ref_Plot5_E11,Field2,test,8,2,0.7692598916044194,29.301237291923815,0.33063543668610346
2021_Ref_Plot5_E11::22,2021_Ref_Plot5_E11,Field2,test,6,3,0.27536195081417786,16.198882054793454,0.10052685393150936
2021_Ref_Plot5_E11::27,2021_Ref_Plot5_E11,Field2,test,5,4,0.19461811457492084,15.295860358616721,0.048462820455252374
2021_Ref_Plot5_E11::35,2021_Ref_Plot5_E11,Field2,test,8,5,0.13105271112864678,12.215574534879053,0.03019982247128803
2021_Ref_Plot5_E11::44,2021_Ref_Plot5_E11,Field2,test,9,6,0.08610407436003464,9.24729441062763,0.022766896163388513
2021_Ref_Plot5_E11::50,2021_Ref_Plot5_E11,Field2,test,6,7,0.1031079460113659,9.079956258091187,0.040048274553572544
2021_Ref_Plot5_E11::57,2021_Ref_Plot5_E11,Field2,test,7,8,0.12123800695247015,11.557985527549953,0.037757153668783384
2021_Ref_Plot5_E11::65,2021_Ref_Plot5_E11,Field2,test,8,9,0.09596305096634437,9.953011745693868,0.04044314762560688
2021_Ref_Plot5_E11::69,2021_Ref_Plot5_E11,Field2,test,4,10,0.16764116604263435,12.349045367109701,0.09050184880123428
2021_Ref_Plot5_E11::71,2021_Ref_Plot5_E11,Field2,test,2,11,0.145298421857625,10.41216048024891,0.09407422936344183
2021_Ref_Plot5_E11::76,2021_Ref_Plot5_E11,Field2,test,5,12,0.10932688154244315,11.546498216467358,0.016310778256289165
2021_Ref_Plot5_E11::80,2021_Ref_Plot5_E11,Field2,test,4,13,0.0858513181901484,9.876531310392801,0.03815728167512711
2021_Ref_Plot5_E11::85,2021_Ref_Plot5_E11,Field2,test,5,14,0.08470440245019928,9.19379633770624,0.043661236581125036
2021_Ref_Plot5_E3::8,2021_Ref_Plot5_E3,Field2,test,7,1,0.7188001181366289,27.515541724682517,0.21494071269544646
2021_Ref_Plot5_E3::16,2021_Ref_Plot5_E3,Field2,test,8,2,0.7948718924341956,31.08770262448281,0.33265623828201607
2021_Ref_Plot5_E3::22,2021_Ref_Plot5_E3,Field2,test,6,3,0.3312368191460248,16.243737724334196,0.10733073547940859
2021_Ref_Plot5_E3::27,2021_Ref_Plot5_E3,Field2,test,5,4,0.2801074175699536,16.45370583900715,0.1135736520516055
2021_Ref_Plot5_E3::35,2021_Ref_Plot5_E3,Field2,test,8,5,0.13388365662888171,12.042726313453667,0.03733553911090715
2021_Ref_Plot5_E3::44,2021_Ref_Plot5_E3,Field2,test,9,6,0.10680485385429954,10.045785616045995,0.044745594060817837
2021_Ref_Plot5_E3::50,2021_Ref_Plot5_E3,Field2,test,6,7,0.15521023090795497,9.774508747815418,0.0912017599793705
2021_Ref_Plot5_E3::57,2021_Ref_Plot5_E3,Field2,test,7,8,0.10247200160706925,11.083597022229437,0.012500118522000513
2021_Ref_Plot5_E3::65,2021_Ref_Plot5_E3,Field2,test,8,9,0.08183230960570909,10.313834970204653,0.025738202611259968
2021_Ref_Plot5_E3::69,2021_Ref_Plot5_E3,Field2,test,4,10,0.15576538187624786,12.928269882666179,0.03999883477667401
2021_Ref_Plot5_E3::71,2021_Ref_Plot5_E3,Field2,test,2,11,0.11721024313104283,8.837611431550558,0.06262499814308427
2021_Ref_Plot5_E3::76,2021_Ref_Plot5_E3,Field2,test,5,12,0.1367716527820814,12.209184973792981,0.010070050854175007
2021_Ref_Plot5_E3::80,2021_Ref_Plot5_E3,Field2,test,4,13,0.0541861997672911,7.347030290053965,0.004260156644026845
2021_Ref_Plot5_E3::85,2021_Ref_Plot5_E3,Field2,test,5,14,0.05106515933762932,8.872714656484485,0.01591783956499005
2021_Ref_Plot5_E7::8,2021_Ref_Plot5_E7,Field2,test,7,1,0.7405774509518723,27.894134263115966,0.2132590163691779
2021_Ref_Plot5_E7::16,2021_Ref_Plot5_E7,Field2,test,8,2,0.797779933315273,30.98909281176652,0.33379229424020335
2021_Ref_Plot5_E7::22,2021_Ref_Plot5_E7,Field2,test,6,3,0.2940637246099831,15.65168075403663,0.0789868590644138
2021_Ref_Plot5_E7::27,2021_Ref_Plot5_E7,Field2,test,5,4,0.26493157589149535,15.928705446123884,0.07637729908331446
2021_Ref_Plot5_E7::35,2021_Ref_Plot5_E7,Field2,test,8,5,0.14607989132802968,12.415692258494165,0.025020089492871964
2021_Ref_Plot5_E7::44,2021_Ref_Plot5_E7,Field2,test,9,6,0.1151274017049178,9.583266231027359,0.041377526651847234
2021_Ref_Plot5_E7::50,2021_Ref_Plot5_E7,Field2,test,6,7,0.16697823998771946,9.852411921172454,0.10135262323821784
2021_Ref_Plot5_E7::57,2021_Ref_Plot5_E7,Field2,test,7,8,0.10836482578756595,11.583984450939116,0.038794267026844985
2021_Ref_Plot5_E7::65,2021_Ref_Plot5_E7,Field2,test,8,9,0.12080749373215177,10.84878424525623,0.050353656117754206
2021_Ref_Plot5_E7::69,2021_Ref_Plot5_E7,Field2,test,4,10,0.16728846049640542,13.059227481140457,0.06453444150249872
2021_Ref_Plot5_E7::71,2021_Ref_Plot5_E7,Field2,test,2,11,0.13877168722927824,9.853504680416682,0.09306589663869928
2021_Ref_Plot5_E7::76,2021_Ref_Plot5_E7,Field2,test,5,12,0.12591701823208076,12.712745208079967,0.017099293306949686
2021_Ref_Plot5_E7::80,2021_Ref_Plot5_E7,Field2,test,4,13,0.0818683119349181,10.119763302567154,0.03756002840571632
2021_Ref_Plot5_E7::85,2021_Ref_Plot5_E7,Field2,test,5,14,0.0893702854090939,10.398604198754082,0.03526101196123999
