pair_id,plant_id,field,split,gap_days,n_input_frames,ssim,psnr,structure_ssim
2020_Ref_Plot1_A10::22,2020_Ref_Plot1_A10,Field1,test,7,1,0.3439230191755122,19.063426271383207,0.09494578089342168
2020_Ref_Plot1_A10::28,2020_Ref_Plot1_A10,Field1,test,6,2,0.6831739464258316,27.812106281573755,0.17700604363556416
2020_Ref_Plot1_A10::36,2020_Ref_Plot1_A10,Field1,test,8,3,0.17017911961894028,14.253632211688759,0.04213694215938565
2020_Ref_Plot1_A10::42,2020_Ref_Plot1_A10,Field1,test,6,4,0.265450086191894,16.574252540266144,0.03154037561858355
2020_Ref_Plot1_A10::51,2020_Ref_Plot1_A10,Field1,test,9,5,0.15996220308820988,11.584510718474368,0.033711209556327296
2020_Ref_Plot1_A10::83,2020_Ref_Plot1_A10,Field1,test,32,6,0.18171068217274314,14.821602725995138,0.02305774980935782
2020_Ref_Plot1_A93::22,2020_Ref_Plot1_A93,Field1,test,7,1,0.3237579061829549,20.380307001515664,0.07372582482232533
2020_Ref_Plot1_A93::28,2020_Ref_Plot1_A93,Field1,test,6,2,0.7153194868276517,28.71104799353384,0.19168172979826248
2020_Ref_Plot1_A93::36,2020_Ref_Plot1_A93,Field1,test,8,3,0.1793612580118266,15.11344958044752,0.045193671500681376
2020_Ref_Plot1_A93::42,2020_Ref_Plot1_A93,Field1,test,6,4,0.28890158334188093,16.917795837458208,0.06079901316926227
2020_Ref_Plot1_A93::51,2020_Ref_Plot1_A93,Field1,test,9,5,0.1939029457050555,11.551912656973515,0.05777022445255778
2020_Ref_Plot1_A94::22,2020_Ref_Plot1_A94,Field1,test,7,1,0.35400341177936556,20.39663895429246,0.08227568499739003
2020_Ref_Plot1_A94::28,2020_Ref_Plot1_A94,Field1,test,6,2,0.7118606288318178,28.48242662148254,0.2043793714344227
2020_Ref_Plot1_A94::36,2020_Ref_Plot1_A94,Field1,test,8,3,0.20240933880609646,15.75072202021569,0.05173677696434423
2020_Ref_Plot1_A94::42,2020_Ref_Plot1_A94,Field1,test,6,4,0.2527738774339282,16.55424434500522,0.037553489791325965
2020_Ref_Plot1_A94::51,2020_Ref_Plot1_A94,Field1,test,9,5,0.19021948259163593,11.017120237549793,0.045769267486185886
2020_Ref_Plot1_B1::22,2020_Ref_Plot1_B1,Field1,test,7,1,0.26705408125753777,18.600713237382315,0.056846670045031356
2020_Ref_Plot1_B1::28,2020_Ref_Plot1_B1,Field1,test,6,2,0.6828372226792049,28.238327169457776,0.17508507417920524
2020_Ref_Plot1_B1::36,2020_Ref_Plot1_B1,Field1,test,8,3,0.17772552059897653,14.64615090347606,0.05473530721952443
2020_Ref_Plot1_B1::42,2020_Ref_Plot1_B1,Field1,test,6,4,0.2784415602859153,17.919793651006188,0.04726158064494019
2020_Ref_Plot1_B1::51,2020_Ref_Plot1_B1,Field1,test,9,5,0.16885336160930045,10.574113958212761,0.054592119857416035
2020_Ref_Plot1_B1::83,2020_Ref_Plot1_B1,Field1,test,32,6,0.2969891162828142,16.18065156096524,0.03890340934816525
2020_Ref_Plot1_B10::22,2020_Ref_Plot1_B10,Field1,test,7,1,0.34486180737892225,18.936155469195548,0.10770041707647439
2020_Ref_Plot1_B10::28,2020_Ref_Plot1_B10,Field1,test,6,2,0.6517477594379446,27.35266368788329,0.14651204827203537
2020_Ref_Plot1_B10::36,2020_Ref_Plot1_B10,Field1,test,8,3,0.1553029592136217,13.86490724096415,0.04164724470590098
2020_Ref_Plot1_B10::42,2020_Ref_Plot1_B10,Field1,test,6,4,0.25744891508788376,16.743488701703708,0.043992828055829304
2020_Ref_Plot1_B10::51,2020_Ref_Plot1_B10,Field1,test,9,5,0.1675770092961988,12.061577753020165,0.04695871157783241
2020_Ref_Plot1_B10::83,2020_Ref_Plot1_B10,Field1,test,32,6,0.25484056918979103,16.034617486774657,0.03905136535237034
2020_Ref_Plot1_B7::22,2020_Ref_Plot1_B7,Field1,test,7,1,0.39465062003471113,19.964044148359203,0.14888999147403723
2020_Ref_Plot1_B7::28,2020_Ref_Plot1_B7,Field1,test,6,2,0.6398046242313719,26.99274800054632,0.1406892709393671
2020_Ref_Plot1_B7::36,2020_Ref_Plot1_B7,Field1,test,8,3,0.15735224256785754,13.303670258867493,0.03506769919109251
2020_Ref_Plot1_B7::42,2020_Ref_Plot1_B7,Field1,test,6,4,0.2616231813173386,17.01356103719068,0.0456187120795792
2020_Ref_Plot1_B7::51,2020_Ref_Plot1_B7,Field1,test,9,5,0.15596032827469128,11.018193435627545,0.044901312446719424
2020_Ref_Plot1_B7::83,2020_Ref_Plot1_B7,Field1,test,32,6,0.2536303824069868,16.6022023662927,0.030120249398923323
2020_Ref_Plot1_B94::22,2020_Ref_Plot1_B94,Field1,test,7,1,0.300050087649514,19.103412614843283,0.06973604680273511
2020_Ref_Plot1_B94::28,2020_Ref_Plot1_B94,Field1,test,6,2,0.7158575759373217,29.17774819884023,0.20272877506643597
2020_Ref_Plot1_B94::36,2020_Ref_Plot1_B94,Field1,test,8,3,0.1779819776653171,15.236854241287457,0.03835970359110677
2020_Ref_Plot1_B94::42,2020_Ref_Plot1_B94,Field1,test,6,4,0.23522063805899462,16.10985707944387,0.04424135717239957
2020_Ref_Plot1_B94::51,2020_Ref_Plot1_B94,Field1,test,9,5,0.1619695203321793,10.815255256892065,0.055681645691109005
2020_Ref_Plot1_C1::22,2020_Ref_Plot1_C1,Field1,test,7,1,0.29812503949446395,18.86736414576234,0.08721827852738395
2020_Ref_Plot1_C1::28,2020_Ref_Plot1_C1,Field1,test,6,2,0.7075109527532625,28.623062933680202,0.18222385804632202
2020_Ref_Plot1_C1::36,2020_Ref_Plot1_C1,Field1,test,8,3,0.2098025571904273,15.201166926692807,0.05827129411188248
2020_Ref_Plot1_C1::42,2020_Ref_Plot1_C1,Field1,test,6,4,0.26974079989496874,17.760201981753944,0.054670928835765534
2020_Ref_Plot1_C1::51,2020_Ref_Plot1_C1,Field1,test,9,5,0.1640714656340516,11.254213518060451,0.0381734980698932
2020_Ref_Plot1_C1::83,2020_Ref_Plot1_C1,Field1,test,32,6,0.32087622888125145,17.02459884091503,0.04603605885754715
2020_Ref_Plot1_C92::22,2020_Ref_Plot1_C92,Field1,test,7,1,0.2740201370681723,19.21808221003082,0.0628545026010268
2020_Ref_Plot1_C92::28,2020_Ref_Plot1_C92,Field1,test,6,2,0.7227075200709754,29.59863035147187,0.20115584455115945
2020_Ref_Plot1_C92::36,2020_Ref_Plot1_C92,Field1,test,8,3,0.16814404496954036,15.022861329398435,0.03687433331133566
2020_Ref_Plot1_C92::42,2020_Ref_Plot1_C92,Field1,test,6,4,0.21866867499358775,16.103759253521382,0.022582984916746304
2020_Ref_Plot1_C92::51,2020_Ref_Plot1_C92,Field1,test,9,5,0.17150080854437655,11.257512069003084,0.0499421297181891
2020_Ref_Plot1_C98::22,2020_Ref_Plot1_C98,Field1,test,7,1,0.305175561163229,19.374063969941638,0.0891766738361846
2020_Ref_Plot1_C98::28,2020_Ref_Plot1_C98,Field1,test,6,2,0.7014383848687448,28.375381429711716,0.17432117995908245
2020_Ref_Plot1_C98::36,2020_Ref_Plot1_C98,Field1,test,8,3,0.1818728434825021,15.218213432036967,0.04745738680205639
2020_Ref_Plot1_C98::42,2020_Ref_Plot1_C98,Field1,test,6,4,0.2482702753243842,17.141634711976295,0.045703999502327314
2020_Ref_Plot1_C98::51,2020_Ref_Plot1_C98,Field1,test,9,5,0.16198288183373447,11.186955241628453,0.055698695795727456
2020_Ref_Plot2_A2::22,2020_Ref_Plot2_A2,Field1,test,7,1,0.2819748901716044,19.892540387265896,0.06058396502067036
2020_Ref_Plot2_A2::28,2020_Ref_Plot2_A2,Field1,test,6,2,0.6897695337682691,27.86913884686088,0.16421229424853204
2020_Ref_Plot2_A2::36,2020_Ref_Plot2_A2,Field1,test,8,3,0.18366472936955672,14.804311127726475,0.06252363540277085
2020_Ref_Plot2_A2::42,2020_Ref_Plot2_A2,Field1,test,6,4,0.28139475995216434,17.711158535695148,0.04404873704455211
2020_Ref_Plot2_A2::51,2020_Ref_Plot2_A2,Field1,test,9,5,0.15795468701311605,11.41854929821423,0.05198251175835133
2020_Ref_Plot2_A2::83,2020_Ref_Plot2_A2,Field1,test,32,6,0.21492538302123856,15.048352716590177,0.02367653795184547
2020_Ref_Plot2_A4::22,2020_Ref_Plot2_A4,Field1,test,7,1,0.2699366361640858,19.646042992128514,0.0612704961802466
2020_Ref_Plot2_A4::28,2020_Ref_Plot2_A4,Field1,test,6,2,0.6996350241338539,28.274762625286503,0.189341041296695
2020_Ref_Plot2_A4::36,2020_Ref_Plot2_A4,Field1,test,8,3,0.1901670656671478,14.893246645868384,0.06810302357604973
2020_Ref_Plot2_A4::42,2020_Ref_Plot2_A4,Field1,test,6,4,0.22123878356272217,15.471185565078727,0.03353051155197054
2020_Ref_Plot2_A4::51,2020_Ref_Plot2_A4,Field1,test,9,5,0.16658333916429852,11.769479742145275,0.06451786873372417
2020_Ref_Plot2_A4::83,2020_Ref_Plot2_A4,Field1,test,32,6,0.16788918329433655,12.871627254610193,0.03141646877973871
2020_Ref_Plot2_A91::22,2020_Ref_Plot2_A91,Field1,test,7,1,0.2801183009584594,19.683152498801935,0.060236908797885694
2020_Ref_Plot2_A91::28,2020_Ref_Plot2_A91,Field1,test,6,2,0.690299135518789,28.153742695824114,0.162154512653751
2020_Ref_Plot2_A91::36,2020_Ref_Plot2_A91,Field1,test,8,3,0.1935828276850321,15.365174868452264,0.061587338308832486
2020_Ref_Plot2_A91::42,2020_Ref_Plot2_A91,Field1,test,6,4,0.2973506600273433,18.104279418520022,0.05212665321100674
2020_Ref_Plot2_A91::51,2020_Ref_Plot2_A91,Field1,test,9,5,0.1602428143267518,10.937668789475115,0.0504289685045108
2020_Ref_Plot2_A91::83,2020_Ref_Plot2_A91,Field1,test,32,6,0.2729946521345628,16.563683734009057,0.04149385428703526
2020_Ref_Plot2_B1::22,2020_Ref_Plot2_B1,Field1,test,7,1,0.28298540500258035,19.664833769062554,0.07419546330325648
2020_Ref_Plot2_B1::28,2020_Ref_Plot2_B1,Field1,test,6,2,0.7026470080489284,28.41918816006922,0.17334851908012605
2020_Ref_Plot2_B1::36,2020_Ref_Plot2_B1,Field1,test,8,3,0.17501777272284139,14.91814222684106,0.052036350994379914
2020_Ref_Plot2_B1::42,2020_Ref_Plot2_B1,Field1,test,6,4,0.31052651633949074,18.430431014353328,0.04746585682884212
2020_Ref_Plot2_B1::51,2020_Ref_Plot2_B1,Field1,test,9,5,0.14255923959826236,10.854547240646873,0.04008777303302572
2020_Ref_Plot2_B1::83,2020_Ref_Plot2_B1,Field1,test,32,6,0.21260033067816095,15.173350615026006,0.028036398795059213
2020_Ref_Plot2_B7::22,2020_Ref_Plot2_B7,Field1,test,7,1,0.32065652309699816,19.697627102430697,0.08016065471368458
2020_Ref_Plot2_B7::28,2020_Ref_Plot2_B7,Field1,test,6,2,0.6637718245545202,27.842462953761043,0.15742132820288718
2020_Ref_Plot2_B7::36,2020_Ref_Plot2_B7,Field1,test,8,3,0.17271677385937115,14.669101138070719,0.046445763704170626
2020_Ref_Plot2_B7::42,2020_Ref_Plot2_B7,Field1,test,6,4,0.26233926920156203,16.96259449464057,0.048613976595704184
2020_Ref_Plot2_B7::51,2020_Ref_Plot2_B7,Field1,test,9,5,0.16257604435288062,10.088551793076627,0.06560909271461225
2020_Ref_Plot2_B7::83,2020_Ref_Plot2_B7,Field1,test,32,6,0.16219991505423328,13.945686291787736,0.025778070804561484
2020_Ref_Plot2_B91::22,2020_Ref_Plot2_B91,Field1,test,7,1,0.2839681345939988,19.15764049415984,0.08763379458213715
2020_Ref_Plot2_B91::28,2020_Ref_Plot2_B91,Field1,test,6,2,0.6951275771967754,28.58566261786931,0.17576406713469106
2020_Ref_Plot2_B91::36,2020_Ref_Plot2_B91,Field1,test,8,3,0.17715671655296525,15.266728890896173,0.05420176445219123
2020_Ref_Plot2_B91::42,2020_Ref_Plot2_B91,Field1,test,6,4,0.2535423778875736,17.064816558382937,0.036630374074494064
2020_Ref_Plot2_B91::51,2020_Ref_Plot2_B91,Field1,test,9,5,0.141218375949952,10.667558661877113,0.04136017021258062
2020_Ref_Plot2_B99::22,2020_Ref_Plot2_B99,Field1,test,7,1,0.31257798201302067,19.525130541644607,0.07355856107561926
2020_Ref_Plot2_B99::28,2020_Ref_Plot2_B99,Field1,test,6,2,0.6860515892943749,27.783106491388526,0.16811276894707564
2020_Ref_Plot2_B99::36,2020_Ref_Plot2_B99,Field1,test,8,3,0.14453313546463772,13.570418912396242,0.02225243204468988
2020_Ref_Plot2_B99::42,2020_Ref_Plot2_B99,Field1,test,6,4,0.26224637700104664,17.722001699844192,0.03828768758524894
2020_Ref_Plot2_B99::51,2020_Ref_Plot2_B99,Field1,test,9,5,0.14081606046991138,10.567166239951117,0.04506140915475368
2020_Ref_Plot2_B99::83,2020_Ref_Plot2_B99,Field1,test,32,6,0.2286089327851788,16.09923294322322,0.03802940805014762
2020_Ref_Plot2_C2::22,2020_Ref_Plot2_C2,Field1,test,7,1,0.2929690808927894,19.36816613845975,0.07930706129699301
2020_Ref_Plot2_C2::28,2020_Ref_Plot2_C2,Field1,test,6,2,0.7131719597133381,28.630826768641096,0.18737428236658676
2020_Ref_Plot2_C2::36,2020_Ref_Plot2_C2,Field1,test,8,3,0.20099895267962897,15.22652251258977,0.061211654305324
2020_Ref_Plot2_C2::42,2020_Ref_Plot2_C2,Field1,test,6,4,0.29833083650898523,17.387776528150518,0.056651974243469766
2020_Ref_Plot2_C2::51,2020_Ref_Plot2_C2,Field1,test,9,5,0.16982676939088773,11.73044263363796,0.06274853317431967
2020_Ref_Plot2_C2::83,2020_Ref_Plot2_C2,Field1,test,32,6,0.2131444533124962,15.209913600279801,0.03341815352607668
2020_Ref_Plot2_C5::22,2020_Ref_Plot2_C5,Field1,test,7,1,0.2998060169788355,20.23388764234269,0.08193248488180616
2020_Ref_Plot2_C5::28,2020_Ref_Plot2_C5,Field1,test,6,2,0.7059021308397782,28.572561672041296,0.18874924370689192
2020_Ref_Plot2_C5::36,2020_Ref_Plot2_C5,Field1,test,8,3,0.20141581047087634,15.239703049207488,0.05684232885757184
2020_Ref_Plot2_C5::42,2020_Ref_Plot2_C5,Field1,test,6,4,0.26365337080339085,16.536263658778722,0.044254979722062986
2020_Ref_Plot2_C5::51,2020_Ref_Plot2_C5,Field1,test,9,5,0.160851572344093,10.782213244407625,0.04449957403641107
2020_Ref_Plot2_C5::83,2020_Ref_Plot2_C5,Field1,test,32,6,0.1729440656133603,13.444967633811011,0.021733163951617524
2020_Ref_Plot2_C6::22,2020_Ref_Plot2_C6,Field1,test,7,1,0.30071596279387486,19.903195635566295,0.08363078045894393
2020_Ref_Plot2_C6::28,2020_Ref_Plot2_C6,Field1,test,6,2,0.6841100795483456,28.15980815062495,0.17328975605357308
2020_Ref_Plot2_C6::36,2020_Ref_Plot2_C6,Field1,test,8,3,0.19929840433654247,15.006271257821442,0.04792404691671083
2020_Ref_Plot2_C6::42,2020_Ref_Plot2_C6,Field1,test,6,4,0.2444774698866805,16.017825608286667,0.047214565701650064
2020_Ref_Plot2_C6::51,2020_Ref_Plot2_C6,Field1,test,9,5,0.19198187306299727,11.848446223337504,0.061790476125091955
2020_Ref_Plot2_C6::83,2020_Ref_Plot2_C6,Field1,test,32,6,0.15999089399888114,13.136612314282328,0.023836688937579186
2020_Ref_Plot3_A2::22,2020_Ref_Plot3_A2,Field1,test,7,1,0.2455981477833161,18.72089457108316,0.04330945486746097
2020_Ref_Plot3_A2::28,2020_Ref_Plot3_A2,Field1,test,6,2,0.6704572077106894,27.217014116418166,0.15950910363476914
2020_Ref_Plot3_A2::36,2020_Ref_Plot3_A2,Field1,test,8,3,0.2014842970423638,15.013820101490026,0.052047873304731276
2020_Ref_Plot3_A2::42,2020_Ref_Plot3_A2,Field1,test,6,4,0.24707938687512873,16.26494289122422,0.03841130445053057
2020_Ref_Plot3_A2::51,2020_Ref_Plot3_A2,Field1,test,9,5,0.15309593641823002,10.987179800310045,0.053193430165309225
2020_Ref_Plot3_A2::83,2020_Ref_Plot3_A2,Field1,test,32,6,0.18089615193904773,14.003176933824726,0.020646684270172466
2020_Ref_Plot3_A9::22,2020_Ref_Plot3_A9,Field1,test,7,1,0.2627710164696537,20.069045321101996,0.05379173277390637
2020_Ref_Plot3_A9::28,2020_Ref_Plot3_A9,Field1,test,6,2,0.7056989572310748,27.966438654476665,0.17416583137665143
2020_Ref_Plot3_A9::36,2020_Ref_Plot3_A9,Field1,test,8,3,0.1513791565374924,14.986243543819278,0.03478529972743084
2020_Ref_Plot3_A9::42,2020_Ref_Plot3_A9,Field1,test,6,4,0.29486621397959273,18.44485276975414,0.046334735385190756
2020_Ref_Plot3_A9::51,2020_Ref_Plot3_A9,Field1,test,9,5,0.17739843480342268,10.874831037461824,0.05546946771007574
2020_Ref_Plot3_A9::83,2020_Ref_Plot3_A9,Field1,test,32,6,0.24832499837056135,15.761672496525494,0.0537291823863528
2020_Ref_Plot3_A9::97,2020_Ref_Plot3_A9,Field1,test,14,7,0.2984134428588359,17.934991364875927,0.03931793167668184
2020_Ref_Plot3_A91::22,2020_Ref_Plot3_A91,Field1,test,7,1,0.22442726374764435,19.60076027467715,0.036429259959244946
2020_Ref_Plot3_A91::28,2020_Ref_Plot3_A91,Field1,test,6,2,0.7033993330645397,28.702528215222323,0.175765606752399
2020_Ref_Plot3_A91::36,2020_Ref_Plot3_A91,Field1,test,8,3,0.18714307229089186,14.770328013204084,0.04747511291186386
2020_Ref_Plot3_A91::42,2020_Ref_Plot3_A91,Field1,test,6,4,0.2578193206526277,16.1786832446514,0.03316593748164682
2020_Ref_Plot3_A91::51,2020_Ref_Plot3_A91,Field1,test,9,5,0.1317896577494231,11.226149710924641,0.040044646101226544
2020_Ref_Plot3_A91::83,2020_Ref_Plot3_A91,Field1,test,32,6,0.23174272080250377,15.745080544176034,0.031855641557825484
2020_Ref_Plot3_A95::22,2020_Ref_Plot3_A95,Field1,test,7,1,0.3037826943091168,19.922760699102795,0.0761030291819897
2020_Ref_Plot3_A95::28,2020_Ref_Plot3_A95,Field1,test,6,2,0.6674939068237443,26.82635210834372,0.15700333929239435
2020_Ref_Plot3_A95::36,2020_Ref_Plot3_A95,Field1,test,8,3,0.1725814723933987,13.914632132155425,0.03628549680372655
2020_Ref_Plot3_A95::42,2020_Ref_Plot3_A95,Field1,test,6,4,0.2642623906004214,16.81739009763618,0.04936563802548581
2020_Ref_Plot3_A95::51,2020_Ref_Plot3_A95,Field1,test,9,5,0.1603765245195001,11.245754393449648,0.03893374575159471
2020_Ref_Plot3_A95::83,2020_Ref_Plot3_A95,Field1,test,32,6,0.21798797060132655,15.363822274596917,0.03167979435698977
2020_Ref_Plot3_A99::22,2020_Ref_Plot3_A99,Field1,test,7,1,0.286210861044033,19.65197845859528,0.06988612391591163
2020_Ref_Plot3_A99::28,2020_Ref_Plot3_A99,Field1,test,6,2,0.6979778127692068,27.841414883817603,0.18628107053711668
2020_Ref_Plot3_A99::36,2020_Ref_Plot3_A99,Field1,test,8,3,0.1951059330526512,14.295264317613935,0.05129525838038425
2020_Ref_Plot3_A99::42,2020_Ref_Plot3_A99,Field1,test,6,4,0.3020966263902907,18.11478715865354,0.07376371513500123
2020_Ref_Plot3_A99::51,2020_Ref_Plot3_A99,Field1,test,9,5,0.15749776937353174,11.031059706004154,0.04551840444870433
2020_Ref_Plot3_A99::83,2020_Ref_Plot3_A99,Field1,test,32,6,0.18112516698954237,14.564406112602637,0.01729237838861007
2020_Ref_Plot3_B97::22,2020_Ref_Plot3_B97,Field1,test,7,1,0.29868171383335573,19.66399417049654,0.08060543920802148
2020_Ref_Plot3_B97::28,2020_Ref_Plot3_B97,Field1,test,6,2,0.7021953967156817,27.901560154994165,0.1914958455797356
2020_Ref_Plot3_B97::36,2020_Ref_Plot3_B97,Field1,test,8,3,0.19677182662470613,14.400825398552499,0.050923112213561494
2020_Ref_Plot3_B97::42,2020_Ref_Plot3_B97,Field1,test,6,4,0.2745725420021578,16.798844212441843,0.02722855379474229
2020_Ref_Plot3_B97::51,2020_Ref_Plot3_B97,Field1,test,9,5,0.1817498293815604,10.757797360619508,0.05934941527451309
2020_Ref_Plot3_B97::83,2020_Ref_Plot3_B97,Field1,test,32,6,0.19150224628936718,14.376478091205787,0.034314508091929784
2020_Ref_Plot3_C10::22,2020_Ref_Plot3_C10,Field1,test,7,1,0.26081054709862844,19.050569657845337,0.05820702118761345
2020_Ref_Plot3_C10::28,2020_Ref_Plot3_C10,Field1,test,6,2,0.6797280606117626,26.93727980678861,0.16922482788926432
2020_Ref_Plot3_C10::36,2020_Ref_Plot3_C10,Field1,test,8,3,0.18270956396197194,15.07415990847559,0.04553648638718716
2020_Ref_Plot3_C10::42,2020_Ref_Plot3_C10,Field1,test,6,4,0.26248211566301893,16.810838408690923,0.03561935115154642
2020_Ref_Plot3_C10::51,2020_Ref_Plot3_C10,Field1,test,9,5,0.16427325390966566,11.215339665903496,0.04869230262489768
2020_Ref_Plot3_C10::83,2020_Ref_Plot3_C10,Field1,test,32,6,0.20342477574919315,14.775807586940664,0.031862252110475414
2020_Ref_Plot3_C10::97,2020_Ref_Plot3_C10,Field1,test,14,7,0.27341643920446795,17.48214285415858,0.0452444113513873
2020_Ref_Plot3_C2::22,2020_Ref_Plot3_C2,Field1,test,7,1,0.281370844549719,19.762457401518176,0.06178433851699921
2020_Ref_Plot3_C2::28,2020_Ref_Plot3_C2,Field1,test,6,2,0.6635430930692704,26.41193391118543,0.15879862994078922
2020_Ref_Plot3_C2::36,2020_Ref_Plot3_C2,Field1,test,8,3,0.17917506247541168,14.86547331525225,0.042689660401983055
2020_Ref_Plot3_C2::42,2020_Ref_Plot3_C2,Field1,test,6,4,0.28608194594183095,16.45060991420388,0.04903859166820023
2020_Ref_Plot3_C2::51,2020_Ref_Plot3_C2,Field1,test,9,5,0.1550868195023548,10.673104635861137,0.04845480333768202
2020_Ref_Plot3_C2::83,2020_Ref_Plot3_C2,Field1,test,32,6,0.16060391022252166,14.018940528447654,0.020185636649269614
2020_Ref_Plot3_C7::22,2020_Ref_Plot3_C7,Field1,test,7,1,0.3100722171069498,19.80529948135922,0.07526195818934678
2020_Ref_Plot3_C7::28,2020_Ref_Plot3_C7,Field1,test,6,2,0.6627923976648354,26.464485473964533,0.17061120192350043
2020_Ref_Plot3_C7::36,2020_Ref_Plot3_C7,Field1,test,8,3,0.17509250529631973,14.252073542398767,0.0550431055751589
2020_Ref_Plot3_C7::42,2020_Ref_Plot3_C7,Field1,test,6,4,0.26068947967754186,16.756089212591828,0.03196153230897398
2020_Ref_Plot3_C7::51,2020_Ref_Plot3_C7,Field1,test,9,5,0.14375741363406266,11.1084249075123,0.04440067530453106
2020_Ref_Plot3_C7::83,2020_Ref_Plot3_C7,Field1,test,32,6,0.1955214354184506,15.384250094234071,0.03456403839491688
2020_Ref_Plot3_C7::97,2020_Ref_Plot3_C7,Field1,test,14,7,0.23509758936070005,15.64784744458956,0.02442155149414254
2020_Ref_Plot4_A8::22,2020_Ref_Plot4_A8,Field1,test,7,1,0.3396271293730834,21.81651930811792,0.07113524886898992
2020_Ref_Plot4_A8::28,2020_Ref_Plot4_A8,Field1,test,6,2,0.7201052674402333,26.463954524311674,0.19396616811103345
2020_Ref_Plot4_A8::36,2020_Ref_Plot4_A8,Field1,test,8,3,0.10140667571496988,14.299356259950926,0.02434302628861122
2020_Ref_Plot4_A8::42,2020_Ref_Plot4_A8,Field1,test,6,4,0.3451877572484065,19.347535009579502,0.06007899095302005
2020_Ref_Plot4_A8::51,2020_Ref_Plot4_A8,Field1,test,9,5,0.1338744648479687,10.379891219708918,0.041487732361330354
2020_Ref_Plot4_A8::83,2020_Ref_Plot4_A8,Field1,test,32,6,0.17481947205209494,15.164940111167187,0.02304973700536567
2020_Ref_Plot4_A90::22,2020_Ref_Plot4_A90,Field1,test,7,1,0.2613409577487888,19.925182026401785,0.037171504034925126
2020_Ref_Plot4_A90::28,2020_Ref_Plot4_A90,Field1,test,6,2,0.7496681520355447,28.95840528398097,0.2321048410866919
2020_Ref_Plot4_A90::36,2020_Ref_Plot4_A90,Field1,test,8,3,0.10337813703849758,14.712013612289041,0.021475070386660442
2020_Ref_Plot4_A90::42,2020_Ref_Plot4_A90,Field1,test,6,4,0.3253890725916113,18.402884541847143,0.04779181753483841
2020_Ref_Plot4_A90::51,2020_Ref_Plot4_A90,Field1,test,9,5,0.1333275874434823,10.447369066721448,0.048010958756222986
2020_Ref_Plot4_A92::22,2020_Ref_Plot4_A92,Field1,test,7,1,0.2762806881637747,20.494687902119246,0.03827585481537268
2020_Ref_Plot4_A92::28,2020_Ref_Plot4_A92,Field1,test,6,2,0.7409100006797905,28.618005945150664,0.2097292469866709
2020_Ref_Plot4_A92::36,2020_Ref_Plot4_A92,Field1,test,8,3,0.10247169527052664,15.213580720618939,0.02617474849219527
2020_Ref_Plot4_A92::42,2020_Ref_Plot4_A92,Field1,test,6,4,0.30941190985370626,18.294521813568757,0.058225109891487534
2020_Ref_Plot4_A92::51,2020_Ref_Plot4_A92,Field1,test,9,5,0.12647876725070803,11.013825655777879,0.029052492995486092
2020_Ref_Plot4_B2::22,2020_Ref_Plot4_B2,Field1,test,7,1,0.28578293520205267,21.053308432105744,0.03771782009665669
2020_Ref_Plot4_B2::28,2020_Ref_Plot4_B2,Field1,test,6,2,0.7608918635581245,29.621831210388496,0.22661632782751429
2020_Ref_Plot4_B2::36,2020_Ref_Plot4_B2,Field1,test,8,3,0.10991981199454758,15.664227119711175,0.022409484522321835
2020_Ref_Plot4_B2::42,2020_Ref_Plot4_B2,Field1,test,6,4,0.27099048174876095,16.86972193489695,0.035249549035545544
2020_Ref_Plot4_B2::51,2020_Ref_Plot4_B2,Field1,test,9,5,0.11538487421613743,11.20574460413216,0.01691946891191509
2020_Ref_Plot4_B2::83,2020_Ref_Plot4_B2,Field1,test,32,6,0.16461735981991799,13.104790484289326,0.016635362509037695
2020_Ref_Plot4_B6::22,2020_Ref_Plot4_B6,Field1,test,7,1,0.37092692293945245,22.322424700625753,0.06747821541232818
2020_Ref_Plot4_B6::28,2020_Ref_Plot4_B6,Field1,test,6,2,0.7818835752344574,28.481635791813513,0.24984222997820302
2020_Ref_Plot4_B6::36,2020_Ref_Plot4_B6,Field1,test,8,3,0.07827872409839007,14.06559324967596,0.019074547904333328
2020_Ref_Plot4_B6::42,2020_Ref_Plot4_B6,Field1,test,6,4,0.3003213988369326,18.270792424916657,0.06146821931033246
2020_Ref_Plot4_B6::51,2020_Ref_Plot4_B6,Field1,test,9,5,0.13091013126233172,10.794764263486803,0.04687785288393127
2020_Ref_Plot4_B6::83,2020_Ref_Plot4_B6,Field1,test,32,6,0.1834857595005288,15.572185741437021,0.02437057235309666
2020_Ref_Plot4_B95::22,2020_Ref_Plot4_B95,Field1,test,7,1,0.29996007137268627,20.802611884152647,0.04405042495355308
2020_Ref_Plot4_B95::28,2020_Ref_Plot4_B95,Field1,test,6,2,0.7356200579999642,28.51058586261894,0.22000551650685238
2020_Ref_Plot4_B95::36,2020_Ref_Plot4_B95,Field1,test,8,3,0.08137539683160147,14.376017435339563,0.014712753914022289
2020_Ref_Plot4_B95::42,2020_Ref_Plot4_B95,Field1,test,6,4,0.3037187850228205,18.42373270048916,0.043133844044748244
2020_Ref_Plot4_B95::51,2020_Ref_Plot4_B95,Field1,test,9,5,0.12215451031502163,10.785171516152596,0.030927479651693086
2020_Ref_Plot4_B95::83,2020_Ref_Plot4_B95,Field1,test,32,6,0.28875769411041435,16.1590742702174,0.0553228927013989
2020_Ref_Plot4_B97::22,2020_Ref_Plot4_B97,Field1,test,7,1,0.29754498031534315,21.051932315205345,0.03927573173881741
2020_Ref_Plot4_B97::28,2020_Ref_Plot4_B97,Field1,test,6,2,0.7643984504375966,29.2779261718215,0.25269104310155477
2020_Ref_Plot4_B97::36,2020_Ref_Plot4_B97,Field1,test,8,3,0.10785325654877038,15.052762965300401,0.03051777417547955
2020_Ref_Plot4_B97::42,2020_Ref_Plot4_B97,Field1,test,6,4,0.3130240041135755,18.720710866641202,0.048171112579691755
2020_Ref_Plot4_B97::51,2020_Ref_Plot4_B97,Field1,test,9,5,0.15222761037134805,11.24374622870086,0.051321129855653326
2020_Ref_Plot4_C91::22,2020_Ref_Plot4_C91,Field1,test,7,1,0.26554623761893703,20.89265348865385,0.03370071634107365
2020_Ref_Plot4_C91::28,2020_Ref_Plot4_C91,Field1,test,6,2,0.7634349998703169,29.769523502068548,0.21291439996067688
2020_Ref_Plot4_C91::36,2020_Ref_Plot4_C91,Field1,test,8,3,0.09721559008463136,14.932662968205763,0.0247028131495028
2020_Ref_Plot4_C91::42,2020_Ref_Plot4_C91,Field1,test,6,4,0.3010547949850671,17.610965587581088,0.045998436205366
2020_Ref_Plot4_C91::51,2020_Ref_Plot4_C91,Field1,test,9,5,0.13611935538730272,11.188171237909826,0.03496810886450153
2021_Ref_Plot1_A11::8,2021_Ref_Plot1_A11,Field2,test,7,1,0.7146022690025147,27.322755298174805,0.2059087367374307
2021_Ref_Plot1_A11::16,2021_Ref_Plot1_A11,Field2,test,8,2,0.8098764010363754,31.448247625088115,0.39170194546839265
2021_Ref_Plot1_A11::22,2021_Ref_Plot1_A11,Field2,test,6,3,0.29874250135515,17.345746428968905,0.06811537518127675
2021_Ref_Plot1_A11::27,2021_Ref_Plot1_A11,Field2,test,5,4,0.3549242599358033,16.91302641358675,0.11971103248008581
2021_Ref_Plot1_A11::35,2021_Ref_Plot1_A11,Field2,test,8,5,0.12022630761576558,12.359554057203493,0.028748205848289632
2021_Ref_Plot1_A11::44,2021_Ref_Plot1_A11,Field2,test,9,6,0.1370323582824272,14.657565435220267,0.015748753064265493
2021_Ref_Plot1_A11::50,2021_Ref_Plot1_A11,Field2,test,6,7,0.12047508158094722,9.083139483960478,0.06469028767196874
2021_Ref_Plot1_A11::57,2021_Ref_Plot1_A11,Field2,test,7,8,0.10367738517722236,11.360278860729629,0.03141482724117637
2021_Ref_Plot1_A11::65,2021_Ref_Plot1_A11,Field2,test,8,9,0.10891008024916381,11.520412508395598,0.04320575541549651
2021_Ref_Plot1_A11::69,2021_Ref_Plot1_A11,Field2,test,4,10,0.2075877053531163,12.672149395991323,0.11265016750903505
2021_Ref_Plot1_A11::71,2021_Ref_Plot1_A11,Field2,test,2,11,0.17322982416637953,10.677721947469582,0.11413296414564249
2021_Ref_Plot1_A11::76,2021_Ref_Plot1_A11,Field2,test,5,12,0.09796789045150912,9.642476791932577,0.014599578381555272
2021_Ref_Plot1_A11::80,2021_Ref_Plot1_A11,Field2,test,4,13,0.06535600248957563,8.195158747170355,0.019228491560803813
2021_Ref_Plot1_A11::85,2021_Ref_Plot1_A11,Field2,test,5,14,0.07219202840272049,9.823764271255788,0.026442154346402662
2021_Ref_Plot1_A13::8,2021_Ref_Plot1_A13,Field2,test,7,1,0.716282123854393,27.90727943444061,0.19595201101702328
2021_Ref_Plot1_A13::16,2021_Ref_Plot1_A13,Field2,test,8,2,0.8000818247299452,30.55534891604531,0.3909969119295644
2021_Ref_Plot1_A13::22,2021_Ref_Plot1_A13,Field2,test,6,3,0.28011737598077363,17.00065682508079,0.07871241461889615
2021_Ref_Plot1_A13::27,2021_Ref_Plot1_A13,Field2,test,5,4,0.31827267241219787,17.367844108000114,0.10481037298640443
2021_Ref_Plot1_A13::35,2021_Ref_Plot1_A13,Field2,test,8,5,0.13554115732412178,12.161110652822902,0.045321111584021676
2021_Ref_Plot1_A13::44,2021_Ref_Plot1_A13,Field2,test,9,6,0.13700788516709447,14.027878900819923,0.0214819602257435
2021_Ref_Plot1_A13::50,2021_Ref_Plot1_A13,Field2,test,6,7,0.10555561079222271,8.593923622723606,0.05001221914155315
2021_Ref_Plot1_A13::57,2021_Ref_Plot1_A13,Field2,test,7,8,0.1227152148794018,11.644450300170018,0.047787702124508606
2021_Ref_Plot1_A13::65,2021_Ref_Plot1_A13,Field2,test,8,9,0.11691381800891665,12.313260460896014,0.05145039661253906
2021_Ref_Plot1_A13::69,2021_Ref_Plot1_A13,Field2,test,4,10,0.18965791993604975,12.650545282778934,0.07766252427070293
2021_Ref_Plot1_A13::71,2021_Ref_Plot1_A13,Field2,test,2,11,0.09981289196537708,8.123536736957199,0.05559712507122413
2021_Ref_Plot1_A13::76,2021_Ref_Plot1_A13,Field2,test,5,12,0.11526556883648968,12.272643709558395,0.01880528586393441
2021_Ref_Plot1_A13::80,2021_Ref_Plot1_A13,Field2,test,4,13,0.04705767284780957,7.762413945351778,0.00416457911616827
2021_Ref_Plot1_A13::85,2021_Ref_Plot1_A13,Field2,test,5,14,0.05061689037318152,9.298067145034368,0.022546400981412706
2021_Ref_Plot1_A20::8,2021_Ref_Plot1_A20,Field2,test,7,1,0.6786475562129786,26.355618997332634,0.1768046318347602
2021_Ref_Plot1_A20::16,2021_Ref_Plot1_A20,Field2,test,8,2,0.8132989622169918,31.600437139989733,0.4288533886636168
2021_Ref_Plot1_A20::22,2021_Ref_Plot1_A20,Field2,test,6,3,0.3190099546967357,17.109031978303307,0.09263506667968306
2021_Ref_Plot1_A20::27,2021_Ref_Plot1_A20,Field2,test,5,4,0.3254747367514223,17.427064167565767,0.10600985964883208
2021_Ref_Plot1_A20::35,2021_Ref_Plot1_A20,Field2,test,8,5,0.1455271686347255,12.900317169271913,0.043687169171556336
2021_Ref_Plot1_A20::44,2021_Ref_Plot1_A20,Field2,test,9,6,0.13657883199651522,14.78256394446114,0.021623254546693334
2021_Ref_Plot1_A20::50,2021_Ref_Plot1_A20,Field2,test,6,7,0.10905331810804016,8.772343827903521,0.06144348402682577
2021_Ref_Plot1_A20::57,2021_Ref_Plot1_A20,Field2,test,7,8,0.0927453651686979,10.919876443177044,0.03560515566626433
2021_Ref_Plot1_A20::65,2021_Ref_Plot1_A20,Field2,test,8,9,0.07627576613470151,11.485182342118868,0.025928810449097044
2021_Ref_Plot1_A20::69,2021_Ref_Plot1_A20,Field2,test,4,10,0.1498067932495162,12.74395787902505,0.056082849850606575
2021_Ref_Plot1_A20::71,2021_Ref_Plot1_A20,Field2,test,2,11,0.1078341814444147,8.879050880655118,0.05891244346455717
2021_Ref_Plot1_A20::76,2021_Ref_Plot1_A20,Field2,test,5,12,0.12595436901176507,13.834264619207913,0.019495252067952013
2021_Ref_Plot1_A20::80,2021_Ref_Plot1_A20,Field2,test,4,13,0.09401495815227166,9.432768292951813,0.03702575621908849
2021_Ref_Plot1_A20::85,2021_Ref_Plot1_A20,Field2,test,5,14,0.07292691630590999,9.964592000201261,0.01903876204534176
2021_Ref_Plot1_A3::8,2021_Ref_Plot1_A3,Field2,test,7,1,0.7335790047970457,27.128435295521353,0.22461818952823334
2021_Ref_Plot1_A3::16,2021_Ref_Plot1_A3,Field2,test,8,2,0.7956180195497063,31.070088235289735,0.36576080622678697
2021_Ref_Plot1_A3::22,2021_Ref_Plot1_A3,Field2,test,6,3,0.2664612684736934,15.740084260961321,0.06926176453977013
2021_Ref_Plot1_A3::27,2021_Ref_Plot1_A3,Field2,test,5,4,0.30933318973825846,16.259458993304975,0.09114920710413091
2021_Ref_Plot1_A3::35,2021_Ref_Plot1_A3,Field2,test,8,5,0.14766256689472748,11.87455546812338,0.03963635516770814
2021_Ref_Plot1_A3::44,2021_Ref_Plot1_A3,Field2,test,9,6,0.1449093947834035,15.212835198158032,0.022804445377183027
2021_Ref_Plot1_A3::50,2021_Ref_Plot1_A3,Field2,test,6,7,0.1545864035132355,9.120198189706896,0.0979607778787886
2021_Ref_Plot1_A3::57,2021_Ref_Plot1_A3,Field2,test,7,8,0.11584975198220636,10.84021586252467,0.03431783996370881
2021_Ref_Plot1_A3::65,2021_Ref_Plot1_A3,Field2,test,8,9,0.1423353841886126,11.34099331225951,0.05956590689273841
2021_Ref_Plot1_A3::69,2021_Ref_Plot1_A3,Field2,test,4,10,0.20053816938754632,12.278274863120016,0.11371033401496551
2021_Ref_Plot1_A3::71,2021_Ref_Plot1_A3,Field2,test,2,11,0.14013389061446804,8.834265557311488,0.07671102492039568
2021_Ref_Plot1_A3::76,2021_Ref_Plot1_A3,Field2,test,5,12,0.1815792162121452,12.938383932660882,0.03624389318466849
2021_Ref_Plot1_A3::80,2021_Ref_Plot1_A3,Field2,test,4,13,0.08337026868589904,8.217998784334823,0.008468654659111787
2021_Ref_Plot1_A3::85,2021_Ref_Plot1_A3,Field2,test,5,14,0.07730628500640369,9.098411433715444,0.02708332173105288
2021_Ref_Plot1_B19::8,2021_Ref_Plot1_B19,Field2,test,7,1,0.7168700633912638,27.54456469326029,0.20252277570105576
2021_Ref_Plot1_B19::16,2021_Ref_Plot1_B19,Field2,test,8,2,0.8122863003007272,30.92365476395093,0.3790679482759764
2021_Ref_Plot1_B19::22,2021_Ref_Plot1_B19,Field2,test,6,3,0.35837171743123836,17.13350363906771,0.12283799976220831
2021_Ref_Plot1_B19::27,2021_Ref_Plot1_B19,Field2,test,5,4,0.3377532367899027,17.082120246807577,0.13066315525214692
2021_Ref_Plot1_B19::35,2021_Ref_Plot1_B19,Field2,test,8,5,0.14331389737908987,12.797985964874975,0.030588624199963967
2021_Ref_Plot1_B19::44,2021_Ref_Plot1_B19,Field2,test,9,6,0.11463729971969634,14.434739174327548,0.01896714424010793
2021_Ref_Plot1_B19::50,2021_Ref_Plot1_B19,Field2,test,6,7,0.087537681002492,9.083626151864884,0.050677763795909415
2021_Ref_Plot1_B19::57,2021_Ref_Plot1_B19,Field2,test,7,8,0.0885263128205545,12.20969335872529,0.022048684959767893
2021_Ref_Plot1_B19::65,2021_Ref_Plot1_B19,Field2,test,8,9,0.07930050492751832,11.857234375333192,0.03236507212496058
2021_Ref_Plot1_B19::69,2021_Ref_Plot1_B19,Field2,test,4,10,0.17534084105955583,12.951334097918872,0.05719183213464549
2021_Ref_Plot1_B19::71,2021_Ref_Plot1_B19,Field2,test,2,11,0.15416922253409862,9.787762237931801,0.08830725439400834
2021_Ref_Plot1_B19::76,2021_Ref_Plot1_B19,Field2,test,5,12,0.13870991707245622,14.755689322133016,0.017686093500383124
2021_Ref_Plot1_B19::80,2021_Ref_Plot1_B19,Field2,test,4,13,0.07532863943763529,10.19969344186979,0.019929183103464528
2021_Ref_Plot1_B19::85,2021_Ref_Plot1_B19,Field2,test,5,14,0.0760819363433729,11.416408077006366,0.024733332893012834
2021_Ref_Plot1_B2::8,2021_Ref_Plot1_B2,Field2,test,7,1,0.7469135782441638,27.93587192933778,0.21607252623209813
2021_Ref_Plot1_B2::16,2021_Ref_Plot1_B2,Field2,test,8,2,0.8060217003497187,31.88060278790112,0.34019961622779943
2021_Ref_Plot1_B2::22,2021_Ref_Plot1_B2,Field2,test,6,3,0.3410101739276545,17.58612914012107,0.1146706049956148
2021_Ref_Plot1_B2::27,2021_Ref_Plot1_B2,Field2,test,5,4,0.4035797508427153,18.773489791932978,0.14386344018669792
2021_Ref_Plot1_B2::35,2021_Ref_Plot1_B2,Field2,test,8,5,0.17938639334053008,13.694241364163167,0.03869880591077451
2021_Ref_Plot1_B2::44,2021_Ref_Plot1_B2,Field2,test,9,6,0.15160908071918097,14.864971966271609,0.01630396283656644
2021_Ref_Plot1_B2::50,2021_Ref_Plot1_B2,Field2,test,6,7,0.1552230638537324,8.581738374945324,0.07364746819276423
2021_Ref_Plot1_B2::57,2021_Ref_Plot1_B2,Field2,test,7,8,0.13515009859969448,11.541220278315327,0.035681843419604765
2021_Ref_Plot1_B2::65,2021_Ref_Plot1_B2,Field2,test,8,9,0.09941971155034766,11.590890584233598,0.03424341933835209
2021_Ref_Plot1_B2::69,2021_Ref_Plot1_B2,Field2,test,4,10,0.17757728040786025,12.235227516632257,0.07316389288167147
2021_Ref_Plot1_B2::71,2021_Ref_Plot1_B2,Field2,test,2,11,0.1470915905156258,9.281839952037524,0.08199992208473637
2021_Ref_Plot1_B2::76,2021_Ref_Plot1_B2,Field2,test,5,12,0.16572051730544254,14.784143327482058,0.029367640581882792
2021_Ref_Plot1_B2::80,2021_Ref_Plot1_B2,Field2,test,4,13,0.12858902856204327,8.047887748868739,0.03947435736405797
2021_Ref_Plot1_B2::85,2021_Ref_Plot1_B2,Field2,test,5,14,0.07293815361884105,8.845637549523136,0.01574314584166618
2021_Ref_Plot1_B4::8,2021_Ref_Plot1_B4,Field2,test,7,1,0.7519920271089905,28.972617115674836,0.2294528929693412
2021_Ref_Plot1_B4::16,2021_Ref_Plot1_B4,Field2,test,8,2,0.8124375771099612,31.648865731001827,0.35664173855423814
2021_Ref_Plot1_B4::22,2021_Ref_Plot1_B4,Field2,test,6,3,0.3050589367593302,17.375496103979025,0.08998065056922801
2021_Ref_Plot1_B4::27,2021_Ref_Plot1_B4,Field2,test,5,4,0.3682777048797932,17.747343915719643,0.1156307237171424
2021_Ref_Plot1_B4::35,2021_Ref_Plot1_B4,Field2,test,8,5,0.14493510297184764,12.554312986890482,0.025914599310914516
2021_Ref_Plot1_B4::44,2021_Ref_Plot1_B4,Field2,test,9,6,0.15351688399268323,14.871168099661444,0.022528090285710508
2021_Ref_Plot1_B4::50,2021_Ref_Plot1_B4,Field2,test,6,7,0.12007022224698703,8.206478187899805,0.06065635137117041
2021_Ref_Plot1_B4::57,2021_Ref_Plot1_B4,Field2,test,7,8,0.11540683720167871,11.374572479844847,0.022756526618299366
2021_Ref_Plot1_B4::65,2021_Ref_Plot1_B4,Field2,test,8,9,0.11451668346161788,10.839150568560266,0.044501213003344094
2021_Ref_Plot1_B4::69,2021_Ref_Plot1_B4,Field2,test,4,10,0.16681900500174465,13.082634963200888,0.06711480652440707
2021_Ref_Plot1_B4::71,2021_Ref_Plot1_B4,Field2,test,2,11,0.18048502298482175,9.514603201004693,0.0967758695324998
2021_Ref_Plot1_B4::76,2021_Ref_Plot1_B4,Field2,test,5,12,0.22920116923963815,14.040148195284347,0.0325137207955127
2021_Ref_Plot1_B4::80,2021_Ref_Plot1_B4,Field2,test,4,13,0.18115511666654016,9.080927906987066,0.06287222799969265
2021_Ref_Plot1_B4::85,2021_Ref_Plot1_B4,Field2,test,5,14,0.08974898308271462,9.901807398180653,0.030120799651102044
2021_Ref_Plot1_B7::8,2021_Ref_Plot1_B7,Field2,test,7,1,0.7312856050555195,27.657895656635738,0.21337794926813677
2021_Ref_Plot1_B7::16,2021_Ref_Plot1_B7,Field2,test,8,2,0.7938532256226786,31.515935169344097,0.33820298956044803
2021_Ref_Plot1_B7::22,2021_Ref_Plot1_B7,Field2,test,6,3,0.296861950695188,17.270582973682586,0.08514100395792874
2021_Ref_Plot1_B7::27,2021_Ref_Plot1_B7,Field2,test,5,4,0.33664499316875135,17.711987520343225,0.11484033242872135
2021_Ref_Plot1_B7::35,2021_Ref_Plot1_B7,Field2,test,8,5,0.15316059298569026,13.555764420507408,0.0357009516666351
2021_Ref_Plot1_B7::44,2021_Ref_Plot1_B7,Field2,test,9,6,0.1550498009437716,15.22977718473645,0.031589322421396844
2021_Ref_Plot1_B7::50,2021_Ref_Plot1_B7,Field2,test,6,7,0.15869897127350022,9.680166676948506,0.08290542584879686
2021_Ref_Plot1_B7::57,2021_Ref_Plot1_B7,Field2,test,7,8,0.13042800868175994,11.557297515993925,0.042978563544693205
2021_Ref_Plot1_B7::65,2021_Ref_Plot1_B7,Field2,test,8,9,0.09767555157123949,11.33110443692495,0.02005224458670014
2021_Ref_Plot1_B7::69,2021_Ref_Plot1_B7,Field2,test,4,10,0.15691341176654464,12.12711100612114,0.06035417757932719
2021_Ref_Plot1_B7::71,2021_Ref_Plot1_B7,Field2,test,2,11,0.15389074812998668,9.543786054971358,0.08004602876191956
2021_Ref_Plot1_B7::85,2021_Ref_Plot1_B7,Field2,test,5,13,0.09354013541190997,8.872216707084307,0.039732016889373285
2021_Ref_Plot1_C18::8,2021_Ref_Plot1_C18,Field2,test,7,1,0.7382576463006915,27.852958209370474,0.20295499881663606
2021_Ref_Plot1_C18::16,2021_Ref_Plot1_C18,Field2,test,8,2,0.8072512527453043,30.742673709325253,0.3733056686729609
2021_Ref_Plot1_C18::22,2021_Ref_Plot1_C18,Field2,test,6,3,0.30260828509768756,16.384323508492407,0.08930297173184217
2021_Ref_Plot1_C18::27,2021_Ref_Plot1_C18,Field2,test,5,4,0.276821213011681,16.03743307119479,0.09708151221951794
2021_Ref_Plot1_C18::35,2021_Ref_Plot1_C18,Field2,test,8,5,0.14167777517197785,12.252661954360216,0.04764484996483926
2021_Ref_Plot1_C18::44,2021_Ref_Plot1_C18,Field2,test,9,6,0.13801042471375105,15.172177454417803,0.030080429297781763
2021_Ref_Plot1_C18::50,2021_Ref_Plot1_C18,Field2,test,6,7,0.07889729175322756,8.228068205095916,0.04294844253468453
2021_Ref_Plot1_C18::57,2021_Ref_Plot1_C18,Field2,test,7,8,0.09227740423079583,11.375738709569275,0.02304036701844357
2021_Ref_Plot1_C18::65,2021_Ref_Plot1_C18,Field2,test,8,9,0.0834542382869109,10.402164396568088,0.03009372472587516
2021_Ref_Plot1_C18::69,2021_Ref_Plot1_C18,Field2,test,4,10,0.19599796356493507,13.399537111421475,0.07601527545687298
2021_Ref_Plot1_C18::71,2021_Ref_Plot1_C18,Field2,test,2,11,0.13983948948453015,9.643305156032563,0.09948519452765892
2021_Ref_Plot1_C18::76,2021_Ref_Plot1_C18,Field2,test,5,12,0.15168600950923214,14.872912012834902,0.015197052833830398
2021_Ref_Plot1_C18::80,2021_Ref_Plot1_C18,Field2,test,4,13,0.04893788153408866,10.705838518878132,0.01942381357806875
2021_Ref_Plot1_C18::85,2021_Ref_Plot1_C18,Field2,test,5,14,0.05849250362739553,10.084384173396813,0.01832591398221582
2021_Ref_Plot1_C6::8,2021_Ref_Plot1_C6,Field2,test,7,1,0.7359370053272718,28.139792450209562,0.2057988312844445
2021_Ref_Plot1_C6::16,2021_Ref_Plot1_C6,Field2,test,8,2,0.8200840765780896,31.690660241342297,0.3792854615209316
2021_Ref_Plot1_C6::22,2021_Ref_Plot1_C6,Field2,test,6,3,0.30803853863022973,17.254514604096883,0.0915740567312826
2021_Ref_Plot1_C6::27,2021_Ref_Plot1_C6,Field2,test,5,4,0.36032048740252476,17.550649059254763,0.10787667638720178
2021_Ref_Plot1_C6::35,2021_Ref_Plot1_C6,Field2,test,8,5,0.16623418947070254,13.014106660637283,0.027027804196772243
2021_Ref_Plot1_C6::44,2021_Ref_Plot1_C6,Field2,test,9,6,0.13631286297866882,15.100615952021963,0.02078508780754673
2021_Ref_Plot1_C6::50,2021_Ref_Plot1_C6,Field2,test,6,7,0.13858681996520836,8.897579162767627,0.06400076680246292
2021_Ref_Plot1_C6::57,2021_Ref_Plot1_C6,Field2,test,7,8,0.13665456284376212,10.89856527797714,0.03304163957274372
2021_Ref_Plot1_C6::65,2021_Ref_Plot1_C6,Field2,test,8,9,0.1262906892628292,11.133204238488881,0.05149207050061302
2021_Ref_Plot1_C6::69,2021_Ref_Plot1_C6,Field2,test,4,10,0.1918570550922061,12.191843966738563,0.09621264482869357
2021_Ref_Plot1_C6::71,2021_Ref_Plot1_C6,Field2,test,2,11,0.1475719390537059,9.353071113945653,0.09022876443138805
2021_Ref_Plot1_C6::76,2021_Ref_Plot1_C6,Field2,test,5,12,0.23431239978045318,14.82743101891036,0.06858013944846375
2021_Ref_Plot1_C6::80,2021_Ref_Plot1_C6,Field2,test,4,13,0.1593540513473469,8.8440497829434,0.05219134627505463
2021_Ref_Plot1_C6::85,2021_Ref_Plot1_C6,Field2,test,5,14,0.13267258525148592,9.304471166282234,0.050609211558994435
2021_Ref_Plot1_D18::8,2021_Ref_Plot1_D18,Field2,test,7,1,0.7333091924785057,28.335264106044274,0.18692030096988674
2021_Ref_Plot1_D18::16,2021_Ref_Plot1_D18,Field2,test,8,2,0.7950629443809305,30.18555029821119,0.36555666988281194
2021_Ref_Plot1_D18::22,2021_Ref_Plot1_D18,Field2,test,6,3,0.3192641836343391,17.11520854549341,0.10147231313291474
2021_Ref_Plot1_D18::27,2021_Ref_Plot1_D18,Field2,test,5,4,0.31728508339772077,16.450063527368513,0.12971854916241593
2021_Ref_Plot1_D18::35,2021_Ref_Plot1_D18,Field2,test,8,5,0.13244899355478626,12.550805373448226,0.026754720272381207
2021_Ref_Plot1_D18::44,2021_Ref_Plot1_D18,Field2,test,9,6,0.14944117295178874,15.657049956103673,0.02675204338578832
2021_Ref_Plot1_D18::50,2021_Ref_Plot1_D18,Field2,test,6,7,0.11326706438537433,8.624013061716596,0.0530818937451198
2021_Ref_Plot1_D18::57,2021_Ref_Plot1_D18,Field2,test,7,8,0.13600546367749686,11.814038086606956,0.042005048534198605
2021_Ref_Plot1_D18::65,2021_Ref_Plot1_D18,Field2,test,8,9,0.09974627697116456,10.750093844920677,0.03767217187630116
2021_Ref_Plot1_D18::69,2021_Ref_Plot1_D18,Field2,test,4,10,0.16500742239050806,12.153340806852128,0.08042347932656671
2021_Ref_Plot1_D18::71,2021_Ref_Plot1_D18,Field2,test,2,11,0.15460833885581726,9.997137880350527,0.10119877844398432
2021_Ref_Plot1_D18::76,2021_Ref_Plot1_D18,Field2,test,5,12,0.16995838212667858,15.159938074616688,0.03116971755146354
2021_Ref_Plot1_D18::80,2021_Ref_Plot1_D18,Field2,test,4,13,0.09740355309865707,9.334943978434861,0.03744234365094933
2021_Ref_Plot1_D18::85,2021_Ref_Plot1_D18,Field2,test,5,14,0.07484015504264353,10.730152643721224,0.029579897231951296
2021_Ref_Plot1_D4::8,2021_Ref_Plot1_D4,Field2,test,7,1,0.7303961323472795,27.32406857711365,0.1759184768955006
2021_Ref_Plot1_D4::16,2021_Ref_Plot1_D4,Field2,test,8,2,0.7792842804026608,30.37982629285052,0.325614866539608
2021_Ref_Plot1_D4::22,2021_Ref_Plot1_D4,Field2,test,6,3,0.2727202231329801,17.12281148434205,0.08244977333704713
2021_Ref_Plot1_D4::27,2021_Ref_Plot1_D4,Field2,test,5,4,0.30845258237410367,15.846145810726107,0.10068064390486632
2021_Ref_Plot1_D4::35,2021_Ref_Plot1_D4,Field2,test,8,5,0.14447015179017356,12.252800395982286,0.018149281337186095
2021_Ref_Plot1_D4::44,2021_Ref_Plot1_D4,Field2,test,9,6,0.1504017222475332,14.494886147267788,0.022676411978859855
2021_Ref_Plot1_D4::50,2021_Ref_Plot1_D4,Field2,test,6,7,0.11241342057716854,8.396625022068381,0.04190031938299518
2021_Ref_Plot1_D4::57,2021_Ref_Plot1_D4,Field2,test,7,8,0.133458178402977,12.121406879629742,0.04913250782879936
2021_Ref_Plot1_D4::65,2021_Ref_Plot1_D4,Field2,test,8,9,0.10714892295749384,11.49545195283351,0.04266814126958029
2021_Ref_Plot1_D4::69,2021_Ref_Plot1_D4,Field2,test,4,10,0.20603102044836819,13.445116936305235,0.11221732510190738
2021_Ref_Plot1_D4::71,2021_Ref_Plot1_D4,Field2,test,2,11,0.17382669797038472,9.715454809433062,0.11372916032895719
2021_Ref_Plot1_D4::76,2021_Ref_Plot1_D4,Field2,test,5,12,0.15414411782398973,11.56204796061257,0.01813734426901856
2021_Ref_Plot1_D4::80,2021_Ref_Plot1_D4,Field2,test,4,13,0.08958081129977673,7.925154492125612,0.02549903637945857
2021_Ref_Plot1_D4::85,2021_Ref_Plot1_D4,Field2,test,5,14,0.13422985721702124,10.016370619792834,0.053948002571449404
2021_Ref_Plot1_D6::8,2021_Ref_Plot1_D6,Field2,test,7,1,0.7072915803000647,27.648172926647263,0.16067815755786663
2021_Ref_Plot1_D6::16,2021_Ref_Plot1_D6,Field2,test,8,2,0.7869414864291632,30.384448341566976,0.3336521581450652
2021_Ref_Plot1_D6::22,2021_Ref_Plot1_D6,Field2,test,6,3,0.2933455697869866,17.113446637898004,0.0904440278316764
2021_Ref_Plot1_D6::27,2021_Ref_Plot1_D6,Field2,test,5,4,0.35058616532664716,16.655734942852103,0.12074058187652376
2021_Ref_Plot1_D6::35,2021_Ref_Plot1_D6,Field2,test,8,5,0.160805737357242,13.178928389172778,0.018558029257283247
2021_Ref_Plot1_D6::44,2021_Ref_Plot1_D6,Field2,test,9,6,0.14909808989338771,15.184822128691746,0.032508052234743255
2021_Ref_Plot1_D6::50,2021_Ref_Plot1_D6,Field2,test,6,7,0.11816354422730489,8.394381555066106,0.057229541542626584
2021_Ref_Plot1_D6::57,2021_Ref_Plot1_D6,Field2,test,7,8,0.1368151311759262,11.55534250216921,0.049232254713696154
2021_Ref_Plot1_D6::65,2021_Ref_Plot1_D6,Field2,test,8,9,0.12924543314914574,11.529055023184727,0.06269311120940557
2021_Ref_Plot1_D6::69,2021_Ref_Plot1_D6,Field2,test,4,10,0.19239391547500342,13.051475488698365,0.08760956699487445
2021_Ref_Plot1_D6::71,2021_Ref_Plot1_D6,Field2,test,2,11,0.16521752164757034,9.520974940222942,0.10394213080965399
2021_Ref_Plot1_D6::76,2021_Ref_Plot1_D6,Field2,test,5,12,0.22727491755863105,15.715478636690907,0.028558973817550185
2021_Ref_Plot1_D6::80,2021_Ref_Plot1_D6,Field2,test,4,13,0.2042533544052362,10.214239709766492,0.08848985305410453
2021_Ref_Plot1_D6::85,2021_Ref_Plot1_D6,Field2,test,5,14,0.09908839802392803,9.609894395265922,0.03702361450849467
2021_Ref_Plot1_E2::8,2021_Ref_Plot1_E2,Field2,test,7,1,0.7308346829565937,28.192676307885908,0.18746271255816283
2021_Ref_Plot1_E2::16,2021_Ref_Plot1_E2,Field2,test,8,2,0.7786815776269725,30.283494153978154,0.30848703350841655
2021_Ref_Plot1_E2::22,2021_Ref_Plot1_E2,Field2,test,6,3,0.27028320284052015,15.749906979189394,0.06662186764025836
2021_Ref_Plot1_E2::27,2021_Ref_Plot1_E2,Field2,test,5,4,0.30517606194176133,15.257422002995607,0.11310089794691727
2021_Ref_Plot1_E2::35,2021_Ref_Plot1_E2,Field2,test,8,5,0.12708308641488467,11.01157751911037,0.02398734331192723
2021_Ref_Plot1_E2::44,2021_Ref_Plot1_E2,Field2,test,9,6,0.14113329224232818,14.44293848624364,0.014614301710584733
2021_Ref_Plot1_E2::50,2021_Ref_Plot1_E2,Field2,test,6,7,0.1251452560554744,8.781126872471802,0.0695855587930771
2021_Ref_Plot1_E2::57,2021_Ref_Plot1_E2,Field2,test,7,8,0.12753644919838475,11.500863122019918,0.03557520356457511
2021_Ref_Plot1_E2::65,2021_Ref_Plot1_E2,Field2,test,8,9,0.10597793505475794,11.463629491952943,0.028288163918226493
2021_Ref_Plot1_E2::69,2021_Ref_Plot1_E2,Field2,test,4,10,0.18855633565098737,12.68164169736906,0.06922696755566947
2021_Ref_Plot1_E2::71,2021_Ref_Plot1_E2,Field2,test,2,11,0.14766192725733787,9.34412477299475,0.09886978534211434
2021_Ref_Plot1_E2::76,2021_Ref_Plot1_E2,Field2,test,5,12,0.12485394188465528,12.015985696662161,0.005547132861240832
2021_Ref_Plot1_E2::80,2021_Ref_Plot1_E2,Field2,test,4,13,0.1227233174185816,9.139074332101123,0.023171681762843295
2021_Ref_Plot1_E2::85,2021_Ref_Plot1_E2,Field2,test,5,14,0.12418513248069019,9.570314192664434,0.05477799925503036
2021_Ref_Plot1_E8::8,2021_Ref_Plot1_E8,Field2,test,7,1,0.6990770054867079,27.977655711470444,0.16220025615271205
2021_Ref_Plot1_E8::16,2021_Ref_Plot1_E8,Field2,test,8,2,0.7622475168625069,30.001974206391928,0.2889405725032994
2021_Ref_Plot1_E8::22,2021_Ref_Plot1_E8,Field2,test,6,3,0.28573996704050797,15.771850991529186,0.09055735501696205
2021_Ref_Plot1_E8::27,2021_Ref_Plot1_E8,Field2,test,5,4,0.28626990046316275,16.11034681481994,0.09943229677950281
2021_Ref_Plot1_E8::35,2021_Ref_Plot1_E8,Field2,test,8,5,0.14886108638421455,12.137138697470327,0.022672639441418774
2021_Ref_Plot1_E8::44,2021_Ref_Plot1_E8,Field2,test,9,6,0.14315745318883025,15.109554373345429,0.020687176370951563
2021_Ref_Plot1_E8::50,2021_Ref_Plot1_E8,Field2,test,6,7,0.12232031993448678,9.35434509057921,0.06199284289557131
2021_Ref_Plot1_E8::57,2021_Ref_Plot1_E8,Field2,test,7,8,0.11550501603428483,11.423332233707878,0.026065411072470856
2021_Ref_Plot1_E8::65,2021_Ref_Plot1_E8,Field2,test,8,9,0.09392021644953745,11.07136532474836,0.023730711456642753
2021_Ref_Plot1_E8::69,2021_Ref_Plot1_E8,Field2,test,4,10,0.18262848930632194,13.03445751108235,0.0856542976507317
2021_Ref_Plot1_E8::71,2021_Ref_Plot1_E8,Field2,test,2,11,0.18379665843630597,9.805963968609142,0.12549872388364258
2021_Ref_Plot1_E8::76,2021_Ref_Plot1_E8,Field2,test,5,12,0.18508780613428746,14.05559598159883,0.027984430922498426
2021_Ref_Plot1_E8::80,2021_Ref_Plot1_E8,Field2,test,4,13,0.09324108905001034,7.87608361426007,0.027807876327952567
2021_Ref_Plot1_E8::85,2021_Ref_Plot1_E8,Field2,test,5,14,0.0988817098512881,9.55200255648656,0.038972573986885764
2021_Ref_Plot2_A1::8,2021_Ref_Plot2_A1,Field2,test,7,1,0.6181554975361917,25.66446938203946,0.14114977785853888
2021_Ref_Plot2_A1::16,2021_Ref_Plot2_A1,Field2,test,8,2,0.7631845246727303,29.73159530947612,0.33150385765011015
2021_Ref_Plot2_A1::22,2021_Ref_Plot2_A1,Field2,test,6,3,0.30710495269208343,17.919432610397855,0.06482726592434432
2021_Ref_Plot2_A1::27,2021_Ref_Plot2_A1,Field2,test,5,4,0.4163476091264215,17.40827111520296,0.1437601922866707
2021_Ref_Plot2_A1::35,2021_Ref_Plot2_A1,Field2,test,8,5,0.13840657096299427,13.139906496528738,0.015310872441455708
2021_Ref_Plot2_A1::44,2021_Ref_Plot2_A1,Field2,test,9,6,0.10218001272814552,11.761294506134837,0.018176509052251457
2021_Ref_Plot2_A1::50,2021_Ref_Plot2_A1,Field2,test,6,7,0.1722610770619918,10.437684858377734,0.07996839856167859
2021_Ref_Plot2_A1::57,2021_Ref_Plot2_A1,Field2,test,7,8,0.17911232060904772,11.97399120410533,0.05299080457377746
2021_Ref_Plot2_A1::65,2021_Ref_Plot2_A1,Field2,test,8,9,0.1568978403580051,11.557262372178982,0.06965683545918128
2021_Ref_Plot2_A1::69,2021_Ref_Plot2_A1,Field2,test,4,10,0.20711966111733107,11.846927343516482,0.09837801703671369
2021_Ref_Plot2_A1::71,2021_Ref_Plot2_A1,Field2,test,2,11,0.12588449215067968,8.408321736114992,0.05625574110616645
2021_Ref_Plot2_A1::76,2021_Ref_Plot2_A1,Field2,test,5,12,0.1932426404728631,10.826085824661034,0.02712509025835747
2021_Ref_Plot2_A1::80,2021_Ref_Plot2_A1,Field2,test,4,13,0.09503935772878778,8.304920712187837,0.03088357224890494
2021_Ref_Plot2_A1::85,2021_Ref_Plot2_A1,Field2,test,5,14,0.12720828881322568,10.231778797038979,0.06569737219811973
2021_Ref_Plot2_A13::8,2021_Ref_Plot2_A13,Field2,test,7,1,0.6462482301577835,26.04983519078125,0.16963174728451783
2021_Ref_Plot2_A13::16,2021_Ref_Plot2_A13,Field2,test,8,2,0.8164827859432718,31.776706913109514,0.39137141891922467
2021_Ref_Plot2_A13::22,2021_Ref_Plot2_A13,Field2,test,6,3,0.3330823312729047,18.934801611160477,0.08284895764005937
2021_Ref_Plot2_A13::27,2021_Ref_Plot2_A13,Field2,test,5,4,0.4115582960018758,18.524774205236806,0.11189109024168654
2021_Ref_Plot2_A13::35,2021_Ref_Plot2_A13,Field2,test,8,5,0.14322242733317844,12.72088175810989,0.020583428136551177
2021_Ref_Plot2_A13::44,2021_Ref_Plot2_A13,Field2,test,9,6,0.09471858606546901,10.938030895214386,0.023397584499502338
2021_Ref_Plot2_A13::50,2021_Ref_Plot2_A13,Field2,test,6,7,0.13701410115101095,9.076496443167258,0.08395878229163567
2021_Ref_Plot2_A13::57,2021_Ref_Plot2_A13,Field2,test,7,8,0.1282896298866976,10.892994598440707,0.047331026988608166
2021_Ref_Plot2_A13::65,2021_Ref_Plot2_A13,Field2,test,8,9,0.13431584358895274,11.589398266286075,0.044577822846671
2021_Ref_Plot2_A13::69,2021_Ref_Plot2_A13,Field2,test,4,10,0.1506602206757799,11.627129688263953,0.06578520480740961
2021_Ref_Plot2_A13::71,2021_Ref_Plot2_A13,Field2,test,2,11,0.15662404993460805,9.238499432973862,0.07530766253384791
2021_Ref_Plot2_A13::76,2021_Ref_Plot2_A13,Field2,test,5,12,0.11431408278990364,12.354115135063601,0.024844628153746363
2021_Ref_Plot2_A13::80,2021_Ref_Plot2_A13,Field2,test,4,13,0.1461002151730981,9.262615740015518,0.07681000410006365
2021_Ref_Plot2_A13::85,2021_Ref_Plot2_A13,Field2,test,5,14,0.0818329005198405,8.980421152348711,0.040806772434336475
2021_Ref_Plot2_A15::8,2021_Ref_Plot2_A15,Field2,test,7,1,0.6638796217323905,27.481780506453735,0.17486185344846655
2021_Ref_Plot2_A15::16,2021_Ref_Plot2_A15,Field2,test,8,2,0.7729405168488048,30.19520967290066,0.3243957659050062
2021_Ref_Plot2_A15::22,2021_Ref_Plot2_A15,Field2,test,6,3,0.32951672037949103,18.567489322249248,0.06838476375968801
2021_Ref_Plot2_A15::27,2021_Ref_Plot2_A15,Field2,test,5,4,0.38878460482753247,17.80982462954215,0.10224412292419624
2021_Ref_Plot2_A15::35,2021_Ref_Plot2_A15,Field2,test,8,5,0.1480603933171095,12.017200279049888,0.026043703721446577
2021_Ref_Plot2_A15::44,2021_Ref_Plot2_A15,Field2,test,9,6,0.09165129792162185,10.515411426275978,0.011164169230751175
2021_Ref_Plot2_A15::50,2021_Ref_Plot2_A15,Field2,test,6,7,0.16154195804986712,9.574571364275586,0.09512958982830101
2021_Ref_Plot2_A15::57,2021_Ref_Plot2_A15,Field2,test,7,8,0.13878481157990527,10.815370668977662,0.05521705526955469
2021_Ref_Plot2_A15::65,2021_Ref_Plot2_A15,Field2,test,8,9,0.13908621853874734,11.604937551802163,0.06828564772802725
2021_Ref_Plot2_A15::69,2021_Ref_Plot2_A15,Field2,test,4,10,0.18335158781936975,12.17137938454685,0.09880274956054493
2021_Ref_Plot2_A15::71,2021_Ref_Plot2_A15,Field2,test,2,11,0.13575757712141048,8.86937491393589,0.07546708222354451
2021_Ref_Plot2_A15::76,2021_Ref_Plot2_A15,Field2,test,5,12,0.11482205165476629,11.84535394147794,0.02349821938818744
2021_Ref_Plot2_A15::80,2021_Ref_Plot2_A15,Field2,test,4,13,0.11799240871274068,8.99793787894488,0.04396287255628946
2021_Ref_Plot2_A15::85,2021_Ref_Plot2_A15,Field2,test,5,14,0.1290956907060027,9.226827713504047,0.06200240967427304
2021_Ref_Plot2_B17::8,2021_Ref_Plot2_B17,Field2,test,7,1,0.6914854268165586,27.428886291809103,0.20589432095320023
2021_Ref_Plot2_B17::16,2021_Ref_Plot2_B17,Field2,test,8,2,0.7774301555347954,30.094339223301322,0.3110164731944636
2021_Ref_Plot2_B17::22,2021_Ref_Plot2_B17,Field2,test,6,3,0.34425029221845516,18.041256155884984,0.08410243136310058
2021_Ref_Plot2_B17::27,2021_Ref_Plot2_B17,Field2,test,5,4,0.358368334980222,18.140311217883628,0.10296611584405246
2021_Ref_Plot2_B17::35,2021_Ref_Plot2_B17,Field2,test,8,5,0.17380033430502664,13.53805801046195,0.06503270353562168
2021_Ref_Plot2_B17::44,2021_Ref_Plot2_B17,Field2,test,9,6,0.09933131432898679,10.934736693926304,0.03320290778839835
2021_Ref_Plot2_B17::50,2021_Ref_Plot2_B17,Field2,test,6,7,0.13639948867334029,8.710379737546447,0.07880376682715225
2021_Ref_Plot2_B17::57,2021_Ref_Plot2_B17,Field2,test,7,8,0.1340287335856715,11.404351160503412,0.05120879233866558
2021_Ref_Plot2_B17::65,2021_Ref_Plot2_B17,Field2,test,8,9,0.09651550280597321,9.93561676875699,0.03663347564442041
2021_Ref_Plot2_B17::69,2021_Ref_Plot2_B17,Field2,test,4,10,0.17623188879791485,12.364195871151743,0.0874080302940727
2021_Ref_Plot2_B17::71,2021_Ref_Plot2_B17,Field2,test,2,11,0.1944401610064536,10.074872260035246,0.11880603294238844
2021_Ref_Plot2_B17::76,2021_Ref_Plot2_B17,Field2,test,5,12,0.11828927528381543,9.454920214649231,0.013757476231328636
2021_Ref_Plot2_B17::80,2021_Ref_Plot2_B17,Field2,test,4,13,0.15390410822291375,9.900919612916613,0.06133717621773511
2021_Ref_Plot2_B17::85,2021_Ref_Plot2_B17,Field2,test,5,14,0.17268701647259455,11.294995213937462,0.09198338125803023
2021_Ref_Plot2_B4::8,2021_Ref_Plot2_B4,Field2,test,7,1,0.6742334364366266,26.338710693419788,0.15651968524471344
2021_Ref_Plot2_B4::16,2021_Ref_Plot2_B4,Field2,test,8,2,0.7716661676768078,30.432718452250697,0.3039936589304432
2021_Ref_Plot2_B4::22,2021_Ref_Plot2_B4,Field2,test,6,3,0.2887505264254185,18.42034059045624,0.049654048372856426
2021_Ref_Plot2_B4::27,2021_Ref_Plot2_B4,Field2,test,5,4,0.44304903456383365,19.101211128606472,0.15260618796540545
2021_Ref_Plot2_B4::35,2021_Ref_Plot2_B4,Field2,test,8,5,0.1485637493336942,13.263130645198014,0.03043896731410025
2021_Ref_Plot2_B4::44,2021_Ref_Plot2_B4,Field2,test,9,6,0.11822094265505129,13.586677519935293,0.024269064388232824
2021_Ref_Plot2_B4::50,2021_Ref_Plot2_B4,Field2,test,6,7,0.16559840970146988,9.76526361254048,0.10368661688056496
2021_Ref_Plot2_B4::57,2021_Ref_Plot2_B4,Field2,test,7,8,0.14632424839255923,11.368558034394402,0.05526711374760947
2021_Ref_Plot2_B4::65,2021_Ref_Plot2_B4,Field2,test,8,9,0.1189583149531304,9.777879556727939,0.053276262788242906
2021_Ref_Plot2_B4::69,2021_Ref_Plot2_B4,Field2,test,4,10,0.17818059956574883,12.30347071055483,0.08749253757731652
2021_Ref_Plot2_B4::71,2021_Ref_Plot2_B4,Field2,test,2,11,0.16317881141074583,9.984283096610673,0.11457562284929212
2021_Ref_Plot2_B4::76,2021_Ref_Plot2_B4,Field2,test,5,12,0.21733771627627854,13.976787950024134,0.044183928130856955
2021_Ref_Plot2_B4::80,2021_Ref_Plot2_B4,Field2,test,4,13,0.1006094626759632,8.508118460403978,0.03544530718299345
2021_Ref_Plot2_B4::85,2021_Ref_Plot2_B4,Field2,test,5,14,0.12276058277171996,9.178471734385433,0.057090572445477744
2021_Ref_Plot2_C1::8,2021_Ref_Plot2_C1,Field2,test,7,1,0.6552368912038341,24.554838841250614,0.12917470679885934
2021_Ref_Plot2_C1::16,2021_Ref_Plot2_C1,Field2,test,8,2,0.7473675478910827,28.824496677812498,0.29619939227544767
2021_Ref_Plot2_C1::22,2021_Ref_Plot2_C1,Field2,test,6,3,0.29710102998353816,17.150317180479682,0.0684403889059538
2021_Ref_Plot2_C1::27,2021_Ref_Plot2_C1,Field2,test,5,4,0.3806980698344782,17.428311815246413,0.1504566180778163
2021_Ref_Plot2_C1::35,2021_Ref_Plot2_C1,Field2,test,8,5,0.1259579600002246,12.455040306801626,0.014639435235900049
2021_Ref_Plot2_C1::44,2021_Ref_Plot2_C1,Field2,test,9,6,0.10269006945377683,12.85712869739358,0.010598633823659397
2021_Ref_Plot2_C1::50,2021_Ref_Plot2_C1,Field2,test,6,7,0.1594047670536263,9.316872846787447,0.08659236884112917
2021_Ref_Plot2_C1::57,2021_Ref_Plot2_C1,Field2,test,7,8,0.1398465800503077,11.269293540454807,0.05824027350801674
2021_Ref_Plot2_C1::65,2021_Ref_Plot2_C1,Field2,test,8,9,0.0861402686272808,9.377922748443252,0.040692675332900476
2021_Ref_Plot2_C1::69,2021_Ref_Plot2_C1,Field2,test,4,10,0.18178417615799466,12.508731280525005,0.10470548370039343
2021_Ref_Plot2_C1::71,2021_Ref_Plot2_C1,Field2,test,2,11,0.16092979104986527,9.000972954801851,0.09860347806350307
2021_Ref_Plot2_C1::76,2021_Ref_Plot2_C1,Field2,test,5,12,0.19715890518475296,14.029945108854818,0.019894910844596287
2021_Ref_Plot2_C1::80,2021_Ref_Plot2_C1,Field2,test,4,13,0.08544146895393885,8.294504855561971,0.016254500301727308
2021_Ref_Plot2_C1::85,2021_Ref_Plot2_C1,Field2,test,5,14,0.08790218053819722,8.695366684788713,0.035595101261421715
2021_Ref_Plot2_C10::8,2021_Ref_Plot2_C10,Field2,test,7,1,0.6962383015598214,26.81775175091337,0.19689457955750364
2021_Ref_Plot2_C10::16,2021_Ref_Plot2_C10,Field2,test,8,2,0.7709122900711068,29.686141256553185,0.30911793544118155
2021_Ref_Plot2_C10::22,2021_Ref_Plot2_C10,Field2,test,6,3,0.3227187640819246,16.907180939925986,0.09700031834641683
2021_Ref_Plot2_C10::27,2021_Ref_Plot2_C10,Field2,test,5,4,0.34049284417049286,16.915368611105215,0.09967305090322828
2021_Ref_Plot2_C10::35,2021_Ref_Plot2_C10,Field2,test,8,5,0.15367265390029097,12.138364594251954,0.05258519045560989
2021_Ref_Plot2_C10::44,2021_Ref_Plot2_C10,Field2,test,9,6,0.10637052839808131,12.02919531001903,0.027878963351347832
2021_Ref_Plot2_C10::50,2021_Ref_Plot2_C10,Field2,test,6,7,0.13568213116039535,9.01369376082965,0.07810553717024915
2021_Ref_Plot2_C10::57,2021_Ref_Plot2_C10,Field2,test,7,8,0.10276424522652122,10.171347098630854,0.030889284799118562
2021_Ref_Plot2_C10::65,2021_Ref_Plot2_C10,Field2,test,8,9,0.12271473552747586,9.555122962281906,0.07004849484838847
2021_Ref_Plot2_C10::69,2021_Ref_Plot2_C10,Field2,test,4,10,0.18117392986148229,12.1626284253589,0.09461422790463497
2021_Ref_Plot2_C10::71,2021_Ref_Plot2_C10,Field2,test,2,11,0.11340152761845106,8.675442559163658,0.054222749613077596
2021_Ref_Plot2_C10::76,2021_Ref_Plot2_C10,Field2,test,5,12,0.1252144639634886,12.356112885376788,0.01898889387213314
2021_Ref_Plot2_C10::80,2021_Ref_Plot2_C10,Field2,test,4,13,0.09356568522816204,8.182310264063636,0.020032455377653243
2021_Ref_Plot2_C10::85,2021_Ref_Plot2_C10,Field2,test,5,14,0.15457405080212464,10.400301051408444,0.0839409888378595
2021_Ref_Plot2_C16::8,2021_Ref_Plot2_C16,Field2,test,7,1,0.6858453454084793,26.922213027904608,0.18409644003738204
2021_Ref_Plot2_C16::16,2021_Ref_Plot2_C16,Field2,test,8,2,0.7834339473689651,30.070145762722717,0.31673023780064075
2021_Ref_Plot2_C16::22,2021_Ref_Plot2_C16,Field2,test,6,3,0.3458149655153795,17.167551428080625,0.08770400702216513
2021_Ref_Plot2_C16::27,2021_Ref_Plot2_C16,Field2,test,5,4,0.33593861452007817,17.461793554261966,0.09928826141546337
2021_Ref_Plot2_C16::35,2021_Ref_Plot2_C16,Field2,test,8,5,0.16205712456754684,13.091862184502524,0.04679374061605261
2021_Ref_Plot2_C16::44,2021_Ref_Plot2_C16,Field2,test,9,6,0.10228855712325909,10.93326891394227,0.02923903693114476
2021_Ref_Plot2_C16::50,2021_Ref_Plot2_C16,Field2,test,6,7,0.12859337140080393,9.119269280794116,0.06202395657339068
2021_Ref_Plot2_C16::57,2021_Ref_Plot2_C16,Field2,test,7,8,0.11515598118813754,11.63608879661454,0.043487857353532854
2021_Ref_Plot2_C16::65,2021_Ref_Plot2_C16,Field2,test,8,9,0.09896518196928251,9.8948937958793,0.04649996943005179
2021_Ref_Plot2_C16::69,2021_Ref_Plot2_C16,Field2,test,4,10,0.16642441493929627,12.531409085112447,0.06361184893385612
2021_Ref_Plot2_C16::71,2021_Ref_Plot2_C16,Field2,test,2,11,0.14441614816738477,8.096491134870737,0.0798324166874508
2021_Ref_Plot2_C16::76,2021_Ref_Plot2_C16,Field2,test,5,12,0.16531110175618596,11.702863787931006,0.011745769397163116
2021_Ref_Plot2_C16::80,2021_Ref_Plot2_C16,Field2,test,4,13,0.09495438073048072,9.01484659557179,0.015091416271622221
2021_Ref_Plot2_C16::85,2021_Ref_Plot2_C16,Field2,test,5,14,0.14531303178165056,10.187638281607608,0.0846206073015544
2021_Ref_Plot2_C18::8,2021_Ref_Plot2_C18,Field2,test,7,1,0.6917967742850412,26.84593897239962,0.15870343991546262
2021_Ref_Plot2_C18::16,2021_Ref_Plot2_C18,Field2,test,8,2,0.7773153123368304,30.229031366387666,0.3040938573673347
2021_Ref_Plot2_C18::22,2021_Ref_Plot2_C18,Field2,test,6,3,0.3093945364064325,16.688346425181248,0.059271367426447744
2021_Ref_Plot2_C18::27,2021_Ref_Plot2_C18,Field2,test,5,4,0.3223439267316395,17.521002507034837,0.09126461283562373
2021_Ref_Plot2_C18::35,2021_Ref_Plot2_C18,Field2,test,8,5,0.1677576299694892,12.315056308931316,0.033678348821648
2021_Ref_Plot2_C18::44,2021_Ref_Plot2_C18,Field2,test,9,6,0.08728529365481312,10.458248092064999,0.020821057669685325
2021_Ref_Plot2_C18::50,2021_Ref_Plot2_C18,Field2,test,6,7,0.13418660329106577,9.362808351043391,0.07782626175498414
2021_Ref_Plot2_C18::57,2021_Ref_Plot2_C18,Field2,test,7,8,0.11849034602524132,11.234435407952406,0.05018576306147194
2021_Ref_Plot2_C18::65,2021_Ref_Plot2_C18,Field2,test,8,9,0.10417863352514499,10.126418628172845,0.044539965063204026
2021_Ref_Plot2_C18::69,2021_Ref_Plot2_C18,Field2,test,4,10,0.17261268404893912,12.394321424825247,0.07763654300815129
2021_Ref_Plot2_C18::71,2021_Ref_Plot2_C18,Field2,test,2,11,0.1132982217153873,8.120432203231303,0.05612702012024181
2021_Ref_Plot2_C18::76,2021_Ref_Plot2_C18,Field2,test,5,12,0.15718765687312333,13.120135604602957,0.020517973812189165
2021_Ref_Plot2_C18::80,2021_Ref_Plot2_C18,Field2,test,4,13,0.11125539203759789,8.924857372603602,0.03736895962926002
2021_Ref_Plot2_C18::85,2021_Ref_Plot2_C18,Field2,test,5,14,0.09554203845267989,9.54960736619231,0.05133770263387403
2021_Ref_Plot2_C2::8,2021_Ref_Plot2_C2,Field2,test,7,1,0.680607124979102,25.360064468130563,0.15575734446262995
2021_Ref_Plot2_C2::16,2021_Ref_Plot2_C2,Field2,test,8,2,0.7552434252175795,30.038458068615647,0.2957743591018799
2021_Ref_Plot2_C2::22,2021_Ref_Plot2_C2,Field2,test,6,3,0.30267850439789606,17.788163990134542,0.05467595050308172
2021_Ref_Plot2_C2::27,2021_Ref_Plot2_C2,Field2,test,5,4,0.4340036171849362,18.772873138261822,0.17068703541385613
2021_Ref_Plot2_C2::35,2021_Ref_Plot2_C2,Field2,test,8,5,0.1439993307169897,12.930196096273123,0.021727249436839447
2021_Ref_Plot2_C2::44,2021_Ref_Plot2_C2,Field2,test,9,6,0.10386848490338381,12.911767927204028,0.0042846635084985004
2021_Ref_Plot2_C2::50,2021_Ref_Plot2_C2,Field2,test,6,7,0.16310663347184803,9.902044482222694,0.0897159157215098
2021_Ref_Plot2_C2::57,2021_Ref_Plot2_C2,Field2,test,7,8,0.14735017297759767,11.708569195469797,0.059774672748691506
2021_Ref_Plot2_C2::65,2021_Ref_Plot2_C2,Field2,test,8,9,0.10559713982752034,9.114641292621005,0.04277437108795472
2021_Ref_Plot2_C2::69,2021_Ref_Plot2_C2,Field2,test,4,10,0.18434606154526154,11.80668927894083,0.09109717389021853
2021_Ref_Plot2_C2::71,2021_Ref_Plot2_C2,Field2,test,2,11,0.11611216258501394,7.457039380072969,0.06391262266492385
2021_Ref_Plot2_C2::76,2021_Ref_Plot2_C2,Field2,test,5,12,0.20841104725506931,15.014250058211186,0.028552858818095314
2021_Ref_Plot2_C2::80,2021_Ref_Plot2_C2,Field2,test,4,13,0.10815140187999511,8.32118105890833,0.03265580782205376
2021_Ref_Plot2_C2::85,2021_Ref_Plot2_C2,Field2,test,5,14,0.08863505512546473,9.257624035338752,0.039448051849270166
2021_Ref_Plot2_C3::8,2021_Ref_Plot2_C3,Field2,test,7,1,0.6816815398935612,26.64542698824809,0.16665590771012034
2021_Ref_Plot2_C3::16,2021_Ref_Plot2_C3,Field2,test,8,2,0.7740141866549748,30.563122703794402,0.3095450797907582
2021_Ref_Plot2_C3::22,2021_Ref_Plot2_C3,Field2,test,6,3,0.30606718496568824,17.871128317448246,0.07972148278228022
2021_Ref_Plot2_C3::27,2021_Ref_Plot2_C3,Field2,test,5,4,0.4218506297822439,19.331912352924387,0.13896809887302156
2021_Ref_Plot2_C3::35,2021_Ref_Plot2_C3,Field2,test,8,5,0.15648738889560637,13.944971524540552,0.016080867107418757
2021_Ref_Plot2_C3::44,2021_Ref_Plot2_C3,Field2,test,9,6,0.108083915565674,10.79356478603108,0.014461935723091516
2021_Ref_Plot2_C3::50,2021_Ref_Plot2_C3,Field2,test,6,7,0.1544834145588608,9.758781591864087,0.09591280703308534
2021_Ref_Plot2_C3::57,2021_Ref_Plot2_C3,Field2,test,7,8,0.13010538591689563,11.474959672431373,0.05352495436002611
2021_Ref_Plot2_C3::65,2021_Ref_Plot2_C3,Field2,test,8,9,0.1082822427143199,9.37439023500604,0.0451515752959376
2021_Ref_Plot2_C3::69,2021_Ref_Plot2_C3,Field2,test,4,10,0.16016322644537276,12.110043622282587,0.0780025135310402
2021_Ref_Plot2_C3::71,2021_Ref_Plot2_C3,Field2,test,2,11,0.12404704904352759,9.145932183049183,0.07588427140355616
2021_Ref_Plot2_C3::76,2021_Ref_Plot2_C3,Field2,test,5,12,0.2055844471645646,15.017808213274144,0.03772672992075247
2021_Ref_Plot2_C3::80,2021_Ref_Plot2_C3,Field2,test,4,13,0.08046499422394225,8.627159643757278,0.01811175236750278
2021_Ref_Plot2_C3::85,2021_Ref_Plot2_C3,Field2,test,5,14,0.07574799421834343,8.740136426186474,0.021437009054049518
2021_Ref_Plot2_D12::8,2021_Ref_Plot2_D12,Field2,test,7,1,0.7214666169128318,27.301627301144222,0.22163106120058446
2021_Ref_Plot2_D12::16,2021_Ref_Plot2_D12,Field2,test,8,2,0.7650351961363816,30.163975281147568,0.31639905688738457
2021_Ref_Plot2_D12::22,2021_Ref_Plot2_D12,Field2,test,6,3,0.25464136829781,16.342371874424156,0.07702154129157027
2021_Ref_Plot2_D12::27,2021_Ref_Plot2_D12,Field2,test,5,4,0.2730221646993795,16.40354113424831,0.0872704044354113
2021_Ref_Plot2_D12::35,2021_Ref_Plot2_D12,Field2,test,8,5,0.1275925440667174,12.022906224101996,0.02858974721873324
2021_Ref_Plot2_D12::44,2021_Ref_Plot2_D12,Field2,test,9,6,0.09125330691431834,11.749616146583598,0.025791312692411413
2021_Ref_Plot2_D12::50,2021_Ref_Plot2_D12,Field2,test,6,7,0.1080616362891621,9.233357865146623,0.06739779863792048
2021_Ref_Plot2_D12::57,2021_Ref_Plot2_D12,Field2,test,7,8,0.0874121836655339,11.23930685427595,0.03347100813099232
2021_Ref_Plot2_D12::65,2021_Ref_Plot2_D12,Field2,test,8,9,0.06455420914988062,9.679181260301805,0.02414056578611257
2021_Ref_Plot2_D12::69,2021_Ref_Plot2_D12,Field2,test,4,10,0.14680637025956275,12.672486238123458,0.05771851768547048
2021_Ref_Plot2_D12::71,2021_Ref_Plot2_D12,Field2,test,2,11,0.09629254708130464,8.795859581410884,0.049220657042630324
2021_Ref_Plot2_D12::76,2021_Ref_Plot2_D12,Field2,test,5,12,0.11926581665512796,12.124395110092902,0.021995762698972143
2021_Ref_Plot2_D12::80,2021_Ref_Plot2_D12,Field2,test,4,13,0.06520920691490502,9.55393792429158,0.035809610056783105
2021_Ref_Plot2_D12::85,2021_Ref_Plot2_D12,Field2,test,5,14,0.06301025564912816,10.915268362553022,0.02313496262135642
2021_Ref_Plot2_D5::8,2021_Ref_Plot2_D5,Field2,test,7,1,0.7192820519274239,27.873534598395942,0.19545660243418095
2021_Ref_Plot2_D5::16,2021_Ref_Plot2_D5,Field2,test,8,2,0.7835011523072591,31.269245417625275,0.3152474412540584
2021_Ref_Plot2_D5::22,2021_Ref_Plot2_D5,Field2,test,6,3,0.29062271964566017,17.208644711297364,0.10597656435401033
2021_Ref_Plot2_D5::27,2021_Ref_Plot2_D5,Field2,test,5,4,0.3191318849410301,16.87198248301361,0.13179437964761742
2021_Ref_Plot2_D5::35,2021_Ref_Plot2_D5,Field2,test,8,5,0.12956271178742607,12.552023745268563,0.033733553078487764
2021_Ref_Plot2_D5::44,2021_Ref_Plot2_D5,Field2,test,9,6,0.10032098778589565,13.232862216252935,0.010961982969616296
2021_Ref_Plot2_D5::50,2021_Ref_Plot2_D5,Field2,test,6,7,0.10292084639225489,9.435076040195144,0.04896928831438758
2021_Ref_Plot2_D5::57,2021_Ref_Plot2_D5,Field2,test,7,8,0.10066368133378996,11.008186960120003,0.02889982321074505
2021_Ref_Plot2_D5::65,2021_Ref_Plot2_D5,Field2,test,8,9,0.09140530609927026,9.803259300223415,0.0365469883322312
2021_Ref_Plot2_D5::69,2021_Ref_Plot2_D5,Field2,test,4,10,0.14740760368045633,12.733442919338259,0.05163057391780647
2021_Ref_Plot2_D5::71,2021_Ref_Plot2_D5,Field2,test,2,11,0.1672086361409754,9.913135660256573,0.10948239791398245
2021_Ref_Plot2_D5::76,2021_Ref_Plot2_D5,Field2,test,5,12,0.16065146920076967,13.289207043889796,0.024732201540057078
2021_Ref_Plot2_D5::80,2021_Ref_Plot2_D5,Field2,test,4,13,0.08572508962380643,10.18419209262108,0.04094843140891939
2021_Ref_Plot2_D5::85,2021_Ref_Plot2_D5,Field2,test,5,14,0.08786165700931099,10.771481392679284,0.04453516143627576
2021_Ref_Plot2_E1::8,2021_Ref_Plot2_E1,Field2,test,7,1,0.6594367040016633,26.037135066586096,0.16546477420749553
2021_Ref_Plot2_E1::16,2021_Ref_Plot2_E1,Field2,test,8,2,0.7274031635469042,29.6895075598119,0.28862492212813984
2021_Ref_Plot2_E1::22,2021_Ref_Plot2_E1,Field2,test,6,3,0.2667522317638076,16.88535375449491,0.07447627959954038
2021_Ref_Plot2_E1::27,2021_Ref_Plot2_E1,Field2,test,5,4,0.22043544627117373,16.05091492369479,0.05894387533557841
2021_Ref_Plot2_E1::35,2021_Ref_Plot2_E1,Field2,test,8,5,0.09961406111073333,11.564305035859824,0.016066589844546748
2021_Ref_Plot2_E1::44,2021_Ref_Plot2_E1,Field2,test,9,6,0.12045431233974596,13.814523435704151,0.01806536154035017
2021_Ref_Plot2_E1::50,2021_Ref_Plot2_E1,Field2,test,6,7,0.06698541525976047,9.052071519346693,0.03174081345745148
2021_Ref_Plot2_E1::57,2021_Ref_Plot2_E1,Field2,test,7,8,0.0925320763118986,11.87802573787087,0.028382214089373338
2021_Ref_Plot2_E1::65,2021_Ref_Plot2_E1,Field2,test,8,9,0.057339549818682466,9.844153677507496,0.026201319860974993
2021_Ref_Plot2_E1::69,2021_Ref_Plot2_E1,Field2,test,4,10,0.1248010953449457,12.125846597778525,0.05971630897282656
2021_Ref_Plot2_E1::71,2021_Ref_Plot2_E1,Field2,test,2,11,0.10005441821098875,8.639781403800928,0.044263312559312235
2021_Ref_Plot2_E1::76,2021_Ref_Plot2_E1,Field2,test,5,12,0.14521626472523574,14.62706129060309,0.010747735988439843
2021_Ref_Plot2_E1::80,2021_Ref_Plot2_E1,Field2,test,4,13,0.056884616180287124,9.830099798391075,0.01501628271600556
2021_Ref_Plot2_E1::85,2021_Ref_Plot2_E1,Field2,test,5,14,0.044447880585687334,10.479401281968306,0.013293545479190745
2021_Ref_Plot2_E18::8,2021_Ref_Plot2_E18,Field2,test,7,1,0.6610986474372956,26.68736672160819,0.1613174058784806
2021_Ref_Plot2_E18::16,2021_Ref_Plot2_E18,Field2,test,8,2,0.7486181486793898,29.53639010440694,0.27425870112002104
2021_Ref_Plot2_E18::22,2021_Ref_Plot2_E18,Field2,test,6,3,0.2955594166043645,16.723280769251268,0.07233111093525309
2021_Ref_Plot2_E18::27,2021_Ref_Plot2_E18,Field2,test,5,4,0.2561974712067184,16.386538914396557,0.06626886094204927
2021_Ref_Plot2_E18::35,2021_Ref_Plot2_E18,Field2,test,8,5,0.10113893731398337,12.017464608083696,0.01361262324556345
2021_Ref_Plot2_E18::44,2021_Ref_Plot2_E18,Field2,test,9,6,0.08851019976383838,13.167579501209756,0.019295731737615923
2021_Ref_Plot2_E18::50,2021_Ref_Plot2_E18,Field2,test,6,7,0.0694279686208354,9.937286951776178,0.043370222909277806
2021_Ref_Plot2_E18::57,2021_Ref_Plot2_E18,Field2,test,7,8,0.07869978407402439,11.918911052228271,0.025236497561116972
2021_Ref_Plot2_E18::65,2021_Ref_Plot2_E18,Field2,test,8,9,0.07210830171801104,10.424422418659248,0.02563025558726859
2021_Ref_Plot2_E18::69,2021_Ref_Plot2_E18,Field2,test,4,10,0.13512793802258002,12.33826548859996,0.03968195375998927
2021_Ref_Plot2_E18::71,2021_Ref_Plot2_E18,Field2,test,2,11,0.11813883923993457,9.288824946568234,0.05827049770513274
2021_Ref_Plot2_E18::76,2021_Ref_Plot2_E18,Field2,test,5,12,0.09195225659596679,11.096669813263617,0.013741141236559324
2021_Ref_Plot2_E18::80,2021_Ref_Plot2_E18,Field2,test,4,13,0.054927339899202114,9.691200400639586,0.032291945640563195
2021_Ref_Plot2_E18::85,2021_Ref_Plot2_E18,Field2,test,5,14,0.04979591951816889,10.414294915145973,0.02207259896649973
2021_Ref_Plot2_E7::8,2021_Ref_Plot2_E7,Field2,test,7,1,0.6338290915719221,26.031342315399026,0.11567748242799467
2021_Ref_Plot2_E7::16,2021_Ref_Plot2_E7,Field2,test,8,2,0.6737098199524708,27.607419154794925,0.17781580055782464
2021_Ref_Plot2_E7::22,2021_Ref_Plot2_E7,Field2,test,6,3,0.2075544641533692,14.445788828528555,0.04898859684804309
2021_Ref_Plot2_E7::27,2021_Ref_Plot2_E7,Field2,test,5,4,0.220722584246784,15.992920671517098,0.08009534778895223
2021_Ref_Plot2_E7::35,2021_Ref_Plot2_E7,Field2,test,8,5,0.1020150586719915,12.391173234012445,0.01992235078332778
2021_Ref_Plot2_E7::44,2021_Ref_Plot2_E7,Field2,test,9,6,0.11410136809698451,14.4979154802746,0.023088901663920643
2021_Ref_Plot2_E7::50,2021_Ref_Plot2_E7,Field2,test,6,7,0.05942246736742616,10.129762256022122,0.023958958706051633
2021_Ref_Plot2_E7::57,2021_Ref_Plot2_E7,Field2,test,7,8,0.0754846306922115,11.910656011631872,0.01516284180614556
2021_Ref_Plot2_E7::65,2021_Ref_Plot2_E7,Field2,test,8,9,0.05780397214967924,9.773047085292188,0.020846457143113967
2021_Ref_Plot2_E7::69,2021_Ref_Plot2_E7,Field2,test,4,10,0.14054821605506487,12.530850850062624,0.05130012127059764
2021_Ref_Plot2_E7::71,2021_Ref_Plot2_E7,Field2,test,2,11,0.10491732001425845,9.51390196606729,0.05105227202088508
2021_Ref_Plot2_E7::76,2021_Ref_Plot2_E7,Field2,test,5,12,0.13716515801833887,13.924935673498386,0.020337861036095462
2021_Ref_Plot2_E7::80,2021_Ref_Plot2_E7,Field2,test,4,13,0.049434955088332344,10.532153797784751,0.021655235152272728
2021_Ref_Plot2_E7::85,2021_Ref_Plot2_E7,Field2,test,5,14,0.06087956506223805,11.053095025337882,0.0236581904302944
2021_Ref_Plot3_A6::8,2021_Ref_Plot3_A6,Field2,test,7,1,0.7320826580815295,27.988095677585875,0.21407928306900217
2021_Ref_Plot3_A6::16,2021_Ref_Plot3_A6,Field2,test,8,2,0.7983584806092074,31.17190792879289,0.3610187093870194
2021_Ref_Plot3_A6::22,2021_Ref_Plot3_A6,Field2,test,6,3,0.2951594273786538,16.797852526363034,0.08090016598603986
2021_Ref_Plot3_A6::27,2021_Ref_Plot3_A6,Field2,test,5,4,0.28772702429673364,16.541696303124567,0.0977691237428014
2021_Ref_Plot3_A6::35,2021_Ref_Plot3_A6,Field2,test,8,5,0.16277267743962556,13.4309202514332,0.033403833067233456
2021_Ref_Plot3_A6::44,2021_Ref_Plot3_A6,Field2,test,9,6,0.10809437286168529,10.057977574649255,0.03021170616589095
2021_Ref_Plot3_A6::50,2021_Ref_Plot3_A6,Field2,test,6,7,0.12385283030728426,8.931493950484509,0.07141153507462722
2021_Ref_Plot3_A6::57,2021_Ref_Plot3_A6,Field2,test,7,8,0.11949407268105776,9.426095136151453,0.03767573426077387
2021_Ref_Plot3_A6::65,2021_Ref_Plot3_A6,Field2,test,8,9,0.11189371799454434,11.442483156996115,0.04110576496545506
2021_Ref_Plot3_A6::69,2021_Ref_Plot3_A6,Field2,test,4,10,0.23541098328350038,12.475115537843646,0.10307005188498078
2021_Ref_Plot3_A6::71,2021_Ref_Plot3_A6,Field2,test,2,11,0.17140241747871987,9.234653852136905,0.09811638892984874
2021_Ref_Plot3_A6::76,2021_Ref_Plot3_A6,Field2,test,5,12,0.17713873073488898,13.727914824427806,0.02047760480818567
2021_Ref_Plot3_A6::80,2021_Ref_Plot3_A6,Field2,test,4,13,0.08793589496157982,7.6258279499835755,0.019544459922070077
2021_Ref_Plot3_A6::85,2021_Ref_Plot3_A6,Field2,test,5,14,0.10472281187167104,9.94019986194868,0.03847116151290468
2021_Ref_Plot3_A7::8,2021_Ref_Plot3_A7,Field2,test,7,1,0.7308869814604902,27.16303257782979,0.22705090947183967
2021_Ref_Plot3_A7::16,2021_Ref_Plot3_A7,Field2,test,8,2,0.8115400256200435,31.49013452604235,0.3888250912065962
2021_Ref_Plot3_A7::22,2021_Ref_Plot3_A7,Field2,test,6,3,0.3392489750151113,17.68730494847547,0.10085815349770416
2021_Ref_Plot3_A7::27,2021_Ref_Plot3_A7,Field2,test,5,4,0.337813156770931,17.171592914720588,0.09178384534739774
2021_Ref_Plot3_A7::35,2021_Ref_Plot3_A7,Field2,test,8,5,0.1560384990620913,12.492928297760482,0.04043060200383571
2021_Ref_Plot3_A7::44,2021_Ref_Plot3_A7,Field2,test,9,6,0.1063748933795719,9.312231900186703,0.02245478966541282
2021_Ref_Plot3_A7::50,2021_Ref_Plot3_A7,Field2,test,6,7,0.1437595580616927,9.405268176592735,0.07110595702438478
2021_Ref_Plot3_A7::57,2021_Ref_Plot3_A7,Field2,test,7,8,0.133974646530992,10.450191176482438,0.0656691108809332
2021_Ref_Plot3_A7::65,2021_Ref_Plot3_A7,Field2,test,8,9,0.10098062036253515,11.104465928965396,0.02818752345455435
2021_Ref_Plot3_A7::69,2021_Ref_Plot3_A7,Field2,test,4,10,0.21302399413884623,12.573977781724565,0.11714959217707065
2021_Ref_Plot3_A7::71,2021_Ref_Plot3_A7,Field2,test,2,11,0.18423799545514008,9.688912984254994,0.11708955402745733
2021_Ref_Plot3_A7::76,2021_Ref_Plot3_A7,Field2,test,5,12,0.13826405363096214,12.59427828122828,0.017589517850394427
2021_Ref_Plot3_A7::80,2021_Ref_Plot3_A7,Field2,test,4,13,0.07808379418431181,7.939781040494568,0.014620760149912388
2021_Ref_Plot3_A7::85,2021_Ref_Plot3_A7,Field2,test,5,14,0.07704611908434056,9.35381919792778,0.046257812462653765
2021_Ref_Plot3_B1::8,2021_Ref_Plot3_B1,Field2,test,7,1,0.703175561081589,26.668907002486858,0.2056102048043222
2021_Ref_Plot3_B1::16,2021_Ref_Plot3_B1,Field2,test,8,2,0.8034192310342948,31.39214633380959,0.3401434023189176
2021_Ref_Plot3_B1::22,2021_Ref_Plot3_B1,Field2,test,6,3,0.3472654081480127,18.518016735721073,0.1065576860188861
2021_Ref_Plot3_B1::27,2021_Ref_Plot3_B1,Field2,test,5,4,0.3469591981235496,18.05243013024405,0.10680221486704293
2021_Ref_Plot3_B1::35,2021_Ref_Plot3_B1,Field2,test,8,5,0.18841307435201848,12.832656448807073,0.04704129823513715
2021_Ref_Plot3_B1::44,2021_Ref_Plot3_B1,Field2,test,9,6,0.14602579422804252,10.474729285989657,0.05941958700156678
2021_Ref_Plot3_B1::50,2021_Ref_Plot3_B1,Field2,test,6,7,0.15285776744991925,9.462824558373436,0.08387848827344938
2021_Ref_Plot3_B1::57,2021_Ref_Plot3_B1,Field2,test,7,8,0.15280389064017394,10.952959137235062,0.06484325580337298
2021_Ref_Plot3_B1::65,2021_Ref_Plot3_B1,Field2,test,8,9,0.134803823409235,10.313486436511637,0.04754012783086354
2021_Ref_Plot3_B1::69,2021_Ref_Plot3_B1,Field2,test,4,10,0.1865812758778865,11.90572364779178,0.08669793739911211
2021_Ref_Plot3_B1::71,2021_Ref_Plot3_B1,Field2,test,2,11,0.17910562918152437,10.766499257968295,0.14250978410120937
2021_Ref_Plot3_B1::76,2021_Ref_Plot3_B1,Field2,test,5,12,0.14816102817596943,10.913657406091083,0.011112244724440315
2021_Ref_Plot3_B1::80,2021_Ref_Plot3_B1,Field2,test,4,13,0.0869811687570049,8.0710185493306,0.010788615976580634
2021_Ref_Plot3_B1::85,2021_Ref_Plot3_B1,Field2,test,5,14,0.0713858235307744,8.766839335899377,0.03098833780861723
2021_Ref_Plot3_B10::8,2021_Ref_Plot3_B10,Field2,test,7,1,0.7435658260535968,27.2779678159077,0.22550118892406487
2021_Ref_Plot3_B10::16,2021_Ref_Plot3_B10,Field2,test,8,2,0.8180922457749752,31.395792312147424,0.3773440613710462
2021_Ref_Plot3_B10::22,2021_Ref_Plot3_B10,Field2,test,6,3,0.3186921750093748,18.599205378320917,0.09501233084204132
2021_Ref_Plot3_B10::27,2021_Ref_Plot3_B10,Field2,test,5,4,0.3750486639493378,18.07060842381305,0.12354086795309406
2021_Ref_Plot3_B10::35,2021_Ref_Plot3_B10,Field2,test,8,5,0.19006037538612616,13.39509301968077,0.040154343630586314
2021_Ref_Plot3_B10::44,2021_Ref_Plot3_B10,Field2,test,9,6,0.1660296029073037,10.311942544103378,0.061364087481000855
2021_Ref_Plot3_B10::50,2021_Ref_Plot3_B10,Field2,test,6,7,0.1414250720148497,9.329523772518801,0.08445334890105255
2021_Ref_Plot3_B10::57,2021_Ref_Plot3_B10,Field2,test,7,8,0.11681470282944018,10.251424259627498,0.0550312548689256
2021_Ref_Plot3_B10::65,2021_Ref_Plot3_B10,Field2,test,8,9,0.11656547086839271,10.630980497340603,0.04323924978118036
2021_Ref_Plot3_B10::69,2021_Ref_Plot3_B10,Field2,test,4,10,0.1626231035404577,11.741541165034198,0.07919369604445634
2021_Ref_Plot3_B10::71,2021_Ref_Plot3_B10,Field2,test,2,11,0.17798914611109895,9.360033118553902,0.09756922000308178
2021_Ref_Plot3_B10::76,2021_Ref_Plot3_B10,Field2,test,5,12,0.1240113192731115,12.273893514646243,0.03652609795295524
2021_Ref_Plot3_B10::80,2021_Ref_Plot3_B10,Field2,test,4,13,0.08285278066175862,8.412903026155726,0.016587836871163265
2021_Ref_Plot3_B10::85,2021_Ref_Plot3_B10,Field2,test,5,14,0.12917565709703677,10.291135121779828,0.059605618329781195
2021_Ref_Plot3_B12::8,2021_Ref_Plot3_B12,Field2,test,7,1,0.7394467512362889,27.551138836687223,0.21739347582059426
2021_Ref_Plot3_B12::16,2021_Ref_Plot3_B12,Field2,test,8,2,0.8228522812097271,31.6655425788794,0.36870167184717784
2021_Ref_Plot3_B12::22,2021_Ref_Plot3_B12,Field2,test,6,3,0.34595597670024714,17.613444606725288,0.11336737518469295
2021_Ref_Plot3_B12::27,2021_Ref_Plot3_B12,Field2,test,5,4,0.3492818451351789,17.49779625517256,0.11513049954330595
2021_Ref_Plot3_B12::35,2021_Ref_Plot3_B12,Field2,test,8,5,0.17508771875387305,13.396339450485444,0.049976516095788084
2021_Ref_Plot3_B12::44,2021_Ref_Plot3_B12,Field2,test,9,6,0.1404061009783088,10.010788107167146,0.04789268589229575
2021_Ref_Plot3_B12::50,2021_Ref_Plot3_B12,Field2,test,6,7,0.14401027095575958,9.3632509100615,0.07937422810332302
2021_Ref_Plot3_B12::57,2021_Ref_Plot3_B12,Field2,test,7,8,0.10967547556608144,10.099105025693973,0.04499238296761303
2021_Ref_Plot3_B12::65,2021_Ref_Plot3_B12,Field2,test,8,9,0.09418100762223608,10.155644513029053,0.03551649556703529
2021_Ref_Plot3_B12::69,2021_Ref_Plot3_B12,Field2,test,4,10,0.15917530933754392,11.73364137169883,0.07363959738833012
2021_Ref_Plot3_B12::71,2021_Ref_Plot3_B12,Field2,test,2,11,0.14033191143453197,9.23977021071219,0.09161026772353076
2021_Ref_Plot3_B12::76,2021_Ref_Plot3_B12,Field2,test,5,12,0.12073215227268745,11.94203018582478,0.010363882318700498
2021_Ref_Plot3_B12::80,2021_Ref_Plot3_B12,Field2,test,4,13,0.06137998656062965,8.760955085456322,0.020182855866158905
2021_Ref_Plot3_B12::85,2021_Ref_Plot3_B12,Field2,test,5,14,0.09174852794713513,9.5732995328997,0.035112997202434576
2021_Ref_Plot3_B17::8,2021_Ref_Plot3_B17,Field2,test,7,1,0.7377080297505986,28.500882388598903,0.2136599148911917
2021_Ref_Plot3_B17::16,2021_Ref_Plot3_B17,Field2,test,8,2,0.816565671054311,31.414245620284724,0.34797122558869475
2021_Ref_Plot3_B17::22,2021_Ref_Plot3_B17,Field2,test,6,3,0.3515234165265934,17.50776998476877,0.10914590982337918
2021_Ref_Plot3_B17::27,2021_Ref_Plot3_B17,Field2,test,5,4,0.2818101172002123,16.839742198264616,0.081170892393382
2021_Ref_Plot3_B17::35,2021_Ref_Plot3_B17,Field2,test,8,5,0.14032071324059614,12.830824779301864,0.03628583562941365
2021_Ref_Plot3_B17::44,2021_Ref_Plot3_B17,Field2,test,9,6,0.12639760333919495,9.360113712170406,0.044031879024301765
2021_Ref_Plot3_B17::50,2021_Ref_Plot3_B17,Field2,test,6,7,0.13192243231394826,9.086972523113873,0.07679355825584892
2021_Ref_Plot3_B17::57,2021_Ref_Plot3_B17,Field2,test,7,8,0.11032837323056766,9.896901865279021,0.06098236082214074
2021_Ref_Plot3_B17::65,2021_Ref_Plot3_B17,Field2,test,8,9,0.12003962370726451,10.614537161175534,0.04345690581370685
2021_Ref_Plot3_B17::69,2021_Ref_Plot3_B17,Field2,test,4,10,0.18300034870640206,11.744026286355382,0.09670139593399174
2021_Ref_Plot3_B17::71,2021_Ref_Plot3_B17,Field2,test,2,11,0.17535764827464229,9.098414119411636,0.09007277729767017
2021_Ref_Plot3_B17::76,2021_Ref_Plot3_B17,Field2,test,5,12,0.11829072676864266,11.03354100942042,0.01797832426896884
2021_Ref_Plot3_B17::80,2021_Ref_Plot3_B17,Field2,test,4,13,0.08587094362478669,7.780762775686751,0.038316887785843225
2021_Ref_Plot3_B17::85,2021_Ref_Plot3_B17,Field2,test,5,14,0.09850596046664266,9.576649257417957,0.06099513760332399
2021_Ref_Plot3_B3::8,2021_Ref_Plot3_B3,Field2,test,7,1,0.7215535758151459,27.773605447945982,0.21525060309654817
2021_Ref_Plot3_B3::16,2021_Ref_Plot3_B3,Field2,test,8,2,0.8195228908181326,31.254641667836584,0.3649267931890776
2021_Ref_Plot3_B3::22,2021_Ref_Plot3_B3,Field2,test,6,3,0.2999019590906602,17.385285674067052,0.07863908840675318
2021_Ref_Plot3_B3::27,2021_Ref_Plot3_B3,Field2,test,5,4,0.3337019375928607,17.534581414901417,0.09565063044512176
2021_Ref_Plot3_B3::35,2021_Ref_Plot3_B3,Field2,test,8,5,0.18886497616504946,13.418373043488787,0.04967780741095597
2021_Ref_Plot3_B3::44,2021_Ref_Plot3_B3,Field2,test,9,6,0.12393835104385192,10.084132275662828,0.04402524792310595
2021_Ref_Plot3_B3::50,2021_Ref_Plot3_B3,Field2,test,6,7,0.1594929313159523,9.56599681715823,0.08973502082264789
2021_Ref_Plot3_B3::57,2021_Ref_Plot3_B3,Field2,test,7,8,0.16109297068611003,11.443898610006048,0.08059805130473803
2021_Ref_Plot3_B3::65,2021_Ref_Plot3_B3,Field2,test,8,9,0.11928232882515594,11.151094681496566,0.06183092023500997
2021_Ref_Plot3_B3::69,2021_Ref_Plot3_B3,Field2,test,4,10,0.22911712049942964,12.583086488129343,0.10922229714890884
2021_Ref_Plot3_B3::71,2021_Ref_Plot3_B3,Field2,test,2,11,0.12416668017057338,8.122647845988952,0.07455801742328454
2021_Ref_Plot3_B3::76,2021_Ref_Plot3_B3,Field2,test,5,12,0.18171478300723212,12.28645428985931,0.03431098706698047
2021_Ref_Plot3_B3::80,2021_Ref_Plot3_B3,Field2,test,4,13,0.10299331018053855,8.597931395467642,0.03666918812361965
2021_Ref_Plot3_B3::85,2021_Ref_Plot3_B3,Field2,test,5,14,0.08167335641920391,8.090348927312235,0.03906605953944164
2021_Ref_Plot3_B6::8,2021_Ref_Plot3_B6,Field2,test,7,1,0.7288085762798909,26.38162969139917,0.22464112587507098
2021_Ref_Plot3_B6::16,2021_Ref_Plot3_B6,Field2,test,8,2,0.81154310320429,30.74163434092548,0.3488542491526129
2021_Ref_Plot3_B6::22,2021_Ref_Plot3_B6,Field2,test,6,3,0.3370672708169862,17.904525620573835,0.11024335679711683
2021_Ref_Plot3_B6::27,2021_Ref_Plot3_B6,Field2,test,5,4,0.3601738263722787,17.843767865970513,0.1277738423841875
2021_Ref_Plot3_B6::35,2021_Ref_Plot3_B6,Field2,test,8,5,0.19352588415276406,13.870304213443362,0.046738024084157594
2021_Ref_Plot3_B6::44,2021_Ref_Plot3_B6,Field2,test,9,6,0.13870422185225675,10.193672457353442,0.0659572170074381
2021_Ref_Plot3_B6::50,2021_Ref_Plot3_B6,Field2,test,6,7,0.1956850655303923,9.886991126309585,0.12368268683763277
2021_Ref_Plot3_B6::57,2021_Ref_Plot3_B6,Field2,test,7,8,0.11460492811814003,10.032208454104879,0.04043825009599881
2021_Ref_Plot3_B6::65,2021_Ref_Plot3_B6,Field2,test,8,9,0.1308386401350853,10.952323481688119,0.0590943871816188
2021_Ref_Plot3_B6::69,2021_Ref_Plot3_B6,Field2,test,4,10,0.25701099928106563,13.01400395358318,0.12958097492219636
2021_Ref_Plot3_B6::71,2021_Ref_Plot3_B6,Field2,test,2,11,0.17720692660880819,9.789443513410609,0.09842415586453554
2021_Ref_Plot3_B6::76,2021_Ref_Plot3_B6,Field2,test,5,12,0.19651833182883172,12.750408609589725,0.04088471472511542
2021_Ref_Plot3_B6::80,2021_Ref_Plot3_B6,Field2,test,4,13,0.0875146292709154,8.509505683310948,0.022971776113401024
2021_Ref_Plot3_B6::85,2021_Ref_Plot3_B6,Field2,test,5,14,0.1133357025739802,8.88514021954763,0.04816274129300278
2021_Ref_Plot3_B7::8,2021_Ref_Plot3_B7,Field2,test,7,1,0.7387749442422584,26.351608198788416,0.22753631554647785
2021_Ref_Plot3_B7::16,2021_Ref_Plot3_B7,Field2,test,8,2,0.7957507411669814,30.20149704913998,0.33541424555949984
2021_Ref_Plot3_B7::22,2021_Ref_Plot3_B7,Field2,test,6,3,0.31025654270641695,17.844773817334307,0.09131152733420801
2021_Ref_Plot3_B7::27,2021_Ref_Plot3_B7,Field2,test,5,4,0.33650222615211,17.69757079813716,0.11527225980329343
2021_Ref_Plot3_B7::35,2021_Ref_Plot3_B7,Field2,test,8,5,0.15832604974154071,12.766054465824618,0.019262279096849633
2021_Ref_Plot3_B7::44,2021_Ref_Plot3_B7,Field2,test,9,6,0.13440787610799895,10.098629117736,0.052980960144874335
2021_Ref_Plot3_B7::50,2021_Ref_Plot3_B7,Field2,test,6,7,0.14701565923725565,9.402669890927164,0.08447200583002631
2021_Ref_Plot3_B7::57,2021_Ref_Plot3_B7,Field2,test,7,8,0.11468599646669168,10.171038262220037,0.04958042070888384
2021_Ref_Plot3_B7::65,2021_Ref_Plot3_B7,Field2,test,8,9,0.119036190873687,10.358435562790259,0.047284056033926
2021_Ref_Plot3_B7::69,2021_Ref_Plot3_B7,Field2,test,4,10,0.2469582038737684,13.153937212412025,0.11596559168777804
2021_Ref_Plot3_B7::71,2021_Ref_Plot3_B7,Field2,test,2,11,0.18812910738578456,10.407099875201045,0.14166868509389235
2021_Ref_Plot3_B7::76,2021_Ref_Plot3_B7,Field2,test,5,12,0.14882994985612105,12.801557891808837,0.021043628205762246
2021_Ref_Plot3_B7::80,2021_Ref_Plot3_B7,Field2,test,4,13,0.0776312754317005,8.542218596145922,0.01627083666179852
2021_Ref_Plot3_B7::85,2021_Ref_Plot3_B7,Field2,test,5,14,0.10299631195283221,9.698681590046018,0.05329856460659384
2021_Ref_Plot3_B8::8,2021_Ref_Plot3_B8,Field2,test,7,1,0.7341965929200717,26.83950197998592,0.2101258042494051
2021_Ref_Plot3_B8::16,2021_Ref_Plot3_B8,Field2,test,8,2,0.811313117556554,30.928201734004325,0.3452507223914217
2021_Ref_Plot3_B8::22,2021_Ref_Plot3_B8,Field2,test,6,3,0.3196693993531065,18.20785280031493,0.09627382724935953
2021_Ref_Plot3_B8::27,2021_Ref_Plot3_B8,Field2,test,5,4,0.2865974432996082,16.849794436948443,0.07894988877905407
2021_Ref_Plot3_B8::35,2021_Ref_Plot3_B8,Field2,test,8,5,0.18046120373965957,13.410705485966034,0.042526620111478335
2021_Ref_Plot3_B8::44,2021_Ref_Plot3_B8,Field2,test,9,6,0.127307198981655,10.209523430104255,0.05302122324968916
2021_Ref_Plot3_B8::50,2021_Ref_Plot3_B8,Field2,test,6,7,0.15692353807916068,9.232052768913492,0.09634107833931863
2021_Ref_Plot3_B8::57,2021_Ref_Plot3_B8,Field2,test,7,8,0.1077403459977217,10.376356620844911,0.032028446970379015
2021_Ref_Plot3_B8::65,2021_Ref_Plot3_B8,Field2,test,8,9,0.11183845042870232,10.418586622210885,0.04874172753975689
2021_Ref_Plot3_B8::69,2021_Ref_Plot3_B8,Field2,test,4,10,0.1849388315472026,12.217671316811721,0.08554410954074025
2021_Ref_Plot3_B8::71,2021_Ref_Plot3_B8,Field2,test,2,11,0.16393556043892257,9.504250704604067,0.11434345136193347
2021_Ref_Plot3_B8::76,2021_Ref_Plot3_B8,Field2,test,5,12,0.12264879872411465,11.209712176107258,0.0194281639756344
2021_Ref_Plot3_B8::80,2021_Ref_Plot3_B8,Field2,test,4,13,0.11368096108652764,9.564841501045565,0.040960592421815725
2021_Ref_Plot3_B8::85,2021_Ref_Plot3_B8,Field2,test,5,14,0.1281941964618425,9.827338770247104,0.06506448167374546
2021_Ref_Plot3_C15::8,2021_Ref_Plot3_C15,Field2,test,7,1,0.7386561478144335,27.189457214741463,0.23900576885945082
2021_Ref_Plot3_C15::16,2021_Ref_Plot3_C15,Field2,test,8,2,0.7981072945811167,31.131517650906197,0.35869466143245693
2021_Ref_Plot3_C15::22,2021_Ref_Plot3_C15,Field2,test,6,3,0.32469894156390267,16.617897745380386,0.09231209964378036
2021_Ref_Plot3_C15::27,2021_Ref_Plot3_C15,Field2,test,5,4,0.2891243211372225,16.671199889664887,0.08681519454297786
2021_Ref_Plot3_C15::35,2021_Ref_Plot3_C15,Field2,test,8,5,0.17177778195993795,12.715398004135158,0.05392259393125608
2021_Ref_Plot3_C15::44,2021_Ref_Plot3_C15,Field2,test,9,6,0.08821567995184278,8.816428325241572,0.015350565016284044
2021_Ref_Plot3_C15::50,2021_Ref_Plot3_C15,Field2,test,6,7,0.15171362156888413,8.477532123135749,0.08825376564282014
2021_Ref_Plot3_C15::57,2021_Ref_Plot3_C15,Field2,test,7,8,0.08995434485291975,9.737986939334052,0.028404865974012407
2021_Ref_Plot3_C15::65,2021_Ref_Plot3_C15,Field2,test,8,9,0.07847277542362506,8.847219865981916,0.03207813395603354
2021_Ref_Plot3_C15::69,2021_Ref_Plot3_C15,Field2,test,4,10,0.14142325138134607,11.644470426000442,0.0596371940512053
2021_Ref_Plot3_C15::71,2021_Ref_Plot3_C15,Field2,test,2,11,0.10620471442767054,8.758285820109041,0.05771196439489349
2021_Ref_Plot3_C15::76,2021_Ref_Plot3_C15,Field2,test,5,12,0.12078730316475529,12.75153188643809,0.02356402518339079
2021_Ref_Plot3_C15::80,2021_Ref_Plot3_C15,Field2,test,4,13,0.10667226255657968,8.850314167307275,0.05041144578432175
2021_Ref_Plot3_C15::85,2021_Ref_Plot3_C15,Field2,test,5,14,0.12293354278111561,10.140167652829513,0.05845660643982035
2021_Ref_Plot3_C2::8,2021_Ref_Plot3_C2,Field2,test,7,1,0.7030048880993687,27.26981244770922,0.17955548233316032
2021_Ref_Plot3_C2::16,2021_Ref_Plot3_C2,Field2,test,8,2,0.8198575105155058,31.645684314501217,0.38883204520554415
2021_Ref_Plot3_C2::22,2021_Ref_Plot3_C2,Field2,test,6,3,0.3052393271050506,17.27221677351023,0.09274617527672986
2021_Ref_Plot3_C2::27,2021_Ref_Plot3_C2,Field2,test,5,4,0.29484163430826893,16.802469925804942,0.08960017465817406
2021_Ref_Plot3_C2::35,2021_Ref_Plot3_C2,Field2,test,8,5,0.18589511753089208,12.727316095599328,0.04336954316157278
2021_Ref_Plot3_C2::44,2021_Ref_Plot3_C2,Field2,test,9,6,0.10964275548709429,9.983521566470289,0.04001483421073354
2021_Ref_Plot3_C2::50,2021_Ref_Plot3_C2,Field2,test,6,7,0.15551045262692473,9.074267735530263,0.08862984975596763
2021_Ref_Plot3_C2::57,2021_Ref_Plot3_C2,Field2,test,7,8,0.14439222294680296,11.1995217831882,0.06007467357336386
2021_Ref_Plot3_C2::65,2021_Ref_Plot3_C2,Field2,test,8,9,0.11622284826175426,9.647224434796373,0.05439360013631056
2021_Ref_Plot3_C2::69,2021_Ref_Plot3_C2,Field2,test,4,10,0.18237086540299974,11.710962413548323,0.06809796654995293
2021_Ref_Plot3_C2::71,2021_Ref_Plot3_C2,Field2,test,2,11,0.1642809135671929,9.92045311257597,0.10897242592143637
2021_Ref_Plot3_C2::76,2021_Ref_Plot3_C2,Field2,test,5,12,0.19724394663712744,14.08168421912668,0.03796319522019909
2021_Ref_Plot3_C2::80,2021_Ref_Plot3_C2,Field2,test,4,13,0.07427829767026471,8.737234392648976,0.01703140272304722
2021_Ref_Plot3_C2::85,2021_Ref_Plot3_C2,Field2,test,5,14,0.13779086274545674,10.088894026962585,0.07336356295555459
2021_Ref_Plot3_C3::8,2021_Ref_Plot3_C3,Field2,test,7,1,0.7102092680768006,26.894704081946806,0.19518189509902215
2021_Ref_Plot3_C3::16,2021_Ref_Plot3_C3,Field2,test,8,2,0.7926072721249279,30.468457857513872,0.35643147833209576
2021_Ref_Plot3_C3::22,2021_Ref_Plot3_C3,Field2,test,6,3,0.32736391586783736,17.190906524812622,0.10252407280947089
2021_Ref_Plot3_C3::27,2021_Ref_Plot3_C3,Field2,test,5,4,0.30283759411751326,16.199537135885777,0.09206379489904591
2021_Ref_Plot3_C3::35,2021_Ref_Plot3_C3,Field2,test,8,5,0.16087776408402246,12.102150880059828,0.026881129055739986
2021_Ref_Plot3_C3::44,2021_Ref_Plot3_C3,Field2,test,9,6,0.10255291965265152,10.008494849428835,0.040311116447910286
2021_Ref_Plot3_C3::50,2021_Ref_Plot3_C3,Field2,test,6,7,0.15518328179742572,9.349557976656811,0.08131774348503808
2021_Ref_Plot3_C3::57,2021_Ref_Plot3_C3,Field2,test,7,8,0.11358294699375338,10.915894909161395,0.04620051108544698
2021_Ref_Plot3_C3::65,2021_Ref_Plot3_C3,Field2,test,8,9,0.1038687007413448,10.079512760309239,0.04124800392112946
2021_Ref_Plot3_C3::69,2021_Ref_Plot3_C3,Field2,test,4,10,0.19307508693126021,12.05567323961465,0.0970784270398074
2021_Ref_Plot3_C3::71,2021_Ref_Plot3_C3,Field2,test,2,11,0.1379844898864455,9.295122657428797,0.07373430765851642
2021_Ref_Plot3_C3::76,2021_Ref_Plot3_C3,Field2,test,5,12,0.19154910173230225,12.93652913046886,0.014868939331552188
2021_Ref_Plot3_C3::80,2021_Ref_Plot3_C3,Field2,test,4,13,0.09602468468732474,9.073555737195717,0.029030103785075523
2021_Ref_Plot3_C3::85,2021_Ref_Plot3_C3,Field2,test,5,14,0.1116080503917236,9.469096590454493,0.05449415858195508
2021_Ref_Plot3_C4::8,2021_Ref_Plot3_C4,Field2,test,7,1,0.7141256752998691,27.362976539183343,0.22504126930973778
2021_Ref_Plot3_C4::16,2021_Ref_Plot3_C4,Field2,test,8,2,0.7776739846257253,29.681151297659518,0.34319172183238356
2021_Ref_Plot3_C4::22,2021_Ref_Plot3_C4,Field2,test,6,3,0.3498837513879251,17.474374842809663,0.12212370386601665
2021_Ref_Plot3_C4::27,2021_Ref_Plot3_C4,Field2,test,5,4,0.29534269891035136,15.909313602990453,0.08485170317266494
2021_Ref_Plot3_C4::35,2021_Ref_Plot3_C4,Field2,test,8,5,0.1467582466228185,11.767745399156414,0.03867972236874925
2021_Ref_Plot3_C4::44,2021_Ref_Plot3_C4,Field2,test,9,6,0.11672005204982444,9.716172619848585,0.05549909799533613
2021_Ref_Plot3_C4::50,2021_Ref_Plot3_C4,Field2,test,6,7,0.16525047674221108,9.152541924971569,0.09374813078492514
2021_Ref_Plot3_C4::57,2021_Ref_Plot3_C4,Field2,test,7,8,0.13136440183347028,11.0506383320341,0.06383364889826718
2021_Ref_Plot3_C4::65,2021_Ref_Plot3_C4,Field2,test,8,9,0.09918063362086438,9.582396968041923,0.0414547761970322
2021_Ref_Plot3_C4::69,2021_Ref_Plot3_C4,Field2,test,4,10,0.2137599692516965,12.017782537762173,0.1001921827077794
2021_Ref_Plot3_C4::71,2021_Ref_Plot3_C4,Field2,test,2,11,0.13856797243121713,8.895814860507476,0.06801019619118945
2021_Ref_Plot3_C4::76,2021_Ref_Plot3_C4,Field2,test,5,12,0.1929013086202305,12.668581345089988,0.024132839303697314
2021_Ref_Plot3_C4::80,2021_Ref_Plot3_C4,Field2,test,4,13,0.11375945146802346,10.209873930085555,0.04307181180478749
2021_Ref_Plot3_C4::85,2021_Ref_Plot3_C4,Field2,test,5,14,0.11805770149972371,10.226264930331082,0.05764300581580147
2021_Ref_Plot3_D1::8,2021_Ref_Plot3_D1,Field2,test,7,1,0.7093247917311217,26.89877934519999,0.19314828976784718
2021_Ref_Plot3_D1::16,2021_Ref_Plot3_D1,Field2,test,8,2,0.7864290564424622,30.792226241664356,0.35670605928405147
2021_Ref_Plot3_D1::22,2021_Ref_Plot3_D1,Field2,test,6,3,0.2791554132744442,16.9672396112952,0.08255297968659736
2021_Ref_Plot3_D1::27,2021_Ref_Plot3_D1,Field2,test,5,4,0.3126936598421171,17.238331951491922,0.10971932204427563
2021_Ref_Plot3_D1::35,2021_Ref_Plot3_D1,Field2,test,8,5,0.14714083269459396,12.529982746655548,0.018136588656002855
2021_Ref_Plot3_D1::44,2021_Ref_Plot3_D1,Field2,test,9,6,0.11599251836880563,10.157136649292003,0.01997518339318134
2021_Ref_Plot3_D1::50,2021_Ref_Plot3_D1,Field2,test,6,7,0.1507928170393442,9.248115259658203,0.08605036567430478
2021_Ref_Plot3_D1::57,2021_Ref_Plot3_D1,Field2,test,7,8,0.14990900786190864,11.544606125968933,0.05199159774595955
2021_Ref_Plot3_D1::65,2021_Ref_Plot3_D1,Field2,test,8,9,0.08638495634443251,8.933914122579091,0.017443443883504422
2021_Ref_Plot3_D1::69,2021_Ref_Plot3_D1,Field2,test,4,10,0.18799035100799774,12.604926082156835,0.06668876767718947
2021_Ref_Plot3_D1::71,2021_Ref_Plot3_D1,Field2,test,2,11,0.16800391512478052,8.567234757437149,0.1117065622523948
2021_Ref_Plot3_D1::76,2021_Ref_Plot3_D1,Field2,test,5,12,0.14684973004872823,14.147703063613744,0.022368699606911163
2021_Ref_Plot3_D1::80,2021_Ref_Plot3_D1,Field2,test,4,13,0.0643188234929242,7.992215532406841,0.0010000484804347197
2021_Ref_Plot3_D1::85,2021_Ref_Plot3_D1,Field2,test,5,14,0.07766217320355383,8.718652708804909,0.03162798589019255
2021_Ref_Plot3_D15::8,2021_Ref_Plot3_D15,Field2,test,7,1,0.7156803582373327,27.661820474832084,0.21176080115524454
2021_Ref_Plot3_D15::16,2021_Ref_Plot3_D15,Field2,test,8,2,0.7833904902904337,31.09359043627972,0.35162078839101424
2021_Ref_Plot3_D15::22,2021_Ref_Plot3_D15,Field2,test,6,3,0.3061812527445719,16.489362906326196,0.09899560044624427
2021_Ref_Plot3_D15::27,2021_Ref_Plot3_D15,Field2,test,5,4,0.31761565587132506,17.397677438541887,0.11920874276771393
2021_Ref_Plot3_D15::35,2021_Ref_Plot3_D15,Field2,test,8,5,0.16710350682068698,12.824564818084044,0.051288949987870217
2021_Ref_Plot3_D15::44,2021_Ref_Plot3_D15,Field2,test,9,6,0.09082262984336058,10.062300775121809,0.02853658164197127
2021_Ref_Plot3_D15::50,2021_Ref_Plot3_D15,Field2,test,6,7,0.1495094962057107,8.931695583308706,0.07551861133632172
2021_Ref_Plot3_D15::57,2021_Ref_Plot3_D15,Field2,test,7,8,0.10160437014698039,10.396102205177955,0.024148052608612545
2021_Ref_Plot3_D15::65,2021_Ref_Plot3_D15,Field2,test,8,9,0.08873822442283534,8.72407310359137,0.05159518456334208
2021_Ref_Plot3_D15::69,2021_Ref_Plot3_D15,Field2,test,4,10,0.15813379823797377,11.982302974542616,0.08761013731041857
2021_Ref_Plot3_D15::71,2021_Ref_Plot3_D15,Field2,test,2,11,0.10530723354831477,9.52558777203868,0.0684751762605987
2021_Ref_Plot3_D15::76,2021_Ref_Plot3_D15,Field2,test,5,12,0.12422666133782538,11.931154956158371,0.01506261186326179
2021_Ref_Plot3_D15::80,2021_Ref_Plot3_D15,Field2,test,4,13,0.0920944761163503,8.74126423072836,0.01928161378301161
2021_Ref_Plot3_D15::85,2021_Ref_Plot3_D15,Field2,test,5,14,0.11540484725645772,8.943994405514978,0.04930805581233051
2021_Ref_Plot3_D19::8,2021_Ref_Plot3_D19,Field2,test,7,1,0.6968938279284268,26.216766293037438,0.21824484456652912
2021_Ref_Plot3_D19::16,2021_Ref_Plot3_D19,Field2,test,8,2,0.7774853626513017,30.563622009171155,0.3852967364403304
2021_Ref_Plot3_D19::22,2021_Ref_Plot3_D19,Field2,test,6,3,0.29947550177307386,17.057997765881442,0.10497385614526307
2021_Ref_Plot3_D19::27,2021_Ref_Plot3_D19,Field2,test,5,4,0.25533546639184473,16.669324704648417,0.08235521604501066
2021_Ref_Plot3_D19::35,2021_Ref_Plot3_D19,Field2,test,8,5,0.1633778037352104,12.241882899695195,0.04086487798719297
2021_Ref_Plot3_D19::44,2021_Ref_Plot3_D19,Field2,test,9,6,0.10410322528816855,9.818286733322418,0.036309832202039864
2021_Ref_Plot3_D19::50,2021_Ref_Plot3_D19,Field2,test,6,7,0.12654877134332923,8.637744771621058,0.05926461825962739
2021_Ref_Plot3_D19::57,2021_Ref_Plot3_D19,Field2,test,7,8,0.11269669163431335,10.848334256285831,0.04023703690315976
2021_Ref_Plot3_D19::65,2021_Ref_Plot3_D19,Field2,test,8,9,0.10988145021662955,9.045122549481748,0.0517713294207587
2021_Ref_Plot3_D19::69,2021_Ref_Plot3_D19,Field2,test,4,10,0.19585098874824766,12.649312314515143,0.10862321555500598
2021_Ref_Plot3_D19::71,2021_Ref_Plot3_D19,Field2,test,2,11,0.11513873155569025,8.30283924015497,0.06016495959519315
2021_Ref_Plot3_D19::76,2021_Ref_Plot3_D19,Field2,test,5,12,0.09445110153149085,10.5787054616107,0.011894424976013418
2021_Ref_Plot3_D19::80,2021_Ref_Plot3_D19,Field2,test,4,13,0.0665944369383914,8.524435282613078,0.024063305586104693
2021_Ref_Plot3_D19::85,2021_Ref_Plot3_D19,Field2,test,5,14,0.11109563897629281,9.68743186914875,0.05791552383195852
2021_Ref_Plot3_D20::8,2021_Ref_Plot3_D20,Field2,test,7,1,0.7204185089178582,26.342330287007194,0.21822576814203534
2021_Ref_Plot3_D20::16,2021_Ref_Plot3_D20,Field2,test,8,2,0.7979881982536119,30.55893327615191,0.4076626485633927
2021_Ref_Plot3_D20::22,2021_Ref_Plot3_D20,Field2,test,6,3,0.27903769764558606,16.463348571556566,0.08846559995537569
2021_Ref_Plot3_D20::27,2021_Ref_Plot3_D20,Field2,test,5,4,0.2465447363108063,16.791498353432598,0.07480237556961372
2021_Ref_Plot3_D20::35,2021_Ref_Plot3_D20,Field2,test,8,5,0.1534118078371254,12.5891636332854,0.03556486676750577
2021_Ref_Plot3_D20::44,2021_Ref_Plot3_D20,Field2,test,9,6,0.09823683503270954,9.66537001980032,0.016268188403359543
2021_Ref_Plot3_D20::50,2021_Ref_Plot3_D20,Field2,test,6,7,0.12103482788128055,8.681906340804268,0.06434823971646267
2021_Ref_Plot3_D20::57,2021_Ref_Plot3_D20,Field2,test,7,8,0.09638514456046025,10.486548009909157,0.03549097298369817
2021_Ref_Plot3_D20::65,2021_Ref_Plot3_D20,Field2,test,8,9,0.11713888450756943,9.011884932524959,0.07168041395616818
2021_Ref_Plot3_D20::69,2021_Ref_Plot3_D20,Field2,test,4,10,0.19194800348367935,12.591379283991362,0.08736650706199264
2021_Ref_Plot3_D20::71,2021_Ref_Plot3_D20,Field2,test,2,11,0.11811661581624011,8.882720080745397,0.08457907446809251
2021_Ref_Plot3_D20::76,2021_Ref_Plot3_D20,Field2,test,5,12,0.14235287252984255,12.311341839396972,0.034244221508223274
2021_Ref_Plot3_D20::80,2021_Ref_Plot3_D20,Field2,test,4,13,0.06725986282044315,8.18833849762128,0.01109072915841118
2021_Ref_Plot3_D20::85,2021_Ref_Plot3_D20,Field2,test,5,14,0.11603944421810841,9.448932317661752,0.05060791147675773
2021_Ref_Plot3_E11::8,2021_Ref_Plot3_E11,Field2,test,7,1,0.6586351289062947,27.056043649592738,0.1463491764920718
2021_Ref_Plot3_E11::16,2021_Ref_Plot3_E11,Field2,test,8,2,0.7324681517904846,29.60086460898172,0.28885481110048006
2021_Ref_Plot3_E11::22,2021_Ref_Plot3_E11,Field2,test,6,3,0.2877347745193769,16.631215528277213,0.08835962246479358
2021_Ref_Plot3_E11::27,2021_Ref_Plot3_E11,Field2,test,5,4,0.25701822985528927,16.64122952796766,0.08260759332400558
2021_Ref_Plot3_E11::35,2021_Ref_Plot3_E11,Field2,test,8,5,0.15620486630242517,12.296890017387414,0.046425454246546274
2021_Ref_Plot3_E11::44,2021_Ref_Plot3_E11,Field2,test,9,6,0.08305525461548043,10.219570783280945,0.016121854394989175
2021_Ref_Plot3_E11::50,2021_Ref_Plot3_E11,Field2,test,6,7,0.13551411134210026,9.051082515182243,0.07912131160034544
2021_Ref_Plot3_E11::57,2021_Ref_Plot3_E11,Field2,test,7,8,0.10456350202211252,10.987576083675762,0.02765144021064041
2021_Ref_Plot3_E11::65,2021_Ref_Plot3_E11,Field2,test,8,9,0.0830855857472209,8.978798778164968,0.039202054278217414
2021_Ref_Plot3_E11::69,2021_Ref_Plot3_E11,Field2,test,4,10,0.1685201001937133,12.660186999568936,0.0789779364919908
2021_Ref_Plot3_E11::71,2021_Ref_Plot3_E11,Field2,test,2,11,0.1134942489197764,7.154095726304711,0.026256213339723104
2021_Ref_Plot3_E11::76,2021_Ref_Plot3_E11,Field2,test,5,12,0.12389310206890221,11.728018001231575,0.026366888559033665
2021_Ref_Plot3_E11::80,2021_Ref_Plot3_E11,Field2,test,4,13,0.06026868955669206,9.723097563649358,0.02230956537773676
2021_Ref_Plot3_E11::85,2021_Ref_Plot3_E11,Field2,test,5,14,0.08382324600900769,9.699363416254517,0.045801694841851565
2021_Ref_Plot4_A7::8,2021_Ref_Plot4_A7,Field2,test,7,1,0.7402763257462109,27.08025177971688,0.2345418621141329
2021_Ref_Plot4_A7::16,2021_Ref_Plot4_A7,Field2,test,8,2,0.8007135529763282,30.53005302524484,0.36784458138778386
2021_Ref_Plot4_A7::22,2021_Ref_Plot4_A7,Field2,test,6,3,0.3147788175414638,17.77281874753512,0.10178443733412895
2021_Ref_Plot4_A7::27,2021_Ref_Plot4_A7,Field2,test,5,4,0.44820476311186946,19.22378468766054,0.1615614240647568
2021_Ref_Plot4_A7::35,2021_Ref_Plot4_A7,Field2,test,8,5,0.19458203048075293,14.653205653137668,0.030429333872827615
2021_Ref_Plot4_A7::44,2021_Ref_Plot4_A7,Field2,test,9,6,0.15327617437126959,9.609054294374284,0.033000026353624055
2021_Ref_Plot4_A7::50,2021_Ref_Plot4_A7,Field2,test,6,7,0.1399561931393364,9.00142441546884,0.07219101094661508
2021_Ref_Plot4_A7::57,2021_Ref_Plot4_A7,Field2,test,7,8,0.10781159534782636,8.026982177999226,0.031999615077020975
2021_Ref_Plot4_A7::65,2021_Ref_Plot4_A7,Field2,test,8,9,0.14763530846405362,11.365168235683443,0.05142070278201144
2021_Ref_Plot4_A7::69,2021_Ref_Plot4_A7,Field2,test,4,10,0.18731447466098095,12.437597613294457,0.10697277555776566
2021_Ref_Plot4_A7::71,2021_Ref_Plot4_A7,Field2,test,2,11,0.15057688346344666,8.851298400591393,0.07794772980514363
2021_Ref_Plot4_A7::76,2021_Ref_Plot4_A7,Field2,test,5,12,0.13012451686722645,10.78970704727628,0.023355488728693516
2021_Ref_Plot4_A7::80,2021_Ref_Plot4_A7,Field2,test,4,13,0.10597600816626207,8.45580074576737,0.020457900382913237
2021_Ref_Plot4_A7::85,2021_Ref_Plot4_A7,Field2,test,5,14,0.11701666877993934,9.658440291516671,0.05545065846974584
2021_Ref_Plot4_B11::8,2021_Ref_Plot4_B11,Field2,test,7,1,0.7547118173512569,27.522024623359457,0.22235439557259437
2021_Ref_Plot4_B11::16,2021_Ref_Plot4_B11,Field2,test,8,2,0.8464358300328162,32.348166691219774,0.4036226666017474
2021_Ref_Plot4_B11::22,2021_Ref_Plot4_B11,Field2,test,6,3,0.3613603911344316,18.16338301252847,0.1452110147234245
2021_Ref_Plot4_B11::27,2021_Ref_Plot4_B11,Field2,test,5,4,0.396038066470501,18.434686439421498,0.1384192391022402
2021_Ref_Plot4_B11::35,2021_Ref_Plot4_B11,Field2,test,8,5,0.20902988165066883,15.330833434811659,0.03912891644595361
2021_Ref_Plot4_B11::44,2021_Ref_Plot4_B11,Field2,test,9,6,0.17376055236070573,11.252441446800583,0.06139916931123216
2021_Ref_Plot4_B11::50,2021_Ref_Plot4_B11,Field2,test,6,7,0.16177188048376387,9.198979655410154,0.06587462869525287
2021_Ref_Plot4_B11::57,2021_Ref_Plot4_B11,Field2,test,7,8,0.12619994271050577,9.808519868853029,0.0474980582336309
2021_Ref_Plot4_B11::65,2021_Ref_Plot4_B11,Field2,test,8,9,0.1282387248017781,11.457328777618498,0.03551291963962753
2021_Ref_Plot4_B11::69,2021_Ref_Plot4_B11,Field2,test,4,10,0.22963650427073504,12.447671231360307,0.09711504817936234
2021_Ref_Plot4_B11::71,2021_Ref_Plot4_B11,Field2,test,2,11,0.1494554924432859,9.062845394693504,0.06962800568988967
2021_Ref_Plot4_B11::76,2021_Ref_Plot4_B11,Field2,test,5,12,0.13332554158511425,13.345242892285412,0.029031389838579853
2021_Ref_Plot4_B11::80,2021_Ref_Plot4_B11,Field2,test,4,13,0.08909711874632936,8.922559996119695,0.036016604367911
2021_Ref_Plot4_B11::85,2021_Ref_Plot4_B11,Field2,test,5,14,0.11707666038361854,8.269597873486608,0.027569183653283938
2021_Ref_Plot4_B12::8,2021_Ref_Plot4_B12,Field2,test,7,1,0.7373467302629887,26.987829924865643,0.2262831244131764
2021_Ref_Plot4_B12::16,2021_Ref_Plot4_B12,Field2,test,8,2,0.8206917496872776,31.145505996370378,0.3740943910010636
2021_Ref_Plot4_B12::22,2021_Ref_Plot4_B12,Field2,test,6,3,0.3287936319876156,17.60218188914812,0.11312085917688539
2021_Ref_Plot4_B12::27,2021_Ref_Plot4_B12,Field2,test,5,4,0.40320356120435025,18.6107774534032,0.15213979079719397
2021_Ref_Plot4_B12::35,2021_Ref_Plot4_B12,Field2,test,8,5,0.19261607520129834,15.104725071486726,0.02456211782511516
2021_Ref_Plot4_B12::44,2021_Ref_Plot4_B12,Field2,test,9,6,0.1656433340563451,10.971305196832136,0.05945337167828652
2021_Ref_Plot4_B12::50,2021_Ref_Plot4_B12,Field2,test,6,7,0.17445134186926894,9.622668408218106,0.09920232671100064
2021_Ref_Plot4_B12::57,2021_Ref_Plot4_B12,Field2,test,7,8,0.13841681190833074,9.737306406224183,0.0390673061733876
2021_Ref_Plot4_B12::65,2021_Ref_Plot4_B12,Field2,test,8,9,0.11377774965632063,11.57992645112599,0.03389417973013153
2021_Ref_Plot4_B12::69,2021_Ref_Plot4_B12,Field2,test,4,10,0.21375190457549934,12.458816594670187,0.0706733763608256
2021_Ref_Plot4_B12::71,2021_Ref_Plot4_B12,Field2,test,2,11,0.16380485256205737,9.757053377264123,0.08172907830903735
2021_Ref_Plot4_B12::76,2021_Ref_Plot4_B12,Field2,test,5,12,0.13505941543099603,13.68946026459245,0.03230730871026452
2021_Ref_Plot4_B12::80,2021_Ref_Plot4_B12,Field2,test,4,13,0.09064540526849267,8.932082204772563,0.028314947796744636
2021_Ref_Plot4_B12::85,2021_Ref_Plot4_B12,Field2,test,5,14,0.09896265831652777,8.538260713006483,0.024779885911804467
2021_Ref_Plot4_B13::8,2021_Ref_Plot4_B13,Field2,test,7,1,0.7315462557513713,26.47704596521838,0.21255471947227775
2021_Ref_Plot4_B13::16,2021_Ref_Plot4_B13,Field2,test,8,2,0.8154614014635602,31.06578717452402,0.34861982933139685
2021_Ref_Plot4_B13::22,2021_Ref_Plot4_B13,Field2,test,6,3,0.2963409084240054,17.153196403187717,0.08190469210780683
2021_Ref_Plot4_B13::27,2021_Ref_Plot4_B13,Field2,test,5,4,0.3719802807413965,17.71997332306734,0.1354042681162964
2021_Ref_Plot4_B13::35,2021_Ref_Plot4_B13,Field2,test,8,5,0.1832819599194616,14.85384412319063,0.030866114359783415
2021_Ref_Plot4_B13::44,2021_Ref_Plot4_B13,Field2,test,9,6,0.14029033879284264,10.107642971798715,0.03713295314942038
2021_Ref_Plot4_B13::50,2021_Ref_Plot4_B13,Field2,test,6,7,0.1335353798985578,9.230955976740784,0.06771586581363319
2021_Ref_Plot4_B13::57,2021_Ref_Plot4_B13,Field2,test,7,8,0.12877758937063516,9.129215403654515,0.05051213504015254
2021_Ref_Plot4_B13::65,2021_Ref_Plot4_B13,Field2,test,8,9,0.09528218607337911,11.11621956811694,0.041072361335133874
2021_Ref_Plot4_B13::69,2021_Ref_Plot4_B13,Field2,test,4,10,0.1905239022507296,11.807404933646508,0.06766513720133345
2021_Ref_Plot4_B13::71,2021_Ref_Plot4_B13,Field2,test,2,11,0.15626277266984703,9.79782390236884,0.09503646877708632
2021_Ref_Plot4_B13::76,2021_Ref_Plot4_B13,Field2,test,5,12,0.10892054529920647,11.380361407352824,0.029001887648381415
2021_Ref_Plot4_B13::80,2021_Ref_Plot4_B13,Field2,test,4,13,0.09826085560689572,9.124008598825919,0.02384434212380824
2021_Ref_Plot4_B13::85,2021_Ref_Plot4_B13,Field2,test,5,14,0.12214370271254754,9.418039354411231,0.04710923675698958
2021_Ref_Plot4_B15::8,2021_Ref_Plot4_B15,Field2,test,7,1,0.7708430432394476,27.77751797626972,0.2364545202791013
2021_Ref_Plot4_B15::16,2021_Ref_Plot4_B15,Field2,test,8,2,0.8308561929845902,31.293689779534883,0.37426491479129226
2021_Ref_Plot4_B15::22,2021_Ref_Plot4_B15,Field2,test,6,3,0.34666087310787913,17.347058473065513,0.1266955942476653
2021_Ref_Plot4_B15::27,2021_Ref_Plot4_B15,Field2,test,5,4,0.33476979995223116,16.94213929163108,0.11234172183272426
2021_Ref_Plot4_B15::35,2021_Ref_Plot4_B15,Field2,test,8,5,0.17523252181174462,13.877711768004845,0.031878871918242534
2021_Ref_Plot4_B15::44,2021_Ref_Plot4_B15,Field2,test,9,6,0.13347471907302202,9.268960689767317,0.037287199441521264
2021_Ref_Plot4_B15::50,2021_Ref_Plot4_B15,Field2,test,6,7,0.13618850504730465,9.014799112330996,0.06670824857775841
2021_Ref_Plot4_B15::57,2021_Ref_Plot4_B15,Field2,test,7,8,0.13486684014714564,9.670918312503948,0.056725559025320074
2021_Ref_Plot4_B15::65,2021_Ref_Plot4_B15,Field2,test,8,9,0.12096477880274915,11.202620596798202,0.043798785333251024
2021_Ref_Plot4_B15::69,2021_Ref_Plot4_B15,Field2,test,4,10,0.2258397382563118,12.884962036025678,0.11767450148622464
2021_Ref_Plot4_B15::71,2021_Ref_Plot4_B15,Field2,test,2,11,0.17557674264308334,9.91304692902403,0.11817121521723932
2021_Ref_Plot4_B15::76,2021_Ref_Plot4_B15,Field2,test,5,12,0.11415348731670925,11.584141149852092,0.016656911230819905
2021_Ref_Plot4_B15::80,2021_Ref_Plot4_B15,Field2,test,4,13,0.08533983341449732,8.006598521307208,0.02474889160608155
2021_Ref_Plot4_B15::85,2021_Ref_Plot4_B15,Field2,test,5,14,0.10762457592323867,9.10370768985137,0.03137250000926035
2021_Ref_Plot4_B16::8,2021_Ref_Plot4_B16,Field2,test,7,1,0.760436435701146,27.05613419594535,0.23813544685274668
2021_Ref_Plot4_B16::16,2021_Ref_Plot4_B16,Field2,test,8,2,0.8490283951051545,32.43713703291859,0.4068703650681836
2021_Ref_Plot4_B16::22,2021_Ref_Plot4_B16,Field2,test,6,3,0.34851759888816813,17.262770050490612,0.1213944951584599
2021_Ref_Plot4_B16::27,2021_Ref_Plot4_B16,Field2,test,5,4,0.36955424287893085,17.635676359824455,0.12849985585689339
2021_Ref_Plot4_B16::35,2021_Ref_Plot4_B16,Field2,test,8,5,0.18164652772786358,13.210353475242664,0.01937527625228767
2021_Ref_Plot4_B16::44,2021_Ref_Plot4_B16,Field2,test,9,6,0.1206334586518799,9.493191242181156,0.03669125191794966
2021_Ref_Plot4_B16::50,2021_Ref_Plot4_B16,Field2,test,6,7,0.09889465811924196,8.491777718936152,0.04305846370392469
2021_Ref_Plot4_B16::57,2021_Ref_Plot4_B16,Field2,test,7,8,0.1218882497513945,9.986802300021681,0.06531410044590172
2021_Ref_Plot4_B16::65,2021_Ref_Plot4_B16,Field2,test,8,9,0.10940646930102811,11.208979756138023,0.025861522798473497
2021_Ref_Plot4_B16::69,2021_Ref_Plot4_B16,Field2,test,4,10,0.18788671649137015,12.747858288871335,0.08202918154289676
2021_Ref_Plot4_B16::71,2021_Ref_Plot4_B16,Field2,test,2,11,0.1568303395136547,9.764449891691887,0.08580619396215954
2021_Ref_Plot4_B16::76,2021_Ref_Plot4_B16,Field2,test,5,12,0.12109896562382146,13.273524707701759,0.022355500379499745
2021_Ref_Plot4_B16::80,2021_Ref_Plot4_B16,Field2,test,4,13,0.08976476162007253,7.315115139213503,0.015836345952408497
2021_Ref_Plot4_B16::85,2021_Ref_Plot4_B16,Field2,test,5,14,0.08907628903634479,8.958651276990565,0.03432512307178166
2021_Ref_Plot4_B17::8,2021_Ref_Plot4_B17,Field2,test,7,1,0.7435227318105199,26.626232217621343,0.22072064908802588
2021_Ref_Plot4_B17::16,2021_Ref_Plot4_B17,Field2,test,8,2,0.84267008902663,32.09964953266716,0.40015534101224626
2021_Ref_Plot4_B17::22,2021_Ref_Plot4_B17,Field2,test,6,3,0.32624207652374276,17.26552777613921,0.10571235292840143
2021_Ref_Plot4_B17::27,2021_Ref_Plot4_B17,Field2,test,5,4,0.3531742622559964,17.77101885022875,0.11413435461648909
2021_Ref_Plot4_B17::35,2021_Ref_Plot4_B17,Field2,test,8,5,0.18195057423798566,13.636981187148153,0.03882500233455101
2021_Ref_Plot4_B17::44,2021_Ref_Plot4_B17,Field2,test,9,6,0.12354256366543792,9.513872388581593,0.037394300686546394
2021_Ref_Plot4_B17::50,2021_Ref_Plot4_B17,Field2,test,6,7,0.12740677033607897,9.176783109216677,0.07064131818687651
2021_Ref_Plot4_B17::57,2021_Ref_Plot4_B17,Field2,test,7,8,0.11845891884943129,9.792587108831391,0.05419171562488236
2021_Ref_Plot4_B17::65,2021_Ref_Plot4_B17,Field2,test,8,9,0.0842903322221538,10.831935027113461,0.013248969183775092
2021_Ref_Plot4_B17::69,2021_Ref_Plot4_B17,Field2,test,4,10,0.15706202477975453,12.113357980721254,0.06389533678011375
2021_Ref_Plot4_B17::71,2021_Ref_Plot4_B17,Field2,test,2,11,0.17080215698758058,9.578143287396832,0.10768863346927408
2021_Ref_Plot4_B17::76,2021_Ref_Plot4_B17,Field2,test,5,12,0.13420563055435,13.409968960371897,0.019345720129784656
2021_Ref_Plot4_B17::80,2021_Ref_Plot4_B17,Field2,test,4,13,0.06149293024975302,7.646004467435916,0.007836758425652677
2021_Ref_Plot4_B17::85,2021_Ref_Plot4_B17,Field2,test,5,14,0.0859323987168567,9.430429827833946,0.03304049780312681
2021_Ref_Plot4_C4::8,2021_Ref_Plot4_C4,Field2,test,7,1,0.7445476880295132,26.711101009648658,0.21938872774772028
2021_Ref_Plot4_C4::16,2021_Ref_Plot4_C4,Field2,test,8,2,0.8179785340177971,31.103536562783376,0.39329642001973564
2021_Ref_Plot4_C4::22,2021_Ref_Plot4_C4,Field2,test,6,3,0.30784838103552886,17.089478851175222,0.10061858647128208
2021_Ref_Plot4_C4::27,2021_Ref_Plot4_C4,Field2,test,5,4,0.34735847272462655,16.76935420641189,0.1299817159521278
2021_Ref_Plot4_C4::35,2021_Ref_Plot4_C4,Field2,test,8,5,0.21700708731294607,15.06056444113591,0.04495561719111357
2021_Ref_Plot4_C4::44,2021_Ref_Plot4_C4,Field2,test,9,6,0.1382753809640754,9.725187881270552,0.053350388045339786
2021_Ref_Plot4_C4::50,2021_Ref_Plot4_C4,Field2,test,6,7,0.17165178432136244,9.696996764363593,0.1162613778786347
2021_Ref_Plot4_C4::57,2021_Ref_Plot4_C4,Field2,test,7,8,0.13809610106057169,9.74149492456665,0.057632996758843806
2021_Ref_Plot4_C4::65,2021_Ref_Plot4_C4,Field2,test,8,9,0.13724105175593793,11.328052459913746,0.04976692322315625
2021_Ref_Plot4_C4::69,2021_Ref_Plot4_C4,Field2,test,4,10,0.2115782093956864,12.851286239088598,0.11088671643069965
2021_Ref_Plot4_C4::71,2021_Ref_Plot4_C4,Field2,test,2,11,0.1252962465091875,8.321464044585284,0.06211481641965118
2021_Ref_Plot4_C4::76,2021_Ref_Plot4_C4,Field2,test,5,12,0.14581643520136175,13.412048601375341,0.027352624895762484
2021_Ref_Plot4_C4::80,2021_Ref_Plot4_C4,Field2,test,4,13,0.07317044423876948,8.083781983508212,0.016146917822707687
2021_Ref_Plot4_C4::85,2021_Ref_Plot4_C4,Field2,test,5,14,0.08075815671564386,9.53105787015581,0.03673819245706122
2021_Ref_Plot4_D11::8,2021_Ref_Plot4_D11,Field2,test,7,1,0.734415054624543,28.149257554917398,0.25303949012837773
2021_Ref_Plot4_D11::16,2021_Ref_Plot4_D11,Field2,test,8,2,0.8202669408689558,31.559255647899754,0.4216801415613847
2021_Ref_Plot4_D11::22,2021_Ref_Plot4_D11,Field2,test,6,3,0.32127460835450505,17.492232292143264,0.12246881460260169
2021_Ref_Plot4_D11::27,2021_Ref_Plot4_D11,Field2,test,5,4,0.3516573766703777,17.644559949315443,0.15014835722429992
2021_Ref_Plot4_D11::35,2021_Ref_Plot4_D11,Field2,test,8,5,0.19001834655247393,14.632061715223406,0.03330779391156382
2021_Ref_Plot4_D11::44,2021_Ref_Plot4_D11,Field2,test,9,6,0.12122516369809756,9.214215452182419,0.042825164396235835
2021_Ref_Plot4_D11::50,2021_Ref_Plot4_D11,Field2,test,6,7,0.13479408681650043,9.511680883181047,0.08090870131391523
2021_Ref_Plot4_D11::57,2021_Ref_Plot4_D11,Field2,test,7,8,0.10298410369527672,10.439531350510213,0.0196378772961474
2021_Ref_Plot4_D11::65,2021_Ref_Plot4_D11,Field2,test,8,9,0.07027092773790365,8.849514016743864,0.026051745771089044
2021_Ref_Plot4_D11::69,2021_Ref_Plot4_D11,Field2,test,4,10,0.2149416544858278,13.428816825205104,0.07605887966768576
2021_Ref_Plot4_D11::71,2021_Ref_Plot4_D11,Field2,test,2,11,0.12697635277967334,9.091104738821489,0.07408849453294866
2021_Ref_Plot4_D11::76,2021_Ref_Plot4_D11,Field2,test,5,12,0.17270407182814843,14.351452973934876,0.04795278654019726
2021_Ref_Plot4_D11::80,2021_Ref_Plot4_D11,Field2,test,4,13,0.1495186439008577,10.638765758676547,0.06961496198915576
2021_Ref_Plot4_D11::85,2021_Ref_Plot4_D11,Field2,test,5,14,0.20061521137579263,10.882996786376838,0.07335034239456083
2021_Ref_Plot4_D6::8,2021_Ref_Plot4_D6,Field2,test,7,1,0.7146298559876941,27.80362586222108,0.2380217276926023
2021_Ref_Plot4_D6::16,2021_Ref_Plot4_D6,Field2,test,8,2,0.7839364490923887,30.323905613809103,0.37601311638176815
2021_Ref_Plot4_D6::22,2021_Ref_Plot4_D6,Field2,test,6,3,0.28155830265672016,16.938634234575627,0.0965337991500734
2021_Ref_Plot4_D6::27,2021_Ref_Plot4_D6,Field2,test,5,4,0.3721444024332062,16.66502452860214,0.1607119647768946
2021_Ref_Plot4_D6::35,2021_Ref_Plot4_D6,Field2,test,8,5,0.18242141076560703,15.149810643977133,0.018407781203042317
2021_Ref_Plot4_D6::44,2021_Ref_Plot4_D6,Field2,test,9,6,0.10486237418055071,9.138274441445628,0.04010828678480728
2021_Ref_Plot4_D6::50,2021_Ref_Plot4_D6,Field2,test,6,7,0.13748219126672065,9.125597249578114,0.07345639068775439
2021_Ref_Plot4_D6::57,2021_Ref_Plot4_D6,Field2,test,7,8,0.15475522936405237,11.21826008248512,0.048456934488625064
2021_Ref_Plot4_D6::65,2021_Ref_Plot4_D6,Field2,test,8,9,0.07082220980001715,10.176267565606212,0.022512228531571914
2021_Ref_Plot4_D6::69,2021_Ref_Plot4_D6,Field2,test,4,10,0.16787279776757277,12.557107797304353,0.07466897109897394
2021_Ref_Plot4_D6::71,2021_Ref_Plot4_D6,Field2,test,2,11,0.12345209614842023,9.042034155741492,0.06103339930961108
2021_Ref_Plot4_D6::76,2021_Ref_Plot4_D6,Field2,test,5,12,0.18868219581239057,14.804738118825746,0.05391013186789023
2021_Ref_Plot4_D6::80,2021_Ref_Plot4_D6,Field2,test,4,13,0.07430511047847577,7.637022991165125,0.02845690671095626
2021_Ref_Plot4_D6::85,2021_Ref_Plot4_D6,Field2,test,5,14,0.07580946841330592,8.825360391268287,0.032051807645383366
2021_Ref_Plot5_A17::8,2021_Ref_Plot5_A17,Field2,test,7,1,0.7265710412397787,27.525282579053446,0.19119550788943457
2021_Ref_Plot5_A17::16,2021_Ref_Plot5_A17,Field2,test,8,2,0.7915965496938965,31.055741620000823,0.33444192640854487
2021_Ref_Plot5_A17::22,2021_Ref_Plot5_A17,Field2,test,6,3,0.28555491039333014,18.02267039550721,0.07623271356120531
2021_Ref_Plot5_A17::27,2021_Ref_Plot5_A17,Field2,test,5,4,0.311258430738433,17.967605457206993,0.09258105545783424
2021_Ref_Plot5_A17::35,2021_Ref_Plot5_A17,Field2,test,8,5,0.11919674788328205,11.836574409448591,0.020953036492379642
2021_Ref_Plot5_A17::44,2021_Ref_Plot5_A17,Field2,test,9,6,0.10138032855836686,10.109611091801241,0.020292409626451763
2021_Ref_Plot5_A17::50,2021_Ref_Plot5_A17,Field2,test,6,7,0.1284430217987103,8.236716546674543,0.06488381956619432
2021_Ref_Plot5_A17::69,2021_Ref_Plot5_A17,Field2,test,4,9,0.15261940155059764,12.150772630627525,0.058077638800491126
2021_Ref_Plot5_A17::71,2021_Ref_Plot5_A17,Field2,test,2,10,0.12817945520586302,8.639706173854085,0.06442558467579491
2021_Ref_Plot5_A17::76,2021_Ref_Plot5_A17,Field2,test,5,11,0.1617039223012149,14.548531820952501,0.032392765436928664
2021_Ref_Plot5_A17::80,2021_Ref_Plot5_A17,Field2,test,4,12,0.13432031892682836,8.614099792399063,0.05023237183640919
2021_Ref_Plot5_A17::85,2021_Ref_Plot5_A17,Field2,test,5,13,0.10328700188571276,9.185505891663514,0.05703550991723627
2021_Ref_Plot5_A19::8,2021_Ref_Plot5_A19,Field2,test,7,1,0.7339515842328646,28.249872584471156,0.21320936782754113
2021_Ref_Plot5_A19::16,2021_Ref_Plot5_A19,Field2,test,8,2,0.8159090409810686,31.184871215906945,0.34516829173529756
2021_Ref_Plot5_A19::22,2021_Ref_Plot5_A19,Field2,test,6,3,0.3253732053794322,18.736585078563433,0.09078752294280747
2021_Ref_Plot5_A19::27,2021_Ref_Plot5_A19,Field2,test,5,4,0.3165433791209808,18.581138849221276,0.058149855618886186
2021_Ref_Plot5_A19::35,2021_Ref_Plot5_A19,Field2,test,8,5,0.13839392120093322,12.816656798859745,0.025178816348565364
2021_Ref_Plot5_A19::44,2021_Ref_Plot5_A19,Field2,test,9,6,0.1259642177009919,10.48807950452973,0.043291827963757294
2021_Ref_Plot5_A19::50,2021_Ref_Plot5_A19,Field2,test,6,7,0.1949358783761637,9.123150902645753,0.10335644354609844
2021_Ref_Plot5_A19::57,2021_Ref_Plot5_A19,Field2,test,7,8,0.18171959187553113,10.887518375935395,0.05855972800611718
2021_Ref_Plot5_A19::65,2021_Ref_Plot5_A19,Field2,test,8,9,0.134628038817778,11.856632584214706,0.0355527408061625
2021_Ref_Plot5_A19::69,2021_Ref_Plot5_A19,Field2,test,4,10,0.17885206687694302,12.415345198939484,0.06265057744459578
2021_Ref_Plot5_A19::71,2021_Ref_Plot5_A19,Field2,test,2,11,0.24279627795878692,10.835457113327978,0.14797241676211753
2021_Ref_Plot5_A19::76,2021_Ref_Plot5_A19,Field2,test,5,12,0.16756280785841407,13.100300167334542,0.040282837997843816
2021_Ref_Plot5_A19::80,2021_Ref_Plot5_A19,Field2,test,4,13,0.08633563156606668,7.990057762463025,0.018214749053696792
2021_Ref_Plot5_A19::85,2021_Ref_Plot5_A19,Field2,test,5,14,0.07899355533133497,8.815380603864792,0.025185843995445985
2021_Ref_Plot5_B12::8,2021_Ref_Plot5_B12,Field2,test,7,1,0.7460004564254032,27.42203308312223,0.2635330021299373
2021_Ref_Plot5_B12::16,2021_Ref_Plot5_B12,Field2,test,8,2,0.8063795551870232,30.852295577608736,0.3580265210207043
2021_Ref_Plot5_B12::22,2021_Ref_Plot5_B12,Field2,test,6,3,0.3413484562512874,18.738174001173757,0.10923121529610004
2021_Ref_Plot5_B12::27,2021_Ref_Plot5_B12,Field2,test,5,4,0.29403860886130756,16.93895609853834,0.07096508865279873
2021_Ref_Plot5_B12::35,2021_Ref_Plot5_B12,Field2,test,8,5,0.15320219717582417,12.807632181802749,0.03888880977805943
2021_Ref_Plot5_B12::44,2021_Ref_Plot5_B12,Field2,test,9,6,0.11977981854025473,9.647976859337831,0.03590948023801752
2021_Ref_Plot5_B12::50,2021_Ref_Plot5_B12,Field2,test,6,7,0.1179815178411578,8.369084492732423,0.06901427149999359
2021_Ref_Plot5_B12::57,2021_Ref_Plot5_B12,Field2,test,7,8,0.09758779490148484,9.847916628774744,0.008229784196155101
2021_Ref_Plot5_B12::65,2021_Ref_Plot5_B12,Field2,test,8,9,0.12316284499592012,11.515999676783334,0.037117899992902624
2021_Ref_Plot5_B12::69,2021_Ref_Plot5_B12,Field2,test,4,10,0.18912637325121096,12.791065832651329,0.09335529345126349
2021_Ref_Plot5_B12::71,2021_Ref_Plot5_B12,Field2,test,2,11,0.12672457091774983,8.598767561863498,0.061118241500785896
2021_Ref_Plot5_B12::76,2021_Ref_Plot5_B12,Field2,test,5,12,0.1676731273312557,13.892509831329349,0.05356554164411891
2021_Ref_Plot5_B12::80,2021_Ref_Plot5_B12,Field2,test,4,13,0.054209809155647305,6.302667373115528,0.00628152183922169
2021_Ref_Plot5_B12::85,2021_Ref_Plot5_B12,Field2,test,5,14,0.11687849866345157,9.45448286918573,0.04492984052117917
2021_Ref_Plot5_B14::8,2021_Ref_Plot5_B14,Field2,test,7,1,0.7217927081272316,27.333496399990395,0.2184104676660072
2021_Ref_Plot5_B14::16,2021_Ref_Plot5_B14,Field2,test,8,2,0.8132921175930837,31.73169456705249,0.3632229911652909
2021_Ref_Plot5_B14::22,2021_Ref_Plot5_B14,Field2,test,6,3,0.2954670453619314,17.921394592979617,0.09843636188971203
2021_Ref_Plot5_B14::27,2021_Ref_Plot5_B14,Field2,test,5,4,0.30819448146169587,17.69547712351647,0.08886837302158024
2021_Ref_Plot5_B14::35,2021_Ref_Plot5_B14,Field2,test,8,5,0.15105081408715257,13.519252357158289,0.04057590727674829
2021_Ref_Plot5_B14::44,2021_Ref_Plot5_B14,Field2,test,9,6,0.11510197107478491,10.305786198191832,0.02260308784078405
2021_Ref_Plot5_B14::50,2021_Ref_Plot5_B14,Field2,test,6,7,0.14162241779496568,8.817835864040612,0.06994375230551585
2021_Ref_Plot5_B14::57,2021_Ref_Plot5_B14,Field2,test,7,8,0.13576427389794934,10.56599272927647,0.0425910194609353
2021_Ref_Plot5_B14::65,2021_Ref_Plot5_B14,Field2,test,8,9,0.13273910658683905,11.908502308923119,0.045665031162866375
2021_Ref_Plot5_B14::69,2021_Ref_Plot5_B14,Field2,test,4,10,0.1752460637156511,12.737951536413753,0.06205135122460452
2021_Ref_Plot5_B14::71,2021_Ref_Plot5_B14,Field2,test,2,11,0.17717842981434515,9.937949008796995,0.10238917307034749
2021_Ref_Plot5_B14::76,2021_Ref_Plot5_B14,Field2,test,5,12,0.15571675190069248,13.715768857167836,0.018443006535054388
2021_Ref_Plot5_B14::80,2021_Ref_Plot5_B14,Field2,test,4,13,0.13229018059247186,7.082340638133932,0.04934225296197705
2021_Ref_Plot5_B14::85,2021_Ref_Plot5_B14,Field2,test,5,14,0.08915151769259622,9.519748782434817,0.04538265865921385
2021_Ref_Plot5_C12::8,2021_Ref_Plot5_C12,Field2,test,7,1,0.7345881178180647,26.657664375651674,0.2211005140669576
2021_Ref_Plot5_C12::16,2021_Ref_Plot5_C12,Field2,test,8,2,0.8056231098992388,30.30173449648625,0.3527872914011832
2021_Ref_Plot5_C12::22,2021_Ref_Plot5_C12,Field2,test,6,3,0.22458529655264592,15.56809515817607,0.05514888046857034
2021_Ref_Plot5_C12::27,2021_Ref_Plot5_C12,Field2,test,5,4,0.2475737184259886,16.34296814597365,0.06413181322612278
2021_Ref_Plot5_C12::35,2021_Ref_Plot5_C12,Field2,test,8,5,0.1521717153657588,12.300449012258435,0.04517450875700534
2021_Ref_Plot5_C12::44,2021_Ref_Plot5_C12,Field2,test,9,6,0.10550341788393276,8.910949169015069,0.024548773726766775
2021_Ref_Plot5_C12::50,2021_Ref_Plot5_C12,Field2,test,6,7,0.1488194813733376,8.897732843299446,0.08717818141276475
2021_Ref_Plot5_C12::57,2021_Ref_Plot5_C12,Field2,test,7,8,0.10581371867618596,9.947825572353603,0.027197419836866153
2021_Ref_Plot5_C12::65,2021_Ref_Plot5_C12,Field2,test,8,9,0.11481405956616604,11.958041376584772,0.04127015371262865
2021_Ref_Plot5_C12::69,2021_Ref_Plot5_C12,Field2,test,4,10,0.19371629155273593,13.174253196334806,0.09202756669354369
2021_Ref_Plot5_C12::71,2021_Ref_Plot5_C12,Field2,test,2,11,0.14097622844607027,8.761682510675083,0.08062799156240566
2021_Ref_Plot5_C12::76,2021_Ref_Plot5_C12,Field2,test,5,12,0.1349516859638571,12.637316083340504,0.015453848942681191
2021_Ref_Plot5_C12::80,2021_Ref_Plot5_C12,Field2,test,4,13,0.10316909186424283,8.089840778051254,0.03508038707030322
2021_Ref_Plot5_C12::85,2021_Ref_Plot5_C12,Field2,test,5,14,0.08690390965625384,9.388317493765465,0.033729177664779876
2021_Ref_Plot5_C17::8,2021_Ref_Plot5_C17,Field2,test,7,1,0.7329027330272458,27.515709670596035,0.2333836804481662
2021_Ref_Plot5_C17::16,2021_Ref_Plot5_C17,Field2,test,8,2,0.8009891148333752,31.235145100500677,0.34875721841278284
2021_Ref_Plot5_C17::22,2021_Ref_Plot5_C17,Field2,test,6,3,0.25938486617599116,16.24035085136606,0.06301395193158466
2021_Ref_Plot5_C17::27,2021_Ref_Plot5_C17,Field2,test,5,4,0.2804359218647644,16.84339505441144,0.08269874073272576
2021_Ref_Plot5_C17::35,2021_Ref_Plot5_C17,Field2,test,8,5,0.1319211793904502,12.792997143439948,0.02359903459927639
2021_Ref_Plot5_C17::44,2021_Ref_Plot5_C17,Field2,test,9,6,0.12818975098885285,10.055653492479788,0.04898138559879336
2021_Ref_Plot5_C17::50,2021_Ref_Plot5_C17,Field2,test,6,7,0.15952528099098334,9.27774722142144,0.08008618691991075
2021_Ref_Plot5_C17::57,2021_Ref_Plot5_C17,Field2,test,7,8,0.17904576356125357,11.722529386712178,0.05969479285869977
2021_Ref_Plot5_C17::65,2021_Ref_Plot5_C17,Field2,test,8,9,0.1165671347925885,11.596510970703832,0.05250366466899242
2021_Ref_Plot5_C17::69,2021_Ref_Plot5_C17,Field2,test,4,10,0.1664629132874804,12.362397863846166,0.0597674063881857
2021_Ref_Plot5_C17::71,2021_Ref_Plot5_C17,Field2,test,2,11,0.11027647140236779,7.749574943212172,0.033936278309748324
2021_Ref_Plot5_C17::76,2021_Ref_Plot5_C17,Field2,test,5,12,0.1450725521545679,13.741267187429159,0.04590503963147993
2021_Ref_Plot5_C17::80,2021_Ref_Plot5_C17,Field2,test,4,13,0.07783839946149601,6.750895535287046,0.021730798854201344
2021_Ref_Plot5_C17::85,2021_Ref_Plot5_C17,Field2,test,5,14,0.06851968741946005,9.352981197169187,0.030337575015717714
2021_Ref_Plot5_C18::8,2021_Ref_Plot5_C18,Field2,test,7,1,0.7315550528858759,27.72470645625893,0.22518671807983795
2021_Ref_Plot5_C18::16,2021_Ref_Plot5_C18,Field2,test,8,2,0.807341402713689,31.17662187022122,0.34895291849962273
2021_Ref_Plot5_C18::22,2021_Ref_Plot5_C18,Field2,test,6,3,0.2505479716582237,16.10165633398636,0.061317746375278176
2021_Ref_Plot5_C18::27,2021_Ref_Plot5_C18,Field2,test,5,4,0.2784973795070602,16.996276660098633,0.07635389090678615
2021_Ref_Plot5_C18::35,2021_Ref_Plot5_C18,Field2,test,8,5,0.1424628699301647,12.923353155527423,0.037398968976890726
2021_Ref_Plot5_C18::44,2021_Ref_Plot5_C18,Field2,test,9,6,0.11752663674150306,9.843367288246545,0.04475914195437621
2021_Ref_Plot5_C18::50,2021_Ref_Plot5_C18,Field2,test,6,7,0.1639360216923792,9.348710209917835,0.08624133768387122
2021_Ref_Plot5_C18::57,2021_Ref_Plot5_C18,Field2,test,7,8,0.18097116986765607,11.780760689189627,0.05495521455316977
2021_Ref_Plot5_C18::65,2021_Ref_Plot5_C18,Field2,test,8,9,0.11469801158213559,11.583467790638483,0.0376997075170284
2021_Ref_Plot5_C18::69,2021_Ref_Plot5_C18,Field2,test,4,10,0.1654498881838988,12.41924072348617,0.07420704877149709
2021_Ref_Plot5_C18::71,2021_Ref_Plot5_C18,Field2,test,2,11,0.13558353568790207,8.219768361998906,0.08629593156915001
2021_Ref_Plot5_C18::76,2021_Ref_Plot5_C18,Field2,test,5,12,0.15896781648483763,14.31389948406425,0.05224713779593834
2021_Ref_Plot5_C18::80,2021_Ref_Plot5_C18,Field2,test,4,13,0.08932801734392494,6.339656911412367,0.00815098835231264
2021_Ref_Plot5_C18::85,2021_Ref_Plot5_C18,Field2,test,5,14,0.10271207828399727,9.59344127976298,0.05859544530442255
2021_Ref_Plot5_D10::8,2021_Ref_Plot5_D10,Field2,test,7,1,0.7665857044604057,27.865207977113894,0.23377326234791732
2021_Ref_Plot5_D10::16,2021_Ref_Plot5_D10,Field2,test,8,2,0.8165273153686723,31.149924847173498,0.37057227834293827
2021_Ref_Plot5_D10::22,2021_Ref_Plot5_D10,Field2,test,6,3,0.2843889030265483,15.636613575887,0.09442896487202743
2021_Ref_Plot5_D10::27,2021_Ref_Plot5_D10,Field2,test,5,4,0.2387814072390622,15.800692209288425,0.06799696989901642
2021_Ref_Plot5_D10::35,2021_Ref_Plot5_D10,Field2,test,8,5,0.12494979034936808,11.800779772432756,0.04624545217927853
2021_Ref_Plot5_D10::44,2021_Ref_Plot5_D10,Field2,test,9,6,0.1164410536406037,9.336920621474036,0.03788135783743616
2021_Ref_Plot5_D10::50,2021_Ref_Plot5_D10,Field2,test,6,7,0.11445691639068258,8.663664844709471,0.07385343466382023
2021_Ref_Plot5_D10::57,2021_Ref_Plot5_D10,Field2,test,7,8,0.10810918790073369,10.679785750203376,0.02745837226613541
2021_Ref_Plot5_D10::65,2021_Ref_Plot5_D10,Field2,test,8,9,0.13918567083702643,12.067942725854532,0.06985076526245909
2021_Ref_Plot5_D10::69,2021_Ref_Plot5_D10,Field2,test,4,10,0.17533125266899705,12.475711966358439,0.08564780279927303
2021_Ref_Plot5_D10::71,2021_Ref_Plot5_D10,Field2,test,2,11,0.12302982835826554,9.252662746214371,0.06245544189227784
2021_Ref_Plot5_D10::76,2021_Ref_Plot5_D10,Field2,test,5,12,0.1275812217632563,12.64579341759389,0.028398789259814403
2021_Ref_Plot5_D10::80,2021_Ref_Plot5_D10,Field2,test,4,13,0.08098841797752025,8.960163836959511,0.026264963899672873
2021_Ref_Plot5_D10::85,2021_Ref_Plot5_D10,Field2,test,5,14,0.09335124469844354,9.178527018770332,0.04395840444997106
2021_Ref_Plot5_D11::8,2021_Ref_Plot5_D11,Field2,test,7,1,0.7610439616371503,28.1302518515264,0.2352718283446253
2021_Ref_Plot5_D11::16,2021_Ref_Plot5_D11,Field2,test,8,2,0.8120739007104897,31.44109792190703,0.37562345032792266
2021_Ref_Plot5_D11::22,2021_Ref_Plot5_D11,Field2,test,6,3,0.26264415263528323,15.903799689554488,0.07443375346030782
2021_Ref_Plot5_D11::27,2021_Ref_Plot5_D11,Field2,test,5,4,0.20340649015169487,15.37077661894154,0.053059147139012684
2021_Ref_Plot5_D11::35,2021_Ref_Plot5_D11,Field2,test,8,5,0.13017518851690993,12.33179589031357,0.03353098374873141
2021_Ref_Plot5_D11::44,2021_Ref_Plot5_D11,Field2,test,9,6,0.11806522508173778,9.501923231726074,0.044096327705494154
2021_Ref_Plot5_D11::50,2021_Ref_Plot5_D11,Field2,test,6,7,0.11891210250594673,9.091686051079954,0.06110574277163106
2021_Ref_Plot5_D11::57,2021_Ref_Plot5_D11,Field2,test,7,8,0.1167267823895461,11.701905696034702,0.04849560549029321
2021_Ref_Plot5_D11::65,2021_Ref_Plot5_D11,Field2,test,8,9,0.09815157490178823,10.86094075355872,0.023136241825087535
2021_Ref_Plot5_D11::69,2021_Ref_Plot5_D11,Field2,test,4,10,0.16367389260507356,12.288409505039057,0.07707816382792189
2021_Ref_Plot5_D11::71,2021_Ref_Plot5_D11,Field2,test,2,11,0.12945615934185156,9.339991002762183,0.07525845833896438
2021_Ref_Plot5_D11::76,2021_Ref_Plot5_D11,Field2,test,5,12,0.1657544340093343,12.749570162312988,0.03804718086947147
2021_Ref_Plot5_D11::80,2021_Ref_Plot5_D11,Field2,test,4,13,0.08726800980954352,9.107310923410138,0.027626359080161984
2021_Ref_Plot5_D11::85,2021_Ref_Plot5_D11,Field2,test,5,14,0.08181181563577904,9.91278603347454,0.022336652257023953
2021_Ref_Plot5_D9::8,2021_Ref_Plot5_D9,Field2,test,7,1,0.7699461528497968,28.343928233714472,0.23251746966803655
2021_Ref_Plot5_D9::16,2021_Ref_Plot5_D9,Field2,test,8,2,0.8208268200301712,32.315005498608535,0.3878668980272271
2021_Ref_Plot5_D9::22,2021_Ref_Plot5_D9,Field2,test,6,3,0.2564156693892273,15.065444294411014,0.07947368518148074
2021_Ref_Plot5_D9::27,2021_Ref_Plot5_D9,Field2,test,5,4,0.1612062642582285,14.181700746053739,0.035345255285974896
2021_Ref_Plot5_D9::35,2021_Ref_Plot5_D9,Field2,test,8,5,0.13061606065645362,11.966771736184503,0.03674031596519583
2021_Ref_Plot5_D9::44,2021_Ref_Plot5_D9,Field2,test,9,6,0.10723640364543789,9.336434881521408,0.03668743752576564
2021_Ref_Plot5_D9::50,2021_Ref_Plot5_D9,Field2,test,6,7,0.127058461046288,8.968439125543398,0.06582209166216686
2021_Ref_Plot5_D9::57,2021_Ref_Plot5_D9,Field2,test,7,8,0.13333181010384057,11.238961334278702,0.04576664679872171
2021_Ref_Plot5_D9::65,2021_Ref_Plot5_D9,Field2,test,8,9,0.10872465767967297,11.052352601459145,0.040776170048978426
2021_Ref_Plot5_D9::69,2021_Ref_Plot5_D9,Field2,test,4,10,0.14479438928746088,12.239291567823889,0.053234250835892456
2021_Ref_Plot5_D9::71,2021_Ref_Plot5_D9,Field2,test,2,11,0.12082729460651614,9.087799046077315,0.05318157593969259
2021_Ref_Plot5_D9::76,2021_Ref_Plot5_D9,Field2,test,5,12,0.14109677451780667,12.45547486049146,0.023338040424710858
2021_Ref_Plot5_D9::80,2021_Ref_Plot5_D9,Field2,test,4,13,0.09254026436248779,9.143334427211004,0.02665441783940913
2021_Ref_Plot5_D9::85,2021_Ref_Plot5_D9,Field2,test,5,14,0.10521997600935812,8.364358775620413,0.045606203176509465
2021_Ref_Plot5_E11::8,2021_Ref_Plot5_E11,Field2,test,7,1,0.73488799612477,27.144415281795965,0.19859674972767036
2021_Ref_Plot5_E11::16,2021_Ref_Plot5_E11,Field2,test,8,2,0.7679109590106399,29.28858073905159,0.33132894440666694
2021_Ref_Plot5_E11::22,2021_Ref_Plot5_E11,Field2,test,6,3,0.2645897378704964,16.487479351957255,0.08315963263412714
2021_Ref_Plot5_E11::27,2021_Ref_Plot5_E11,Field2,test,5,4,0.1806939053381038,15.200653709170307,0.03925344092767452
2021_Ref_Plot5_E11::35,2021_Ref_Plot5_E11,Field2,test,8,5,0.125158295778708,12.026982190784981,0.036298727327914164
2021_Ref_Plot5_E11::44,2021_Ref_Plot5_E11,Field2,test,9,6,0.07563423328973613,9.11127491233733,0.021220671019175408
2021_Ref_Plot5_E11::50,2021_Ref_Plot5_E11,Field2,test,6,7,0.11089826360526576,8.888408222200159,0.05312482098209746
2021_Ref_Plot5_E11::57,2021_Ref_Plot5_E11,Field2,test,7,8,0.12023314430351466,11.604017165795376,0.040973221920458054
2021_Ref_Plot5_E11::65,2021_Ref_Plot5_E11,Field2,test,8,9,0.09089509736393488,10.037605388791953,0.025087075848021778
2021_Ref_Plot5_E11::69,2021_Ref_Plot5_E11,Field2,test,4,10,0.16495751899624064,12.343508171456774,0.0774393799483603
2021_Ref_Plot5_E11::71,2021_Ref_Plot5_E11,Field2,test,2,11,0.12043763172648404,9.321057533468514,0.07421129381717602
2021_Ref_Plot5_E11::76,2021_Ref_Plot5_E11,Field2,test,5,12,0.1103688693479694,11.476148910945245,0.011328029556271088
2021_Ref_Plot5_E11::80,2021_Ref_Plot5_E11,Field2,test,4,13,0.07582777868460132,8.745782714002234,0.029972048430086645
2021_Ref_Plot5_E11::85,2021_Ref_Plot5_E11,Field2,test,5,14,0.08562094309278977,9.40581790238452,0.027748882765899933
2021_Ref_Plot5_E3::8,2021_Ref_Plot5_E3,Field2,test,7,1,0.715448584641618,27.4994122169155,0.19971767528593476
2021_Ref_Plot5_E3::16,2021_Ref_Plot5_E3,Field2,test,8,2,0.7945077330078947,31.20572818331579,0.32628980554516857
2021_Ref_Plot5_E3::22,2021_Ref_Plot5_E3,Field2,test,6,3,0.31323148390349115,16.796922694213087,0.0887115566930967
2021_Ref_Plot5_E3::27,2021_Ref_Plot5_E3,Field2,test,5,4,0.2672044907150348,16.504342845662528,0.09714759410949474
2021_Ref_Plot5_E3::35,2021_Ref_Plot5_E3,Field2,test,8,5,0.12202118759322156,11.762004752437411,0.023440772631496982
2021_Ref_Plot5_E3::44,2021_Ref_Plot5_E3,Field2,test,9,6,0.09960887479147114,9.580723628484225,0.029881907782228108
2021_Ref_Plot5_E3::50,2021_Ref_Plot5_E3,Field2,test,6,7,0.15037641815629696,9.415705582720514,0.08903430607549186
2021_Ref_Plot5_E3::57,2021_Ref_Plot5_E3,Field2,test,7,8,0.106608337557406,10.534175487398072,0.01964353289494574
2021_Ref_Plot5_E3::65,2021_Ref_Plot5_E3,Field2,test,8,9,0.07366320800893218,10.24944310108885,0.02870025807380227
2021_Ref_Plot5_E3::69,2021_Ref_Plot5_E3,Field2,test,4,10,0.1537778977364335,12.71970005235046,0.049627884055753024
2021_Ref_Plot5_E3::71,2021_Ref_Plot5_E3,Field2,test,2,11,0.12128087669514497,8.87771562584209,0.06399561512975367
2021_Ref_Plot5_E3::76,2021_Ref_Plot5_E3,Field2,test,5,12,0.1285929169502248,12.024393883332017,0.008841314854498733
2021_Ref_Plot5_E3::80,2021_Ref_Plot5_E3,Field2,test,4,13,0.059380479695398024,8.342497570414851,0.006710840106935313
2021_Ref_Plot5_E3::85,2021_Ref_Plot5_E3,Field2,test,5,14,0.0555448373300996,8.9124490485023,0.015612682930142395
2021_Ref_Plot5_E7::8,2021_Ref_Plot5_E7,Field2,test,7,1,0.7400900909043698,28.013024000058845,0.21712982275847734
2021_Ref_Plot5_E7::16,2021_Ref_Plot5_E7,Field2,test,8,2,0.7977748834256886,30.985920557555147,0.33546412940558207
2021_Ref_Plot5_E7::22,2021_Ref_Plot5_E7,Field2,test,6,3,0.28065133847899854,15.164342738601063,0.07320509086151468
2021_Ref_Plot5_E7::27,2021_Ref_Plot5_E7,Field2,test,5,4,0.24873956522701124,16.138090734007463,0.06360137462344596
2021_Ref_Plot5_E7::35,2021_Ref_Plot5_E7,Field2,test,8,5,0.15792619711665654,12.688679638248853,0.03745607556259224
2021_Ref_Plot5_E7::44,2021_Ref_Plot5_E7,Field2,test,9,6,0.10929459380111371,9.537093602937498,0.03323738815554201
2021_Ref_Plot5_E7::50,2021_Ref_Plot5_E7,Field2,test,6,7,0.17050013773271397,9.543150025255109,0.1043006594424456
2021_Ref_Plot5_E7::57,2021_Ref_Plot5_E7,Field2,test,7,8,0.10483775536511895,11.210729419775962,0.033077894996316755
2021_Ref_Plot5_E7::65,2021_Ref_Plot5_E7,Field2,test,8,9,0.111549990533454,10.833104267794699,0.04931735197241993
2021_Ref_Plot5_E7::69,2021_Ref_Plot5_E7,Field2,test,4,10,0.1649144330419764,13.128878896614882,0.07056061353778062
2021_Ref_Plot5_E7::71,2021_Ref_Plot5_E7,Field2,test,2,11,0.13468619493633602,9.210465379049795,0.07662828159921047
2021_Ref_Plot5_E7::76,2021_Ref_Plot5_E7,Field2,test,5,12,0.12765188810882605,12.259103214236983,0.015860734940802854
2021_Ref_Plot5_E7::80,2021_Ref_Plot5_E7,Field2,test,4,13,0.10957607918741989,10.21817152823845,0.05140048245089268
2021_Ref_Plot5_E7::85,2021_Ref_Plot5_E7,Field2,test,5,14,0.09295836222732608,9.950118337716106,0.03436594759654359
